trial_id,timestamp_utc,hypothesis_commit,code_commit,data_sha256,config_sha256,sample,parameters,cost_model,result_path,status,conclusion,holdout_access
dax-smoke-001,2026-10-03T05:44:00.208691+00:00,f2246e5b979886c3abe37445d74bff29b3324836,108a46b5e84b8d29317b011c0763c1dc8dfea2f4,,e3f993b9a096cf7deff2d3646bd973b947af5bd5ed4e4eb1486148c68dee7656,smoke,research/configs/dax.json,illustrative fee scenarios; observed spread,results/dax-smoke-001,failed,KeyError: False,false
dax-smoke-002,2026-10-03T05:53:31.654385+00:00,f2246e5b979886c3abe37445d74bff29b3324836,c788ee794459d45ce45397d6d20d8b8e8858cf15,a149136d45d683d706bf5f6a1ca0c513c5ff07e5dbc7a263fa17d72d2b086910,e3f993b9a096cf7deff2d3646bd973b947af5bd5ed4e4eb1486148c68dee7656,smoke,research/configs/dax.json,illustrative fee scenarios; observed spread,results/dax-smoke-002,completed,"{""observations"": 12514, ""baseline_mse"": 9.784391820721615, ""cross_mse"": 9.795267248478847, ""baseline_mae"": 2.0194808002815505, ""cross_mae"": 2.0202358202051722, ""incremental_oos_r2"": -0.001111507792870725, ""directional_accuracy_including_zero"": 0.4475787118427361, ""zero_move_fraction"": 0.1621384049864152, ""daily_loss_improvement_ci"": {""lower"": -0.013319550944154615, ""upper"": -0.006810558060326511, ""days"": 2, ""block_days"": 1, ""underpowered"": true}}",false
dax-smoke-stability-L1-H1,2026-10-03T05:57:38.833084+00:00,f2246e5b979886c3abe37445d74bff29b3324836,d13c9c8cd3632716713a313b55505d96431203bc,a149136d45d683d706bf5f6a1ca0c513c5ff07e5dbc7a263fa17d72d2b086910,d48e8612222899b4eb16d497aab6eb706b5a0d1fd4ffd3de8eb5c710395d10d1,smoke,"{""config"": ""results/dax-smoke-stability/config-L1-H1.json"", ""forecast_only"": true}",illustrative fee scenarios; observed spread,results/dax-smoke-stability-L1-H1,completed,"{""observations"": 2927, ""baseline_mse"": 5.209991665530706, ""cross_mse"": 5.209883127129733, ""baseline_mae"": 1.059357218188624, ""cross_mae"": 1.0595243744491556, ""incremental_oos_r2"": 2.0832739846987636e-05, ""directional_accuracy_including_zero"": 0.3925521011274342, ""zero_move_fraction"": 0.33891356337546974, ""daily_loss_improvement_ci"": {""lower"": -0.00010934999452655394, ""upper"": 0.0002279103616999377, ""days"": 2, ""block_days"": 1, ""underpowered"": true}}",false
dax-smoke-stability-L1-H2,2026-10-03T05:57:41.605792+00:00,f2246e5b979886c3abe37445d74bff29b3324836,d13c9c8cd3632716713a313b55505d96431203bc,a149136d45d683d706bf5f6a1ca0c513c5ff07e5dbc7a263fa17d72d2b086910,ad5f3f274e9e77a3d42b3686b2b59775dd91a53d9659a0d6c911eaddc3bb5d45,smoke,"{""config"": ""results/dax-smoke-stability/config-L1-H2.json"", ""forecast_only"": true}",illustrative fee scenarios; observed spread,results/dax-smoke-stability-L1-H2,completed,"{""observations"": 2874, ""baseline_mse"": 10.555034351307409, ""cross_mse"": 10.551852347619459, ""baseline_mae"": 1.54426594281612, ""cross_mae"": 1.5466232692513089, ""incremental_oos_r2"": 0.00030146786661633396, ""directional_accuracy_including_zero"": 0.42066805845511485, ""zero_move_fraction"": 0.24147529575504523, ""daily_loss_improvement_ci"": {""lower"": 0.0018003111241494329, ""upper"": 0.005728089985045369, ""days"": 2, ""block_days"": 1, ""underpowered"": true}}",false
dax-smoke-stability-L1-H5,2026-10-03T05:57:44.136065+00:00,f2246e5b979886c3abe37445d74bff29b3324836,d13c9c8cd3632716713a313b55505d96431203bc,a149136d45d683d706bf5f6a1ca0c513c5ff07e5dbc7a263fa17d72d2b086910,d1f259f0935c1566f3f64ac232f531beb730f77f840e6c565376ba740816a12b,smoke,"{""config"": ""results/dax-smoke-stability/config-L1-H5.json"", ""forecast_only"": true}",illustrative fee scenarios; observed spread,results/dax-smoke-stability-L1-H5,completed,"{""observations"": 2836, ""baseline_mse"": 18.593946117314243, ""cross_mse"": 18.651756239616933, ""baseline_mae"": 2.4062743400834803, ""cross_mae"": 2.4109047349359467, ""incremental_oos_r2"": -0.003109083028312032, ""directional_accuracy_including_zero"": 0.4506346967559944, ""zero_move_fraction"": 0.14492242595204513, ""daily_loss_improvement_ci"": {""lower"": -0.07954517979780924, ""upper"": -0.017407454942807057, ""days"": 2, ""block_days"": 1, ""underpowered"": true}}",false
dax-smoke-stability-L1-H10,2026-10-03T05:57:46.600485+00:00,f2246e5b979886c3abe37445d74bff29b3324836,d13c9c8cd3632716713a313b55505d96431203bc,a149136d45d683d706bf5f6a1ca0c513c5ff07e5dbc7a263fa17d72d2b086910,89798a36f81e4c0a11cd47dfe710f130bdbf4d9dd0769c5d88e79a3f2986390a,smoke,"{""config"": ""results/dax-smoke-stability/config-L1-H10.json"", ""forecast_only"": true}",illustrative fee scenarios; observed spread,results/dax-smoke-stability-L1-H10,completed,"{""observations"": 2815, ""baseline_mse"": 32.7208659033969, ""cross_mse"": 32.787981479301415, ""baseline_mae"": 3.4367173463796163, ""cross_mae"": 3.439883075492621, ""incremental_oos_r2"": -0.0020511552506790043, ""directional_accuracy_including_zero"": 0.46323268206039075, ""zero_move_fraction"": 0.09165186500888099, ""daily_loss_improvement_ci"": {""lower"": -0.09662352872073283, ""upper"": -0.011428772641117389, ""days"": 2, ""block_days"": 1, ""underpowered"": true}}",false
dax-smoke-stability-L2-H1,2026-10-03T05:57:49.103108+00:00,f2246e5b979886c3abe37445d74bff29b3324836,d13c9c8cd3632716713a313b55505d96431203bc,a149136d45d683d706bf5f6a1ca0c513c5ff07e5dbc7a263fa17d72d2b086910,86fc5771bfe36a1a19926cad8d036d33d463cb4cace622e10e3a9e3814bc0f87,smoke,"{""config"": ""results/dax-smoke-stability/config-L2-H1.json"", ""forecast_only"": true}",illustrative fee scenarios; observed spread,results/dax-smoke-stability-L2-H1,completed,"{""observations"": 5795, ""baseline_mse"": 3.5115255029411383, ""cross_mse"": 3.5112047742165733, ""baseline_mae"": 0.9483299334103409, ""cross_mae"": 0.94904128699364, ""incremental_oos_r2"": 9.133600889310589e-05, ""directional_accuracy_including_zero"": 0.3787748058671268, ""zero_move_fraction"": 0.3544434857635893, ""daily_loss_improvement_ci"": {""lower"": -0.0004692350919381356, ""upper"": 0.0017737047986238817, ""days"": 2, ""block_days"": 1, ""underpowered"": true}}",false
dax-smoke-stability-L2-H2,2026-10-03T05:57:52.059763+00:00,f2246e5b979886c3abe37445d74bff29b3324836,d13c9c8cd3632716713a313b55505d96431203bc,a149136d45d683d706bf5f6a1ca0c513c5ff07e5dbc7a263fa17d72d2b086910,b5ae3faad42d60fa0bf488178b4640210d175923710fb93bc816c445f01f2cac,smoke,"{""config"": ""results/dax-smoke-stability/config-L2-H2.json"", ""forecast_only"": true}",illustrative fee scenarios; observed spread,results/dax-smoke-stability-L2-H2,completed,"{""observations"": 5751, ""baseline_mse"": 7.050491681937663, ""cross_mse"": 7.05146952891839, ""baseline_mae"": 1.3891913678210552, ""cross_mae"": 1.3922854596448395, ""incremental_oos_r2"": -0.00013869202671812353, ""directional_accuracy_including_zero"": 0.41384107111806645, ""zero_move_fraction"": 0.2536950095635542, ""daily_loss_improvement_ci"": {""lower"": -0.0010472682247697138, ""upper"": -0.0008494279995495722, ""days"": 2, ""block_days"": 1, ""underpowered"": true}}",false
dax-smoke-stability-L2-H5,2026-10-03T05:57:54.674996+00:00,f2246e5b979886c3abe37445d74bff29b3324836,d13c9c8cd3632716713a313b55505d96431203bc,a149136d45d683d706bf5f6a1ca0c513c5ff07e5dbc7a263fa17d72d2b086910,8333fb16f476f4d16f290eae025ed225ef824f9a1adef85681f5b27ffb81bfae,smoke,"{""config"": ""results/dax-smoke-stability/config-L2-H5.json"", ""forecast_only"": true}",illustrative fee scenarios; observed spread,results/dax-smoke-stability-L2-H5,completed,"{""observations"": 5690, ""baseline_mse"": 13.627736872024089, ""cross_mse"": 13.66450034418545, ""baseline_mae"": 2.2230564434750053, ""cross_mae"": 2.225358562639169, ""incremental_oos_r2"": -0.002697694599374856, ""directional_accuracy_including_zero"": 0.4483304042179262, ""zero_move_fraction"": 0.15659050966608085, ""daily_loss_improvement_ci"": {""lower"": -0.05419492913865509, ""upper"": -0.004303082961191836, ""days"": 2, ""block_days"": 1, ""underpowered"": true}}",false
dax-smoke-stability-L2-H10,2026-10-03T05:57:57.425322+00:00,f2246e5b979886c3abe37445d74bff29b3324836,d13c9c8cd3632716713a313b55505d96431203bc,a149136d45d683d706bf5f6a1ca0c513c5ff07e5dbc7a263fa17d72d2b086910,abaeb7afad1bc9daa2210f6c49a1f98f49ccbcb1a7b8693544b9f639ab331c83,smoke,"{""config"": ""results/dax-smoke-stability/config-L2-H10.json"", ""forecast_only"": true}",illustrative fee scenarios; observed spread,results/dax-smoke-stability-L2-H10,completed,"{""observations"": 5681, ""baseline_mse"": 25.50035130805197, ""cross_mse"": 25.521325773073336, ""baseline_mae"": 3.243839147939755, ""cross_mae"": 3.2457100364325453, ""incremental_oos_r2"": -0.0008225167084165985, ""directional_accuracy_including_zero"": 0.46787537405386376, ""zero_move_fraction"": 0.09470163703573314, ""daily_loss_improvement_ci"": {""lower"": -0.03532674715644018, ""upper"": 0.006040738794508394, ""days"": 2, ""block_days"": 1, ""underpowered"": true}}",false
dax-smoke-stability-L4-H4,2026-10-03T05:57:59.956839+00:00,f2246e5b979886c3abe37445d74bff29b3324836,d13c9c8cd3632716713a313b55505d96431203bc,a149136d45d683d706bf5f6a1ca0c513c5ff07e5dbc7a263fa17d72d2b086910,6a4b18ddad9ed5dae4cfea0bdcebdbe8aa2ed907ca464fe34dd194171f1187b2,smoke,"{""config"": ""results/dax-smoke-stability/config-L4-H4.json"", ""forecast_only"": true}",illustrative fee scenarios; observed spread,results/dax-smoke-stability-L4-H4,completed,"{""observations"": 10562, ""baseline_mse"": 7.753123013729608, ""cross_mse"": 7.775657175274495, ""baseline_mae"": 1.8135294434349984, ""cross_mae"": 1.8149619459806856, ""incremental_oos_r2"": -0.002906462531934828, ""directional_accuracy_including_zero"": 0.43741715584169666, ""zero_move_fraction"": 0.18443476614277599, ""daily_loss_improvement_ci"": {""lower"": -0.031240187285342846, ""upper"": -0.007559259170301587, ""days"": 2, ""block_days"": 1, ""underpowered"": true}}",false
dax-smoke-stability-L4-H5,2026-10-03T05:58:02.508533+00:00,f2246e5b979886c3abe37445d74bff29b3324836,d13c9c8cd3632716713a313b55505d96431203bc,a149136d45d683d706bf5f6a1ca0c513c5ff07e5dbc7a263fa17d72d2b086910,bdb111fefa82149f3c2f4fb1a7917c6d7d88ec04450c2294915d4aa59c5a85b1,smoke,"{""config"": ""results/dax-smoke-stability/config-L4-H5.json"", ""forecast_only"": true}",illustrative fee scenarios; observed spread,results/dax-smoke-stability-L4-H5,completed,"{""observations"": 10528, ""baseline_mse"": 9.714529471041814, ""cross_mse"": 9.745065343334781, ""baseline_mae"": 2.057581387537446, ""cross_mae"": 2.0597888805049664, ""incremental_oos_r2"": -0.003143319744305817, ""directional_accuracy_including_zero"": 0.44595364741641336, ""zero_move_fraction"": 0.16071428571428573, ""daily_loss_improvement_ci"": {""lower"": -0.041549593434225485, ""upper"": -0.011772383322476885, ""days"": 2, ""block_days"": 1, ""underpowered"": true}}",false
dax-smoke-stability-L4-H6,2026-10-03T05:58:05.042603+00:00,f2246e5b979886c3abe37445d74bff29b3324836,d13c9c8cd3632716713a313b55505d96431203bc,a149136d45d683d706bf5f6a1ca0c513c5ff07e5dbc7a263fa17d72d2b086910,3a431827a8033e216b4354f2689ff844b75cd32b6a0e92835968b6f401cf95f0,smoke,"{""config"": ""results/dax-smoke-stability/config-L4-H6.json"", ""forecast_only"": true}",illustrative fee scenarios; observed spread,results/dax-smoke-stability-L4-H6,completed,"{""observations"": 10472, ""baseline_mse"": 11.919561856177591, ""cross_mse"": 11.944894319892885, ""baseline_mae"": 2.3086505404509627, ""cross_mae"": 2.310780092159266, ""incremental_oos_r2"": -0.0021252848066866115, ""directional_accuracy_including_zero"": 0.4484339190221543, ""zero_move_fraction"": 0.1413292589763178, ""daily_loss_improvement_ci"": {""lower"": -0.03481708874056392, ""upper"": -0.009045684157107414, ""days"": 2, ""block_days"": 1, ""underpowered"": true}}",false
dax-smoke-stability-L5-H1,2026-10-03T05:58:07.727029+00:00,f2246e5b979886c3abe37445d74bff29b3324836,d13c9c8cd3632716713a313b55505d96431203bc,a149136d45d683d706bf5f6a1ca0c513c5ff07e5dbc7a263fa17d72d2b086910,3bfb47eb58fbe3d8f19554a934da8fbf7f019c9ab9d6e6e6359666d86a9a82ea,smoke,"{""config"": ""results/dax-smoke-stability/config-L5-H1.json"", ""forecast_only"": true}",illustrative fee scenarios; observed spread,results/dax-smoke-stability-L5-H1,completed,"{""observations"": 12763, ""baseline_mse"": 1.9245401068677925, ""cross_mse"": 1.9245492924211713, ""baseline_mae"": 0.8348425800453227, ""cross_mae"": 0.8347681373279473, ""incremental_oos_r2"": -4.772856302626138e-06, ""directional_accuracy_including_zero"": 0.3800830525738463, ""zero_move_fraction"": 0.3714643892501763, ""daily_loss_improvement_ci"": {""lower"": -6.393814469861084e-05, ""upper"": 8.152549456382298e-05, ""days"": 2, ""block_days"": 1, ""underpowered"": true}}",false
dax-smoke-stability-L5-H2,2026-10-03T05:58:10.280416+00:00,f2246e5b979886c3abe37445d74bff29b3324836,d13c9c8cd3632716713a313b55505d96431203bc,a149136d45d683d706bf5f6a1ca0c513c5ff07e5dbc7a263fa17d72d2b086910,d6292fb2b24dbbe4405b15bab2efb7981bd07df41ad6f9dc114147840ed92dc8,smoke,"{""config"": ""results/dax-smoke-stability/config-L5-H2.json"", ""forecast_only"": true}",illustrative fee scenarios; observed spread,results/dax-smoke-stability-L5-H2,completed,"{""observations"": 12623, ""baseline_mse"": 3.721687465418826, ""cross_mse"": 3.724581371464962, ""baseline_mae"": 1.2108028770026216, ""cross_mae"": 1.2108306098319637, ""incremental_oos_r2"": -0.000777579007647855, ""directional_accuracy_including_zero"": 0.4156698090786659, ""zero_move_fraction"": 0.2736275053473818, ""daily_loss_improvement_ci"": {""lower"": -0.004246943463411552, ""upper"": -0.0006360784912636145, ""days"": 2, ""block_days"": 1, ""underpowered"": true}}",false
dax-smoke-stability-L5-H4,2026-10-03T05:58:12.842439+00:00,f2246e5b979886c3abe37445d74bff29b3324836,4ae211285fb8e22c76f6dce55ddb22dd16b1e910,a149136d45d683d706bf5f6a1ca0c513c5ff07e5dbc7a263fa17d72d2b086910,9c779a295d3172d5db9983b1920c4d584d72cb63a1582f1e14a779f3c81a3395,smoke,"{""config"": ""results/dax-smoke-stability/config-L5-H4.json"", ""forecast_only"": true}",illustrative fee scenarios; observed spread,results/dax-smoke-stability-L5-H4,completed,"{""observations"": 12585, ""baseline_mse"": 7.642257908083598, ""cross_mse"": 7.654673118993663, ""baseline_mae"": 1.7652166920036598, ""cross_mae"": 1.7664643472469046, ""incremental_oos_r2"": -0.0016245474909886148, ""directional_accuracy_including_zero"": 0.4390147000397298, ""zero_move_fraction"": 0.18935240365514502, ""daily_loss_improvement_ci"": {""lower"": -0.015986725099755683, ""upper"": -0.006514121079257426, ""days"": 2, ""block_days"": 1, ""underpowered"": true}}",false
dax-smoke-stability-L5-H5,2026-10-03T05:58:15.687883+00:00,f2246e5b979886c3abe37445d74bff29b3324836,4ae211285fb8e22c76f6dce55ddb22dd16b1e910,a149136d45d683d706bf5f6a1ca0c513c5ff07e5dbc7a263fa17d72d2b086910,6f45d915a2ef9e8c8823cc69b0d1f927f8e558813b2d1fd78c48888f4fed6739,smoke,"{""config"": ""results/dax-smoke-stability/config-L5-H5.json"", ""forecast_only"": false}",illustrative fee scenarios; observed spread,results/dax-smoke-stability-L5-H5,completed,"{""observations"": 12514, ""baseline_mse"": 9.784391820721615, ""cross_mse"": 9.795267248478847, ""baseline_mae"": 2.0194808002815505, ""cross_mae"": 2.0202358202051722, ""incremental_oos_r2"": -0.001111507792870725, ""directional_accuracy_including_zero"": 0.4475787118427361, ""zero_move_fraction"": 0.1621384049864152, ""daily_loss_improvement_ci"": {""lower"": -0.013319550944154615, ""upper"": -0.006810558060326511, ""days"": 2, ""block_days"": 1, ""underpowered"": true}}",false
dax-smoke-stability-L5-H6,2026-10-03T05:58:24.268312+00:00,f2246e5b979886c3abe37445d74bff29b3324836,4ae211285fb8e22c76f6dce55ddb22dd16b1e910,a149136d45d683d706bf5f6a1ca0c513c5ff07e5dbc7a263fa17d72d2b086910,cd55de809dbce632effa0defe5867b21c3b18750c818a26d1445410c411d593c,smoke,"{""config"": ""results/dax-smoke-stability/config-L5-H6.json"", ""forecast_only"": true}",illustrative fee scenarios; observed spread,results/dax-smoke-stability-L5-H6,completed,"{""observations"": 12531, ""baseline_mse"": 11.428577602273927, ""cross_mse"": 11.436324505448692, ""baseline_mae"": 2.2508437426316457, ""cross_mae"": 2.251149462130326, ""incremental_oos_r2"": -0.0006778536616161013, ""directional_accuracy_including_zero"": 0.4576649908227596, ""zero_move_fraction"": 0.14268613837682548, ""daily_loss_improvement_ci"": {""lower"": -0.008719172365185502, ""upper"": -0.006129691977268683, ""days"": 2, ""block_days"": 1, ""underpowered"": true}}",false
dax-smoke-stability-L5-H10,2026-10-03T05:58:26.840971+00:00,f2246e5b979886c3abe37445d74bff29b3324836,4ae211285fb8e22c76f6dce55ddb22dd16b1e910,a149136d45d683d706bf5f6a1ca0c513c5ff07e5dbc7a263fa17d72d2b086910,3f475402c98dfc1cadef6d318fd5d52ef802b9668508a8c320db1d449468dd13,smoke,"{""config"": ""results/dax-smoke-stability/config-L5-H10.json"", ""forecast_only"": true}",illustrative fee scenarios; observed spread,results/dax-smoke-stability-L5-H10,completed,"{""observations"": 12540, ""baseline_mse"": 19.99078332939785, ""cross_mse"": 19.989076714532494, ""baseline_mae"": 2.985497852040496, ""cross_mae"": 2.985476086473072, ""incremental_oos_r2"": 8.537008466524831e-05, ""directional_accuracy_including_zero"": 0.4678628389154705, ""zero_move_fraction"": 0.10007974481658692, ""daily_loss_improvement_ci"": {""lower"": -0.0030231651824869695, ""upper"": 0.0045488304513632465, ""days"": 2, ""block_days"": 1, ""underpowered"": true}}",false
dax-smoke-stability-L6-H4,2026-10-03T05:58:29.382895+00:00,f2246e5b979886c3abe37445d74bff29b3324836,4ae211285fb8e22c76f6dce55ddb22dd16b1e910,a149136d45d683d706bf5f6a1ca0c513c5ff07e5dbc7a263fa17d72d2b086910,5cc73a102639b6aeb9fb272018c76bd928d9218110d3b86c11606a53e4bc6e8a,smoke,"{""config"": ""results/dax-smoke-stability/config-L6-H4.json"", ""forecast_only"": true}",illustrative fee scenarios; observed spread,results/dax-smoke-stability-L6-H4,completed,"{""observations"": 14248, ""baseline_mse"": 7.7710953942860215, ""cross_mse"": 7.777076607636069, ""baseline_mae"": 1.7478437193532825, ""cross_mae"": 1.748338332726799, ""incremental_oos_r2"": -0.0007696744212464246, ""directional_accuracy_including_zero"": 0.439921392476137, ""zero_move_fraction"": 0.1892897248736665, ""daily_loss_improvement_ci"": {""lower"": -0.007385267877884855, ""upper"": -0.003730057040566995, ""days"": 2, ""block_days"": 1, ""underpowered"": true}}",false
dax-smoke-stability-L6-H5,2026-10-03T05:58:31.999572+00:00,f2246e5b979886c3abe37445d74bff29b3324836,4ae211285fb8e22c76f6dce55ddb22dd16b1e910,a149136d45d683d706bf5f6a1ca0c513c5ff07e5dbc7a263fa17d72d2b086910,2622ecad12d626c66ba7ea896d52a826b46fdf7c9282ed5b4452f21290ae5995,smoke,"{""config"": ""results/dax-smoke-stability/config-L6-H5.json"", ""forecast_only"": true}",illustrative fee scenarios; observed spread,results/dax-smoke-stability-L6-H5,completed,"{""observations"": 14254, ""baseline_mse"": 9.501248039678835, ""cross_mse"": 9.50767424736316, ""baseline_mae"": 1.9949140176532523, ""cross_mae"": 1.9953025208293615, ""incremental_oos_r2"": -0.0006763540597496398, ""directional_accuracy_including_zero"": 0.44892661708993964, ""zero_move_fraction"": 0.16283148589869512, ""daily_loss_improvement_ci"": {""lower"": -0.00678508966456901, ""upper"": -0.005850067959874755, ""days"": 2, ""block_days"": 1, ""underpowered"": true}}",false
dax-smoke-stability-L6-H6,2026-10-03T05:58:34.879725+00:00,f2246e5b979886c3abe37445d74bff29b3324836,4ae211285fb8e22c76f6dce55ddb22dd16b1e910,a149136d45d683d706bf5f6a1ca0c513c5ff07e5dbc7a263fa17d72d2b086910,ab5b1f8f99e99a7ec6bff9a77d27884f525621a21cec94a4b167e63ef328abaf,smoke,"{""config"": ""results/dax-smoke-stability/config-L6-H6.json"", ""forecast_only"": true}",illustrative fee scenarios; observed spread,results/dax-smoke-stability-L6-H6,completed,"{""observations"": 14241, ""baseline_mse"": 11.588464731908033, ""cross_mse"": 11.594263077678782, ""baseline_mae"": 2.2109636484736166, ""cross_mae"": 2.2118200664971495, ""incremental_oos_r2"": -0.0005003549568376453, ""directional_accuracy_including_zero"": 0.4525665332490696, ""zero_move_fraction"": 0.1467593567867425, ""daily_loss_improvement_ci"": {""lower"": -0.006704942891728051, ""upper"": -0.0052324463589003825, ""days"": 2, ""block_days"": 1, ""underpowered"": true}}",false
dax-smoke-stability-L10-H1,2026-10-03T05:58:37.738510+00:00,f2246e5b979886c3abe37445d74bff29b3324836,4ae211285fb8e22c76f6dce55ddb22dd16b1e910,a149136d45d683d706bf5f6a1ca0c513c5ff07e5dbc7a263fa17d72d2b086910,112a7fbd59315fe3aa4f4c13424b77265ae0f401a117d3522af2e6af98a986c0,smoke,"{""config"": ""results/dax-smoke-stability/config-L10-H1.json"", ""forecast_only"": true}",illustrative fee scenarios; observed spread,results/dax-smoke-stability-L10-H1,completed,"{""observations"": 19287, ""baseline_mse"": 1.871441104616982, ""cross_mse"": 1.8717293351646145, ""baseline_mae"": 0.7863197545824165, ""cross_mae"": 0.7864187255224518, ""incremental_oos_r2"": -0.00015401529170300243, ""directional_accuracy_including_zero"": 0.3721159330118733, ""zero_move_fraction"": 0.3907295069217608, ""daily_loss_improvement_ci"": {""lower"": -0.0003206631626316276, ""upper"": -0.0002653556608201037, ""days"": 2, ""block_days"": 1, ""underpowered"": true}}",false
dax-smoke-stability-L10-H2,2026-10-03T05:58:40.451814+00:00,f2246e5b979886c3abe37445d74bff29b3324836,4ae211285fb8e22c76f6dce55ddb22dd16b1e910,a149136d45d683d706bf5f6a1ca0c513c5ff07e5dbc7a263fa17d72d2b086910,cf4fddaca474cf81dd1c91920f6f49223c6b840aa4cb363209b90b21a933ce42,smoke,"{""config"": ""results/dax-smoke-stability/config-L10-H2.json"", ""forecast_only"": true}",illustrative fee scenarios; observed spread,results/dax-smoke-stability-L10-H2,completed,"{""observations"": 19178, ""baseline_mse"": 3.7828224961821766, ""cross_mse"": 3.7831882536945627, ""baseline_mae"": 1.1412871176157908, ""cross_mae"": 1.1413574147999643, ""incremental_oos_r2"": -9.668904971227299e-05, ""directional_accuracy_including_zero"": 0.4093231828136406, ""zero_move_fraction"": 0.2875690895818125, ""daily_loss_improvement_ci"": {""lower"": -0.00036717831723509276, ""upper"": -0.0003647553939384365, ""days"": 2, ""block_days"": 1, ""underpowered"": true}}",false
dax-smoke-stability-L10-H5,2026-10-03T05:58:43.038478+00:00,f2246e5b979886c3abe37445d74bff29b3324836,4ae211285fb8e22c76f6dce55ddb22dd16b1e910,a149136d45d683d706bf5f6a1ca0c513c5ff07e5dbc7a263fa17d72d2b086910,c6603960ef755956e5799702f3ad87bf18088d7df973de171a176ca523915bff,smoke,"{""config"": ""results/dax-smoke-stability/config-L10-H5.json"", ""forecast_only"": true}",illustrative fee scenarios; observed spread,results/dax-smoke-stability-L10-H5,completed,"{""observations"": 19052, ""baseline_mse"": 9.393532927161774, ""cross_mse"": 9.394527868962719, ""baseline_mae"": 1.917530214970223, ""cross_mae"": 1.9176534002197503, ""incremental_oos_r2"": -0.00010591774241497376, ""directional_accuracy_including_zero"": 0.4441003569179089, ""zero_move_fraction"": 0.17037581356288053, ""daily_loss_improvement_ci"": {""lower"": -0.002475671888113001, ""upper"": 4.13578781899426e-05, ""days"": 2, ""block_days"": 1, ""underpowered"": true}}",false
dax-smoke-stability-L10-H10,2026-10-03T05:58:46.038824+00:00,f2246e5b979886c3abe37445d74bff29b3324836,4ae211285fb8e22c76f6dce55ddb22dd16b1e910,a149136d45d683d706bf5f6a1ca0c513c5ff07e5dbc7a263fa17d72d2b086910,ee6e2a5e4827805699f1b01d9dd6eaf591e1bd9d7cf7b206784b8fa258d62eb2,smoke,"{""config"": ""results/dax-smoke-stability/config-L10-H10.json"", ""forecast_only"": true}",illustrative fee scenarios; observed spread,results/dax-smoke-stability-L10-H10,completed,"{""observations"": 19037, ""baseline_mse"": 19.10630746577913, ""cross_mse"": 19.107068696000983, ""baseline_mae"": 2.812424754066078, ""cross_mae"": 2.812101076426556, ""incremental_oos_r2"": -3.984182831873184e-05, ""directional_accuracy_including_zero"": 0.4632032358039607, ""zero_move_fraction"": 0.11104690865157325, ""daily_loss_improvement_ci"": {""lower"": -0.0029737817971183396, ""upper"": 0.0007943649499034418, ""days"": 2, ""block_days"": 1, ""underpowered"": true}}",false
dax-development-001,2026-10-03T05:58:13.756000+00:00,f2246e5b979886c3abe37445d74bff29b3324836,4ae211285fb8e22c76f6dce55ddb22dd16b1e910,d5e90fb16cc26ebfb147f20ff71e9505e0a509a38c380eb40f8fd0f00fdea30e,e3f993b9a096cf7deff2d3646bd973b947af5bd5ed4e4eb1486148c68dee7656,development,"{""config"": ""research/configs/dax.json"", ""forecast_only"": false}",illustrative fee scenarios; observed spread,results/dax-development-001,completed,"{""observations"": 141153, ""baseline_mse"": 5.7590895255623975, ""cross_mse"": 5.758338807528644, ""baseline_mae"": 1.6481270724485453, ""cross_mae"": 1.647466773230491, ""incremental_oos_r2"": 0.00013035359676583091, ""directional_accuracy_including_zero"": 0.4400473245343705, ""zero_move_fraction"": 0.1910125891762839, ""daily_loss_improvement_ci"": {""lower"": -0.0006112112801609723, ""upper"": 0.0025620406618781576, ""days"": 25, ""block_days"": 5, ""underpowered"": false}}",false
dax-development-stability-L1-H1,2026-10-03T06:06:41.517536+00:00,f2246e5b979886c3abe37445d74bff29b3324836,970fb7a44efee5c6decd602911da90c7e163c827,d5e90fb16cc26ebfb147f20ff71e9505e0a509a38c380eb40f8fd0f00fdea30e,d48e8612222899b4eb16d497aab6eb706b5a0d1fd4ffd3de8eb5c710395d10d1,development,"{""config"": ""results/dax-development-stability/config-L1-H1.json"", ""forecast_only"": true}",illustrative fee scenarios; observed spread,results/dax-development-stability-L1-H1,completed,"{""observations"": 32840, ""baseline_mse"": 1.6906720675432692, ""cross_mse"": 1.6901040674253993, ""baseline_mae"": 0.8113187988347235, ""cross_mae"": 0.8100096429278495, ""incremental_oos_r2"": 0.00033596114159217816, ""directional_accuracy_including_zero"": 0.37195493300852617, ""zero_move_fraction"": 0.3845919610231425, ""daily_loss_improvement_ci"": {""lower"": -0.00028565453210528365, ""upper"": 0.0021740962299166395, ""days"": 25, ""block_days"": 5, ""underpowered"": false}}",false
dax-development-stability-L1-H2,2026-10-03T06:07:07.015409+00:00,f2246e5b979886c3abe37445d74bff29b3324836,970fb7a44efee5c6decd602911da90c7e163c827,d5e90fb16cc26ebfb147f20ff71e9505e0a509a38c380eb40f8fd0f00fdea30e,ad5f3f274e9e77a3d42b3686b2b59775dd91a53d9659a0d6c911eaddc3bb5d45,development,"{""config"": ""results/dax-development-stability/config-L1-H2.json"", ""forecast_only"": true}",illustrative fee scenarios; observed spread,results/dax-development-stability-L1-H2,completed,"{""observations"": 32070, ""baseline_mse"": 3.138244464073857, ""cross_mse"": 3.1374128225730438, ""baseline_mae"": 1.1463298247451486, ""cross_mae"": 1.1455618394184175, ""incremental_oos_r2"": 0.00026500214063429617, ""directional_accuracy_including_zero"": 0.4114437168693483, ""zero_move_fraction"": 0.2811973807296539, ""daily_loss_improvement_ci"": {""lower"": -0.00010494590667656884, ""upper"": 0.002265224348756985, ""days"": 25, ""block_days"": 5, ""underpowered"": false}}",false
dax-development-stability-L1-H5,2026-10-03T06:07:31.716668+00:00,f2246e5b979886c3abe37445d74bff29b3324836,970fb7a44efee5c6decd602911da90c7e163c827,d5e90fb16cc26ebfb147f20ff71e9505e0a509a38c380eb40f8fd0f00fdea30e,d1f259f0935c1566f3f64ac232f531beb730f77f840e6c565376ba740816a12b,development,"{""config"": ""results/dax-development-stability/config-L1-H5.json"", ""forecast_only"": true}",illustrative fee scenarios; observed spread,results/dax-development-stability-L1-H5,completed,"{""observations"": 31604, ""baseline_mse"": 7.538501509107557, ""cross_mse"": 7.53730872123365, ""baseline_mae"": 1.8231235239919523, ""cross_mae"": 1.8224397161638881, ""incremental_oos_r2"": 0.00015822612391414026, ""directional_accuracy_including_zero"": 0.45117706619415265, ""zero_move_fraction"": 0.17165548664725985, ""daily_loss_improvement_ci"": {""lower"": 0.0006107149153246125, ""upper"": 0.0022163219603832233, ""days"": 25, ""block_days"": 5, ""underpowered"": false}}",false
dax-development-stability-L1-H10,2026-10-03T06:07:56.449245+00:00,f2246e5b979886c3abe37445d74bff29b3324836,970fb7a44efee5c6decd602911da90c7e163c827,d5e90fb16cc26ebfb147f20ff71e9505e0a509a38c380eb40f8fd0f00fdea30e,89798a36f81e4c0a11cd47dfe710f130bdbf4d9dd0769c5d88e79a3f2986390a,development,"{""config"": ""results/dax-development-stability/config-L1-H10.json"", ""forecast_only"": true}",illustrative fee scenarios; observed spread,results/dax-development-stability-L1-H10,completed,"{""observations"": 31461, ""baseline_mse"": 14.363790751039922, ""cross_mse"": 14.362901281990696, ""baseline_mae"": 2.580586037352179, ""cross_mae"": 2.579812098475434, ""incremental_oos_r2"": 6.192439479535405e-05, ""directional_accuracy_including_zero"": 0.4664187406630431, ""zero_move_fraction"": 0.12157909793077143, ""daily_loss_improvement_ci"": {""lower"": -0.002396327235779514, ""upper"": 0.006832848300316394, ""days"": 25, ""block_days"": 5, ""underpowered"": false}}",false
dax-development-stability-L2-H1,2026-10-03T06:08:21.109398+00:00,f2246e5b979886c3abe37445d74bff29b3324836,d3612a50817b8dc1c868438ccbd90fdf19dd343a,d5e90fb16cc26ebfb147f20ff71e9505e0a509a38c380eb40f8fd0f00fdea30e,86fc5771bfe36a1a19926cad8d036d33d463cb4cace622e10e3a9e3814bc0f87,development,"{""config"": ""results/dax-development-stability/config-L2-H1.json"", ""forecast_only"": true}",illustrative fee scenarios; observed spread,results/dax-development-stability-L2-H1,completed,"{""observations"": 64599, ""baseline_mse"": 1.4920840705038414, ""cross_mse"": 1.4916923487346307, ""baseline_mae"": 0.7709234609823874, ""cross_mae"": 0.7700509459648571, ""incremental_oos_r2"": 0.0002625333095864768, ""directional_accuracy_including_zero"": 0.3659963776529048, ""zero_move_fraction"": 0.39804021734082573, ""daily_loss_improvement_ci"": {""lower"": -0.0002487026314542911, ""upper"": 0.001115786447591385, ""days"": 25, ""block_days"": 5, ""underpowered"": false}}",false
dax-development-stability-L2-H2,2026-10-03T06:08:46.045990+00:00,f2246e5b979886c3abe37445d74bff29b3324836,ca4f9bb9fd8e161c1d0a912504d286f11baa9c89,d5e90fb16cc26ebfb147f20ff71e9505e0a509a38c380eb40f8fd0f00fdea30e,b5ae3faad42d60fa0bf488178b4640210d175923710fb93bc816c445f01f2cac,development,"{""config"": ""results/dax-development-stability/config-L2-H2.json"", ""forecast_only"": true}",illustrative fee scenarios; observed spread,results/dax-development-stability-L2-H2,completed,"{""observations"": 63585, ""baseline_mse"": 2.8479316505124155, ""cross_mse"": 2.846871870700922, ""baseline_mae"": 1.1031211732329445, ""cross_mae"": 1.1022308191906856, ""incremental_oos_r2"": 0.00037212262847063915, ""directional_accuracy_including_zero"": 0.40630651883305813, ""zero_move_fraction"": 0.2920342848156012, ""daily_loss_improvement_ci"": {""lower"": 0.000221153943336892, ""upper"": 0.0020520926359277217, ""days"": 25, ""block_days"": 5, ""underpowered"": false}}",false
dax-development-stability-L2-H5,2026-10-03T06:09:10.846131+00:00,f2246e5b979886c3abe37445d74bff29b3324836,ca4f9bb9fd8e161c1d0a912504d286f11baa9c89,d5e90fb16cc26ebfb147f20ff71e9505e0a509a38c380eb40f8fd0f00fdea30e,8333fb16f476f4d16f290eae025ed225ef824f9a1adef85681f5b27ffb81bfae,development,"{""config"": ""results/dax-development-stability/config-L2-H5.json"", ""forecast_only"": true}",illustrative fee scenarios; observed spread,results/dax-development-stability-L2-H5,completed,"{""observations"": 62807, ""baseline_mse"": 6.865835391944384, ""cross_mse"": 6.863904252553446, ""baseline_mae"": 1.7609522358097307, ""cross_mae"": 1.7598903004782622, ""incremental_oos_r2"": 0.00028126794201965843, ""directional_accuracy_including_zero"": 0.44756157753116693, ""zero_move_fraction"": 0.17806932348305124, ""daily_loss_improvement_ci"": {""lower"": -0.0002051991892134247, ""upper"": 0.004545798682579795, ""days"": 25, ""block_days"": 5, ""underpowered"": false}}",false
dax-development-stability-L2-H10,2026-10-03T06:09:35.624888+00:00,f2246e5b979886c3abe37445d74bff29b3324836,ca4f9bb9fd8e161c1d0a912504d286f11baa9c89,d5e90fb16cc26ebfb147f20ff71e9505e0a509a38c380eb40f8fd0f00fdea30e,abaeb7afad1bc9daa2210f6c49a1f98f49ccbcb1a7b8693544b9f639ab331c83,development,"{""config"": ""results/dax-development-stability/config-L2-H10.json"", ""forecast_only"": true}",illustrative fee scenarios; observed spread,results/dax-development-stability-L2-H10,completed,"{""observations"": 62348, ""baseline_mse"": 13.278343112133179, ""cross_mse"": 13.279902107735415, ""baseline_mae"": 2.5130554764517625, ""cross_mae"": 2.5124767240830073, ""incremental_oos_r2"": -0.0001174088957538455, ""directional_accuracy_including_zero"": 0.4644254827741066, ""zero_move_fraction"": 0.12342015782382755, ""daily_loss_improvement_ci"": {""lower"": -0.005918019416641594, ""upper"": 0.0038653499726051745, ""days"": 25, ""block_days"": 5, ""underpowered"": false}}",false
dax-unsigned-size-audit,2026-10-03T06:10:22.781923+00:00,,5e6d6b9a0ba6e1523ac278800bc945b903a75cab,,,development,"{""affected"": [""dax-smoke-002"", ""dax-smoke-stability-*"", ""dax-development-001""]}",,research/implementation-audit.md,invalidated,"Unsigned book-size arithmetic overflow; corrected 970fb7a; all affected results retained, not usable evidence",false
dax-development-stability-L4-H4,2026-10-03T06:10:00.197691+00:00,f2246e5b979886c3abe37445d74bff29b3324836,ca4f9bb9fd8e161c1d0a912504d286f11baa9c89,d5e90fb16cc26ebfb147f20ff71e9505e0a509a38c380eb40f8fd0f00fdea30e,6a4b18ddad9ed5dae4cfea0bdcebdbe8aa2ed907ca464fe34dd194171f1187b2,development,"{""config"": ""results/dax-development-stability/config-L4-H4.json"", ""forecast_only"": true}",illustrative fee scenarios; observed spread,results/dax-development-stability-L4-H4,completed,"{""observations"": 117857, ""baseline_mse"": 4.82127637145056, ""cross_mse"": 4.820939682256717, ""baseline_mae"": 1.486752937625134, ""cross_mae"": 1.486396030876184, ""incremental_oos_r2"": 6.983403727633952e-05, ""directional_accuracy_including_zero"": 0.43743689386290163, ""zero_move_fraction"": 0.21246934844769508, ""daily_loss_improvement_ci"": {""lower"": -0.0006476239004875648, ""upper"": 0.0017218324002412613, ""days"": 25, ""block_days"": 5, ""underpowered"": false}}",false
dax-development-stability-L4-H5,2026-10-03T06:10:25.083213+00:00,f2246e5b979886c3abe37445d74bff29b3324836,5e6d6b9a0ba6e1523ac278800bc945b903a75cab,d5e90fb16cc26ebfb147f20ff71e9505e0a509a38c380eb40f8fd0f00fdea30e,bdb111fefa82149f3c2f4fb1a7917c6d7d88ec04450c2294915d4aa59c5a85b1,development,"{""config"": ""results/dax-development-stability/config-L4-H5.json"", ""forecast_only"": true}",illustrative fee scenarios; observed spread,results/dax-development-stability-L4-H5,completed,"{""observations"": 117631, ""baseline_mse"": 6.003926208100299, ""cross_mse"": 6.0033180065048, ""baseline_mae"": 1.6729754252099338, ""cross_mae"": 1.6724643637129644, ""incremental_oos_r2"": 0.00010130064468105715, ""directional_accuracy_including_zero"": 0.4449677380962501, ""zero_move_fraction"": 0.18819868912106502, ""daily_loss_improvement_ci"": {""lower"": -0.0007594144334910736, ""upper"": 0.0025189931090531326, ""days"": 25, ""block_days"": 5, ""underpowered"": false}}",false
dax-development-stability-L4-H6,2026-10-03T06:10:50.088860+00:00,f2246e5b979886c3abe37445d74bff29b3324836,5e6d6b9a0ba6e1523ac278800bc945b903a75cab,d5e90fb16cc26ebfb147f20ff71e9505e0a509a38c380eb40f8fd0f00fdea30e,3a431827a8033e216b4354f2689ff844b75cd32b6a0e92835968b6f401cf95f0,development,"{""config"": ""results/dax-development-stability/config-L4-H6.json"", ""forecast_only"": true}",illustrative fee scenarios; observed spread,results/dax-development-stability-L4-H6,completed,"{""observations"": 117241, ""baseline_mse"": 7.138429671562033, ""cross_mse"": 7.137959801770784, ""baseline_mae"": 1.8425279793763054, ""cross_mae"": 1.8419781449230124, ""incremental_oos_r2"": 6.582257063070251e-05, ""directional_accuracy_including_zero"": 0.4505420458713249, ""zero_move_fraction"": 0.16925819465886507, ""daily_loss_improvement_ci"": {""lower"": -0.0008463884751778648, ""upper"": 0.002502869717081319, ""days"": 25, ""block_days"": 5, ""underpowered"": false}}",false
dax-development-stability-L5-H1,2026-10-03T06:11:15.120951+00:00,f2246e5b979886c3abe37445d74bff29b3324836,5e6d6b9a0ba6e1523ac278800bc945b903a75cab,d5e90fb16cc26ebfb147f20ff71e9505e0a509a38c380eb40f8fd0f00fdea30e,3bfb47eb58fbe3d8f19554a934da8fbf7f019c9ab9d6e6e6359666d86a9a82ea,development,"{""config"": ""results/dax-development-stability/config-L5-H1.json"", ""forecast_only"": true}",illustrative fee scenarios; observed spread,results/dax-development-stability-L5-H1,completed,"{""observations"": 143850, ""baseline_mse"": 1.2650624629331333, ""cross_mse"": 1.2648505611071055, ""baseline_mae"": 0.7131892844974626, ""cross_mae"": 0.7128228545494455, ""incremental_oos_r2"": 0.00016750305398871568, ""directional_accuracy_including_zero"": 0.3595203336809176, ""zero_move_fraction"": 0.41957594716718805, ""daily_loss_improvement_ci"": {""lower"": -1.190747032842986e-05, ""upper"": 0.0005119186994806819, ""days"": 25, ""block_days"": 5, ""underpowered"": false}}",false
dax-development-stability-L5-H2,2026-10-03T06:11:40.199965+00:00,f2246e5b979886c3abe37445d74bff29b3324836,8cecce2e5076f7e249df2f5b0bbc348ef5c9c0a6,d5e90fb16cc26ebfb147f20ff71e9505e0a509a38c380eb40f8fd0f00fdea30e,d6292fb2b24dbbe4405b15bab2efb7981bd07df41ad6f9dc114147840ed92dc8,development,"{""config"": ""results/dax-development-stability/config-L5-H2.json"", ""forecast_only"": true}",illustrative fee scenarios; observed spread,results/dax-development-stability-L5-H2,completed,"{""observations"": 142195, ""baseline_mse"": 2.357765978743896, ""cross_mse"": 2.357505014689393, ""baseline_mae"": 1.0170859765057347, ""cross_mae"": 1.0166737127094272, ""incremental_oos_r2"": 0.00011068276362269369, ""directional_accuracy_including_zero"": 0.4016315622912198, ""zero_move_fraction"": 0.31113611589718343, ""daily_loss_improvement_ci"": {""lower"": -0.000158110732173597, ""upper"": 0.0008573462879079845, ""days"": 25, ""block_days"": 5, ""underpowered"": false}}",false
dax-development-stability-L5-H4,2026-10-03T06:12:08.784022+00:00,f2246e5b979886c3abe37445d74bff29b3324836,8cecce2e5076f7e249df2f5b0bbc348ef5c9c0a6,d5e90fb16cc26ebfb147f20ff71e9505e0a509a38c380eb40f8fd0f00fdea30e,9c779a295d3172d5db9983b1920c4d584d72cb63a1582f1e14a779f3c81a3395,development,"{""config"": ""results/dax-development-stability/config-L5-H4.json"", ""forecast_only"": true}",illustrative fee scenarios; observed spread,results/dax-development-stability-L5-H4,completed,"{""observations"": 141302, ""baseline_mse"": 4.6425389140116335, ""cross_mse"": 4.641940858295136, ""baseline_mae"": 1.4625676185238017, ""cross_mae"": 1.4621152615266766, ""incremental_oos_r2"": 0.00012882083006182654, ""directional_accuracy_including_zero"": 0.4353016942435351, ""zero_move_fraction"": 0.2168122178030035, ""daily_loss_improvement_ci"": {""lower"": -0.0002557018375148346, ""upper"": 0.001819177929328313, ""days"": 25, ""block_days"": 5, ""underpowered"": false}}",false
dax-development-stability-L5-H5,2026-10-03T06:12:35.896077+00:00,f2246e5b979886c3abe37445d74bff29b3324836,8cecce2e5076f7e249df2f5b0bbc348ef5c9c0a6,d5e90fb16cc26ebfb147f20ff71e9505e0a509a38c380eb40f8fd0f00fdea30e,6f45d915a2ef9e8c8823cc69b0d1f927f8e558813b2d1fd78c48888f4fed6739,development,"{""config"": ""results/dax-development-stability/config-L5-H5.json"", ""forecast_only"": false}",illustrative fee scenarios; observed spread,results/dax-development-stability-L5-H5,completed,"{""observations"": 141153, ""baseline_mse"": 5.748097921738994, ""cross_mse"": 5.747478489324502, ""baseline_mae"": 1.6465980960311346, ""cross_mae"": 1.6460904593696242, ""incremental_oos_r2"": 0.00010776302403436855, ""directional_accuracy_including_zero"": 0.4428811289876942, ""zero_move_fraction"": 0.1910125891762839, ""daily_loss_improvement_ci"": {""lower"": -0.0007360925884253658, ""upper"": 0.0024387171592678597, ""days"": 25, ""block_days"": 5, ""underpowered"": false}}",false
dax-development-stability-L5-H6,2026-10-03T06:14:08.326637+00:00,f2246e5b979886c3abe37445d74bff29b3324836,8cecce2e5076f7e249df2f5b0bbc348ef5c9c0a6,d5e90fb16cc26ebfb147f20ff71e9505e0a509a38c380eb40f8fd0f00fdea30e,cd55de809dbce632effa0defe5867b21c3b18750c818a26d1445410c411d593c,development,"{""config"": ""results/dax-development-stability/config-L5-H6.json"", ""forecast_only"": true}",illustrative fee scenarios; observed spread,results/dax-development-stability-L5-H6,completed,"{""observations"": 140715, ""baseline_mse"": 6.871789004657155, ""cross_mse"": 6.871200520548571, ""baseline_mae"": 1.8146704924984425, ""cross_mae"": 1.814091191229611, ""incremental_oos_r2"": 8.5637685933726e-05, ""directional_accuracy_including_zero"": 0.4495256369257009, ""zero_move_fraction"": 0.1707280673702164, ""daily_loss_improvement_ci"": {""lower"": -0.0008191362494527368, ""upper"": 0.0023943862148750796, ""days"": 25, ""block_days"": 5, ""underpowered"": false}}",false
dax-development-stability-L5-H10,2026-10-03T06:14:35.874338+00:00,f2246e5b979886c3abe37445d74bff29b3324836,8cecce2e5076f7e249df2f5b0bbc348ef5c9c0a6,d5e90fb16cc26ebfb147f20ff71e9505e0a509a38c380eb40f8fd0f00fdea30e,3f475402c98dfc1cadef6d318fd5d52ef802b9668508a8c320db1d449468dd13,development,"{""config"": ""results/dax-development-stability/config-L5-H10.json"", ""forecast_only"": true}",illustrative fee scenarios; observed spread,results/dax-development-stability-L5-H10,completed,"{""observations"": 140330, ""baseline_mse"": 11.2761937496177, ""cross_mse"": 11.27661743771839, ""baseline_mae"": 2.3634842515286976, ""cross_mae"": 2.3628636807349213, ""incremental_oos_r2"": -3.757368045431697e-05, ""directional_accuracy_including_zero"": 0.46268082377253616, ""zero_move_fraction"": 0.12819069336563813, ""daily_loss_improvement_ci"": {""lower"": -0.0025632226264224313, ""upper"": 0.0027722449977544425, ""days"": 25, ""block_days"": 5, ""underpowered"": false}}",false
dax-development-stability-L6-H4,2026-10-03T06:15:03.477352+00:00,f2246e5b979886c3abe37445d74bff29b3324836,8cecce2e5076f7e249df2f5b0bbc348ef5c9c0a6,d5e90fb16cc26ebfb147f20ff71e9505e0a509a38c380eb40f8fd0f00fdea30e,5cc73a102639b6aeb9fb272018c76bd928d9218110d3b86c11606a53e4bc6e8a,development,"{""config"": ""results/dax-development-stability/config-L6-H4.json"", ""forecast_only"": true}",illustrative fee scenarios; observed spread,results/dax-development-stability-L6-H4,completed,"{""observations"": 161910, ""baseline_mse"": 4.48788535194603, ""cross_mse"": 4.487366747597963, ""baseline_mae"": 1.4473195125102272, ""cross_mae"": 1.446948226089406, ""incremental_oos_r2"": 0.00011555650543570994, ""directional_accuracy_including_zero"": 0.43316657402260517, ""zero_move_fraction"": 0.2193811376690754, ""daily_loss_improvement_ci"": {""lower"": -0.0002508140222441866, ""upper"": 0.0014775232851998278, ""days"": 25, ""block_days"": 5, ""underpowered"": false}}",false
dax-development-stability-L6-H5,2026-10-03T06:15:31.432573+00:00,f2246e5b979886c3abe37445d74bff29b3324836,8cecce2e5076f7e249df2f5b0bbc348ef5c9c0a6,d5e90fb16cc26ebfb147f20ff71e9505e0a509a38c380eb40f8fd0f00fdea30e,2622ecad12d626c66ba7ea896d52a826b46fdf7c9282ed5b4452f21290ae5995,development,"{""config"": ""results/dax-development-stability/config-L6-H5.json"", ""forecast_only"": true}",illustrative fee scenarios; observed spread,results/dax-development-stability-L6-H5,completed,"{""observations"": 161700, ""baseline_mse"": 5.5818045798864855, ""cross_mse"": 5.581195738284528, ""baseline_mae"": 1.6290017118606477, ""cross_mae"": 1.6286011935409033, ""incremental_oos_r2"": 0.00010907612282795576, ""directional_accuracy_including_zero"": 0.4414409400123686, ""zero_move_fraction"": 0.19264687693259122, ""daily_loss_improvement_ci"": {""lower"": -0.00047789642533459085, ""upper"": 0.0018697205061807233, ""days"": 25, ""block_days"": 5, ""underpowered"": false}}",false
dax-secondary-001,2026-10-03T06:16:01.161705+00:00,,8cecce2e5076f7e249df2f5b0bbc348ef5c9c0a6,,,development,,,results/dax-development-stability-L5-H5,failed,Diagnostics computed but ledger write failed: relative run path not resolved; rerun after path fix,false
dax-development-stability-L6-H6,2026-10-03T06:15:59.693761+00:00,f2246e5b979886c3abe37445d74bff29b3324836,8cecce2e5076f7e249df2f5b0bbc348ef5c9c0a6,d5e90fb16cc26ebfb147f20ff71e9505e0a509a38c380eb40f8fd0f00fdea30e,ab5b1f8f99e99a7ec6bff9a77d27884f525621a21cec94a4b167e63ef328abaf,development,"{""config"": ""results/dax-development-stability/config-L6-H6.json"", ""forecast_only"": true}",illustrative fee scenarios; observed spread,results/dax-development-stability-L6-H6,completed,"{""observations"": 161194, ""baseline_mse"": 6.681740810167669, ""cross_mse"": 6.6810786711509165, ""baseline_mae"": 1.7947994788616795, ""cross_mae"": 1.7943584380164939, ""incremental_oos_r2"": 9.90967826446365e-05, ""directional_accuracy_including_zero"": 0.4477213792076628, ""zero_move_fraction"": 0.17370993957591474, ""daily_loss_improvement_ci"": {""lower"": -0.00064293366497955, ""upper"": 0.0020504216569633407, ""days"": 25, ""block_days"": 5, ""underpowered"": false}}",false
dax-development-stability-L5-H5-secondary-0,2026-10-03T06:16:49.392685+00:00,f2246e5b979886c3abe37445d74bff29b3324836,ff69444247040db7a0cda5e739d6c83854c25ec2,d5e90fb16cc26ebfb147f20ff71e9505e0a509a38c380eb40f8fd0f00fdea30e,6f45d915a2ef9e8c8823cc69b0d1f927f8e558813b2d1fd78c48888f4fed6739,development,"{""predictor"": ""FDXM"", ""target"": ""FDAX"", ""p_value"": 9.45433171056328e-05, ""incremental_oos_r2"": -0.00023024355947476316, ""observations"": 127222, ""holm_p_value"": 0.0005672599026337968}",forecast diagnostic only,results/dax-development-stability-L5-H5,completed,secondary; primary unchanged,false
dax-development-stability-L5-H5-secondary-1,2026-10-03T06:16:49.393280+00:00,f2246e5b979886c3abe37445d74bff29b3324836,ff69444247040db7a0cda5e739d6c83854c25ec2,d5e90fb16cc26ebfb147f20ff71e9505e0a509a38c380eb40f8fd0f00fdea30e,6f45d915a2ef9e8c8823cc69b0d1f927f8e558813b2d1fd78c48888f4fed6739,development,"{""predictor"": ""FDXS"", ""target"": ""FDAX"", ""p_value"": 0.06606879218748336, ""incremental_oos_r2"": -0.00016958964435986879, ""observations"": 127222, ""holm_p_value"": 0.26427516874993345}",forecast diagnostic only,results/dax-development-stability-L5-H5,completed,secondary; primary unchanged,false
dax-development-stability-L5-H5-secondary-2,2026-10-03T06:16:49.393369+00:00,f2246e5b979886c3abe37445d74bff29b3324836,ff69444247040db7a0cda5e739d6c83854c25ec2,d5e90fb16cc26ebfb147f20ff71e9505e0a509a38c380eb40f8fd0f00fdea30e,6f45d915a2ef9e8c8823cc69b0d1f927f8e558813b2d1fd78c48888f4fed6739,development,"{""predictor"": ""FDAX"", ""target"": ""FDXM"", ""p_value"": 0.591429419581619, ""incremental_oos_r2"": 7.193028459639983e-05, ""observations"": 131670, ""holm_p_value"": 0.591429419581619}",forecast diagnostic only,results/dax-development-stability-L5-H5,completed,secondary; primary unchanged,false
dax-development-stability-L5-H5-secondary-3,2026-10-03T06:16:49.393429+00:00,f2246e5b979886c3abe37445d74bff29b3324836,ff69444247040db7a0cda5e739d6c83854c25ec2,d5e90fb16cc26ebfb147f20ff71e9505e0a509a38c380eb40f8fd0f00fdea30e,6f45d915a2ef9e8c8823cc69b0d1f927f8e558813b2d1fd78c48888f4fed6739,development,"{""predictor"": ""FDXS"", ""target"": ""FDXM"", ""p_value"": 0.24857905588471574, ""incremental_oos_r2"": -0.00010421018396034043, ""observations"": 131670, ""holm_p_value"": 0.5046843835473527}",forecast diagnostic only,results/dax-development-stability-L5-H5,completed,secondary; primary unchanged,false
dax-development-stability-L5-H5-secondary-4,2026-10-03T06:16:49.393478+00:00,f2246e5b979886c3abe37445d74bff29b3324836,ff69444247040db7a0cda5e739d6c83854c25ec2,d5e90fb16cc26ebfb147f20ff71e9505e0a509a38c380eb40f8fd0f00fdea30e,6f45d915a2ef9e8c8823cc69b0d1f927f8e558813b2d1fd78c48888f4fed6739,development,"{""predictor"": ""FDAX"", ""target"": ""FDXS"", ""p_value"": 0.16822812784911756, ""incremental_oos_r2"": 0.0002664830040149946, ""observations"": 141153, ""holm_p_value"": 0.5046843835473527}",forecast diagnostic only,results/dax-development-stability-L5-H5,completed,secondary; primary unchanged,false
dax-development-stability-L5-H5-secondary-5,2026-10-03T06:16:49.393522+00:00,f2246e5b979886c3abe37445d74bff29b3324836,ff69444247040db7a0cda5e739d6c83854c25ec2,d5e90fb16cc26ebfb147f20ff71e9505e0a509a38c380eb40f8fd0f00fdea30e,6f45d915a2ef9e8c8823cc69b0d1f927f8e558813b2d1fd78c48888f4fed6739,development,"{""predictor"": ""FDXM"", ""target"": ""FDXS"", ""p_value"": 0.0012790449415628386, ""incremental_oos_r2"": 1.545009042924761e-06, ""observations"": 141153, ""holm_p_value"": 0.006395224707814192}",forecast diagnostic only,results/dax-development-stability-L5-H5,completed,secondary; primary unchanged,false
dax-development-stability-L5-H5-secondary-6,2026-10-03T06:16:49.393565+00:00,f2246e5b979886c3abe37445d74bff29b3324836,ff69444247040db7a0cda5e739d6c83854c25ec2,d5e90fb16cc26ebfb147f20ff71e9505e0a509a38c380eb40f8fd0f00fdea30e,6f45d915a2ef9e8c8823cc69b0d1f927f8e558813b2d1fd78c48888f4fed6739,development,"{""diagnostic"": ""disagreement"", ""result"": {""standardisation_mean"": {""OF_FDAX"": 0.00219404250997387, ""OF_FDXM"": 0.00027433323839514345, ""OF_FDXS"": 0.001349115393412507}, ""standardisation_sd"": {""OF_FDAX"": 0.7059724502269848, ""OF_FDXM"": 0.6890683673059323, ""OF_FDXS"": 0.7040563055105228}, ""disagreement_coefficient"": -0.05301107824914846, ""p_value"": 0.013820000539930986, ""forecast"": {""observations"": 141153, ""baseline_mse"": 5.74809792173893, ""cross_mse"": 5.746163343910562, ""baseline_mae"": 1.6465980960311157, ""cross_mae"": 1.6457589224491815, ""incremental_oos_r2"": 0.00033655965063694726, ""directional_accuracy_including_zero"": 0.44290238252109415, ""zero_move_fraction"": 0.1910125891762839, ""daily_loss_improvement_ci"": {""lower"": 0.00100402625838456, ""upper"": 0.003476374306202314, ""days"": 25, ""block_days"": 5, ""underpowered"": false}}, ""scope"": ""secondary validation, not final holdout""}}",forecast diagnostic only,results/dax-development-stability-L5-H5,completed,secondary; primary unchanged,false
dax-development-stability-L5-H5-secondary-7,2026-10-03T06:16:49.393638+00:00,f2246e5b979886c3abe37445d74bff29b3324836,ff69444247040db7a0cda5e739d6c83854c25ec2,d5e90fb16cc26ebfb147f20ff71e9505e0a509a38c380eb40f8fd0f00fdea30e,6f45d915a2ef9e8c8823cc69b0d1f927f8e558813b2d1fd78c48888f4fed6739,development,"{""diagnostic"": ""day_shift"", ""result"": {""observations"": 38343, ""baseline_mse"": 6.977689627483228, ""cross_mse"": 6.977522100083745, ""baseline_mae"": 1.8481588661167032, ""cross_mae"": 1.8481990450246515, ""incremental_oos_r2"": 2.4009007053349407e-05, ""directional_accuracy_including_zero"": 0.4502255952846673, ""zero_move_fraction"": 0.16751427900790236, ""daily_loss_improvement_ci"": {""lower"": -0.00035050026851823256, ""upper"": 0.0008537610828740053, ""days"": 25, ""block_days"": 5, ""underpowered"": false}}}",forecast diagnostic only,results/dax-development-stability-L5-H5,completed,secondary; primary unchanged,false
dax-development-stability-L10-H1,2026-10-03T06:16:28.723839+00:00,f2246e5b979886c3abe37445d74bff29b3324836,ff69444247040db7a0cda5e739d6c83854c25ec2,d5e90fb16cc26ebfb147f20ff71e9505e0a509a38c380eb40f8fd0f00fdea30e,112a7fbd59315fe3aa4f4c13424b77265ae0f401a117d3522af2e6af98a986c0,development,"{""config"": ""results/dax-development-stability/config-L10-H1.json"", ""forecast_only"": true}",illustrative fee scenarios; observed spread,results/dax-development-stability-L10-H1,completed,"{""observations"": 226529, ""baseline_mse"": 1.1103361348466017, ""cross_mse"": 1.1101835436324563, ""baseline_mae"": 0.675636912015194, ""cross_mae"": 0.6754726727425598, ""incremental_oos_r2"": 0.0001374279457873051, ""directional_accuracy_including_zero"": 0.3528069253826221, ""zero_move_fraction"": 0.4359794993135537, ""daily_loss_improvement_ci"": {""lower"": 7.210348102683577e-05, ""upper"": 0.00024043914361867468, ""days"": 25, ""block_days"": 5, ""underpowered"": false}}",false
dax-development-stability-L10-H2,2026-10-03T06:16:56.608323+00:00,f2246e5b979886c3abe37445d74bff29b3324836,ff69444247040db7a0cda5e739d6c83854c25ec2,d5e90fb16cc26ebfb147f20ff71e9505e0a509a38c380eb40f8fd0f00fdea30e,cf4fddaca474cf81dd1c91920f6f49223c6b840aa4cb363209b90b21a933ce42,development,"{""config"": ""results/dax-development-stability/config-L10-H2.json"", ""forecast_only"": true}",illustrative fee scenarios; observed spread,results/dax-development-stability-L10-H2,completed,"{""observations"": 224282, ""baseline_mse"": 2.114545162195774, ""cross_mse"": 2.114330143228215, ""baseline_mae"": 0.9657879357605784, ""cross_mae"": 0.9656039171957379, ""incremental_oos_r2"": 0.00010168568229385055, ""directional_accuracy_including_zero"": 0.3962823588161333, ""zero_move_fraction"": 0.32493913911950134, ""daily_loss_improvement_ci"": {""lower"": 5.316901386169056e-07, ""upper"": 0.0004564395003978613, ""days"": 25, ""block_days"": 5, ""underpowered"": false}}",false
dax-development-stability-L10-H5,2026-10-03T06:17:23.616268+00:00,f2246e5b979886c3abe37445d74bff29b3324836,ff69444247040db7a0cda5e739d6c83854c25ec2,d5e90fb16cc26ebfb147f20ff71e9505e0a509a38c380eb40f8fd0f00fdea30e,c6603960ef755956e5799702f3ad87bf18088d7df973de171a176ca523915bff,development,"{""config"": ""results/dax-development-stability/config-L10-H5.json"", ""forecast_only"": true}",illustrative fee scenarios; observed spread,results/dax-development-stability-L10-H5,completed,"{""observations"": 222763, ""baseline_mse"": 5.135049917196596, ""cross_mse"": 5.134777386451249, ""baseline_mae"": 1.5645159279829552, ""cross_mae"": 1.564235606690315, ""incremental_oos_r2"": 5.307265747001022e-05, ""directional_accuracy_including_zero"": 0.44045465360046326, ""zero_move_fraction"": 0.20055844103374437, ""daily_loss_improvement_ci"": {""lower"": -0.0005585916874681206, ""upper"": 0.0011447596877845125, ""days"": 25, ""block_days"": 5, ""underpowered"": false}}",false
dax-development-stability-L10-H10,2026-10-03T06:17:50.736132+00:00,f2246e5b979886c3abe37445d74bff29b3324836,ff69444247040db7a0cda5e739d6c83854c25ec2,d5e90fb16cc26ebfb147f20ff71e9505e0a509a38c380eb40f8fd0f00fdea30e,ee6e2a5e4827805699f1b01d9dd6eaf591e1bd9d7cf7b206784b8fa258d62eb2,development,"{""config"": ""results/dax-development-stability/config-L10-H10.json"", ""forecast_only"": true}",illustrative fee scenarios; observed spread,results/dax-development-stability-L10-H10,completed,"{""observations"": 221963, ""baseline_mse"": 10.019609981356073, ""cross_mse"": 10.020620668557616, ""baseline_mae"": 2.242373499686177, ""cross_mae"": 2.2422046000755445, ""incremental_oos_r2"": -0.00010087091248300872, ""directional_accuracy_including_zero"": 0.46006766893581363, ""zero_move_fraction"": 0.13510810360285272, ""daily_loss_improvement_ci"": {""lower"": -0.0028976257336146287, ""upper"": 0.0009530513252709144, ""days"": 25, ""block_days"": 5, ""underpowered"": false}}",false
futures-harness-smoke/training-388027895a63be4fbc87-c1-d0/attempt-1,2026-10-03T09:12:19.188290+00:00,6a603df30245ff55438fc8c2fd646ad4c294a150,6a603df30245ff55438fc8c2fd646ad4c294a150,d8953ab125a90ef1a487bfa0d793cd2176bfa145a5c0e033dfd08abc4ebb47ce,751de976173cf0c35a658bfd8631e458c5fdba944b074e9ebdfe9c1d26e97727,training,"{""frequency"":""monthly"",""id"":""388027895a63be4fbc87"",""params"":{""lookback"":120},""strategy"":""trend"",""universe"":[""ES""]}","{""commission"":2.5,""multiple"":1,""ticks"":1}",results/futures-harness-smoke/jobs/training-388027895a63be4fbc87-c1-d0/attempt-1,completed,"{""annual_volatility"":0.044947945055554314,""bars"":260,""cagr"":-0.03355757939977677,""contracts_traded"":14,""cost"":210.0,""gap_cap_breach_bars"":0,""max_drawdown"":-0.07782503707880317,""mean"":-0.03205297083703161,""minimum_participation_capacity_equity"":7465220.8425,""missing_reasons"":{},""net_pnl"":-33535.0,""rolls"":4,""sharpe"":-0.713113153391442}",false
book151-futures-v1/training-65b2b3d9de8c4bb7fe96-c1-d0/attempt-1,2026-10-03T09:14:31.118849+00:00,6a603df30245ff55438fc8c2fd646ad4c294a150,6a603df30245ff55438fc8c2fd646ad4c294a150,d8953ab125a90ef1a487bfa0d793cd2176bfa145a5c0e033dfd08abc4ebb47ce,fa9ec67c334d923a7f8e24d8ed012018c1a8c8ae4b7c74a0dc1b9b31b89533cc,training,"{""frequency"":""monthly"",""id"":""65b2b3d9de8c4bb7fe96"",""params"":{""lookback"":60},""strategy"":""trend"",""universe"":[""ES""]}","{""commission"":2.5,""multiple"":1,""ticks"":1}",results/book151-futures-v1/jobs/training-65b2b3d9de8c4bb7fe96-c1-d0/attempt-1,completed,"{""annual_volatility"":0.026797863218743032,""bars"":1505,""cagr"":0.008429918772500322,""contracts_traded"":102,""cost"":1530.0,""gap_cap_breach_bars"":2,""max_drawdown"":-0.0587244994333207,""mean"":0.008509802543854035,""minimum_participation_capacity_equity"":5185063.5575,""missing_reasons"":{},""net_pnl"":49882.5,""rolls"":23,""sharpe"":0.31755526455191724}",false
book151-futures-v1/training-bd3fa6b217eceba5da85-c1-d0/attempt-1,2026-10-03T09:14:31.399911+00:00,6a603df30245ff55438fc8c2fd646ad4c294a150,6a603df30245ff55438fc8c2fd646ad4c294a150,d8953ab125a90ef1a487bfa0d793cd2176bfa145a5c0e033dfd08abc4ebb47ce,fa9ec67c334d923a7f8e24d8ed012018c1a8c8ae4b7c74a0dc1b9b31b89533cc,training,"{""frequency"":""monthly"",""id"":""bd3fa6b217eceba5da85"",""params"":{""lookback"":60},""strategy"":""trend"",""universe"":[""ZN""]}","{""commission"":2.5,""multiple"":1,""ticks"":1}",results/book151-futures-v1/jobs/training-bd3fa6b217eceba5da85-c1-d0/attempt-1,completed,"{""annual_volatility"":0.007825644762068797,""bars"":1505,""cagr"":0.008570977319586559,""contracts_traded"":150,""cost"":2718.75,""gap_cap_breach_bars"":10,""max_drawdown"":-0.006476090917347355,""mean"":0.008317315384323603,""minimum_participation_capacity_equity"":19654948.43484375,""missing_reasons"":{},""net_pnl"":50734.375,""rolls"":23,""sharpe"":1.062828129464546}",false
book151-futures-v1/training-42af83a654aba25e241d-c1-d0/attempt-1,2026-10-03T09:14:31.981850+00:00,6a603df30245ff55438fc8c2fd646ad4c294a150,6a603df30245ff55438fc8c2fd646ad4c294a150,d8953ab125a90ef1a487bfa0d793cd2176bfa145a5c0e033dfd08abc4ebb47ce,fa9ec67c334d923a7f8e24d8ed012018c1a8c8ae4b7c74a0dc1b9b31b89533cc,training,"{""frequency"":""monthly"",""id"":""42af83a654aba25e241d"",""params"":{""lookback"":60},""strategy"":""trend"",""universe"":[""NQ""]}","{""commission"":2.5,""multiple"":1,""ticks"":1}",results/book151-futures-v1/jobs/training-42af83a654aba25e241d-c1-d0/attempt-1,completed,"{""annual_volatility"":0.033042278689680356,""bars"":1505,""cagr"":0.00203273544124305,""contracts_traded"":98,""cost"":735.0,""gap_cap_breach_bars"":5,""max_drawdown"":-0.07084364971261103,""mean"":0.002518106595948658,""minimum_participation_capacity_equity"":1509686.2475,""missing_reasons"":{},""net_pnl"":11845.0,""rolls"":19,""sharpe"":0.07620862409634914}",false
book151-futures-v1/training-f9f12d28fe9be3db4daf-c1-d0/attempt-1,2026-10-03T09:14:35.299172+00:00,6a603df30245ff55438fc8c2fd646ad4c294a150,6a603df30245ff55438fc8c2fd646ad4c294a150,d8953ab125a90ef1a487bfa0d793cd2176bfa145a5c0e033dfd08abc4ebb47ce,fa9ec67c334d923a7f8e24d8ed012018c1a8c8ae4b7c74a0dc1b9b31b89533cc,training,"{""frequency"":""monthly"",""id"":""f9f12d28fe9be3db4daf"",""params"":{""lookback"":60},""strategy"":""trend"",""universe"":[""CL""]}","{""commission"":2.5,""multiple"":1,""ticks"":1}",results/book151-futures-v1/jobs/training-f9f12d28fe9be3db4daf-c1-d0/attempt-1,completed,"{""annual_volatility"":0.06935145976820427,""bars"":1505,""cagr"":0.01239545808353526,""contracts_traded"":712,""cost"":8900.0,""gap_cap_breach_bars"":14,""max_drawdown"":-0.12820297963056526,""mean"":0.014355388961530841,""minimum_participation_capacity_equity"":10472084.546249999,""missing_reasons"":{},""net_pnl"":74050.0,""rolls"":58,""sharpe"":0.20699476275641993}",false
book151-futures-v1/training-a8a61fb137a195d0aea9-c1-d0/attempt-1,2026-10-03T09:14:35.336662+00:00,6a603df30245ff55438fc8c2fd646ad4c294a150,6a603df30245ff55438fc8c2fd646ad4c294a150,d8953ab125a90ef1a487bfa0d793cd2176bfa145a5c0e033dfd08abc4ebb47ce,fa9ec67c334d923a7f8e24d8ed012018c1a8c8ae4b7c74a0dc1b9b31b89533cc,training,"{""frequency"":""monthly"",""id"":""a8a61fb137a195d0aea9"",""params"":{""lookback"":60},""strategy"":""trend"",""universe"":[""GC""]}","{""commission"":2.5,""multiple"":1,""ticks"":1}",results/book151-futures-v1/jobs/training-a8a61fb137a195d0aea9-c1-d0/attempt-1,completed,"{""annual_volatility"":0.023746661423984773,""bars"":1505,""cagr"":0.005875573223785402,""contracts_traded"":130,""cost"":1625.0,""gap_cap_breach_bars"":5,""max_drawdown"":-0.048015685369932504,""mean"":0.005970038912825309,""minimum_participation_capacity_equity"":9755602.86875,""missing_reasons"":{},""net_pnl"":34555.0,""rolls"":29,""sharpe"":0.25140539995215533}",false
book151-futures-v1/training-356cb41104a9bc708bb2-c1-d0/attempt-1,2026-10-03T09:14:35.701386+00:00,6a603df30245ff55438fc8c2fd646ad4c294a150,6a603df30245ff55438fc8c2fd646ad4c294a150,d8953ab125a90ef1a487bfa0d793cd2176bfa145a5c0e033dfd08abc4ebb47ce,fa9ec67c334d923a7f8e24d8ed012018c1a8c8ae4b7c74a0dc1b9b31b89533cc,training,"{""frequency"":""monthly"",""id"":""356cb41104a9bc708bb2"",""params"":{""lookback"":60},""strategy"":""trend"",""universe"":[""6E""]}","{""commission"":2.5,""multiple"":1,""ticks"":1}",results/book151-futures-v1/jobs/training-356cb41104a9bc708bb2-c1-d0/attempt-1,completed,"{""annual_volatility"":0.009644734527207257,""bars"":1505,""cagr"":0.002707498623023774,""contracts_traded"":84,""cost"":735.0,""gap_cap_breach_bars"":0,""max_drawdown"":-0.013213638270366257,""mean"":0.0026718028268976255,""minimum_participation_capacity_equity"":2405827.4625,""missing_reasons"":{},""net_pnl"":15802.5,""rolls"":24,""sharpe"":0.2770219148448948}",false
book151-futures-v1/training-477940cf4994825e0844-c1-d0/attempt-1,2026-10-03T09:14:35.804013+00:00,6a603df30245ff55438fc8c2fd646ad4c294a150,6a603df30245ff55438fc8c2fd646ad4c294a150,d8953ab125a90ef1a487bfa0d793cd2176bfa145a5c0e033dfd08abc4ebb47ce,fa9ec67c334d923a7f8e24d8ed012018c1a8c8ae4b7c74a0dc1b9b31b89533cc,training,"{""frequency"":""monthly"",""id"":""477940cf4994825e0844"",""params"":{""lookback"":60},""strategy"":""trend"",""universe"":[""6E"",""CL"",""ES"",""GC"",""NQ"",""ZN""]}","{""commission"":2.5,""multiple"":1,""ticks"":1}",results/book151-futures-v1/jobs/training-477940cf4994825e0844-c1-d0/attempt-1,completed,"{""annual_volatility"":0.012338447635358359,""bars"":1505,""cagr"":0.01706945088793721,""contracts_traded"":210,""cost"":3162.5,""gap_cap_breach_bars"":1,""max_drawdown"":-0.012362247073889332,""mean"":0.016510423144926865,""minimum_participation_capacity_equity"":2952065.2481250004,""missing_reasons"":{},""net_pnl"":103124.375,""rolls"":43,""sharpe"":1.3381280719312576}",false
book151-futures-v1/training-388027895a63be4fbc87-c1-d0/attempt-1,2026-10-03T09:14:38.719101+00:00,6a603df30245ff55438fc8c2fd646ad4c294a150,6a603df30245ff55438fc8c2fd646ad4c294a150,d8953ab125a90ef1a487bfa0d793cd2176bfa145a5c0e033dfd08abc4ebb47ce,fa9ec67c334d923a7f8e24d8ed012018c1a8c8ae4b7c74a0dc1b9b31b89533cc,training,"{""frequency"":""monthly"",""id"":""388027895a63be4fbc87"",""params"":{""lookback"":120},""strategy"":""trend"",""universe"":[""ES""]}","{""commission"":2.5,""multiple"":1,""ticks"":1}",results/book151-futures-v1/jobs/training-388027895a63be4fbc87-c1-d0/attempt-1,completed,"{""annual_volatility"":0.026474485363737765,""bars"":1505,""cagr"":0.011462793763025392,""contracts_traded"":90,""cost"":1350.0,""gap_cap_breach_bars"":2,""max_drawdown"":-0.07394880467368747,""mean"":0.011417083514865789,""minimum_participation_capacity_equity"":5276086.51625,""missing_reasons"":{},""net_pnl"":68325.0,""rolls"":23,""sharpe"":0.4312485533903457}",false
book151-futures-v1/training-fabf9f6f878032b9f626-c1-d0/attempt-1,2026-10-03T09:14:39.032116+00:00,6a603df30245ff55438fc8c2fd646ad4c294a150,6a603df30245ff55438fc8c2fd646ad4c294a150,d8953ab125a90ef1a487bfa0d793cd2176bfa145a5c0e033dfd08abc4ebb47ce,fa9ec67c334d923a7f8e24d8ed012018c1a8c8ae4b7c74a0dc1b9b31b89533cc,training,"{""frequency"":""monthly"",""id"":""fabf9f6f878032b9f626"",""params"":{""lookback"":120},""strategy"":""trend"",""universe"":[""NQ""]}","{""commission"":2.5,""multiple"":1,""ticks"":1}",results/book151-futures-v1/jobs/training-fabf9f6f878032b9f626-c1-d0/attempt-1,completed,"{""annual_volatility"":0.035465838019554406,""bars"":1505,""cagr"":0.031210061609744155,""contracts_traded"":98,""cost"":735.0,""gap_cap_breach_bars"":6,""max_drawdown"":-0.060262285351046385,""mean"":0.030471351916586502,""minimum_participation_capacity_equity"":1484512.6325000003,""missing_reasons"":{},""net_pnl"":195080.0,""rolls"":21,""sharpe"":0.8591747331554905}",false
book151-futures-v1/training-1a2cd69721c200c301de-c1-d0/attempt-1,2026-10-03T09:14:39.084568+00:00,6a603df30245ff55438fc8c2fd646ad4c294a150,6a603df30245ff55438fc8c2fd646ad4c294a150,d8953ab125a90ef1a487bfa0d793cd2176bfa145a5c0e033dfd08abc4ebb47ce,fa9ec67c334d923a7f8e24d8ed012018c1a8c8ae4b7c74a0dc1b9b31b89533cc,training,"{""frequency"":""monthly"",""id"":""1a2cd69721c200c301de"",""params"":{""lookback"":120},""strategy"":""trend"",""universe"":[""ZN""]}","{""commission"":2.5,""multiple"":1,""ticks"":1}",results/book151-futures-v1/jobs/training-1a2cd69721c200c301de-c1-d0/attempt-1,completed,"{""annual_volatility"":0.007088283316135622,""bars"":1505,""cagr"":0.004592014367200026,""contracts_traded"":112,""cost"":2030.0,""gap_cap_breach_bars"":4,""max_drawdown"":-0.011003729920285754,""mean"":0.00447358166474916,""minimum_participation_capacity_equity"":19573894.28640625,""missing_reasons"":{},""net_pnl"":26923.125,""rolls"":23,""sharpe"":0.6311234279484275}",false
book151-futures-v1/training-e98b7b581207d6118d81-c1-d0/attempt-1,2026-10-03T09:14:42.133021+00:00,6a603df30245ff55438fc8c2fd646ad4c294a150,6a603df30245ff55438fc8c2fd646ad4c294a150,d8953ab125a90ef1a487bfa0d793cd2176bfa145a5c0e033dfd08abc4ebb47ce,fa9ec67c334d923a7f8e24d8ed012018c1a8c8ae4b7c74a0dc1b9b31b89533cc,training,"{""frequency"":""monthly"",""id"":""e98b7b581207d6118d81"",""params"":{""lookback"":120},""strategy"":""trend"",""universe"":[""6E"",""CL"",""ES"",""GC"",""NQ"",""ZN""]}","{""commission"":2.5,""multiple"":1,""ticks"":1}",results/book151-futures-v1/jobs/training-e98b7b581207d6118d81-c1-d0/attempt-1,completed,"{""annual_volatility"":0.012719650422111102,""bars"":1505,""cagr"":0.011826168001113135,""contracts_traded"":194,""cost"":2977.5,""gap_cap_breach_bars"":2,""max_drawdown"":-0.017494459442191745,""mean"":0.011496431138581939,""minimum_participation_capacity_equity"":2919959.3662500004,""missing_reasons"":{},""net_pnl"":70552.5,""rolls"":42,""sharpe"":0.9038323190547132}",false
book151-futures-v1/training-2e4638912264bc3b84e7-c1-d0/attempt-1,2026-10-03T09:14:42.169146+00:00,6a603df30245ff55438fc8c2fd646ad4c294a150,6a603df30245ff55438fc8c2fd646ad4c294a150,d8953ab125a90ef1a487bfa0d793cd2176bfa145a5c0e033dfd08abc4ebb47ce,fa9ec67c334d923a7f8e24d8ed012018c1a8c8ae4b7c74a0dc1b9b31b89533cc,training,"{""frequency"":""monthly"",""id"":""2e4638912264bc3b84e7"",""params"":{""lookback"":120},""strategy"":""trend"",""universe"":[""CL""]}","{""commission"":2.5,""multiple"":1,""ticks"":1}",results/book151-futures-v1/jobs/training-2e4638912264bc3b84e7-c1-d0/attempt-1,completed,"{""annual_volatility"":0.07133326561917347,""bars"":1505,""cagr"":0.013564209517495707,""contracts_traded"":640,""cost"":8000.0,""gap_cap_breach_bars"":12,""max_drawdown"":-0.18303163238900322,""mean"":0.015612999351631978,""minimum_participation_capacity_equity"":10338899.855,""missing_reasons"":{},""net_pnl"":81260.0,""rolls"":59,""sharpe"":0.2188740304556505}",false
book151-futures-v1/training-6c7ab367a5d1526ddb52-c1-d0/attempt-1,2026-10-03T09:14:42.474006+00:00,6a603df30245ff55438fc8c2fd646ad4c294a150,6a603df30245ff55438fc8c2fd646ad4c294a150,d8953ab125a90ef1a487bfa0d793cd2176bfa145a5c0e033dfd08abc4ebb47ce,fa9ec67c334d923a7f8e24d8ed012018c1a8c8ae4b7c74a0dc1b9b31b89533cc,training,"{""frequency"":""monthly"",""id"":""6c7ab367a5d1526ddb52"",""params"":{""lookback"":120},""strategy"":""trend"",""universe"":[""GC""]}","{""commission"":2.5,""multiple"":1,""ticks"":1}",results/book151-futures-v1/jobs/training-6c7ab367a5d1526ddb52-c1-d0/attempt-1,completed,"{""annual_volatility"":0.024064730378381093,""bars"":1505,""cagr"":0.0012902396091165613,""contracts_traded"":118,""cost"":1475.0,""gap_cap_breach_bars"":5,""max_drawdown"":-0.06100191333550353,""mean"":0.0015412999006268202,""minimum_participation_capacity_equity"":9945779.528749999,""missing_reasons"":{},""net_pnl"":7505.0,""rolls"":29,""sharpe"":0.06404808515999288}",false
book151-futures-v1/training-7b36c5ece4421d2af165-c1-d0/attempt-1,2026-10-03T09:14:42.499385+00:00,6a603df30245ff55438fc8c2fd646ad4c294a150,6a603df30245ff55438fc8c2fd646ad4c294a150,d8953ab125a90ef1a487bfa0d793cd2176bfa145a5c0e033dfd08abc4ebb47ce,fa9ec67c334d923a7f8e24d8ed012018c1a8c8ae4b7c74a0dc1b9b31b89533cc,training,"{""frequency"":""monthly"",""id"":""7b36c5ece4421d2af165"",""params"":{""lookback"":120},""strategy"":""trend"",""universe"":[""6E""]}","{""commission"":2.5,""multiple"":1,""ticks"":1}",results/book151-futures-v1/jobs/training-7b36c5ece4421d2af165-c1-d0/attempt-1,completed,"{""annual_volatility"":0.00964818673460034,""bars"":1505,""cagr"":0.002949081714939794,""contracts_traded"":66,""cost"":577.5,""gap_cap_breach_bars"":0,""max_drawdown"":-0.013909164193994128,""mean"":0.0029057445282690032,""minimum_participation_capacity_equity"":2401490.95,""missing_reasons"":{},""net_pnl"":17222.5,""rolls"":24,""sharpe"":0.3011700134128228}",false
book151-futures-v1/training-9efe717d40f3905eaa0e-c1-d0/attempt-1,2026-10-03T09:14:45.320840+00:00,6a603df30245ff55438fc8c2fd646ad4c294a150,6a603df30245ff55438fc8c2fd646ad4c294a150,d8953ab125a90ef1a487bfa0d793cd2176bfa145a5c0e033dfd08abc4ebb47ce,fa9ec67c334d923a7f8e24d8ed012018c1a8c8ae4b7c74a0dc1b9b31b89533cc,training,"{""frequency"":""monthly"",""id"":""9efe717d40f3905eaa0e"",""params"":{""lookback"":240},""strategy"":""trend"",""universe"":[""ES""]}","{""commission"":2.5,""multiple"":1,""ticks"":1}",results/book151-futures-v1/jobs/training-9efe717d40f3905eaa0e-c1-d0/attempt-1,completed,"{""annual_volatility"":0.026655251637974057,""bars"":1505,""cagr"":0.014056678539321243,""contracts_traded"":86,""cost"":1290.0,""gap_cap_breach_bars"":2,""max_drawdown"":-0.07707179543525877,""mean"":0.013909187230327767,""minimum_participation_capacity_equity"":5354980.483750001,""missing_reasons"":{},""net_pnl"":84310.0,""rolls"":23,""sharpe"":0.521817892370306}",false
book151-futures-v1/training-286ea40734e387ddf836-c1-d0/attempt-1,2026-10-03T09:14:45.490183+00:00,6a603df30245ff55438fc8c2fd646ad4c294a150,6a603df30245ff55438fc8c2fd646ad4c294a150,d8953ab125a90ef1a487bfa0d793cd2176bfa145a5c0e033dfd08abc4ebb47ce,fa9ec67c334d923a7f8e24d8ed012018c1a8c8ae4b7c74a0dc1b9b31b89533cc,training,"{""frequency"":""monthly"",""id"":""286ea40734e387ddf836"",""params"":{""lookback"":240},""strategy"":""trend"",""universe"":[""ZN""]}","{""commission"":2.5,""multiple"":1,""ticks"":1}",results/book151-futures-v1/jobs/training-286ea40734e387ddf836-c1-d0/attempt-1,completed,"{""annual_volatility"":0.006643080556663306,""bars"":1505,""cagr"":-4.247024472703309e-05,""contracts_traded"":86,""cost"":1558.75,""gap_cap_breach_bars"":3,""max_drawdown"":-0.02045476908437116,""mean"":-1.9189242349426584e-05,""minimum_participation_capacity_equity"":30076728.6240625,""missing_reasons"":{},""net_pnl"":-246.25,""rolls"":23,""sharpe"":-0.002888605999242162}",false
book151-futures-v1/training-57bf08ca7bb3fa429f4b-c1-d0/attempt-1,2026-10-03T09:14:45.540929+00:00,6a603df30245ff55438fc8c2fd646ad4c294a150,6a603df30245ff55438fc8c2fd646ad4c294a150,d8953ab125a90ef1a487bfa0d793cd2176bfa145a5c0e033dfd08abc4ebb47ce,fa9ec67c334d923a7f8e24d8ed012018c1a8c8ae4b7c74a0dc1b9b31b89533cc,training,"{""frequency"":""monthly"",""id"":""57bf08ca7bb3fa429f4b"",""params"":{""lookback"":240},""strategy"":""trend"",""universe"":[""NQ""]}","{""commission"":2.5,""multiple"":1,""ticks"":1}",results/book151-futures-v1/jobs/training-57bf08ca7bb3fa429f4b-c1-d0/attempt-1,completed,"{""annual_volatility"":0.03558013185528821,""bars"":1505,""cagr"":0.031173601551386154,""contracts_traded"":92,""cost"":690.0,""gap_cap_breach_bars"":4,""max_drawdown"":-0.05614593790023881,""mean"":0.03044107240523783,""minimum_participation_capacity_equity"":1504067.0025000002,""missing_reasons"":{},""net_pnl"":194835.0,""rolls"":21,""sharpe"":0.8555637884943204}",false
book151-futures-v1/training-5b9949b80152edee6865-c1-d0/attempt-1,2026-10-03T09:14:48.286465+00:00,6a603df30245ff55438fc8c2fd646ad4c294a150,6a603df30245ff55438fc8c2fd646ad4c294a150,d8953ab125a90ef1a487bfa0d793cd2176bfa145a5c0e033dfd08abc4ebb47ce,fa9ec67c334d923a7f8e24d8ed012018c1a8c8ae4b7c74a0dc1b9b31b89533cc,training,"{""frequency"":""monthly"",""id"":""5b9949b80152edee6865"",""params"":{""lookback"":240},""strategy"":""trend"",""universe"":[""6E"",""CL"",""ES"",""GC"",""NQ"",""ZN""]}","{""commission"":2.5,""multiple"":1,""ticks"":1}",results/book151-futures-v1/jobs/training-5b9949b80152edee6865-c1-d0/attempt-1,completed,"{""annual_volatility"":0.010786126218191033,""bars"":1505,""cagr"":0.003524268464114799,""contracts_traded"":136,""cost"":1936.25,""gap_cap_breach_bars"":0,""max_drawdown"":-0.02072567255679325,""mean"":0.003474057092260424,""minimum_participation_capacity_equity"":2764201.9953125003,""missing_reasons"":{},""net_pnl"":20610.0,""rolls"":39,""sharpe"":0.32208570732292685}",false
book151-futures-v1/training-037dcb68a3fba3794c97-c1-d0/attempt-1,2026-10-03T09:14:48.298426+00:00,6a603df30245ff55438fc8c2fd646ad4c294a150,6a603df30245ff55438fc8c2fd646ad4c294a150,d8953ab125a90ef1a487bfa0d793cd2176bfa145a5c0e033dfd08abc4ebb47ce,fa9ec67c334d923a7f8e24d8ed012018c1a8c8ae4b7c74a0dc1b9b31b89533cc,training,"{""frequency"":""monthly"",""id"":""037dcb68a3fba3794c97"",""params"":{""lookback"":240},""strategy"":""trend"",""universe"":[""CL""]}","{""commission"":2.5,""multiple"":1,""ticks"":1}",results/book151-futures-v1/jobs/training-037dcb68a3fba3794c97-c1-d0/attempt-1,completed,"{""annual_volatility"":0.07018019530588383,""bars"":1505,""cagr"":-0.0007143056441306639,""contracts_traded"":590,""cost"":7375.0,""gap_cap_breach_bars"":15,""max_drawdown"":-0.1357001146011756,""mean"":0.001757963159713737,""minimum_participation_capacity_equity"":10035099.75125,""missing_reasons"":{},""net_pnl"":-4135.0,""rolls"":59,""sharpe"":0.02504927710804406}",false
book151-futures-v1/training-ffa8bd1e182f879aa4c6-c1-d0/attempt-1,2026-10-03T09:14:48.492325+00:00,6a603df30245ff55438fc8c2fd646ad4c294a150,6a603df30245ff55438fc8c2fd646ad4c294a150,d8953ab125a90ef1a487bfa0d793cd2176bfa145a5c0e033dfd08abc4ebb47ce,fa9ec67c334d923a7f8e24d8ed012018c1a8c8ae4b7c74a0dc1b9b31b89533cc,training,"{""frequency"":""monthly"",""id"":""ffa8bd1e182f879aa4c6"",""params"":{""lookback"":240},""strategy"":""trend"",""universe"":[""6E""]}","{""commission"":2.5,""multiple"":1,""ticks"":1}",results/book151-futures-v1/jobs/training-ffa8bd1e182f879aa4c6-c1-d0/attempt-1,completed,"{""annual_volatility"":0.00979694290350633,""bars"":1505,""cagr"":-0.0017325530467152683,""contracts_traded"":72,""cost"":630.0,""gap_cap_breach_bars"":0,""max_drawdown"":-0.021076263402751483,""mean"":-0.001635729871635694,""minimum_participation_capacity_equity"":2405827.4625,""missing_reasons"":{},""net_pnl"":-10005.0,""rolls"":24,""sharpe"":-0.16696329536127702}",false
book151-futures-v1/training-42da60c9504295003476-c1-d0/attempt-1,2026-10-03T09:14:48.565248+00:00,6a603df30245ff55438fc8c2fd646ad4c294a150,6a603df30245ff55438fc8c2fd646ad4c294a150,d8953ab125a90ef1a487bfa0d793cd2176bfa145a5c0e033dfd08abc4ebb47ce,fa9ec67c334d923a7f8e24d8ed012018c1a8c8ae4b7c74a0dc1b9b31b89533cc,training,"{""frequency"":""monthly"",""id"":""42da60c9504295003476"",""params"":{""lookback"":240},""strategy"":""trend"",""universe"":[""GC""]}","{""commission"":2.5,""multiple"":1,""ticks"":1}",results/book151-futures-v1/jobs/training-42da60c9504295003476-c1-d0/attempt-1,completed,"{""annual_volatility"":0.024095284646318403,""bars"":1505,""cagr"":0.0026525931000871417,""contracts_traded"":104,""cost"":1300.0,""gap_cap_breach_bars"":4,""max_drawdown"":-0.04556049660280037,""mean"":0.0028622261329960498,""minimum_participation_capacity_equity"":9824131.0325,""missing_reasons"":{},""net_pnl"":15480.0,""rolls"":29,""sharpe"":0.11878781159920346}",false
book151-futures-v1/training-4cdc2fca640ea1db3ca3-c1-d0/attempt-1,2026-10-03T09:14:49.259569+00:00,6a603df30245ff55438fc8c2fd646ad4c294a150,6a603df30245ff55438fc8c2fd646ad4c294a150,d8953ab125a90ef1a487bfa0d793cd2176bfa145a5c0e033dfd08abc4ebb47ce,fa9ec67c334d923a7f8e24d8ed012018c1a8c8ae4b7c74a0dc1b9b31b89533cc,training,"{""frequency"":""monthly"",""id"":""4cdc2fca640ea1db3ca3"",""params"":{},""risk"":{""root_cap"":0.5},""strategy"":""carry"",""universe"":[""CL"",""GC""]}","{""commission"":2.5,""multiple"":1,""ticks"":1}",results/book151-futures-v1/jobs/training-4cdc2fca640ea1db3ca3-c1-d0/attempt-1,failed,ValueError: Non-finite strategy score,false
book151-futures-v1/training-6a6f8af6b9d5b844204d-c1-d0/attempt-1,2026-10-03T09:14:55.249932+00:00,6a603df30245ff55438fc8c2fd646ad4c294a150,6a603df30245ff55438fc8c2fd646ad4c294a150,d8953ab125a90ef1a487bfa0d793cd2176bfa145a5c0e033dfd08abc4ebb47ce,fa9ec67c334d923a7f8e24d8ed012018c1a8c8ae4b7c74a0dc1b9b31b89533cc,training,"{""frequency"":""weekly"",""id"":""6a6f8af6b9d5b844204d"",""params"":{""lookback"":10},""strategy"":""reversal"",""universe"":[""6E"",""CL"",""ES"",""GC"",""NQ"",""ZN""]}","{""commission"":2.5,""multiple"":1,""ticks"":1}",results/book151-futures-v1/jobs/training-6a6f8af6b9d5b844204d-c1-d0/attempt-1,completed,"{""annual_volatility"":0.020615378807347314,""bars"":1505,""cagr"":-0.004499571167696725,""contracts_traded"":876,""cost"":11821.25,""gap_cap_breach_bars"":8,""max_drawdown"":-0.04528331934754781,""mean"":-0.004166781779447979,""minimum_participation_capacity_equity"":1865286.221875,""missing_reasons"":{},""net_pnl"":-25811.875,""rolls"":55,""sharpe"":-0.20212006863356496}",false
book151-futures-v1/training-333b9f2d669ba8867701-c1-d0/attempt-1,2026-10-03T09:14:55.284690+00:00,6a603df30245ff55438fc8c2fd646ad4c294a150,6a603df30245ff55438fc8c2fd646ad4c294a150,d8953ab125a90ef1a487bfa0d793cd2176bfa145a5c0e033dfd08abc4ebb47ce,fa9ec67c334d923a7f8e24d8ed012018c1a8c8ae4b7c74a0dc1b9b31b89533cc,training,"{""frequency"":""weekly"",""id"":""333b9f2d669ba8867701"",""params"":{""lookback"":5},""strategy"":""reversal"",""universe"":[""6E"",""CL"",""ES"",""GC"",""NQ"",""ZN""]}","{""commission"":2.5,""multiple"":1,""ticks"":1}",results/book151-futures-v1/jobs/training-333b9f2d669ba8867701-c1-d0/attempt-1,completed,"{""annual_volatility"":0.01896217886427258,""bars"":1505,""cagr"":0.002673450385682008,""contracts_traded"":1090,""cost"":14907.5,""gap_cap_breach_bars"":3,""max_drawdown"":-0.030801559967523873,""mean"":0.0027720391915269484,""minimum_participation_capacity_equity"":1544334.0021875,""missing_reasons"":{},""net_pnl"":15602.5,""rolls"":53,""sharpe"":0.1461877989533081}",false
book151-futures-v1/training-1e3e5df2f888f6e676d8-c1-d0/attempt-1,2026-10-03T09:14:55.352536+00:00,6a603df30245ff55438fc8c2fd646ad4c294a150,6a603df30245ff55438fc8c2fd646ad4c294a150,d8953ab125a90ef1a487bfa0d793cd2176bfa145a5c0e033dfd08abc4ebb47ce,fa9ec67c334d923a7f8e24d8ed012018c1a8c8ae4b7c74a0dc1b9b31b89533cc,training,"{""frequency"":""weekly"",""id"":""1e3e5df2f888f6e676d8"",""params"":{""lookback"":20},""strategy"":""reversal"",""universe"":[""6E"",""CL"",""ES"",""GC"",""NQ"",""ZN""]}","{""commission"":2.5,""multiple"":1,""ticks"":1}",results/book151-futures-v1/jobs/training-1e3e5df2f888f6e676d8-c1-d0/attempt-1,completed,"{""annual_volatility"":0.01878081958704768,""bars"":1505,""cagr"":0.00213997789511966,""contracts_traded"":680,""cost"":9215.0,""gap_cap_breach_bars"":3,""max_drawdown"":-0.04251818445105782,""mean"":0.0022518891324840133,""minimum_participation_capacity_equity"":1529351.721875,""missing_reasons"":{},""net_pnl"":12473.125,""rolls"":42,""sharpe"":0.11990366671947822}",false
book151-futures-v1/training-927cac04c4d297b64be7-c1-d0/attempt-1,2026-10-03T09:14:57.229574+00:00,6a603df30245ff55438fc8c2fd646ad4c294a150,6a603df30245ff55438fc8c2fd646ad4c294a150,d8953ab125a90ef1a487bfa0d793cd2176bfa145a5c0e033dfd08abc4ebb47ce,fa9ec67c334d923a7f8e24d8ed012018c1a8c8ae4b7c74a0dc1b9b31b89533cc,training,"{""frequency"":""weekly"",""id"":""927cac04c4d297b64be7"",""params"":{""cutoff"":1.0},""strategy"":""volume_reversal"",""universe"":[""6E"",""CL"",""ES"",""GC"",""NQ"",""ZN""]}","{""commission"":2.5,""multiple"":1,""ticks"":1}",results/book151-futures-v1/jobs/training-927cac04c4d297b64be7-c1-d0/attempt-1,completed,"{""annual_volatility"":0.02043229846618111,""bars"":1505,""cagr"":-0.007165273729493049,""contracts_traded"":832,""cost"":11067.5,""gap_cap_breach_bars"":4,""max_drawdown"":-0.06923666967534048,""mean"":-0.0067734064827522904,""minimum_participation_capacity_equity"":1322713.9975,""missing_reasons"":{},""net_pnl"":-40841.875,""rolls"":33,""sharpe"":-0.3315048717579874}",false
book151-futures-v1/training-5d833126cc467a1f3e6f-c1-d0/attempt-1,2026-10-03T09:15:00.767378+00:00,6a603df30245ff55438fc8c2fd646ad4c294a150,6a603df30245ff55438fc8c2fd646ad4c294a150,d8953ab125a90ef1a487bfa0d793cd2176bfa145a5c0e033dfd08abc4ebb47ce,fa9ec67c334d923a7f8e24d8ed012018c1a8c8ae4b7c74a0dc1b9b31b89533cc,training,"{""frequency"":""daily"",""id"":""5d833126cc467a1f3e6f"",""params"":{""lengths"":[20]},""strategy"":""single_ma"",""universe"":[""ES""]}","{""commission"":2.5,""multiple"":1,""ticks"":1}",results/book151-futures-v1/jobs/training-5d833126cc467a1f3e6f-c1-d0/attempt-1,completed,"{""annual_volatility"":0.027624280391337193,""bars"":1505,""cagr"":-0.002688104778573064,""contracts_traded"":400,""cost"":6000.0,""gap_cap_breach_bars"":2,""max_drawdown"":-0.047774630437280474,""mean"":-0.002232252239625358,""minimum_participation_capacity_equity"":3437924.40125,""missing_reasons"":{},""net_pnl"":-15487.5,""rolls"":23,""sharpe"":-0.08080761590898776}",false
book151-futures-v1/training-e6152c1f07107eead52b-c1-d0/attempt-1,2026-10-03T09:15:03.286777+00:00,6a603df30245ff55438fc8c2fd646ad4c294a150,6a603df30245ff55438fc8c2fd646ad4c294a150,d8953ab125a90ef1a487bfa0d793cd2176bfa145a5c0e033dfd08abc4ebb47ce,fa9ec67c334d923a7f8e24d8ed012018c1a8c8ae4b7c74a0dc1b9b31b89533cc,training,"{""frequency"":""daily"",""id"":""e6152c1f07107eead52b"",""params"":{""lengths"":[20]},""strategy"":""single_ma"",""universe"":[""6E"",""CL"",""ES"",""GC"",""NQ"",""ZN""]}","{""commission"":2.5,""multiple"":1,""ticks"":1}",results/book151-futures-v1/jobs/training-e6152c1f07107eead52b-c1-d0/attempt-1,completed,"{""annual_volatility"":0.010720277195685015,""bars"":1505,""cagr"":0.00021652832151697332,""contracts_traded"":762,""cost"":11358.75,""gap_cap_breach_bars"":10,""max_drawdown"":-0.022453672892911558,""mean"":0.0002676440838573678,""minimum_participation_capacity_equity"":1501478.4028125,""missing_reasons"":{},""net_pnl"":1256.25,""rolls"":40,""sharpe"":0.024966153297332313}",false
book151-futures-v1/training-4e3dad23527ab7d6ebf2-c1-d0/attempt-1,2026-10-03T09:15:03.289210+00:00,6a603df30245ff55438fc8c2fd646ad4c294a150,6a603df30245ff55438fc8c2fd646ad4c294a150,d8953ab125a90ef1a487bfa0d793cd2176bfa145a5c0e033dfd08abc4ebb47ce,fa9ec67c334d923a7f8e24d8ed012018c1a8c8ae4b7c74a0dc1b9b31b89533cc,training,"{""frequency"":""weekly"",""id"":""4e3dad23527ab7d6ebf2"",""params"":{""cutoff"":1.5},""strategy"":""volume_reversal"",""universe"":[""6E"",""CL"",""ES"",""GC"",""NQ"",""ZN""]}","{""commission"":2.5,""multiple"":1,""ticks"":1}",results/book151-futures-v1/jobs/training-4e3dad23527ab7d6ebf2-c1-d0/attempt-1,completed,"{""annual_volatility"":0.009482500606064885,""bars"":1505,""cagr"":-0.002477488810360806,""contracts_traded"":96,""cost"":1321.25,""gap_cap_breach_bars"":0,""max_drawdown"":-0.021131265760080842,""mean"":-0.002363352109764615,""minimum_participation_capacity_equity"":2665319.6500000004,""missing_reasons"":{},""net_pnl"":-14281.25,""rolls"":3,""sharpe"":-0.24923300381895527}",false
book151-futures-v1/training-b5bf2681cdf76ab79cdc-c1-d0/attempt-1,2026-10-03T09:15:03.308901+00:00,6a603df30245ff55438fc8c2fd646ad4c294a150,6a603df30245ff55438fc8c2fd646ad4c294a150,d8953ab125a90ef1a487bfa0d793cd2176bfa145a5c0e033dfd08abc4ebb47ce,fa9ec67c334d923a7f8e24d8ed012018c1a8c8ae4b7c74a0dc1b9b31b89533cc,training,"{""frequency"":""weekly"",""id"":""b5bf2681cdf76ab79cdc"",""params"":{""cutoff"":2.0},""strategy"":""volume_reversal"",""universe"":[""6E"",""CL"",""ES"",""GC"",""NQ"",""ZN""]}","{""commission"":2.5,""multiple"":1,""ticks"":1}",results/book151-futures-v1/jobs/training-b5bf2681cdf76ab79cdc-c1-d0/attempt-1,completed,"{""annual_volatility"":0.00272368479178816,""bars"":1505,""cagr"":0.00013295996592854742,""contracts_traded"":12,""cost"":183.75,""gap_cap_breach_bars"":0,""max_drawdown"":-0.00555846234724322,""mean"":0.00013279563059133688,""minimum_participation_capacity_equity"":7826623.687500001,""missing_reasons"":{},""net_pnl"":771.25,""rolls"":0,""sharpe"":0.04875587329037206}",false
book151-futures-v1/training-e9609ed9d4a376e02d97-c1-d0/attempt-1,2026-10-03T09:15:04.082283+00:00,6a603df30245ff55438fc8c2fd646ad4c294a150,6a603df30245ff55438fc8c2fd646ad4c294a150,d8953ab125a90ef1a487bfa0d793cd2176bfa145a5c0e033dfd08abc4ebb47ce,fa9ec67c334d923a7f8e24d8ed012018c1a8c8ae4b7c74a0dc1b9b31b89533cc,training,"{""frequency"":""daily"",""id"":""e9609ed9d4a376e02d97"",""params"":{""lengths"":[20]},""strategy"":""single_ma"",""universe"":[""NQ""]}","{""commission"":2.5,""multiple"":1,""ticks"":1}",results/book151-futures-v1/jobs/training-e9609ed9d4a376e02d97-c1-d0/attempt-1,completed,"{""annual_volatility"":0.034907342237199726,""bars"":1505,""cagr"":0.004218325973687431,""contracts_traded"":386,""cost"":2895.0,""gap_cap_breach_bars"":9,""max_drawdown"":-0.04913526261484791,""mean"":0.004696113989503615,""minimum_participation_capacity_equity"":1032674.00625,""missing_reasons"":{},""net_pnl"":24710.0,""rolls"":20,""sharpe"":0.13453083759837509}",false
book151-futures-v1/training-092ca6c4ca917b02b527-c1-d0/attempt-1,2026-10-03T09:15:06.313579+00:00,6a603df30245ff55438fc8c2fd646ad4c294a150,6a603df30245ff55438fc8c2fd646ad4c294a150,d8953ab125a90ef1a487bfa0d793cd2176bfa145a5c0e033dfd08abc4ebb47ce,fa9ec67c334d923a7f8e24d8ed012018c1a8c8ae4b7c74a0dc1b9b31b89533cc,training,"{""frequency"":""daily"",""id"":""092ca6c4ca917b02b527"",""params"":{""lengths"":[20]},""strategy"":""single_ma"",""universe"":[""ZN""]}","{""commission"":2.5,""multiple"":1,""ticks"":1}",results/book151-futures-v1/jobs/training-092ca6c4ca917b02b527-c1-d0/attempt-1,completed,"{""annual_volatility"":0.006951026241203792,""bars"":1505,""cagr"":0.000410888965254097,""contracts_traded"":446,""cost"":8083.75,""gap_cap_breach_bars"":9,""max_drawdown"":-0.013472438292095656,""mean"":0.0004230143931828016,""minimum_participation_capacity_equity"":30328233.886250004,""missing_reasons"":{},""net_pnl"":2385.0,""rolls"":23,""sharpe"":0.06085639422209162}",false
book151-futures-v1/training-d5e58d98ace396071174-c1-d0/attempt-1,2026-10-03T09:15:06.539974+00:00,6a603df30245ff55438fc8c2fd646ad4c294a150,6a603df30245ff55438fc8c2fd646ad4c294a150,d8953ab125a90ef1a487bfa0d793cd2176bfa145a5c0e033dfd08abc4ebb47ce,fa9ec67c334d923a7f8e24d8ed012018c1a8c8ae4b7c74a0dc1b9b31b89533cc,training,"{""frequency"":""daily"",""id"":""d5e58d98ace396071174"",""params"":{""lengths"":[20]},""strategy"":""single_ma"",""universe"":[""CL""]}","{""commission"":2.5,""multiple"":1,""ticks"":1}",results/book151-futures-v1/jobs/training-d5e58d98ace396071174-c1-d0/attempt-1,completed,"{""annual_volatility"":0.0723331300887268,""bars"":1505,""cagr"":0.02005900554909812,""contracts_traded"":1664,""cost"":20800.0,""gap_cap_breach_bars"":34,""max_drawdown"":-0.15693844162820791,""mean"":0.021888978557348865,""minimum_participation_capacity_equity"":6347812.245625,""missing_reasons"":{},""net_pnl"":122060.0,""rolls"":58,""sharpe"":0.30261345707698456}",false
book151-futures-v1/training-112cd7ca912db35e0c27-c1-d0/attempt-1,2026-10-03T09:15:06.573157+00:00,6a603df30245ff55438fc8c2fd646ad4c294a150,6a603df30245ff55438fc8c2fd646ad4c294a150,d8953ab125a90ef1a487bfa0d793cd2176bfa145a5c0e033dfd08abc4ebb47ce,fa9ec67c334d923a7f8e24d8ed012018c1a8c8ae4b7c74a0dc1b9b31b89533cc,training,"{""frequency"":""daily"",""id"":""112cd7ca912db35e0c27"",""params"":{""lengths"":[20]},""strategy"":""single_ma"",""universe"":[""GC""]}","{""commission"":2.5,""multiple"":1,""ticks"":1}",results/book151-futures-v1/jobs/training-112cd7ca912db35e0c27-c1-d0/attempt-1,completed,"{""annual_volatility"":0.02628644274564375,""bars"":1505,""cagr"":-0.00771636118896879,""contracts_traded"":538,""cost"":6725.0,""gap_cap_breach_bars"":15,""max_drawdown"":-0.10387482419127991,""mean"":-0.007175656222471289,""minimum_participation_capacity_equity"":9703846.006250001,""missing_reasons"":{},""net_pnl"":-43925.0,""rolls"":29,""sharpe"":-0.2729793563893485}",false
book151-futures-v1/training-a22646f9378cf44bc9e7-c1-d0/attempt-1,2026-10-03T09:15:07.290469+00:00,6a603df30245ff55438fc8c2fd646ad4c294a150,6a603df30245ff55438fc8c2fd646ad4c294a150,d8953ab125a90ef1a487bfa0d793cd2176bfa145a5c0e033dfd08abc4ebb47ce,fa9ec67c334d923a7f8e24d8ed012018c1a8c8ae4b7c74a0dc1b9b31b89533cc,training,"{""frequency"":""daily"",""id"":""a22646f9378cf44bc9e7"",""params"":{""lengths"":[20]},""strategy"":""single_ma"",""universe"":[""6E""]}","{""commission"":2.5,""multiple"":1,""ticks"":1}",results/book151-futures-v1/jobs/training-a22646f9378cf44bc9e7-c1-d0/attempt-1,completed,"{""annual_volatility"":0.009907607441438196,""bars"":1505,""cagr"":-0.005221247450509892,""contracts_traded"":380,""cost"":3325.0,""gap_cap_breach_bars"":0,""max_drawdown"":-0.0409790281444975,""mean"":-0.005033783746971763,""minimum_participation_capacity_equity"":1454925.4881250001,""missing_reasons"":{},""net_pnl"":-29900.0,""rolls"":24,""sharpe"":-0.5080725873249835}",false
book151-futures-v1/training-24688adb21f3cbbc6756-c1-d0/attempt-1,2026-10-03T09:15:09.707670+00:00,6a603df30245ff55438fc8c2fd646ad4c294a150,6a603df30245ff55438fc8c2fd646ad4c294a150,d8953ab125a90ef1a487bfa0d793cd2176bfa145a5c0e033dfd08abc4ebb47ce,fa9ec67c334d923a7f8e24d8ed012018c1a8c8ae4b7c74a0dc1b9b31b89533cc,training,"{""frequency"":""daily"",""id"":""24688adb21f3cbbc6756"",""params"":{""lengths"":[60]},""strategy"":""single_ma"",""universe"":[""ES""]}","{""commission"":2.5,""multiple"":1,""ticks"":1}",results/book151-futures-v1/jobs/training-24688adb21f3cbbc6756-c1-d0/attempt-1,completed,"{""annual_volatility"":0.02781713680554152,""bars"":1505,""cagr"":0.0033359682418530046,""contracts_traded"":260,""cost"":3900.0,""gap_cap_breach_bars"":2,""max_drawdown"":-0.055842249205795835,""mean"":0.0036204537316425435,""minimum_participation_capacity_equity"":3935004.02,""missing_reasons"":{},""net_pnl"":19500.0,""rolls"":23,""sharpe"":0.13015191883160684}",false
book151-futures-v1/training-0b736fcb47f2fe06b570-c1-d0/attempt-1,2026-10-03T09:15:09.737183+00:00,6a603df30245ff55438fc8c2fd646ad4c294a150,6a603df30245ff55438fc8c2fd646ad4c294a150,d8953ab125a90ef1a487bfa0d793cd2176bfa145a5c0e033dfd08abc4ebb47ce,fa9ec67c334d923a7f8e24d8ed012018c1a8c8ae4b7c74a0dc1b9b31b89533cc,training,"{""frequency"":""daily"",""id"":""0b736fcb47f2fe06b570"",""params"":{""lengths"":[60]},""strategy"":""single_ma"",""universe"":[""NQ""]}","{""commission"":2.5,""multiple"":1,""ticks"":1}",results/book151-futures-v1/jobs/training-0b736fcb47f2fe06b570-c1-d0/attempt-1,completed,"{""annual_volatility"":0.03567634004466889,""bars"":1505,""cagr"":0.00589317781756038,""contracts_traded"":260,""cost"":1950.0,""gap_cap_breach_bars"":8,""max_drawdown"":-0.07086426793046707,""mean"":0.006341629567994964,""minimum_participation_capacity_equity"":1486576.5375,""missing_reasons"":{},""net_pnl"":34660.0,""rolls"":20,""sharpe"":0.17775448827023368}",false
book151-futures-v1/training-08acbc74e469c4c91d1c-c1-d0/attempt-1,2026-10-03T09:15:10.437964+00:00,6a603df30245ff55438fc8c2fd646ad4c294a150,6a603df30245ff55438fc8c2fd646ad4c294a150,d8953ab125a90ef1a487bfa0d793cd2176bfa145a5c0e033dfd08abc4ebb47ce,fa9ec67c334d923a7f8e24d8ed012018c1a8c8ae4b7c74a0dc1b9b31b89533cc,training,"{""frequency"":""daily"",""id"":""08acbc74e469c4c91d1c"",""params"":{""lengths"":[60]},""strategy"":""single_ma"",""universe"":[""ZN""]}","{""commission"":2.5,""multiple"":1,""ticks"":1}",results/book151-futures-v1/jobs/training-08acbc74e469c4c91d1c-c1-d0/attempt-1,completed,"{""annual_volatility"":0.005885074721782674,""bars"":1505,""cagr"":0.0021140526780998314,""contracts_traded"":234,""cost"":4241.25,""gap_cap_breach_bars"":7,""max_drawdown"":-0.007756580759308074,""mean"":0.002067798732082501,""minimum_participation_capacity_equity"":77530955.900625,""missing_reasons"":{},""net_pnl"":12321.25,""rolls"":23,""sharpe"":0.3513632077480462}",false
book151-futures-v1/training-5d69c373a554e2815d23-c1-d0/attempt-1,2026-10-03T09:15:13.049241+00:00,6a603df30245ff55438fc8c2fd646ad4c294a150,6a603df30245ff55438fc8c2fd646ad4c294a150,d8953ab125a90ef1a487bfa0d793cd2176bfa145a5c0e033dfd08abc4ebb47ce,fa9ec67c334d923a7f8e24d8ed012018c1a8c8ae4b7c74a0dc1b9b31b89533cc,training,"{""frequency"":""daily"",""id"":""5d69c373a554e2815d23"",""params"":{""lengths"":[60]},""strategy"":""single_ma"",""universe"":[""CL""]}","{""commission"":2.5,""multiple"":1,""ticks"":1}",results/book151-futures-v1/jobs/training-5d69c373a554e2815d23-c1-d0/attempt-1,completed,"{""annual_volatility"":0.07216476206462216,""bars"":1505,""cagr"":0.0036446238978311563,""contracts_traded"":1396,""cost"":17450.0,""gap_cap_breach_bars"":41,""max_drawdown"":-0.2203319869779764,""mean"":0.006124561469339216,""minimum_participation_capacity_equity"":5905940.0503125,""missing_reasons"":{},""net_pnl"":21320.0,""rolls"":54,""sharpe"":0.08486914241960347}",false
book151-futures-v1/training-cee91307da2bb7479e73-c1-d0/attempt-1,2026-10-03T09:15:13.052071+00:00,6a603df30245ff55438fc8c2fd646ad4c294a150,6a603df30245ff55438fc8c2fd646ad4c294a150,d8953ab125a90ef1a487bfa0d793cd2176bfa145a5c0e033dfd08abc4ebb47ce,fa9ec67c334d923a7f8e24d8ed012018c1a8c8ae4b7c74a0dc1b9b31b89533cc,training,"{""frequency"":""daily"",""id"":""cee91307da2bb7479e73"",""params"":{""lengths"":[60]},""strategy"":""single_ma"",""universe"":[""GC""]}","{""commission"":2.5,""multiple"":1,""ticks"":1}",results/book151-futures-v1/jobs/training-cee91307da2bb7479e73-c1-d0/attempt-1,completed,"{""annual_volatility"":0.025380437112368343,""bars"":1505,""cagr"":-0.007999345522171852,""contracts_traded"":294,""cost"":3675.0,""gap_cap_breach_bars"":15,""max_drawdown"":-0.0708768188446548,""mean"":-0.007476080451510518,""minimum_participation_capacity_equity"":5029106.6049999995,""missing_reasons"":{},""net_pnl"":-45505.0,""rolls"":28,""sharpe"":-0.2945607444982612}",false
book151-futures-v1/training-1705dcddd7a25545e847-c1-d0/attempt-1,2026-10-03T09:15:13.837421+00:00,6a603df30245ff55438fc8c2fd646ad4c294a150,6a603df30245ff55438fc8c2fd646ad4c294a150,d8953ab125a90ef1a487bfa0d793cd2176bfa145a5c0e033dfd08abc4ebb47ce,fa9ec67c334d923a7f8e24d8ed012018c1a8c8ae4b7c74a0dc1b9b31b89533cc,training,"{""frequency"":""daily"",""id"":""1705dcddd7a25545e847"",""params"":{""lengths"":[60]},""strategy"":""single_ma"",""universe"":[""6E""]}","{""commission"":2.5,""multiple"":1,""ticks"":1}",results/book151-futures-v1/jobs/training-1705dcddd7a25545e847-c1-d0/attempt-1,completed,"{""annual_volatility"":0.009762794897703217,""bars"":1505,""cagr"":-0.002297379622662965,""contracts_traded"":262,""cost"":2292.5,""gap_cap_breach_bars"":0,""max_drawdown"":-0.02712197829151608,""mean"":-0.002185589529536939,""minimum_participation_capacity_equity"":1368206.4049999998,""missing_reasons"":{},""net_pnl"":-13248.75,""rolls"":24,""sharpe"":-0.22386924568610145}",false
book151-futures-v1/training-f998b0519b54f30bff53-c1-d0/attempt-1,2026-10-03T09:15:14.104423+00:00,6a603df30245ff55438fc8c2fd646ad4c294a150,6a603df30245ff55438fc8c2fd646ad4c294a150,d8953ab125a90ef1a487bfa0d793cd2176bfa145a5c0e033dfd08abc4ebb47ce,fa9ec67c334d923a7f8e24d8ed012018c1a8c8ae4b7c74a0dc1b9b31b89533cc,training,"{""frequency"":""daily"",""id"":""f998b0519b54f30bff53"",""params"":{""lengths"":[60]},""strategy"":""single_ma"",""universe"":[""6E"",""CL"",""ES"",""GC"",""NQ"",""ZN""]}","{""commission"":2.5,""multiple"":1,""ticks"":1}",results/book151-futures-v1/jobs/training-f998b0519b54f30bff53-c1-d0/attempt-1,completed,"{""annual_volatility"":0.01271059112843805,""bars"":1505,""cagr"":-0.0019339298212280864,""contracts_traded"":562,""cost"":7513.75,""gap_cap_breach_bars"":3,""max_drawdown"":-0.03461545907779129,""mean"":-0.0017988250338986846,""minimum_participation_capacity_equity"":2199721.10140625,""missing_reasons"":{},""net_pnl"":-11162.5,""rolls"":46,""sharpe"":-0.1415217447970679}",false
book151-futures-v1/training-12c28d9e2ae36a9a967d-c1-d0/attempt-1,2026-10-03T09:15:16.453354+00:00,6a603df30245ff55438fc8c2fd646ad4c294a150,6a603df30245ff55438fc8c2fd646ad4c294a150,d8953ab125a90ef1a487bfa0d793cd2176bfa145a5c0e033dfd08abc4ebb47ce,fa9ec67c334d923a7f8e24d8ed012018c1a8c8ae4b7c74a0dc1b9b31b89533cc,training,"{""frequency"":""daily"",""id"":""12c28d9e2ae36a9a967d"",""params"":{""lengths"":[120]},""strategy"":""single_ma"",""universe"":[""ES""]}","{""commission"":2.5,""multiple"":1,""ticks"":1}",results/book151-futures-v1/jobs/training-12c28d9e2ae36a9a967d-c1-d0/attempt-1,completed,"{""annual_volatility"":0.027348503167067325,""bars"":1505,""cagr"":0.01163579070489651,""contracts_traded"":166,""cost"":2490.0,""gap_cap_breach_bars"":4,""max_drawdown"":-0.06739182455949144,""mean"":0.011606704094097175,""minimum_participation_capacity_equity"":3584407.5737500004,""missing_reasons"":{},""net_pnl"":69385.0,""rolls"":23,""sharpe"":0.4243999762324764}",false
book151-futures-v1/training-de764b17f02877053216-c1-d0/attempt-1,2026-10-03T09:15:17.011108+00:00,6a603df30245ff55438fc8c2fd646ad4c294a150,6a603df30245ff55438fc8c2fd646ad4c294a150,d8953ab125a90ef1a487bfa0d793cd2176bfa145a5c0e033dfd08abc4ebb47ce,fa9ec67c334d923a7f8e24d8ed012018c1a8c8ae4b7c74a0dc1b9b31b89533cc,training,"{""frequency"":""daily"",""id"":""de764b17f02877053216"",""params"":{""lengths"":[120]},""strategy"":""single_ma"",""universe"":[""ZN""]}","{""commission"":2.5,""multiple"":1,""ticks"":1}",results/book151-futures-v1/jobs/training-de764b17f02877053216-c1-d0/attempt-1,completed,"{""annual_volatility"":0.0007759582705552497,""bars"":1505,""cagr"":0.0004308958855494538,""contracts_traded"":12,""cost"":217.5,""gap_cap_breach_bars"":1,""max_drawdown"":-0.0010919373839426427,""mean"":0.0004185921740054478,""minimum_participation_capacity_equity"":6309409775.604375,""missing_reasons"":{},""net_pnl"":2501.25,""rolls"":4,""sharpe"":0.5394519137039642}",false
book151-futures-v1/training-7ce115d90368501ec8ea-c1-d0/attempt-1,2026-10-03T09:15:17.144942+00:00,6a603df30245ff55438fc8c2fd646ad4c294a150,6a603df30245ff55438fc8c2fd646ad4c294a150,d8953ab125a90ef1a487bfa0d793cd2176bfa145a5c0e033dfd08abc4ebb47ce,fa9ec67c334d923a7f8e24d8ed012018c1a8c8ae4b7c74a0dc1b9b31b89533cc,training,"{""frequency"":""daily"",""id"":""7ce115d90368501ec8ea"",""params"":{""lengths"":[120]},""strategy"":""single_ma"",""universe"":[""NQ""]}","{""commission"":2.5,""multiple"":1,""ticks"":1}",results/book151-futures-v1/jobs/training-7ce115d90368501ec8ea-c1-d0/attempt-1,completed,"{""annual_volatility"":0.03230951700384173,""bars"":1505,""cagr"":0.01451662416843047,""contracts_traded"":202,""cost"":1515.0,""gap_cap_breach_bars"":13,""max_drawdown"":-0.08489477304306481,""mean"":0.01451628269363063,""minimum_participation_capacity_equity"":6879278.607500001,""missing_reasons"":{},""net_pnl"":87165.0,""rolls"":20,""sharpe"":0.449288136740162}",false
book151-futures-v1/training-7309a88792eebe6f288e-c1-d0/attempt-1,2026-10-03T09:15:19.898835+00:00,6a603df30245ff55438fc8c2fd646ad4c294a150,6a603df30245ff55438fc8c2fd646ad4c294a150,d8953ab125a90ef1a487bfa0d793cd2176bfa145a5c0e033dfd08abc4ebb47ce,fa9ec67c334d923a7f8e24d8ed012018c1a8c8ae4b7c74a0dc1b9b31b89533cc,training,"{""frequency"":""daily"",""id"":""7309a88792eebe6f288e"",""params"":{""lengths"":[120]},""strategy"":""single_ma"",""universe"":[""CL""]}","{""commission"":2.5,""multiple"":1,""ticks"":1}",results/book151-futures-v1/jobs/training-7309a88792eebe6f288e-c1-d0/attempt-1,completed,"{""annual_volatility"":0.06520804218104995,""bars"":1505,""cagr"":-0.01845654004594155,""contracts_traded"":1034,""cost"":12925.0,""gap_cap_breach_bars"":25,""max_drawdown"":-0.22048594798405075,""mean"":-0.015960733630329193,""minimum_participation_capacity_equity"":8530241.076111112,""missing_reasons"":{},""net_pnl"":-102395.0,""rolls"":56,""sharpe"":-0.24476633704189835}",false
book151-futures-v1/training-c9ed379e69b4d3dccd72-c1-d0/attempt-1,2026-10-03T09:15:20.435358+00:00,6a603df30245ff55438fc8c2fd646ad4c294a150,6a603df30245ff55438fc8c2fd646ad4c294a150,d8953ab125a90ef1a487bfa0d793cd2176bfa145a5c0e033dfd08abc4ebb47ce,fa9ec67c334d923a7f8e24d8ed012018c1a8c8ae4b7c74a0dc1b9b31b89533cc,training,"{""frequency"":""daily"",""id"":""c9ed379e69b4d3dccd72"",""params"":{""lengths"":[120]},""strategy"":""single_ma"",""universe"":[""GC""]}","{""commission"":2.5,""multiple"":1,""ticks"":1}",results/book151-futures-v1/jobs/training-c9ed379e69b4d3dccd72-c1-d0/attempt-1,completed,"{""annual_volatility"":0.02588855457537526,""bars"":1505,""cagr"":-0.008166990396616503,""contracts_traded"":268,""cost"":3350.0,""gap_cap_breach_bars"":14,""max_drawdown"":-0.08803132688443294,""mean"":-0.007627240874225105,""minimum_participation_capacity_equity"":10069922.62625,""missing_reasons"":{},""net_pnl"":-46440.0,""rolls"":29,""sharpe"":-0.29461825889190446}",false
book151-futures-v1/training-e6e86a933d9eabf1d5c5-c1-d0/attempt-1,2026-10-03T09:15:20.512856+00:00,6a603df30245ff55438fc8c2fd646ad4c294a150,6a603df30245ff55438fc8c2fd646ad4c294a150,d8953ab125a90ef1a487bfa0d793cd2176bfa145a5c0e033dfd08abc4ebb47ce,fa9ec67c334d923a7f8e24d8ed012018c1a8c8ae4b7c74a0dc1b9b31b89533cc,training,"{""frequency"":""daily"",""id"":""e6e86a933d9eabf1d5c5"",""params"":{""lengths"":[120]},""strategy"":""single_ma"",""universe"":[""6E""]}","{""commission"":2.5,""multiple"":1,""ticks"":1}",results/book151-futures-v1/jobs/training-e6e86a933d9eabf1d5c5-c1-d0/attempt-1,completed,"{""annual_volatility"":0.009551824719420716,""bars"":1505,""cagr"":0.004885452730090334,""contracts_traded"":122,""cost"":1067.5,""gap_cap_breach_bars"":0,""max_drawdown"":-0.011070373180520288,""mean"":0.004777643188206103,""minimum_participation_capacity_equity"":2207601.975,""missing_reasons"":{},""net_pnl"":28663.75,""rolls"":23,""sharpe"":0.5001812039632832}",false
book151-futures-v1/training-5751a470e0b9111a5f5b-c1-d0/attempt-1,2026-10-03T09:15:20.954742+00:00,6a603df30245ff55438fc8c2fd646ad4c294a150,6a603df30245ff55438fc8c2fd646ad4c294a150,d8953ab125a90ef1a487bfa0d793cd2176bfa145a5c0e033dfd08abc4ebb47ce,fa9ec67c334d923a7f8e24d8ed012018c1a8c8ae4b7c74a0dc1b9b31b89533cc,training,"{""frequency"":""daily"",""id"":""5751a470e0b9111a5f5b"",""params"":{""lengths"":[120]},""strategy"":""single_ma"",""universe"":[""6E"",""CL"",""ES"",""GC"",""NQ"",""ZN""]}","{""commission"":2.5,""multiple"":1,""ticks"":1}",results/book151-futures-v1/jobs/training-5751a470e0b9111a5f5b-c1-d0/attempt-1,completed,"{""annual_volatility"":0.02222201223751072,""bars"":1505,""cagr"":0.017076406916045395,""contracts_traded"":530,""cost"":6127.5,""gap_cap_breach_bars"":4,""max_drawdown"":-0.028082951937812628,""mean"":0.016687919142659675,""minimum_participation_capacity_equity"":1632194.4307812501,""missing_reasons"":{},""net_pnl"":103168.125,""rolls"":91,""sharpe"":0.7509634575077092}",false
book151-futures-v1/training-7ceda276330af6b499ee-c1-d0/attempt-1,2026-10-03T09:15:23.883572+00:00,6a603df30245ff55438fc8c2fd646ad4c294a150,6a603df30245ff55438fc8c2fd646ad4c294a150,d8953ab125a90ef1a487bfa0d793cd2176bfa145a5c0e033dfd08abc4ebb47ce,fa9ec67c334d923a7f8e24d8ed012018c1a8c8ae4b7c74a0dc1b9b31b89533cc,training,"{""frequency"":""daily"",""id"":""7ceda276330af6b499ee"",""params"":{""lengths"":[5,20]},""strategy"":""double_ma"",""universe"":[""ES""]}","{""commission"":2.5,""multiple"":1,""ticks"":1}",results/book151-futures-v1/jobs/training-7ceda276330af6b499ee-c1-d0/attempt-1,completed,"{""annual_volatility"":0.02748942372121067,""bars"":1505,""cagr"":0.004311256349941894,""contracts_traded"":256,""cost"":3840.0,""gap_cap_breach_bars"":3,""max_drawdown"":-0.04558841378080403,""mean"":0.004554549039632774,""minimum_participation_capacity_equity"":3770334.838125,""missing_reasons"":{},""net_pnl"":25260.0,""rolls"":23,""sharpe"":0.16568368569030834}",false
book151-futures-v1/training-0f623719676177863fa7-c1-d0/attempt-1,2026-10-03T09:15:23.917865+00:00,6a603df30245ff55438fc8c2fd646ad4c294a150,6a603df30245ff55438fc8c2fd646ad4c294a150,d8953ab125a90ef1a487bfa0d793cd2176bfa145a5c0e033dfd08abc4ebb47ce,fa9ec67c334d923a7f8e24d8ed012018c1a8c8ae4b7c74a0dc1b9b31b89533cc,training,"{""frequency"":""daily"",""id"":""0f623719676177863fa7"",""params"":{""lengths"":[5,20]},""strategy"":""double_ma"",""universe"":[""NQ""]}","{""commission"":2.5,""multiple"":1,""ticks"":1}",results/book151-futures-v1/jobs/training-0f623719676177863fa7-c1-d0/attempt-1,completed,"{""annual_volatility"":0.036589438081684314,""bars"":1505,""cagr"":0.01894456195483274,""contracts_traded"":254,""cost"":1905.0,""gap_cap_breach_bars"":5,""max_drawdown"":-0.06353075973037181,""mean"":0.018891814148297895,""minimum_participation_capacity_equity"":1501882.5775000001,""missing_reasons"":{},""net_pnl"":114970.0,""rolls"":21,""sharpe"":0.5163187831997516}",false
book151-futures-v1/training-31b517de424c108a4cae-c1-d0/attempt-1,2026-10-03T09:15:24.250246+00:00,6a603df30245ff55438fc8c2fd646ad4c294a150,6a603df30245ff55438fc8c2fd646ad4c294a150,d8953ab125a90ef1a487bfa0d793cd2176bfa145a5c0e033dfd08abc4ebb47ce,fa9ec67c334d923a7f8e24d8ed012018c1a8c8ae4b7c74a0dc1b9b31b89533cc,training,"{""frequency"":""daily"",""id"":""31b517de424c108a4cae"",""params"":{""lengths"":[5,20]},""strategy"":""double_ma"",""universe"":[""ZN""]}","{""commission"":2.5,""multiple"":1,""ticks"":1}",results/book151-futures-v1/jobs/training-31b517de424c108a4cae-c1-d0/attempt-1,completed,"{""annual_volatility"":0.006943792019674156,""bars"":1505,""cagr"":0.00018099432686780048,""contracts_traded"":330,""cost"":5981.25,""gap_cap_breach_bars"":14,""max_drawdown"":-0.01161925805369779,""mean"":0.0001998095695050337,""minimum_participation_capacity_equity"":19387177.21875,""missing_reasons"":{},""net_pnl"":1050.0,""rolls"":23,""sharpe"":0.028775281422442428}",false
book151-futures-v1/training-a27b9489e356397bc63c-c1-d0/attempt-1,2026-10-03T09:15:27.403071+00:00,6a603df30245ff55438fc8c2fd646ad4c294a150,6a603df30245ff55438fc8c2fd646ad4c294a150,d8953ab125a90ef1a487bfa0d793cd2176bfa145a5c0e033dfd08abc4ebb47ce,fa9ec67c334d923a7f8e24d8ed012018c1a8c8ae4b7c74a0dc1b9b31b89533cc,training,"{""frequency"":""daily"",""id"":""a27b9489e356397bc63c"",""params"":{""lengths"":[5,20]},""strategy"":""double_ma"",""universe"":[""CL""]}","{""commission"":2.5,""multiple"":1,""ticks"":1}",results/book151-futures-v1/jobs/training-a27b9489e356397bc63c-c1-d0/attempt-1,completed,"{""annual_volatility"":0.07370729893074073,""bars"":1505,""cagr"":0.01643579357411684,""contracts_traded"":1366,""cost"":17075.0,""gap_cap_breach_bars"":39,""max_drawdown"":-0.14688490568719703,""mean"":0.01852838544439734,""minimum_participation_capacity_equity"":7361795.8505,""missing_reasons"":{},""net_pnl"":99145.0,""rolls"":56,""sharpe"":0.2513778921922996}",false
book151-futures-v1/training-016ca740c94dff49b3b2-c1-d0/attempt-1,2026-10-03T09:15:27.493420+00:00,6a603df30245ff55438fc8c2fd646ad4c294a150,6a603df30245ff55438fc8c2fd646ad4c294a150,d8953ab125a90ef1a487bfa0d793cd2176bfa145a5c0e033dfd08abc4ebb47ce,fa9ec67c334d923a7f8e24d8ed012018c1a8c8ae4b7c74a0dc1b9b31b89533cc,training,"{""frequency"":""daily"",""id"":""016ca740c94dff49b3b2"",""params"":{""lengths"":[5,20]},""strategy"":""double_ma"",""universe"":[""GC""]}","{""commission"":2.5,""multiple"":1,""ticks"":1}",results/book151-futures-v1/jobs/training-016ca740c94dff49b3b2-c1-d0/attempt-1,completed,"{""annual_volatility"":0.025475018012863466,""bars"":1505,""cagr"":-0.0031222318554806616,""contracts_traded"":332,""cost"":4150.0,""gap_cap_breach_bars"":15,""max_drawdown"":-0.05333352792798052,""mean"":-0.002711806379019219,""minimum_participation_capacity_equity"":9705581.6975,""missing_reasons"":{},""net_pnl"":-17970.0,""rolls"":29,""sharpe"":-0.10644963538985167}",false
book151-futures-v1/training-03a97bafbb6088a35aa9-c1-d0/attempt-1,2026-10-03T09:15:27.716438+00:00,6a603df30245ff55438fc8c2fd646ad4c294a150,6a603df30245ff55438fc8c2fd646ad4c294a150,d8953ab125a90ef1a487bfa0d793cd2176bfa145a5c0e033dfd08abc4ebb47ce,fa9ec67c334d923a7f8e24d8ed012018c1a8c8ae4b7c74a0dc1b9b31b89533cc,training,"{""frequency"":""daily"",""id"":""03a97bafbb6088a35aa9"",""params"":{""lengths"":[5,20]},""strategy"":""double_ma"",""universe"":[""6E""]}","{""commission"":2.5,""multiple"":1,""ticks"":1}",results/book151-futures-v1/jobs/training-03a97bafbb6088a35aa9-c1-d0/attempt-1,completed,"{""annual_volatility"":0.009946177358086252,""bars"":1505,""cagr"":-0.005916499334290393,""contracts_traded"":270,""cost"":2362.5,""gap_cap_breach_bars"":0,""max_drawdown"":-0.05062116957910778,""mean"":-0.005712218089170453,""minimum_participation_capacity_equity"":1417931.781875,""missing_reasons"":{},""net_pnl"":-33825.0,""rolls"":24,""sharpe"":-0.5743129127419404}",false
book151-futures-v1/training-992c07aa2e6565c1cdf6-c1-d0/attempt-1,2026-10-03T09:15:28.197538+00:00,6a603df30245ff55438fc8c2fd646ad4c294a150,6a603df30245ff55438fc8c2fd646ad4c294a150,d8953ab125a90ef1a487bfa0d793cd2176bfa145a5c0e033dfd08abc4ebb47ce,fa9ec67c334d923a7f8e24d8ed012018c1a8c8ae4b7c74a0dc1b9b31b89533cc,training,"{""frequency"":""daily"",""id"":""992c07aa2e6565c1cdf6"",""params"":{""lengths"":[5,20]},""strategy"":""double_ma"",""universe"":[""6E"",""CL"",""ES"",""GC"",""NQ"",""ZN""]}","{""commission"":2.5,""multiple"":1,""ticks"":1}",results/book151-futures-v1/jobs/training-992c07aa2e6565c1cdf6-c1-d0/attempt-1,completed,"{""annual_volatility"":0.01078330405981117,""bars"":1505,""cagr"":-0.0026877772305646808,""contracts_traded"":606,""cost"":8755.0,""gap_cap_breach_bars"":8,""max_drawdown"":-0.02895365379506576,""mean"":-0.002555103428695497,""minimum_participation_capacity_equity"":1447904.8904687501,""missing_reasons"":{},""net_pnl"":-15485.625,""rolls"":41,""sharpe"":-0.2369499565739075}",false
book151-futures-v1/training-5b1e1f5b454f2aca3445-c1-d0/attempt-1,2026-10-03T09:15:30.881765+00:00,6a603df30245ff55438fc8c2fd646ad4c294a150,6a603df30245ff55438fc8c2fd646ad4c294a150,d8953ab125a90ef1a487bfa0d793cd2176bfa145a5c0e033dfd08abc4ebb47ce,fa9ec67c334d923a7f8e24d8ed012018c1a8c8ae4b7c74a0dc1b9b31b89533cc,training,"{""frequency"":""daily"",""id"":""5b1e1f5b454f2aca3445"",""params"":{""lengths"":[10,40]},""strategy"":""double_ma"",""universe"":[""ES""]}","{""commission"":2.5,""multiple"":1,""ticks"":1}",results/book151-futures-v1/jobs/training-5b1e1f5b454f2aca3445-c1-d0/attempt-1,completed,"{""annual_volatility"":0.028005176911176106,""bars"":1505,""cagr"":0.0007273325711896206,""contracts_traded"":160,""cost"":2400.0,""gap_cap_breach_bars"":2,""max_drawdown"":-0.06453986401521772,""mean"":0.0010979334547496853,""minimum_participation_capacity_equity"":4615168.822500001,""missing_reasons"":{},""net_pnl"":4225.0,""rolls"":23,""sharpe"":0.039204660560866876}",false
book151-futures-v1/training-ea16f1f30d361b8ef108-c1-d0/attempt-1,2026-10-03T09:15:30.949132+00:00,6a603df30245ff55438fc8c2fd646ad4c294a150,6a603df30245ff55438fc8c2fd646ad4c294a150,d8953ab125a90ef1a487bfa0d793cd2176bfa145a5c0e033dfd08abc4ebb47ce,fa9ec67c334d923a7f8e24d8ed012018c1a8c8ae4b7c74a0dc1b9b31b89533cc,training,"{""frequency"":""daily"",""id"":""ea16f1f30d361b8ef108"",""params"":{""lengths"":[10,40]},""strategy"":""double_ma"",""universe"":[""NQ""]}","{""commission"":2.5,""multiple"":1,""ticks"":1}",results/book151-futures-v1/jobs/training-ea16f1f30d361b8ef108-c1-d0/attempt-1,completed,"{""annual_volatility"":0.0340221822427503,""bars"":1505,""cagr"":0.0009420342530739312,""contracts_traded"":144,""cost"":1080.0,""gap_cap_breach_bars"":4,""max_drawdown"":-0.06332364329512252,""mean"":0.0014929110975016276,""minimum_participation_capacity_equity"":1484437.3075,""missing_reasons"":{},""net_pnl"":5475.0,""rolls"":19,""sharpe"":0.04388052144479205}",false
book151-futures-v1/training-c3167872c3d5696df64c-c1-d0/attempt-1,2026-10-03T09:15:31.366499+00:00,6a603df30245ff55438fc8c2fd646ad4c294a150,6a603df30245ff55438fc8c2fd646ad4c294a150,d8953ab125a90ef1a487bfa0d793cd2176bfa145a5c0e033dfd08abc4ebb47ce,fa9ec67c334d923a7f8e24d8ed012018c1a8c8ae4b7c74a0dc1b9b31b89533cc,training,"{""frequency"":""daily"",""id"":""c3167872c3d5696df64c"",""params"":{""lengths"":[10,40]},""strategy"":""double_ma"",""universe"":[""ZN""]}","{""commission"":2.5,""multiple"":1,""ticks"":1}",results/book151-futures-v1/jobs/training-c3167872c3d5696df64c-c1-d0/attempt-1,completed,"{""annual_volatility"":0.007100592158168965,""bars"":1505,""cagr"":0.0014633754158237533,""contracts_traded"":200,""cost"":3625.0,""gap_cap_breach_bars"":6,""max_drawdown"":-0.015514702731638463,""mean"":0.0014450288708427767,""minimum_participation_capacity_equity"":30436599.741875004,""missing_reasons"":{},""net_pnl"":8515.625,""rolls"":23,""sharpe"":0.20350821997012253}",false
book151-futures-v1/training-1b75f878170bdada51ed-c1-d0/attempt-1,2026-10-03T09:15:34.367198+00:00,6a603df30245ff55438fc8c2fd646ad4c294a150,6a603df30245ff55438fc8c2fd646ad4c294a150,d8953ab125a90ef1a487bfa0d793cd2176bfa145a5c0e033dfd08abc4ebb47ce,fa9ec67c334d923a7f8e24d8ed012018c1a8c8ae4b7c74a0dc1b9b31b89533cc,training,"{""frequency"":""daily"",""id"":""1b75f878170bdada51ed"",""params"":{""lengths"":[10,40]},""strategy"":""double_ma"",""universe"":[""CL""]}","{""commission"":2.5,""multiple"":1,""ticks"":1}",results/book151-futures-v1/jobs/training-1b75f878170bdada51ed-c1-d0/attempt-1,completed,"{""annual_volatility"":0.07343323571760794,""bars"":1505,""cagr"":0.019884130845728265,""contracts_traded"":1046,""cost"":13075.0,""gap_cap_breach_bars"":29,""max_drawdown"":-0.14491150442477874,""mean"":0.021798115507465105,""minimum_participation_capacity_equity"":5477101.373437501,""missing_reasons"":{},""net_pnl"":120945.0,""rolls"":58,""sharpe"":0.29684263936415806}",false
book151-futures-v1/training-cb4f0fd8bdd425379fc9-c1-d0/attempt-1,2026-10-03T09:15:34.406090+00:00,6a603df30245ff55438fc8c2fd646ad4c294a150,6a603df30245ff55438fc8c2fd646ad4c294a150,d8953ab125a90ef1a487bfa0d793cd2176bfa145a5c0e033dfd08abc4ebb47ce,fa9ec67c334d923a7f8e24d8ed012018c1a8c8ae4b7c74a0dc1b9b31b89533cc,training,"{""frequency"":""daily"",""id"":""cb4f0fd8bdd425379fc9"",""params"":{""lengths"":[10,40]},""strategy"":""double_ma"",""universe"":[""GC""]}","{""commission"":2.5,""multiple"":1,""ticks"":1}",results/book151-futures-v1/jobs/training-cb4f0fd8bdd425379fc9-c1-d0/attempt-1,completed,"{""annual_volatility"":0.025115673190404954,""bars"":1505,""cagr"":-0.008088081753573007,""contracts_traded"":204,""cost"":2550.0,""gap_cap_breach_bars"":10,""max_drawdown"":-0.05034468299647077,""mean"":-0.007569581686022608,""minimum_participation_capacity_equity"":9669221.186250001,""missing_reasons"":{},""net_pnl"":-46000.0,""rolls"":29,""sharpe"":-0.30138876344809457}",false
book151-futures-v1/training-0d8f1a1cb79f6d364d98-c1-d0/attempt-1,2026-10-03T09:15:34.772917+00:00,6a603df30245ff55438fc8c2fd646ad4c294a150,6a603df30245ff55438fc8c2fd646ad4c294a150,d8953ab125a90ef1a487bfa0d793cd2176bfa145a5c0e033dfd08abc4ebb47ce,fa9ec67c334d923a7f8e24d8ed012018c1a8c8ae4b7c74a0dc1b9b31b89533cc,training,"{""frequency"":""daily"",""id"":""0d8f1a1cb79f6d364d98"",""params"":{""lengths"":[10,40]},""strategy"":""double_ma"",""universe"":[""6E""]}","{""commission"":2.5,""multiple"":1,""ticks"":1}",results/book151-futures-v1/jobs/training-0d8f1a1cb79f6d364d98-c1-d0/attempt-1,completed,"{""annual_volatility"":0.009574751645555522,""bars"":1505,""cagr"":0.005255536013936801,""contracts_traded"":120,""cost"":1050.0,""gap_cap_breach_bars"":0,""max_drawdown"":-0.020254753257850866,""mean"":0.005135392523868287,""minimum_participation_capacity_equity"":1726120.455,""missing_reasons"":{},""net_pnl"":30862.5,""rolls"":24,""sharpe"":0.5363473345287313}",false
book151-futures-v1/training-3057ac82406c3f03edcf-c1-d0/attempt-1,2026-10-03T09:15:35.592433+00:00,6a603df30245ff55438fc8c2fd646ad4c294a150,6a603df30245ff55438fc8c2fd646ad4c294a150,d8953ab125a90ef1a487bfa0d793cd2176bfa145a5c0e033dfd08abc4ebb47ce,fa9ec67c334d923a7f8e24d8ed012018c1a8c8ae4b7c74a0dc1b9b31b89533cc,training,"{""frequency"":""daily"",""id"":""3057ac82406c3f03edcf"",""params"":{""lengths"":[10,40]},""strategy"":""double_ma"",""universe"":[""6E"",""CL"",""ES"",""GC"",""NQ"",""ZN""]}","{""commission"":2.5,""multiple"":1,""ticks"":1}",results/book151-futures-v1/jobs/training-3057ac82406c3f03edcf-c1-d0/attempt-1,completed,"{""annual_volatility"":0.011494723304527754,""bars"":1505,""cagr"":0.007976400024937602,""contracts_traded"":446,""cost"":6573.75,""gap_cap_breach_bars"":11,""max_drawdown"":-0.02033124727251845,""mean"":0.0077801505598048175,""minimum_participation_capacity_equity"":1754969.5521875003,""missing_reasons"":{},""net_pnl"":47147.5,""rolls"":39,""sharpe"":0.6768453971171475}",false
book151-futures-v1/training-45a810e17b2f5aee7486-c1-d0/attempt-1,2026-10-03T09:15:37.773989+00:00,6a603df30245ff55438fc8c2fd646ad4c294a150,6a603df30245ff55438fc8c2fd646ad4c294a150,d8953ab125a90ef1a487bfa0d793cd2176bfa145a5c0e033dfd08abc4ebb47ce,fa9ec67c334d923a7f8e24d8ed012018c1a8c8ae4b7c74a0dc1b9b31b89533cc,training,"{""frequency"":""daily"",""id"":""45a810e17b2f5aee7486"",""params"":{""lengths"":[20,80]},""strategy"":""double_ma"",""universe"":[""ES""]}","{""commission"":2.5,""multiple"":1,""ticks"":1}",results/book151-futures-v1/jobs/training-45a810e17b2f5aee7486-c1-d0/attempt-1,completed,"{""annual_volatility"":0.02748900434867322,""bars"":1505,""cagr"":0.008592184833575489,""contracts_traded"":110,""cost"":1650.0,""gap_cap_breach_bars"":3,""max_drawdown"":-0.06701190529652157,""mean"":0.008684869065235266,""minimum_participation_capacity_equity"":4989896.925,""missing_reasons"":{},""net_pnl"":50862.5,""rolls"":23,""sharpe"":0.31593974649192597}",false
book151-futures-v1/training-fa63b677d28284a061cf-c1-d0/attempt-1,2026-10-03T09:15:38.143976+00:00,6a603df30245ff55438fc8c2fd646ad4c294a150,6a603df30245ff55438fc8c2fd646ad4c294a150,d8953ab125a90ef1a487bfa0d793cd2176bfa145a5c0e033dfd08abc4ebb47ce,fa9ec67c334d923a7f8e24d8ed012018c1a8c8ae4b7c74a0dc1b9b31b89533cc,training,"{""frequency"":""daily"",""id"":""fa63b677d28284a061cf"",""params"":{""lengths"":[20,80]},""strategy"":""double_ma"",""universe"":[""NQ""]}","{""commission"":2.5,""multiple"":1,""ticks"":1}",results/book151-futures-v1/jobs/training-fa63b677d28284a061cf-c1-d0/attempt-1,completed,"{""annual_volatility"":0.03742215142057251,""bars"":1505,""cagr"":0.012214949138314779,""contracts_traded"":142,""cost"":1065.0,""gap_cap_breach_bars"":12,""max_drawdown"":-0.08797375325680323,""mean"":0.012489405987457448,""minimum_participation_capacity_equity"":1509686.2475,""missing_reasons"":{},""net_pnl"":72940.0,""rolls"":20,""sharpe"":0.3337436655390022}",false
book151-futures-v1/training-a56827ede8c916ca9fdf-c1-d0/attempt-1,2026-10-03T09:15:38.576718+00:00,6a603df30245ff55438fc8c2fd646ad4c294a150,6a603df30245ff55438fc8c2fd646ad4c294a150,d8953ab125a90ef1a487bfa0d793cd2176bfa145a5c0e033dfd08abc4ebb47ce,fa9ec67c334d923a7f8e24d8ed012018c1a8c8ae4b7c74a0dc1b9b31b89533cc,training,"{""frequency"":""daily"",""id"":""a56827ede8c916ca9fdf"",""params"":{""lengths"":[20,80]},""strategy"":""double_ma"",""universe"":[""ZN""]}","{""commission"":2.5,""multiple"":1,""ticks"":1}",results/book151-futures-v1/jobs/training-a56827ede8c916ca9fdf-c1-d0/attempt-1,completed,"{""annual_volatility"":0.004568095442241562,""bars"":1505,""cagr"":0.002559454813846118,""contracts_traded"":108,""cost"":1957.5,""gap_cap_breach_bars"":7,""max_drawdown"":-0.00667731049524567,""mean"":0.0024923825788557273,""minimum_participation_capacity_equity"":3040881306.9902344,""missing_reasons"":{},""net_pnl"":14933.125,""rolls"":22,""sharpe"":0.5456065028345196}",false
book151-futures-v1/training-afe462767ca55edae375-c1-d0/attempt-1,2026-10-03T09:15:41.034637+00:00,6a603df30245ff55438fc8c2fd646ad4c294a150,6a603df30245ff55438fc8c2fd646ad4c294a150,d8953ab125a90ef1a487bfa0d793cd2176bfa145a5c0e033dfd08abc4ebb47ce,fa9ec67c334d923a7f8e24d8ed012018c1a8c8ae4b7c74a0dc1b9b31b89533cc,training,"{""frequency"":""daily"",""id"":""afe462767ca55edae375"",""params"":{""lengths"":[20,80]},""strategy"":""double_ma"",""universe"":[""CL""]}","{""commission"":2.5,""multiple"":1,""ticks"":1}",results/book151-futures-v1/jobs/training-afe462767ca55edae375-c1-d0/attempt-1,completed,"{""annual_volatility"":0.07227142780269334,""bars"":1505,""cagr"":-0.011972250607707124,""contracts_traded"":832,""cost"":10400.0,""gap_cap_breach_bars"":32,""max_drawdown"":-0.21550371080572428,""mean"":-0.009094033004615134,""minimum_participation_capacity_equity"":8373941.887999999,""missing_reasons"":{},""net_pnl"":-67460.0,""rolls"":54,""sharpe"":-0.1258316499494455}",false
book151-futures-v1/training-1d720d9bdb314ff45e58-c1-d0/attempt-1,2026-10-03T09:15:41.410370+00:00,6a603df30245ff55438fc8c2fd646ad4c294a150,6a603df30245ff55438fc8c2fd646ad4c294a150,d8953ab125a90ef1a487bfa0d793cd2176bfa145a5c0e033dfd08abc4ebb47ce,fa9ec67c334d923a7f8e24d8ed012018c1a8c8ae4b7c74a0dc1b9b31b89533cc,training,"{""frequency"":""daily"",""id"":""1d720d9bdb314ff45e58"",""params"":{""lengths"":[20,80]},""strategy"":""double_ma"",""universe"":[""GC""]}","{""commission"":2.5,""multiple"":1,""ticks"":1}",results/book151-futures-v1/jobs/training-1d720d9bdb314ff45e58-c1-d0/attempt-1,completed,"{""annual_volatility"":0.025645988354371832,""bars"":1505,""cagr"":0.00891510218553404,""contracts_traded"":182,""cost"":2275.0,""gap_cap_breach_bars"":11,""max_drawdown"":-0.05386660256500897,""mean"":0.008946342684531618,""minimum_participation_capacity_equity"":10248555.64125,""missing_reasons"":{},""net_pnl"":52815.0,""rolls"":29,""sharpe"":0.34883984820208924}",false
book151-futures-v1/training-1e040cf530817ad4777b-c1-d0/attempt-1,2026-10-03T09:15:41.877511+00:00,6a603df30245ff55438fc8c2fd646ad4c294a150,6a603df30245ff55438fc8c2fd646ad4c294a150,d8953ab125a90ef1a487bfa0d793cd2176bfa145a5c0e033dfd08abc4ebb47ce,fa9ec67c334d923a7f8e24d8ed012018c1a8c8ae4b7c74a0dc1b9b31b89533cc,training,"{""frequency"":""daily"",""id"":""1e040cf530817ad4777b"",""params"":{""lengths"":[20,80]},""strategy"":""double_ma"",""universe"":[""6E""]}","{""commission"":2.5,""multiple"":1,""ticks"":1}",results/book151-futures-v1/jobs/training-1e040cf530817ad4777b-c1-d0/attempt-1,completed,"{""annual_volatility"":0.00948188174853096,""bars"":1505,""cagr"":0.005248178591627628,""contracts_traded"":90,""cost"":787.5,""gap_cap_breach_bars"":0,""max_drawdown"":-0.010864290687414013,""mean"":0.005127394280268536,""minimum_participation_capacity_equity"":2236314.535,""missing_reasons"":{},""net_pnl"":30818.75,""rolls"":23,""sharpe"":0.540757037078946}",false
book151-futures-v1/training-9d9b55537e2fb2d34125-c1-d0/attempt-1,2026-10-03T09:15:42.614806+00:00,6a603df30245ff55438fc8c2fd646ad4c294a150,6a603df30245ff55438fc8c2fd646ad4c294a150,d8953ab125a90ef1a487bfa0d793cd2176bfa145a5c0e033dfd08abc4ebb47ce,fa9ec67c334d923a7f8e24d8ed012018c1a8c8ae4b7c74a0dc1b9b31b89533cc,training,"{""frequency"":""daily"",""id"":""9d9b55537e2fb2d34125"",""params"":{""lengths"":[20,80]},""strategy"":""double_ma"",""universe"":[""6E"",""CL"",""ES"",""GC"",""NQ"",""ZN""]}","{""commission"":2.5,""multiple"":1,""ticks"":1}",results/book151-futures-v1/jobs/training-9d9b55537e2fb2d34125-c1-d0/attempt-1,completed,"{""annual_volatility"":0.01693131796410768,""bars"":1505,""cagr"":0.017905221455370546,""contracts_traded"":438,""cost"":5533.75,""gap_cap_breach_bars"":9,""max_drawdown"":-0.023903307673971863,""mean"":0.017375183580482314,""minimum_participation_capacity_equity"":2393115.0100000002,""missing_reasons"":{},""net_pnl"":108391.25,""rolls"":62,""sharpe"":1.0262156565316165}",false
book151-futures-v1/training-e09b7a1d420a7fc132b2-c1-d0/attempt-1,2026-10-03T09:15:45.219321+00:00,6a603df30245ff55438fc8c2fd646ad4c294a150,6a603df30245ff55438fc8c2fd646ad4c294a150,d8953ab125a90ef1a487bfa0d793cd2176bfa145a5c0e033dfd08abc4ebb47ce,fa9ec67c334d923a7f8e24d8ed012018c1a8c8ae4b7c74a0dc1b9b31b89533cc,training,"{""frequency"":""daily"",""id"":""e09b7a1d420a7fc132b2"",""params"":{""lengths"":[3,10,21]},""strategy"":""triple_ma"",""universe"":[""ES""]}","{""commission"":2.5,""multiple"":1,""ticks"":1}",results/book151-futures-v1/jobs/training-e09b7a1d420a7fc132b2-c1-d0/attempt-1,completed,"{""annual_volatility"":0.022811596680702293,""bars"":1505,""cagr"":-0.004320451628330835,""contracts_traded"":308,""cost"":4620.0,""gap_cap_breach_bars"":3,""max_drawdown"":-0.04769540479651524,""mean"":-0.003944042245562668,""minimum_participation_capacity_equity"":4858321.11875,""missing_reasons"":{},""net_pnl"":-24795.0,""rolls"":13,""sharpe"":-0.17289636936721628}",false
book151-futures-v1/training-053934ed8e6321a5e86d-c1-d0/attempt-1,2026-10-03T09:15:45.580251+00:00,6a603df30245ff55438fc8c2fd646ad4c294a150,6a603df30245ff55438fc8c2fd646ad4c294a150,d8953ab125a90ef1a487bfa0d793cd2176bfa145a5c0e033dfd08abc4ebb47ce,fa9ec67c334d923a7f8e24d8ed012018c1a8c8ae4b7c74a0dc1b9b31b89533cc,training,"{""frequency"":""daily"",""id"":""053934ed8e6321a5e86d"",""params"":{""lengths"":[3,10,21]},""strategy"":""triple_ma"",""universe"":[""NQ""]}","{""commission"":2.5,""multiple"":1,""ticks"":1}",results/book151-futures-v1/jobs/training-053934ed8e6321a5e86d-c1-d0/attempt-1,completed,"{""annual_volatility"":0.029261472366732648,""bars"":1505,""cagr"":0.0034182644239006965,""contracts_traded"":258,""cost"":1935.0,""gap_cap_breach_bars"":4,""max_drawdown"":-0.04512176267872903,""mean"":0.0037413081239359284,""minimum_participation_capacity_equity"":1497091.9075000002,""missing_reasons"":{},""net_pnl"":19985.0,""rolls"":16,""sharpe"":0.1278578219525761}",false
book151-futures-v1/training-c10e6c1b32c0cbcb2353-c1-d0/attempt-1,2026-10-03T09:15:46.249524+00:00,6a603df30245ff55438fc8c2fd646ad4c294a150,6a603df30245ff55438fc8c2fd646ad4c294a150,d8953ab125a90ef1a487bfa0d793cd2176bfa145a5c0e033dfd08abc4ebb47ce,fa9ec67c334d923a7f8e24d8ed012018c1a8c8ae4b7c74a0dc1b9b31b89533cc,training,"{""frequency"":""daily"",""id"":""c10e6c1b32c0cbcb2353"",""params"":{""lengths"":[3,10,21]},""strategy"":""triple_ma"",""universe"":[""ZN""]}","{""commission"":2.5,""multiple"":1,""ticks"":1}",results/book151-futures-v1/jobs/training-c10e6c1b32c0cbcb2353-c1-d0/attempt-1,completed,"{""annual_volatility"":0.005628967798150352,""bars"":1505,""cagr"":-0.0018243010055665199,""contracts_traded"":338,""cost"":6126.25,""gap_cap_breach_bars"":5,""max_drawdown"":-0.013073773076920703,""mean"":-0.0017570979599160219,""minimum_participation_capacity_equity"":30308482.661250003,""missing_reasons"":{},""net_pnl"":-10532.5,""rolls"":15,""sharpe"":-0.31215278234375315}",false
book151-futures-v1/training-609f216801ab571fd84c-c1-d0/attempt-1,2026-10-03T09:15:48.808976+00:00,6a603df30245ff55438fc8c2fd646ad4c294a150,6a603df30245ff55438fc8c2fd646ad4c294a150,d8953ab125a90ef1a487bfa0d793cd2176bfa145a5c0e033dfd08abc4ebb47ce,fa9ec67c334d923a7f8e24d8ed012018c1a8c8ae4b7c74a0dc1b9b31b89533cc,training,"{""frequency"":""daily"",""id"":""609f216801ab571fd84c"",""params"":{""lengths"":[3,10,21]},""strategy"":""triple_ma"",""universe"":[""CL""]}","{""commission"":2.5,""multiple"":1,""ticks"":1}",results/book151-futures-v1/jobs/training-609f216801ab571fd84c-c1-d0/attempt-1,completed,"{""annual_volatility"":0.0606133585385134,""bars"":1505,""cagr"":0.03609668887116979,""contracts_traded"":1374,""cost"":17175.0,""gap_cap_breach_bars"":24,""max_drawdown"":-0.08012303537266963,""mean"":0.03625489586613914,""minimum_participation_capacity_equity"":9035059.24875,""missing_reasons"":{},""net_pnl"":228295.0,""rolls"":40,""sharpe"":0.5981337569853183}",false
book151-futures-v1/training-520beaa3156cccb98c53-c1-d0/attempt-1,2026-10-03T09:15:49.199155+00:00,6a603df30245ff55438fc8c2fd646ad4c294a150,6a603df30245ff55438fc8c2fd646ad4c294a150,d8953ab125a90ef1a487bfa0d793cd2176bfa145a5c0e033dfd08abc4ebb47ce,fa9ec67c334d923a7f8e24d8ed012018c1a8c8ae4b7c74a0dc1b9b31b89533cc,training,"{""frequency"":""daily"",""id"":""520beaa3156cccb98c53"",""params"":{""lengths"":[3,10,21]},""strategy"":""triple_ma"",""universe"":[""GC""]}","{""commission"":2.5,""multiple"":1,""ticks"":1}",results/book151-futures-v1/jobs/training-520beaa3156cccb98c53-c1-d0/attempt-1,completed,"{""annual_volatility"":0.02075159010447746,""bars"":1505,""cagr"":-0.009418304907856445,""contracts_traded"":338,""cost"":4225.0,""gap_cap_breach_bars"":7,""max_drawdown"":-0.08359078407065934,""mean"":-0.008972504313287758,""minimum_participation_capacity_equity"":9928121.665000001,""missing_reasons"":{},""net_pnl"":-53395.0,""rolls"":19,""sharpe"":-0.4323767127296818}",false
book151-futures-v1/training-5f8422a31b4874f57173-c1-d0/attempt-1,2026-10-03T09:15:49.941942+00:00,6a603df30245ff55438fc8c2fd646ad4c294a150,6a603df30245ff55438fc8c2fd646ad4c294a150,d8953ab125a90ef1a487bfa0d793cd2176bfa145a5c0e033dfd08abc4ebb47ce,fa9ec67c334d923a7f8e24d8ed012018c1a8c8ae4b7c74a0dc1b9b31b89533cc,training,"{""frequency"":""daily"",""id"":""5f8422a31b4874f57173"",""params"":{""lengths"":[3,10,21]},""strategy"":""triple_ma"",""universe"":[""6E""]}","{""commission"":2.5,""multiple"":1,""ticks"":1}",results/book151-futures-v1/jobs/training-5f8422a31b4874f57173-c1-d0/attempt-1,completed,"{""annual_volatility"":0.007639277903042193,""bars"":1505,""cagr"":-0.0023865425137832297,""contracts_traded"":254,""cost"":2222.5,""gap_cap_breach_bars"":0,""max_drawdown"":-0.024421971276942678,""mean"":-0.0022908244017164903,""minimum_participation_capacity_equity"":2395103.303125,""missing_reasons"":{},""net_pnl"":-13760.0,""rolls"":11,""sharpe"":-0.2998744686070675}",false
book151-futures-v1/training-5936fc0e4721cbf343db-c1-d0/attempt-1,2026-10-03T09:15:50.145487+00:00,6a603df30245ff55438fc8c2fd646ad4c294a150,6a603df30245ff55438fc8c2fd646ad4c294a150,d8953ab125a90ef1a487bfa0d793cd2176bfa145a5c0e033dfd08abc4ebb47ce,fa9ec67c334d923a7f8e24d8ed012018c1a8c8ae4b7c74a0dc1b9b31b89533cc,training,"{""frequency"":""daily"",""id"":""5936fc0e4721cbf343db"",""params"":{""lengths"":[3,10,21]},""strategy"":""triple_ma"",""universe"":[""6E"",""CL"",""ES"",""GC"",""NQ"",""ZN""]}","{""commission"":2.5,""multiple"":1,""ticks"":1}",results/book151-futures-v1/jobs/training-5936fc0e4721cbf343db-c1-d0/attempt-1,completed,"{""annual_volatility"":0.016778971892542124,""bars"":1505,""cagr"":-0.004714454357983122,""contracts_traded"":1098,""cost"":14650.0,""gap_cap_breach_bars"":2,""max_drawdown"":-0.048009317626359516,""mean"":-0.00444755239723189,""minimum_participation_capacity_equity"":2388536.9703125,""missing_reasons"":{},""net_pnl"":-27030.625,""rolls"":42,""sharpe"":-0.2650670390126065}",false
book151-futures-v1/training-900b77b4d1714c8b7119-c1-d0/attempt-1,2026-10-03T09:15:53.158231+00:00,6a603df30245ff55438fc8c2fd646ad4c294a150,6a603df30245ff55438fc8c2fd646ad4c294a150,d8953ab125a90ef1a487bfa0d793cd2176bfa145a5c0e033dfd08abc4ebb47ce,fa9ec67c334d923a7f8e24d8ed012018c1a8c8ae4b7c74a0dc1b9b31b89533cc,training,"{""frequency"":""daily"",""id"":""900b77b4d1714c8b7119"",""params"":{""lengths"":[5,20,60]},""strategy"":""triple_ma"",""universe"":[""ES""]}","{""commission"":2.5,""multiple"":1,""ticks"":1}",results/book151-futures-v1/jobs/training-900b77b4d1714c8b7119-c1-d0/attempt-1,completed,"{""annual_volatility"":0.021887413775983907,""bars"":1505,""cagr"":0.011340304437304383,""contracts_traded"":160,""cost"":2400.0,""gap_cap_breach_bars"":3,""max_drawdown"":-0.02814824097593427,""mean"":0.011188547923455062,""minimum_participation_capacity_equity"":5283946.3,""missing_reasons"":{},""net_pnl"":67575.0,""rolls"":14,""sharpe"":0.5111863849228164}",false
book151-futures-v1/training-e4ff2ad47586b3140dcb-c1-d0/attempt-1,2026-10-03T09:15:53.824019+00:00,6a603df30245ff55438fc8c2fd646ad4c294a150,6a603df30245ff55438fc8c2fd646ad4c294a150,d8953ab125a90ef1a487bfa0d793cd2176bfa145a5c0e033dfd08abc4ebb47ce,fa9ec67c334d923a7f8e24d8ed012018c1a8c8ae4b7c74a0dc1b9b31b89533cc,training,"{""frequency"":""daily"",""id"":""e4ff2ad47586b3140dcb"",""params"":{""lengths"":[5,20,60]},""strategy"":""triple_ma"",""universe"":[""NQ""]}","{""commission"":2.5,""multiple"":1,""ticks"":1}",results/book151-futures-v1/jobs/training-e4ff2ad47586b3140dcb-c1-d0/attempt-1,completed,"{""annual_volatility"":0.028362323174671442,""bars"":1505,""cagr"":0.016221990860025848,""contracts_traded"":162,""cost"":1215.0,""gap_cap_breach_bars"":4,""max_drawdown"":-0.03547481716709955,""mean"":0.016027108717565186,""minimum_participation_capacity_equity"":2579663.86875,""missing_reasons"":{},""net_pnl"":97805.0,""rolls"":13,""sharpe"":0.5650844826377962}",false
book151-futures-v1/training-cd9665bd037c48d55d56-c1-d0/attempt-1,2026-10-03T09:15:53.976816+00:00,6a603df30245ff55438fc8c2fd646ad4c294a150,6a603df30245ff55438fc8c2fd646ad4c294a150,d8953ab125a90ef1a487bfa0d793cd2176bfa145a5c0e033dfd08abc4ebb47ce,fa9ec67c334d923a7f8e24d8ed012018c1a8c8ae4b7c74a0dc1b9b31b89533cc,training,"{""frequency"":""daily"",""id"":""cd9665bd037c48d55d56"",""params"":{""lengths"":[5,20,60]},""strategy"":""triple_ma"",""universe"":[""ZN""]}","{""commission"":2.5,""multiple"":1,""ticks"":1}",results/book151-futures-v1/jobs/training-cd9665bd037c48d55d56-c1-d0/attempt-1,completed,"{""annual_volatility"":0.005039891721837907,""bars"":1505,""cagr"":0.0011565151624570724,""contracts_traded"":160,""cost"":2900.0,""gap_cap_breach_bars"":2,""max_drawdown"":-0.00847451823434675,""mean"":0.0011349696480863133,""minimum_participation_capacity_equity"":77191831.0125,""missing_reasons"":{},""net_pnl"":6725.0,""rolls"":15,""sharpe"":0.22519722857705005}",false
book151-futures-v1/training-95f3a8e1e7bbc6f90924-c1-d0/attempt-1,2026-10-03T09:15:56.831493+00:00,6a603df30245ff55438fc8c2fd646ad4c294a150,6a603df30245ff55438fc8c2fd646ad4c294a150,d8953ab125a90ef1a487bfa0d793cd2176bfa145a5c0e033dfd08abc4ebb47ce,fa9ec67c334d923a7f8e24d8ed012018c1a8c8ae4b7c74a0dc1b9b31b89533cc,training,"{""frequency"":""daily"",""id"":""95f3a8e1e7bbc6f90924"",""params"":{""lengths"":[5,20,60]},""strategy"":""triple_ma"",""universe"":[""CL""]}","{""commission"":2.5,""multiple"":1,""ticks"":1}",results/book151-futures-v1/jobs/training-95f3a8e1e7bbc6f90924-c1-d0/attempt-1,completed,"{""annual_volatility"":0.06056579843004805,""bars"":1505,""cagr"":0.009643460744618526,""contracts_traded"":836,""cost"":10450.0,""gap_cap_breach_bars"":21,""max_drawdown"":-0.1140713624466051,""mean"":0.01113671978456603,""minimum_participation_capacity_equity"":10864461.05,""missing_reasons"":{},""net_pnl"":57230.0,""rolls"":33,""sharpe"":0.18387803138480308}",false
book151-futures-v1/training-77890ea25f44a2fcf937-c1-d0/attempt-1,2026-10-03T09:15:57.399585+00:00,6a603df30245ff55438fc8c2fd646ad4c294a150,6a603df30245ff55438fc8c2fd646ad4c294a150,d8953ab125a90ef1a487bfa0d793cd2176bfa145a5c0e033dfd08abc4ebb47ce,fa9ec67c334d923a7f8e24d8ed012018c1a8c8ae4b7c74a0dc1b9b31b89533cc,training,"{""frequency"":""daily"",""id"":""77890ea25f44a2fcf937"",""params"":{""lengths"":[5,20,60]},""strategy"":""triple_ma"",""universe"":[""6E""]}","{""commission"":2.5,""multiple"":1,""ticks"":1}",results/book151-futures-v1/jobs/training-77890ea25f44a2fcf937-c1-d0/attempt-1,completed,"{""annual_volatility"":0.0073184213522493515,""bars"":1505,""cagr"":-0.0008274630986816467,""contracts_traded"":168,""cost"":1470.0,""gap_cap_breach_bars"":0,""max_drawdown"":-0.024243508154860427,""mean"":-0.000776998815035738,""minimum_participation_capacity_equity"":1535607.8112500003,""missing_reasons"":{},""net_pnl"":-4788.75,""rolls"":17,""sharpe"":-0.10617027602502332}",false
book151-futures-v1/training-1788bd05bbd53bd2bb60-c1-d0/attempt-1,2026-10-03T09:15:57.455519+00:00,6a603df30245ff55438fc8c2fd646ad4c294a150,6a603df30245ff55438fc8c2fd646ad4c294a150,d8953ab125a90ef1a487bfa0d793cd2176bfa145a5c0e033dfd08abc4ebb47ce,fa9ec67c334d923a7f8e24d8ed012018c1a8c8ae4b7c74a0dc1b9b31b89533cc,training,"{""frequency"":""daily"",""id"":""1788bd05bbd53bd2bb60"",""params"":{""lengths"":[5,20,60]},""strategy"":""triple_ma"",""universe"":[""GC""]}","{""commission"":2.5,""multiple"":1,""ticks"":1}",results/book151-futures-v1/jobs/training-1788bd05bbd53bd2bb60-c1-d0/attempt-1,completed,"{""annual_volatility"":0.019679849494247142,""bars"":1505,""cagr"":0.0041633931656901435,""contracts_traded"":230,""cost"":2875.0,""gap_cap_breach_bars"":15,""max_drawdown"":-0.036351913252399615,""mean"":0.004227659180243491,""minimum_participation_capacity_equity"":17431583.611250002,""missing_reasons"":{},""net_pnl"":24385.0,""rolls"":16,""sharpe"":0.21482172317828602}",false
book151-futures-v1/training-3bc23c929ebe4e8a1a24-c1-d0/attempt-1,2026-10-03T09:15:57.960591+00:00,6a603df30245ff55438fc8c2fd646ad4c294a150,6a603df30245ff55438fc8c2fd646ad4c294a150,d8953ab125a90ef1a487bfa0d793cd2176bfa145a5c0e033dfd08abc4ebb47ce,fa9ec67c334d923a7f8e24d8ed012018c1a8c8ae4b7c74a0dc1b9b31b89533cc,training,"{""frequency"":""daily"",""id"":""3bc23c929ebe4e8a1a24"",""params"":{""lengths"":[5,20,60]},""strategy"":""triple_ma"",""universe"":[""6E"",""CL"",""ES"",""GC"",""NQ"",""ZN""]}","{""commission"":2.5,""multiple"":1,""ticks"":1}",results/book151-futures-v1/jobs/training-3bc23c929ebe4e8a1a24-c1-d0/attempt-1,completed,"{""annual_volatility"":0.020606379749896632,""bars"":1505,""cagr"":0.0053930722372390605,""contracts_traded"":720,""cost"":9120.0,""gap_cap_breach_bars"":3,""max_drawdown"":-0.03623095706263413,""mean"":0.005433500534154258,""minimum_participation_capacity_equity"":2400047.9484375003,""missing_reasons"":{},""net_pnl"":31680.625,""rolls"":43,""sharpe"":0.26368050089834505}",false
book151-futures-v1/training-90be6c612e3b9310b98e-c1-d0/attempt-1,2026-10-03T09:16:00.947306+00:00,6a603df30245ff55438fc8c2fd646ad4c294a150,6a603df30245ff55438fc8c2fd646ad4c294a150,d8953ab125a90ef1a487bfa0d793cd2176bfa145a5c0e033dfd08abc4ebb47ce,fa9ec67c334d923a7f8e24d8ed012018c1a8c8ae4b7c74a0dc1b9b31b89533cc,training,"{""frequency"":""daily"",""id"":""90be6c612e3b9310b98e"",""params"":{""lengths"":[10,40,120]},""strategy"":""triple_ma"",""universe"":[""ES""]}","{""commission"":2.5,""multiple"":1,""ticks"":1}",results/book151-futures-v1/jobs/training-90be6c612e3b9310b98e-c1-d0/attempt-1,completed,"{""annual_volatility"":0.021930725232856316,""bars"":1505,""cagr"":0.007799951464074528,""contracts_traded"":116,""cost"":1740.0,""gap_cap_breach_bars"":4,""max_drawdown"":-0.058632691646614,""mean"":0.0077847614813272474,""minimum_participation_capacity_equity"":5775472.0925,""missing_reasons"":{},""net_pnl"":46085.0,""rolls"":17,""sharpe"":0.35497054468879236}",false
book151-futures-v1/training-8698450976355b57ac59-c1-d0/attempt-1,2026-10-03T09:16:00.980192+00:00,6a603df30245ff55438fc8c2fd646ad4c294a150,6a603df30245ff55438fc8c2fd646ad4c294a150,d8953ab125a90ef1a487bfa0d793cd2176bfa145a5c0e033dfd08abc4ebb47ce,fa9ec67c334d923a7f8e24d8ed012018c1a8c8ae4b7c74a0dc1b9b31b89533cc,training,"{""frequency"":""daily"",""id"":""8698450976355b57ac59"",""params"":{""lengths"":[10,40,120]},""strategy"":""triple_ma"",""universe"":[""NQ""]}","{""commission"":2.5,""multiple"":1,""ticks"":1}",results/book151-futures-v1/jobs/training-8698450976355b57ac59-c1-d0/attempt-1,completed,"{""annual_volatility"":0.026343521610170596,""bars"":1505,""cagr"":0.012109173945151097,""contracts_traded"":104,""cost"":780.0,""gap_cap_breach_bars"":7,""max_drawdown"":-0.05264350364963499,""mean"":0.012034426979749317,""minimum_participation_capacity_equity"":6711531.872500001,""missing_reasons"":{},""net_pnl"":72290.0,""rolls"":14,""sharpe"":0.45682681145800635}",false
book151-futures-v1/training-2725d0e2d0f1b1509e57-c1-d0/attempt-1,2026-10-03T09:16:01.145630+00:00,6a603df30245ff55438fc8c2fd646ad4c294a150,6a603df30245ff55438fc8c2fd646ad4c294a150,d8953ab125a90ef1a487bfa0d793cd2176bfa145a5c0e033dfd08abc4ebb47ce,fa9ec67c334d923a7f8e24d8ed012018c1a8c8ae4b7c74a0dc1b9b31b89533cc,training,"{""frequency"":""daily"",""id"":""2725d0e2d0f1b1509e57"",""params"":{""lengths"":[10,40,120]},""strategy"":""triple_ma"",""universe"":[""ZN""]}","{""commission"":2.5,""multiple"":1,""ticks"":1}",results/book151-futures-v1/jobs/training-2725d0e2d0f1b1509e57-c1-d0/attempt-1,completed,"{""annual_volatility"":0.0008142121281913279,""bars"":1505,""cagr"":0.00020123867847421373,""contracts_traded"":8,""cost"":145.0,""gap_cap_breach_bars"":1,""max_drawdown"":-0.0012518928319764644,""mean"":0.0001957056111580919,""minimum_participation_capacity_equity"":6305466251.541875,""missing_reasons"":{},""net_pnl"":1167.5,""rolls"":3,""sharpe"":0.24036194547092762}",false
book151-futures-v1/training-e4cde03c937849b6ce1c-c1-d0/attempt-1,2026-10-03T09:16:04.406173+00:00,6a603df30245ff55438fc8c2fd646ad4c294a150,6a603df30245ff55438fc8c2fd646ad4c294a150,d8953ab125a90ef1a487bfa0d793cd2176bfa145a5c0e033dfd08abc4ebb47ce,fa9ec67c334d923a7f8e24d8ed012018c1a8c8ae4b7c74a0dc1b9b31b89533cc,training,"{""frequency"":""daily"",""id"":""e4cde03c937849b6ce1c"",""params"":{""lengths"":[10,40,120]},""strategy"":""triple_ma"",""universe"":[""CL""]}","{""commission"":2.5,""multiple"":1,""ticks"":1}",results/book151-futures-v1/jobs/training-e4cde03c937849b6ce1c-c1-d0/attempt-1,completed,"{""annual_volatility"":0.059563202744222866,""bars"":1505,""cagr"":0.017475400003079677,""contracts_traded"":644,""cost"":8050.0,""gap_cap_breach_bars"":17,""max_drawdown"":-0.13983753183359215,""mean"":0.018579380424515544,""minimum_participation_capacity_equity"":10607455.4425,""missing_reasons"":{},""net_pnl"":105680.0,""rolls"":38,""sharpe"":0.31192715583645464}",false
book151-futures-v1/training-f43c0161f56f84c147ac-c1-d0/attempt-1,2026-10-03T09:16:04.441483+00:00,6a603df30245ff55438fc8c2fd646ad4c294a150,6a603df30245ff55438fc8c2fd646ad4c294a150,d8953ab125a90ef1a487bfa0d793cd2176bfa145a5c0e033dfd08abc4ebb47ce,fa9ec67c334d923a7f8e24d8ed012018c1a8c8ae4b7c74a0dc1b9b31b89533cc,training,"{""frequency"":""daily"",""id"":""f43c0161f56f84c147ac"",""params"":{""lengths"":[10,40,120]},""strategy"":""triple_ma"",""universe"":[""GC""]}","{""commission"":2.5,""multiple"":1,""ticks"":1}",results/book151-futures-v1/jobs/training-f43c0161f56f84c147ac-c1-d0/attempt-1,completed,"{""annual_volatility"":0.019512046439369598,""bars"":1505,""cagr"":-0.005301724113728867,""contracts_traded"":106,""cost"":1325.0,""gap_cap_breach_bars"":2,""max_drawdown"":-0.04702238386705693,""mean"":-0.0049710550635293105,""minimum_participation_capacity_equity"":17209888.544999998,""missing_reasons"":{},""net_pnl"":-30355.0,""rolls"":12,""sharpe"":-0.2547685133374415}",false
book151-futures-v1/training-7fa2b91f9d0176d25ed1-c1-d0/attempt-1,2026-10-03T09:16:04.486707+00:00,6a603df30245ff55438fc8c2fd646ad4c294a150,6a603df30245ff55438fc8c2fd646ad4c294a150,d8953ab125a90ef1a487bfa0d793cd2176bfa145a5c0e033dfd08abc4ebb47ce,fa9ec67c334d923a7f8e24d8ed012018c1a8c8ae4b7c74a0dc1b9b31b89533cc,training,"{""frequency"":""daily"",""id"":""7fa2b91f9d0176d25ed1"",""params"":{""lengths"":[10,40,120]},""strategy"":""triple_ma"",""universe"":[""6E""]}","{""commission"":2.5,""multiple"":1,""ticks"":1}",results/book151-futures-v1/jobs/training-7fa2b91f9d0176d25ed1-c1-d0/attempt-1,completed,"{""annual_volatility"":0.0077263595725500355,""bars"":1505,""cagr"":0.0048719751675658785,""contracts_traded"":74,""cost"":647.5,""gap_cap_breach_bars"":0,""max_drawdown"":-0.011003201616737401,""mean"":0.004748861598069878,""minimum_participation_capacity_equity"":2405827.4625,""missing_reasons"":{},""net_pnl"":28583.75,""rolls"":16,""sharpe"":0.6146311925400784}",false
book151-futures-v1/training-644146886fbe4f983d2a-c1-d0/attempt-1,2026-10-03T09:16:05.144888+00:00,6a603df30245ff55438fc8c2fd646ad4c294a150,6a603df30245ff55438fc8c2fd646ad4c294a150,d8953ab125a90ef1a487bfa0d793cd2176bfa145a5c0e033dfd08abc4ebb47ce,fa9ec67c334d923a7f8e24d8ed012018c1a8c8ae4b7c74a0dc1b9b31b89533cc,training,"{""frequency"":""daily"",""id"":""644146886fbe4f983d2a"",""params"":{""lengths"":[10,40,120]},""strategy"":""triple_ma"",""universe"":[""6E"",""CL"",""ES"",""GC"",""NQ"",""ZN""]}","{""commission"":2.5,""multiple"":1,""ticks"":1}",results/book151-futures-v1/jobs/training-644146886fbe4f983d2a-c1-d0/attempt-1,completed,"{""annual_volatility"":0.02863837742831527,""bars"":1505,""cagr"":0.005085618749560261,""contracts_traded"":464,""cost"":5530.0,""gap_cap_breach_bars"":0,""max_drawdown"":-0.0719654084119371,""mean"":0.00533573274640551,""minimum_participation_capacity_equity"":2398764.1125000003,""missing_reasons"":{},""net_pnl"":29852.5,""rolls"":67,""sharpe"":0.18631407312657233}",false
book151-futures-v1/training-5b25c9c99796ca278c15-c1-d0/attempt-1,2026-10-03T09:16:07.709212+00:00,6a603df30245ff55438fc8c2fd646ad4c294a150,6a603df30245ff55438fc8c2fd646ad4c294a150,d8953ab125a90ef1a487bfa0d793cd2176bfa145a5c0e033dfd08abc4ebb47ce,fa9ec67c334d923a7f8e24d8ed012018c1a8c8ae4b7c74a0dc1b9b31b89533cc,training,"{""frequency"":""daily"",""id"":""5b25c9c99796ca278c15"",""params"":{""lookback"":10},""strategy"":""channel"",""universe"":[""NQ""]}","{""commission"":2.5,""multiple"":1,""ticks"":1}",results/book151-futures-v1/jobs/training-5b25c9c99796ca278c15-c1-d0/attempt-1,completed,"{""annual_volatility"":0.03283158566938234,""bars"":1505,""cagr"":-0.0037323281364393113,""contracts_traded"":282,""cost"":2115.0,""gap_cap_breach_bars"":10,""max_drawdown"":-0.10391229850760264,""mean"":-0.003091900507748052,""minimum_participation_capacity_equity"":1311437.634375,""missing_reasons"":{},""net_pnl"":-21450.0,""rolls"":17,""sharpe"":-0.09417457136806698}",false
book151-futures-v1/training-56e1026c0286ebf5f084-c1-d0/attempt-1,2026-10-03T09:16:07.745492+00:00,6a603df30245ff55438fc8c2fd646ad4c294a150,6a603df30245ff55438fc8c2fd646ad4c294a150,d8953ab125a90ef1a487bfa0d793cd2176bfa145a5c0e033dfd08abc4ebb47ce,fa9ec67c334d923a7f8e24d8ed012018c1a8c8ae4b7c74a0dc1b9b31b89533cc,training,"{""frequency"":""daily"",""id"":""56e1026c0286ebf5f084"",""params"":{""lookback"":10},""strategy"":""channel"",""universe"":[""ES""]}","{""commission"":2.5,""multiple"":1,""ticks"":1}",results/book151-futures-v1/jobs/training-56e1026c0286ebf5f084-c1-d0/attempt-1,completed,"{""annual_volatility"":0.028181137515474314,""bars"":1505,""cagr"":-0.00012808379712214712,""contracts_traded"":282,""cost"":4230.0,""gap_cap_breach_bars"":2,""max_drawdown"":-0.0670081846552435,""mean"":0.0002725457993538048,""minimum_participation_capacity_equity"":3359234.8025,""missing_reasons"":{},""net_pnl"":-742.5,""rolls"":23,""sharpe"":0.009671213562765145}",false
book151-futures-v1/training-8843cfddaf1d465b5f57-c1-d0/attempt-1,2026-10-03T09:16:08.301916+00:00,6a603df30245ff55438fc8c2fd646ad4c294a150,6a603df30245ff55438fc8c2fd646ad4c294a150,d8953ab125a90ef1a487bfa0d793cd2176bfa145a5c0e033dfd08abc4ebb47ce,fa9ec67c334d923a7f8e24d8ed012018c1a8c8ae4b7c74a0dc1b9b31b89533cc,training,"{""frequency"":""daily"",""id"":""8843cfddaf1d465b5f57"",""params"":{""lookback"":10},""strategy"":""channel"",""universe"":[""ZN""]}","{""commission"":2.5,""multiple"":1,""ticks"":1}",results/book151-futures-v1/jobs/training-8843cfddaf1d465b5f57-c1-d0/attempt-1,completed,"{""annual_volatility"":0.0074372166511410326,""bars"":1505,""cagr"":0.0007376433035932717,""contracts_traded"":336,""cost"":6090.0,""gap_cap_breach_bars"":4,""max_drawdown"":-0.020601609491146533,""mean"":0.0007435953086521954,""minimum_participation_capacity_equity"":19706116.15140625,""missing_reasons"":{},""net_pnl"":4285.0,""rolls"":23,""sharpe"":0.09998301024861385}",false
book151-futures-v1/training-7753b2ad8de0640d4674-c1-d0/attempt-1,2026-10-03T09:16:11.145694+00:00,6a603df30245ff55438fc8c2fd646ad4c294a150,6a603df30245ff55438fc8c2fd646ad4c294a150,d8953ab125a90ef1a487bfa0d793cd2176bfa145a5c0e033dfd08abc4ebb47ce,fa9ec67c334d923a7f8e24d8ed012018c1a8c8ae4b7c74a0dc1b9b31b89533cc,training,"{""frequency"":""daily"",""id"":""7753b2ad8de0640d4674"",""params"":{""lookback"":10},""strategy"":""channel"",""universe"":[""CL""]}","{""commission"":2.5,""multiple"":1,""ticks"":1}",results/book151-futures-v1/jobs/training-7753b2ad8de0640d4674-c1-d0/attempt-1,completed,"{""annual_volatility"":0.06522278622298006,""bars"":1505,""cagr"":-0.02268259653883886,""contracts_traded"":1102,""cost"":13775.0,""gap_cap_breach_bars"":26,""max_drawdown"":-0.16882979897710126,""mean"":-0.02015193073547078,""minimum_participation_capacity_equity"":8351405.2425,""missing_reasons"":{},""net_pnl"":-124575.0,""rolls"":56,""sharpe"":-0.308970712575456}",false
book151-futures-v1/training-52c8bc7e1e703d49279d-c1-d0/attempt-1,2026-10-03T09:16:11.152478+00:00,6a603df30245ff55438fc8c2fd646ad4c294a150,6a603df30245ff55438fc8c2fd646ad4c294a150,d8953ab125a90ef1a487bfa0d793cd2176bfa145a5c0e033dfd08abc4ebb47ce,fa9ec67c334d923a7f8e24d8ed012018c1a8c8ae4b7c74a0dc1b9b31b89533cc,training,"{""frequency"":""daily"",""id"":""52c8bc7e1e703d49279d"",""params"":{""lookback"":10},""strategy"":""channel"",""universe"":[""GC""]}","{""commission"":2.5,""multiple"":1,""ticks"":1}",results/book151-futures-v1/jobs/training-52c8bc7e1e703d49279d-c1-d0/attempt-1,completed,"{""annual_volatility"":0.025323478582199795,""bars"":1505,""cagr"":0.0038944369015199154,""contracts_traded"":302,""cost"":3775.0,""gap_cap_breach_bars"":11,""max_drawdown"":-0.06174391768439269,""mean"":0.004094248051364615,""minimum_participation_capacity_equity"":8463379.55625,""missing_reasons"":{},""net_pnl"":22795.0,""rolls"":29,""sharpe"":0.16167794791994003}",false
book151-futures-v1/training-66ca04b386c71b70028c-c1-d0/attempt-1,2026-10-03T09:16:11.543280+00:00,6a603df30245ff55438fc8c2fd646ad4c294a150,6a603df30245ff55438fc8c2fd646ad4c294a150,d8953ab125a90ef1a487bfa0d793cd2176bfa145a5c0e033dfd08abc4ebb47ce,fa9ec67c334d923a7f8e24d8ed012018c1a8c8ae4b7c74a0dc1b9b31b89533cc,training,"{""frequency"":""daily"",""id"":""66ca04b386c71b70028c"",""params"":{""lookback"":10},""strategy"":""channel"",""universe"":[""6E""]}","{""commission"":2.5,""multiple"":1,""ticks"":1}",results/book151-futures-v1/jobs/training-66ca04b386c71b70028c-c1-d0/attempt-1,completed,"{""annual_volatility"":0.00944103231345143,""bars"":1505,""cagr"":0.007340073870646835,""contracts_traded"":242,""cost"":2117.5,""gap_cap_breach_bars"":0,""max_drawdown"":-0.013233240929969026,""mean"":0.007145498228158726,""minimum_participation_capacity_equity"":1563223.1268749998,""missing_reasons"":{},""net_pnl"":43320.0,""rolls"":24,""sharpe"":0.756855605501735}",false
book151-futures-v1/training-b382469098e3456c6b81-c1-d0/attempt-1,2026-10-03T09:16:12.323344+00:00,6a603df30245ff55438fc8c2fd646ad4c294a150,6a603df30245ff55438fc8c2fd646ad4c294a150,d8953ab125a90ef1a487bfa0d793cd2176bfa145a5c0e033dfd08abc4ebb47ce,fa9ec67c334d923a7f8e24d8ed012018c1a8c8ae4b7c74a0dc1b9b31b89533cc,training,"{""frequency"":""daily"",""id"":""b382469098e3456c6b81"",""params"":{""lookback"":10},""strategy"":""channel"",""universe"":[""6E"",""CL"",""ES"",""GC"",""NQ"",""ZN""]}","{""commission"":2.5,""multiple"":1,""ticks"":1}",results/book151-futures-v1/jobs/training-b382469098e3456c6b81-c1-d0/attempt-1,completed,"{""annual_volatility"":0.011526098107070925,""bars"":1505,""cagr"":0.005030913074949295,""contracts_traded"":570,""cost"":8523.75,""gap_cap_breach_bars"":2,""max_drawdown"":-0.020458346810703132,""mean"":0.0049389701315598515,""minimum_participation_capacity_equity"":1545768.0096874998,""missing_reasons"":{},""net_pnl"":29527.5,""rolls"":41,""sharpe"":0.4285032181471662}",false
book151-futures-v1/training-fe69c98f605196b68b56-c1-d0/attempt-1,2026-10-03T09:16:14.551271+00:00,6a603df30245ff55438fc8c2fd646ad4c294a150,6a603df30245ff55438fc8c2fd646ad4c294a150,d8953ab125a90ef1a487bfa0d793cd2176bfa145a5c0e033dfd08abc4ebb47ce,fa9ec67c334d923a7f8e24d8ed012018c1a8c8ae4b7c74a0dc1b9b31b89533cc,training,"{""frequency"":""daily"",""id"":""fe69c98f605196b68b56"",""params"":{""lookback"":20},""strategy"":""channel"",""universe"":[""ES""]}","{""commission"":2.5,""multiple"":1,""ticks"":1}",results/book151-futures-v1/jobs/training-fe69c98f605196b68b56-c1-d0/attempt-1,completed,"{""annual_volatility"":0.02798650984279302,""bars"":1505,""cagr"":-0.0007086818299004705,""contracts_traded"":166,""cost"":2490.0,""gap_cap_breach_bars"":1,""max_drawdown"":-0.07068559751290515,""mean"":-0.00029704340208067755,""minimum_participation_capacity_equity"":3687811.2375,""missing_reasons"":{},""net_pnl"":-4102.5,""rolls"":23,""sharpe"":-0.010613806571424664}",false
book151-futures-v1/training-42a74cf0b530f04bace8-c1-d0/attempt-1,2026-10-03T09:16:14.894753+00:00,6a603df30245ff55438fc8c2fd646ad4c294a150,6a603df30245ff55438fc8c2fd646ad4c294a150,d8953ab125a90ef1a487bfa0d793cd2176bfa145a5c0e033dfd08abc4ebb47ce,fa9ec67c334d923a7f8e24d8ed012018c1a8c8ae4b7c74a0dc1b9b31b89533cc,training,"{""frequency"":""daily"",""id"":""42a74cf0b530f04bace8"",""params"":{""lookback"":20},""strategy"":""channel"",""universe"":[""NQ""]}","{""commission"":2.5,""multiple"":1,""ticks"":1}",results/book151-futures-v1/jobs/training-42a74cf0b530f04bace8-c1-d0/attempt-1,completed,"{""annual_volatility"":0.032035387374647804,""bars"":1505,""cagr"":-0.013945834532184342,""contracts_traded"":128,""cost"":960.0,""gap_cap_breach_bars"":5,""max_drawdown"":-0.14170751633986933,""mean"":-0.013122789502764043,""minimum_participation_capacity_equity"":1507788.0575,""missing_reasons"":{},""net_pnl"":-78210.0,""rolls"":17,""sharpe"":-0.40963417577242}",false
book151-futures-v1/training-d511ad183589f8c01f19-c1-d0/attempt-1,2026-10-03T09:16:15.513374+00:00,6a603df30245ff55438fc8c2fd646ad4c294a150,6a603df30245ff55438fc8c2fd646ad4c294a150,d8953ab125a90ef1a487bfa0d793cd2176bfa145a5c0e033dfd08abc4ebb47ce,fa9ec67c334d923a7f8e24d8ed012018c1a8c8ae4b7c74a0dc1b9b31b89533cc,training,"{""frequency"":""daily"",""id"":""d511ad183589f8c01f19"",""params"":{""lookback"":20},""strategy"":""channel"",""universe"":[""ZN""]}","{""commission"":2.5,""multiple"":1,""ticks"":1}",results/book151-futures-v1/jobs/training-d511ad183589f8c01f19-c1-d0/attempt-1,completed,"{""annual_volatility"":0.007149677059006668,""bars"":1505,""cagr"":-0.0022775466237802133,""contracts_traded"":204,""cost"":3697.5,""gap_cap_breach_bars"":8,""max_drawdown"":-0.023942310622006358,""mean"":-0.0021883641054330698,""minimum_participation_capacity_equity"":19499568.24171875,""missing_reasons"":{},""net_pnl"":-13135.0,""rolls"":23,""sharpe"":-0.30607873437812416}",false
book151-futures-v1/training-b6036358a2f1aa57dbf0-c1-d0/attempt-1,2026-10-03T09:16:18.004392+00:00,6a603df30245ff55438fc8c2fd646ad4c294a150,6a603df30245ff55438fc8c2fd646ad4c294a150,d8953ab125a90ef1a487bfa0d793cd2176bfa145a5c0e033dfd08abc4ebb47ce,fa9ec67c334d923a7f8e24d8ed012018c1a8c8ae4b7c74a0dc1b9b31b89533cc,training,"{""frequency"":""daily"",""id"":""b6036358a2f1aa57dbf0"",""params"":{""lookback"":20},""strategy"":""channel"",""universe"":[""CL""]}","{""commission"":2.5,""multiple"":1,""ticks"":1}",results/book151-futures-v1/jobs/training-b6036358a2f1aa57dbf0-c1-d0/attempt-1,completed,"{""annual_volatility"":0.06812921955155883,""bars"":1505,""cagr"":-0.028285460657311634,""contracts_traded"":956,""cost"":11950.0,""gap_cap_breach_bars"":32,""max_drawdown"":-0.2552751108031718,""mean"":-0.025524444590209933,""minimum_participation_capacity_equity"":6836908.8146875,""missing_reasons"":{},""net_pnl"":-153280.0,""rolls"":51,""sharpe"":-0.3746475412197192}",false
book151-futures-v1/training-cd465352c32952c788b5-c1-d0/attempt-1,2026-10-03T09:16:18.215710+00:00,6a603df30245ff55438fc8c2fd646ad4c294a150,6a603df30245ff55438fc8c2fd646ad4c294a150,d8953ab125a90ef1a487bfa0d793cd2176bfa145a5c0e033dfd08abc4ebb47ce,fa9ec67c334d923a7f8e24d8ed012018c1a8c8ae4b7c74a0dc1b9b31b89533cc,training,"{""frequency"":""daily"",""id"":""cd465352c32952c788b5"",""params"":{""lookback"":20},""strategy"":""channel"",""universe"":[""GC""]}","{""commission"":2.5,""multiple"":1,""ticks"":1}",results/book151-futures-v1/jobs/training-cd465352c32952c788b5-c1-d0/attempt-1,completed,"{""annual_volatility"":0.02553051902000889,""bars"":1505,""cagr"":0.009130655500450446,""contracts_traded"":224,""cost"":2800.0,""gap_cap_breach_bars"":12,""max_drawdown"":-0.04780004802806004,""mean"":0.009150927474689464,""minimum_participation_capacity_equity"":9865707.72,""missing_reasons"":{},""net_pnl"":54120.0,""rolls"":28,""sharpe"":0.3584309221256983}",false
book151-futures-v1/training-34040fd01de0f8373fd1-c1-d0/attempt-1,2026-10-03T09:16:18.765666+00:00,6a603df30245ff55438fc8c2fd646ad4c294a150,6a603df30245ff55438fc8c2fd646ad4c294a150,d8953ab125a90ef1a487bfa0d793cd2176bfa145a5c0e033dfd08abc4ebb47ce,fa9ec67c334d923a7f8e24d8ed012018c1a8c8ae4b7c74a0dc1b9b31b89533cc,training,"{""frequency"":""daily"",""id"":""34040fd01de0f8373fd1"",""params"":{""lookback"":20},""strategy"":""channel"",""universe"":[""6E""]}","{""commission"":2.5,""multiple"":1,""ticks"":1}",results/book151-futures-v1/jobs/training-34040fd01de0f8373fd1-c1-d0/attempt-1,completed,"{""annual_volatility"":0.009687220796157229,""bars"":1505,""cagr"":0.0012302456502379933,""contracts_traded"":138,""cost"":1207.5,""gap_cap_breach_bars"":0,""max_drawdown"":-0.013716233447158444,""mean"":0.0012406759941855207,""minimum_participation_capacity_equity"":1584655.2625000002,""missing_reasons"":{},""net_pnl"":7155.0,""rolls"":24,""sharpe"":0.12807347125582993}",false
book151-futures-v1/training-594b89d88f8300c7eafd-c1-d0/attempt-1,2026-10-03T09:16:19.061182+00:00,6a603df30245ff55438fc8c2fd646ad4c294a150,6a603df30245ff55438fc8c2fd646ad4c294a150,d8953ab125a90ef1a487bfa0d793cd2176bfa145a5c0e033dfd08abc4ebb47ce,fa9ec67c334d923a7f8e24d8ed012018c1a8c8ae4b7c74a0dc1b9b31b89533cc,training,"{""frequency"":""daily"",""id"":""594b89d88f8300c7eafd"",""params"":{""lookback"":20},""strategy"":""channel"",""universe"":[""6E"",""CL"",""ES"",""GC"",""NQ"",""ZN""]}","{""commission"":2.5,""multiple"":1,""ticks"":1}",results/book151-futures-v1/jobs/training-594b89d88f8300c7eafd-c1-d0/attempt-1,completed,"{""annual_volatility"":0.010714780090507118,""bars"":1505,""cagr"":-0.0036462055865359444,""contracts_traded"":300,""cost"":4413.75,""gap_cap_breach_bars"":5,""max_drawdown"":-0.035029853860138904,""mean"":-0.0034893889791673795,""minimum_participation_capacity_equity"":1552889.88125,""missing_reasons"":{},""net_pnl"":-20959.375,""rolls"":40,""sharpe"":-0.3256612781310224}",false
book151-futures-v1/training-b2aa711921f717003688-c1-d0/attempt-1,2026-10-03T09:16:21.390068+00:00,6a603df30245ff55438fc8c2fd646ad4c294a150,6a603df30245ff55438fc8c2fd646ad4c294a150,d8953ab125a90ef1a487bfa0d793cd2176bfa145a5c0e033dfd08abc4ebb47ce,fa9ec67c334d923a7f8e24d8ed012018c1a8c8ae4b7c74a0dc1b9b31b89533cc,training,"{""frequency"":""daily"",""id"":""b2aa711921f717003688"",""params"":{""lookback"":60},""strategy"":""channel"",""universe"":[""ES""]}","{""commission"":2.5,""multiple"":1,""ticks"":1}",results/book151-futures-v1/jobs/training-b2aa711921f717003688-c1-d0/attempt-1,completed,"{""annual_volatility"":0.02694656571326236,""bars"":1505,""cagr"":-0.011919727744081565,""contracts_traded"":94,""cost"":1410.0,""gap_cap_breach_bars"":3,""max_drawdown"":-0.09051001306475825,""mean"":-0.011280153985813368,""minimum_participation_capacity_equity"":5887524.825,""missing_reasons"":{},""net_pnl"":-67172.5,""rolls"":22,""sharpe"":-0.41861193392305224}",false
book151-futures-v1/training-d74fbd3733de451b3f81-c1-d0/attempt-1,2026-10-03T09:16:21.940840+00:00,6a603df30245ff55438fc8c2fd646ad4c294a150,6a603df30245ff55438fc8c2fd646ad4c294a150,d8953ab125a90ef1a487bfa0d793cd2176bfa145a5c0e033dfd08abc4ebb47ce,fa9ec67c334d923a7f8e24d8ed012018c1a8c8ae4b7c74a0dc1b9b31b89533cc,training,"{""frequency"":""daily"",""id"":""d74fbd3733de451b3f81"",""params"":{""lookback"":60},""strategy"":""channel"",""universe"":[""NQ""]}","{""commission"":2.5,""multiple"":1,""ticks"":1}",results/book151-futures-v1/jobs/training-d74fbd3733de451b3f81-c1-d0/attempt-1,completed,"{""annual_volatility"":0.031163231263344124,""bars"":1505,""cagr"":-0.012223632365747417,""contracts_traded"":86,""cost"":645.0,""gap_cap_breach_bars"":4,""max_drawdown"":-0.0900838878490019,""mean"":-0.01145622510976764,""minimum_participation_capacity_equity"":1503268.5575,""missing_reasons"":{},""net_pnl"":-68835.0,""rolls"":17,""sharpe"":-0.367619936872306}",false
book151-futures-v1/training-09e72266fe29ef7728ce-c1-d0/attempt-1,2026-10-03T09:16:22.107387+00:00,6a603df30245ff55438fc8c2fd646ad4c294a150,6a603df30245ff55438fc8c2fd646ad4c294a150,d8953ab125a90ef1a487bfa0d793cd2176bfa145a5c0e033dfd08abc4ebb47ce,fa9ec67c334d923a7f8e24d8ed012018c1a8c8ae4b7c74a0dc1b9b31b89533cc,training,"{""frequency"":""daily"",""id"":""09e72266fe29ef7728ce"",""params"":{""lookback"":60},""strategy"":""channel"",""universe"":[""ZN""]}","{""commission"":2.5,""multiple"":1,""ticks"":1}",results/book151-futures-v1/jobs/training-09e72266fe29ef7728ce-c1-d0/attempt-1,completed,"{""annual_volatility"":0.0046832850473169305,""bars"":1505,""cagr"":-0.00374450885817601,""contracts_traded"":64,""cost"":1160.0,""gap_cap_breach_bars"":1,""max_drawdown"":-0.022682784543527346,""mean"":-0.0036315926660918,""minimum_participation_capacity_equity"":74946169.5496875,""missing_reasons"":{},""net_pnl"":-21519.375,""rolls"":20,""sharpe"":-0.775437033919674}",false
book151-futures-v1/training-27452b2606037ae78ac8-c1-d0/attempt-1,2026-10-03T09:16:24.686013+00:00,6a603df30245ff55438fc8c2fd646ad4c294a150,6a603df30245ff55438fc8c2fd646ad4c294a150,d8953ab125a90ef1a487bfa0d793cd2176bfa145a5c0e033dfd08abc4ebb47ce,fa9ec67c334d923a7f8e24d8ed012018c1a8c8ae4b7c74a0dc1b9b31b89533cc,training,"{""frequency"":""daily"",""id"":""27452b2606037ae78ac8"",""params"":{""lookback"":60},""strategy"":""channel"",""universe"":[""CL""]}","{""commission"":2.5,""multiple"":1,""ticks"":1}",results/book151-futures-v1/jobs/training-27452b2606037ae78ac8-c1-d0/attempt-1,completed,"{""annual_volatility"":0.06689907742671415,""bars"":1505,""cagr"":0.003262128636880579,""contracts_traded"":698,""cost"":8725.0,""gap_cap_breach_bars"":24,""max_drawdown"":-0.1616549218866753,""mean"":0.005412284446212012,""minimum_participation_capacity_equity"":8915141.14375,""missing_reasons"":{},""net_pnl"":19065.0,""rolls"":48,""sharpe"":0.0809022284670667}",false
book151-futures-v1/training-a85de5ef4da417cb997a-c1-d0/attempt-1,2026-10-03T09:16:25.218438+00:00,6a603df30245ff55438fc8c2fd646ad4c294a150,6a603df30245ff55438fc8c2fd646ad4c294a150,d8953ab125a90ef1a487bfa0d793cd2176bfa145a5c0e033dfd08abc4ebb47ce,fa9ec67c334d923a7f8e24d8ed012018c1a8c8ae4b7c74a0dc1b9b31b89533cc,training,"{""frequency"":""daily"",""id"":""a85de5ef4da417cb997a"",""params"":{""lookback"":60},""strategy"":""channel"",""universe"":[""GC""]}","{""commission"":2.5,""multiple"":1,""ticks"":1}",results/book151-futures-v1/jobs/training-a85de5ef4da417cb997a-c1-d0/attempt-1,completed,"{""annual_volatility"":0.024741988946176324,""bars"":1505,""cagr"":0.01278684305430633,""contracts_traded"":144,""cost"":1800.0,""gap_cap_breach_bars"":10,""max_drawdown"":-0.047135126494496915,""mean"":0.012642820426105268,""minimum_participation_capacity_equity"":9935996.778749999,""missing_reasons"":{},""net_pnl"":76460.0,""rolls"":23,""sharpe"":0.5109864228623026}",false
book151-futures-v1/training-ed9e19636ab267e5be30-c1-d0/attempt-1,2026-10-03T09:16:25.330499+00:00,6a603df30245ff55438fc8c2fd646ad4c294a150,6a603df30245ff55438fc8c2fd646ad4c294a150,d8953ab125a90ef1a487bfa0d793cd2176bfa145a5c0e033dfd08abc4ebb47ce,fa9ec67c334d923a7f8e24d8ed012018c1a8c8ae4b7c74a0dc1b9b31b89533cc,training,"{""frequency"":""daily"",""id"":""ed9e19636ab267e5be30"",""params"":{""lookback"":60},""strategy"":""channel"",""universe"":[""6E""]}","{""commission"":2.5,""multiple"":1,""ticks"":1}",results/book151-futures-v1/jobs/training-ed9e19636ab267e5be30-c1-d0/attempt-1,completed,"{""annual_volatility"":0.00976473490577838,""bars"":1505,""cagr"":-0.004736837048221143,""contracts_traded"":68,""cost"":595.0,""gap_cap_breach_bars"":0,""max_drawdown"":-0.04129451138382867,""mean"":-0.004562508037171667,""minimum_participation_capacity_equity"":2399130.49375,""missing_reasons"":{},""net_pnl"":-27157.5,""rolls"":23,""sharpe"":-0.46724341020991333}",false
book151-futures-v1/training-e19ffb21292a6f69d902-c1-d0/attempt-1,2026-10-03T09:16:25.442807+00:00,6a603df30245ff55438fc8c2fd646ad4c294a150,6a603df30245ff55438fc8c2fd646ad4c294a150,d8953ab125a90ef1a487bfa0d793cd2176bfa145a5c0e033dfd08abc4ebb47ce,fa9ec67c334d923a7f8e24d8ed012018c1a8c8ae4b7c74a0dc1b9b31b89533cc,training,"{""frequency"":""daily"",""id"":""e19ffb21292a6f69d902"",""params"":{},""strategy"":""pivot"",""universe"":[""NQ""]}","{""commission"":2.5,""multiple"":1,""ticks"":1}",results/book151-futures-v1/jobs/training-e19ffb21292a6f69d902-c1-d0/attempt-1,failed,ValueError: Participation infeasible,false
book151-futures-v1/training-65c2b8ed6881ec78e83b-c1-d0/attempt-1,2026-10-03T09:16:25.891039+00:00,6a603df30245ff55438fc8c2fd646ad4c294a150,6a603df30245ff55438fc8c2fd646ad4c294a150,d8953ab125a90ef1a487bfa0d793cd2176bfa145a5c0e033dfd08abc4ebb47ce,fa9ec67c334d923a7f8e24d8ed012018c1a8c8ae4b7c74a0dc1b9b31b89533cc,training,"{""frequency"":""daily"",""id"":""65c2b8ed6881ec78e83b"",""params"":{""lookback"":60},""strategy"":""channel"",""universe"":[""6E"",""CL"",""ES"",""GC"",""NQ"",""ZN""]}","{""commission"":2.5,""multiple"":1,""ticks"":1}",results/book151-futures-v1/jobs/training-65c2b8ed6881ec78e83b-c1-d0/attempt-1,completed,"{""annual_volatility"":0.018655944605658573,""bars"":1505,""cagr"":-0.0050598356001834155,""contracts_traded"":266,""cost"":3423.75,""gap_cap_breach_bars"":3,""max_drawdown"":-0.07506594185653892,""mean"":-0.004751732443328204,""minimum_participation_capacity_equity"":2402596.1,""missing_reasons"":{},""net_pnl"":-28986.875,""rolls"":49,""sharpe"":-0.2547033958219916}",false
book151-futures-v1/training-a65ac47ae3099452ad40-c1-d0/attempt-1,2026-10-03T09:16:28.793350+00:00,6a603df30245ff55438fc8c2fd646ad4c294a150,6a603df30245ff55438fc8c2fd646ad4c294a150,d8953ab125a90ef1a487bfa0d793cd2176bfa145a5c0e033dfd08abc4ebb47ce,fa9ec67c334d923a7f8e24d8ed012018c1a8c8ae4b7c74a0dc1b9b31b89533cc,training,"{""frequency"":""daily"",""id"":""a65ac47ae3099452ad40"",""params"":{},""strategy"":""pivot"",""universe"":[""ES""]}","{""commission"":2.5,""multiple"":1,""ticks"":1}",results/book151-futures-v1/jobs/training-a65ac47ae3099452ad40-c1-d0/attempt-1,completed,"{""annual_volatility"":0.01951736644013764,""bars"":1505,""cagr"":-0.006050947508416282,""contracts_traded"":1228,""cost"":18420.0,""gap_cap_breach_bars"":4,""max_drawdown"":-0.05406315706052944,""mean"":-0.005702362389353403,""minimum_participation_capacity_equity"":2956898.615625,""missing_reasons"":{},""net_pnl"":-34582.5,""rolls"":15,""sharpe"":-0.29216863898330275}",false
book151-futures-v1/training-0cf3bbc2add43cfd66f3-c1-d0/attempt-1,2026-10-03T09:16:28.966075+00:00,6a603df30245ff55438fc8c2fd646ad4c294a150,6a603df30245ff55438fc8c2fd646ad4c294a150,d8953ab125a90ef1a487bfa0d793cd2176bfa145a5c0e033dfd08abc4ebb47ce,fa9ec67c334d923a7f8e24d8ed012018c1a8c8ae4b7c74a0dc1b9b31b89533cc,training,"{""frequency"":""daily"",""id"":""0cf3bbc2add43cfd66f3"",""params"":{},""strategy"":""pivot"",""universe"":[""ZN""]}","{""commission"":2.5,""multiple"":1,""ticks"":1}",results/book151-futures-v1/jobs/training-0cf3bbc2add43cfd66f3-c1-d0/attempt-1,completed,"{""annual_volatility"":0.005040690936245643,""bars"":1505,""cagr"":-0.004968855151802232,""contracts_traded"":1220,""cost"":22112.5,""gap_cap_breach_bars"":3,""max_drawdown"":-0.029674263438038806,""mean"":-0.004823822486663642,""minimum_participation_capacity_equity"":30095169.431250002,""missing_reasons"":{},""net_pnl"":-28471.875,""rolls"":17,""sharpe"":-0.9569764438397553}",false
book151-futures-v1/training-dab8fd6940eb8f8af887-c1-d0/attempt-1,2026-10-03T09:16:29.689237+00:00,6a603df30245ff55438fc8c2fd646ad4c294a150,6a603df30245ff55438fc8c2fd646ad4c294a150,d8953ab125a90ef1a487bfa0d793cd2176bfa145a5c0e033dfd08abc4ebb47ce,fa9ec67c334d923a7f8e24d8ed012018c1a8c8ae4b7c74a0dc1b9b31b89533cc,training,"{""frequency"":""daily"",""id"":""dab8fd6940eb8f8af887"",""params"":{},""strategy"":""pivot"",""universe"":[""CL""]}","{""commission"":2.5,""multiple"":1,""ticks"":1}",results/book151-futures-v1/jobs/training-dab8fd6940eb8f8af887-c1-d0/attempt-1,completed,"{""annual_volatility"":0.059015799003075575,""bars"":1505,""cagr"":-0.004390011349098444,""contracts_traded"":4132,""cost"":51650.0,""gap_cap_breach_bars"":13,""max_drawdown"":-0.10005814062529306,""mean"":-0.00254789385806142,""minimum_participation_capacity_equity"":6875964.1275,""missing_reasons"":{},""net_pnl"":-25190.0,""rolls"":31,""sharpe"":-0.04317308078686926}",false
book151-futures-v1/training-b23b0e37d40b045142bc-c1-d0/attempt-1,2026-10-03T09:16:33.320827+00:00,6a603df30245ff55438fc8c2fd646ad4c294a150,6a603df30245ff55438fc8c2fd646ad4c294a150,d8953ab125a90ef1a487bfa0d793cd2176bfa145a5c0e033dfd08abc4ebb47ce,fa9ec67c334d923a7f8e24d8ed012018c1a8c8ae4b7c74a0dc1b9b31b89533cc,training,"{""frequency"":""daily"",""id"":""b23b0e37d40b045142bc"",""params"":{},""strategy"":""pivot"",""universe"":[""GC""]}","{""commission"":2.5,""multiple"":1,""ticks"":1}",results/book151-futures-v1/jobs/training-b23b0e37d40b045142bc-c1-d0/attempt-1,completed,"{""annual_volatility"":0.019996604364389617,""bars"":1505,""cagr"":-0.01591713802538197,""contracts_traded"":1262,""cost"":15775.0,""gap_cap_breach_bars"":12,""max_drawdown"":-0.10990434582437447,""mean"":-0.015378689692606732,""minimum_participation_capacity_equity"":4906552.76375,""missing_reasons"":{},""net_pnl"":-88845.0,""rolls"":17,""sharpe"":-0.7690650578651961}",false
book151-futures-v1/training-911f19f430b9373d4bfc-c1-d0/attempt-1,2026-10-03T09:16:33.383033+00:00,6a603df30245ff55438fc8c2fd646ad4c294a150,6a603df30245ff55438fc8c2fd646ad4c294a150,d8953ab125a90ef1a487bfa0d793cd2176bfa145a5c0e033dfd08abc4ebb47ce,fa9ec67c334d923a7f8e24d8ed012018c1a8c8ae4b7c74a0dc1b9b31b89533cc,training,"{""frequency"":""daily"",""id"":""911f19f430b9373d4bfc"",""params"":{},""strategy"":""pivot"",""universe"":[""6E""]}","{""commission"":2.5,""multiple"":1,""ticks"":1}",results/book151-futures-v1/jobs/training-911f19f430b9373d4bfc-c1-d0/attempt-1,completed,"{""annual_volatility"":0.007311251596280382,""bars"":1505,""cagr"":-0.004410707666029023,""contracts_traded"":978,""cost"":8557.5,""gap_cap_breach_bars"":0,""max_drawdown"":-0.03543755301681162,""mean"":-0.004265331791391818,""minimum_participation_capacity_equity"":1716196.7603125,""missing_reasons"":{},""net_pnl"":-25307.5,""rolls"":15,""sharpe"":-0.5833928343488846}",false
book151-futures-v1/training-bd5f53dca903034978b5-c1-d0/attempt-1,2026-10-03T09:16:34.612620+00:00,6a603df30245ff55438fc8c2fd646ad4c294a150,6a603df30245ff55438fc8c2fd646ad4c294a150,d8953ab125a90ef1a487bfa0d793cd2176bfa145a5c0e033dfd08abc4ebb47ce,fa9ec67c334d923a7f8e24d8ed012018c1a8c8ae4b7c74a0dc1b9b31b89533cc,training,"{""frequency"":""daily"",""id"":""bd5f53dca903034978b5"",""params"":{},""strategy"":""pivot"",""universe"":[""6E"",""CL"",""ES"",""GC"",""NQ"",""ZN""]}","{""commission"":2.5,""multiple"":1,""ticks"":1}",results/book151-futures-v1/jobs/training-bd5f53dca903034978b5-c1-d0/attempt-1,completed,"{""annual_volatility"":0.020397141775782435,""bars"":1505,""cagr"":-0.010339586679675272,""contracts_traded"":3372,""cost"":46152.5,""gap_cap_breach_bars"":2,""max_drawdown"":-0.07308484785916036,""mean"":-0.009883360790347179,""minimum_participation_capacity_equity"":1724664.91921875,""missing_reasons"":{},""net_pnl"":-58488.75,""rolls"":43,""sharpe"":-0.4845463594356006}",false
book151-futures-v1/training-c36247c5a93f8f9e571c-c1-d0/attempt-1,2026-10-03T09:16:40.269294+00:00,6a603df30245ff55438fc8c2fd646ad4c294a150,6a603df30245ff55438fc8c2fd646ad4c294a150,d8953ab125a90ef1a487bfa0d793cd2176bfa145a5c0e033dfd08abc4ebb47ce,fa9ec67c334d923a7f8e24d8ed012018c1a8c8ae4b7c74a0dc1b9b31b89533cc,training,"{""frequency"":""daily"",""id"":""c36247c5a93f8f9e571c"",""params"":{},""strategy"":""ibs"",""universe"":[""6E"",""CL"",""ES"",""GC"",""NQ"",""ZN""]}","{""commission"":2.5,""multiple"":1,""ticks"":1}",results/book151-futures-v1/jobs/training-c36247c5a93f8f9e571c-c1-d0/attempt-1,completed,"{""annual_volatility"":0.020785900258392297,""bars"":1505,""cagr"":-0.006084351222572892,""contracts_traded"":3450,""cost"":45003.75,""gap_cap_breach_bars"":4,""max_drawdown"":-0.0693718331246338,""mean"":-0.005709831037947656,""minimum_participation_capacity_equity"":1501987.0909375001,""missing_reasons"":{},""net_pnl"":-34770.625,""rolls"":39,""sharpe"":-0.2746973172664155}",false
book151-futures-v1/training-710f7694f20ee65ea5d0-c1-d0/attempt-1,2026-10-03T09:16:42.039460+00:00,6a603df30245ff55438fc8c2fd646ad4c294a150,6a603df30245ff55438fc8c2fd646ad4c294a150,d8953ab125a90ef1a487bfa0d793cd2176bfa145a5c0e033dfd08abc4ebb47ce,fa9ec67c334d923a7f8e24d8ed012018c1a8c8ae4b7c74a0dc1b9b31b89533cc,training,"{""frequency"":""monthly"",""id"":""710f7694f20ee65ea5d0"",""params"":{""lookback"":63,""skip"":21},""strategy"":""price_momentum"",""universe"":[""6E"",""CL"",""ES"",""GC"",""NQ"",""ZN""]}","{""commission"":2.5,""multiple"":1,""ticks"":1}",results/book151-futures-v1/jobs/training-710f7694f20ee65ea5d0-c1-d0/attempt-1,completed,"{""annual_volatility"":0.03372362653782908,""bars"":1505,""cagr"":0.0021940584196293855,""contracts_traded"":362,""cost"":4480.0,""gap_cap_breach_bars"":6,""max_drawdown"":-0.04720650768621415,""mean"":0.002696465390001535,""minimum_participation_capacity_equity"":1940734.3140625001,""missing_reasons"":{},""net_pnl"":12790.0,""rolls"":62,""sharpe"":0.07995775267457689}",false
book151-futures-v1/training-218243f196af68f69b5b-c1-d0/attempt-1,2026-10-03T09:16:42.144064+00:00,6a603df30245ff55438fc8c2fd646ad4c294a150,6a603df30245ff55438fc8c2fd646ad4c294a150,d8953ab125a90ef1a487bfa0d793cd2176bfa145a5c0e033dfd08abc4ebb47ce,fa9ec67c334d923a7f8e24d8ed012018c1a8c8ae4b7c74a0dc1b9b31b89533cc,training,"{""frequency"":""monthly"",""id"":""218243f196af68f69b5b"",""params"":{""lookback"":126,""skip"":21},""strategy"":""price_momentum"",""universe"":[""6E"",""CL"",""ES"",""GC"",""NQ"",""ZN""]}","{""commission"":2.5,""multiple"":1,""ticks"":1}",results/book151-futures-v1/jobs/training-218243f196af68f69b5b-c1-d0/attempt-1,completed,"{""annual_volatility"":0.03154055626230312,""bars"":1505,""cagr"":0.013090640061483416,""contracts_traded"":290,""cost"":3558.75,""gap_cap_breach_bars"":4,""max_drawdown"":-0.04519714184634416,""mean"":0.013125062833507936,""minimum_participation_capacity_equity"":2862584.6375,""missing_reasons"":{},""net_pnl"":78333.75,""rolls"":50,""sharpe"":0.41613289012264026}",false
book151-futures-v1/training-1371a12bc8e491a2ccf3-c1-d0/attempt-1,2026-10-03T09:16:43.501364+00:00,6a603df30245ff55438fc8c2fd646ad4c294a150,6a603df30245ff55438fc8c2fd646ad4c294a150,d8953ab125a90ef1a487bfa0d793cd2176bfa145a5c0e033dfd08abc4ebb47ce,fa9ec67c334d923a7f8e24d8ed012018c1a8c8ae4b7c74a0dc1b9b31b89533cc,training,"{""frequency"":""monthly"",""id"":""1371a12bc8e491a2ccf3"",""params"":{""lookback"":252,""skip"":21},""strategy"":""price_momentum"",""universe"":[""6E"",""CL"",""ES"",""GC"",""NQ"",""ZN""]}","{""commission"":2.5,""multiple"":1,""ticks"":1}",results/book151-futures-v1/jobs/training-1371a12bc8e491a2ccf3-c1-d0/attempt-1,completed,"{""annual_volatility"":0.037040333418829396,""bars"":1505,""cagr"":-0.013015087599609565,""contracts_traded"":306,""cost"":3813.75,""gap_cap_breach_bars"":5,""max_drawdown"":-0.1067290640882117,""mean"":-0.012033749592881025,""minimum_participation_capacity_equity"":2401367.821875,""missing_reasons"":{},""net_pnl"":-73153.125,""rolls"":54,""sharpe"":-0.32488232373101933}",false
book151-futures-v1/training-e22f9d5eab52111fa8fa-c1-d0/attempt-1,2026-10-03T09:16:48.586798+00:00,6a603df30245ff55438fc8c2fd646ad4c294a150,6a603df30245ff55438fc8c2fd646ad4c294a150,d8953ab125a90ef1a487bfa0d793cd2176bfa145a5c0e033dfd08abc4ebb47ce,fa9ec67c334d923a7f8e24d8ed012018c1a8c8ae4b7c74a0dc1b9b31b89533cc,training,"{""frequency"":""monthly"",""id"":""e22f9d5eab52111fa8fa"",""params"":{""lookback"":63},""strategy"":""low_volatility"",""universe"":[""6E"",""CL"",""ES"",""GC"",""NQ"",""ZN""]}","{""commission"":2.5,""multiple"":1,""ticks"":1}",results/book151-futures-v1/jobs/training-e22f9d5eab52111fa8fa-c1-d0/attempt-1,completed,"{""annual_volatility"":0.006754584778646404,""bars"":1505,""cagr"":-0.0006788348964963387,""contracts_traded"":82,""cost"":1430.0,""gap_cap_breach_bars"":5,""max_drawdown"":-0.018696698963342695,""mean"":-0.0006365440074562004,""minimum_participation_capacity_equity"":3633997.9684375,""missing_reasons"":{},""net_pnl"":-3930.0,""rolls"":23,""sharpe"":-0.09423880642797436}",false
book151-futures-v1/training-4488e24135b92aac4936-c1-d0/attempt-1,2026-10-03T09:16:49.257804+00:00,6a603df30245ff55438fc8c2fd646ad4c294a150,6a603df30245ff55438fc8c2fd646ad4c294a150,d8953ab125a90ef1a487bfa0d793cd2176bfa145a5c0e033dfd08abc4ebb47ce,fa9ec67c334d923a7f8e24d8ed012018c1a8c8ae4b7c74a0dc1b9b31b89533cc,training,"{""frequency"":""daily"",""id"":""4488e24135b92aac4936"",""params"":{""lookback"":1,""pair"":[""ES"",""NQ""]},""strategy"":""pair_reversal"",""universe"":[""ES"",""NQ""]}","{""commission"":2.5,""multiple"":1,""ticks"":1}",results/book151-futures-v1/jobs/training-4488e24135b92aac4936-c1-d0/attempt-1,completed,"{""annual_volatility"":0.018369413695296696,""bars"":1505,""cagr"":0.0019007676608768787,""contracts_traded"":1752,""cost"":21315.0,""gap_cap_breach_bars"":0,""max_drawdown"":-0.054721330956625125,""mean"":0.002012372724420036,""minimum_participation_capacity_equity"":2613276.325,""missing_reasons"":{},""net_pnl"":11072.5,""rolls"":33,""sharpe"":0.10955018803541257}",false
book151-futures-v1/training-61cfcaf4abe7a98e8af0-c1-d0/attempt-1,2026-10-03T09:16:49.754904+00:00,6a603df30245ff55438fc8c2fd646ad4c294a150,6a603df30245ff55438fc8c2fd646ad4c294a150,d8953ab125a90ef1a487bfa0d793cd2176bfa145a5c0e033dfd08abc4ebb47ce,fa9ec67c334d923a7f8e24d8ed012018c1a8c8ae4b7c74a0dc1b9b31b89533cc,training,"{""frequency"":""monthly"",""id"":""61cfcaf4abe7a98e8af0"",""params"":{""lookback"":126},""strategy"":""low_volatility"",""universe"":[""6E"",""CL"",""ES"",""GC"",""NQ"",""ZN""]}","{""commission"":2.5,""multiple"":1,""ticks"":1}",results/book151-futures-v1/jobs/training-61cfcaf4abe7a98e8af0-c1-d0/attempt-1,completed,"{""annual_volatility"":0.006798110671967176,""bars"":1505,""cagr"":-0.0015723086169753264,""contracts_traded"":82,""cost"":1448.75,""gap_cap_breach_bars"":5,""max_drawdown"":-0.018696698963342695,""mean"":-0.0015047471064998164,""minimum_participation_capacity_equity"":4323747.74,""missing_reasons"":{},""net_pnl"":-9083.125,""rolls"":23,""sharpe"":-0.22134783899662322}",false
book151-futures-v1/training-f926106ce3f997ff1acc-c1-d0/attempt-1,2026-10-03T09:16:49.883729+00:00,6a603df30245ff55438fc8c2fd646ad4c294a150,6a603df30245ff55438fc8c2fd646ad4c294a150,d8953ab125a90ef1a487bfa0d793cd2176bfa145a5c0e033dfd08abc4ebb47ce,fa9ec67c334d923a7f8e24d8ed012018c1a8c8ae4b7c74a0dc1b9b31b89533cc,training,"{""frequency"":""monthly"",""id"":""f926106ce3f997ff1acc"",""params"":{""lookback"":252},""strategy"":""low_volatility"",""universe"":[""6E"",""CL"",""ES"",""GC"",""NQ"",""ZN""]}","{""commission"":2.5,""multiple"":1,""ticks"":1}",results/book151-futures-v1/jobs/training-f926106ce3f997ff1acc-c1-d0/attempt-1,completed,"{""annual_volatility"":0.006771027809041496,""bars"":1505,""cagr"":0.0008672358054906404,""contracts_traded"":78,""cost"":1413.75,""gap_cap_breach_bars"":5,""max_drawdown"":-0.018696698963342695,""mean"":0.0008645892847257978,""minimum_participation_capacity_equity"":30049665.6475,""missing_reasons"":{},""net_pnl"":5039.375,""rolls"":23,""sharpe"":0.12768951909653856}",false
book151-futures-v1/training-d8affec8ed2395b4defc-c1-d0/attempt-1,2026-10-03T09:16:53.640271+00:00,6a603df30245ff55438fc8c2fd646ad4c294a150,6a603df30245ff55438fc8c2fd646ad4c294a150,d8953ab125a90ef1a487bfa0d793cd2176bfa145a5c0e033dfd08abc4ebb47ce,fa9ec67c334d923a7f8e24d8ed012018c1a8c8ae4b7c74a0dc1b9b31b89533cc,training,"{""frequency"":""daily"",""id"":""d8affec8ed2395b4defc"",""params"":{""lookback"":5,""pair"":[""ES"",""NQ""]},""strategy"":""pair_reversal"",""universe"":[""ES"",""NQ""]}","{""commission"":2.5,""multiple"":1,""ticks"":1}",results/book151-futures-v1/jobs/training-d8affec8ed2395b4defc-c1-d0/attempt-1,completed,"{""annual_volatility"":0.018801603839355516,""bars"":1505,""cagr"":0.0002645434293755411,""contracts_traded"":740,""cost"":9120.0,""gap_cap_breach_bars"":0,""max_drawdown"":-0.041636903688204274,""mean"":0.0004334606986276903,""minimum_participation_capacity_equity"":1750871.834375,""missing_reasons"":{},""net_pnl"":1535.0,""rolls"":32,""sharpe"":0.023054453350430163}",false
book151-futures-v1/training-122e1558fbf556d583f4-c1-d0/attempt-1,2026-10-03T09:16:54.195969+00:00,6a603df30245ff55438fc8c2fd646ad4c294a150,6a603df30245ff55438fc8c2fd646ad4c294a150,d8953ab125a90ef1a487bfa0d793cd2176bfa145a5c0e033dfd08abc4ebb47ce,fa9ec67c334d923a7f8e24d8ed012018c1a8c8ae4b7c74a0dc1b9b31b89533cc,training,"{""frequency"":""daily"",""id"":""122e1558fbf556d583f4"",""params"":{""lookback"":10,""pair"":[""ES"",""NQ""]},""strategy"":""pair_reversal"",""universe"":[""ES"",""NQ""]}","{""commission"":2.5,""multiple"":1,""ticks"":1}",results/book151-futures-v1/jobs/training-122e1558fbf556d583f4-c1-d0/attempt-1,completed,"{""annual_volatility"":0.019531371013928232,""bars"":1505,""cagr"":0.003978205638399013,""contracts_traded"":526,""cost"":6525.0,""gap_cap_breach_bars"":0,""max_drawdown"":-0.027874999999999983,""mean"":0.0040455215474546075,""minimum_participation_capacity_equity"":2141105.8218750004,""missing_reasons"":{},""net_pnl"":23290.0,""rolls"":32,""sharpe"":0.20712941987378466}",false
book151-futures-v1/training-6695504cb9043f3f0b97-c1-d0/attempt-1,2026-10-03T09:16:56.367848+00:00,6a603df30245ff55438fc8c2fd646ad4c294a150,6a603df30245ff55438fc8c2fd646ad4c294a150,d8953ab125a90ef1a487bfa0d793cd2176bfa145a5c0e033dfd08abc4ebb47ce,fa9ec67c334d923a7f8e24d8ed012018c1a8c8ae4b7c74a0dc1b9b31b89533cc,training,"{""frequency"":""monthly"",""id"":""6695504cb9043f3f0b97"",""params"":{""filter"":""none"",""lookback"":63},""strategy"":""rotation"",""universe"":[""6E"",""CL"",""ES"",""GC"",""NQ"",""ZN""]}","{""commission"":2.5,""multiple"":1,""ticks"":1}",results/book151-futures-v1/jobs/training-6695504cb9043f3f0b97-c1-d0/attempt-1,completed,"{""annual_volatility"":0.050248620069971134,""bars"":1505,""cagr"":0.035583037420861,""contracts_traded"":430,""cost"":5163.75,""gap_cap_breach_bars"":2,""max_drawdown"":-0.08132012880383499,""mean"":0.03521399636863956,""minimum_participation_capacity_equity"":2597527.6875,""missing_reasons"":{},""net_pnl"":224768.125,""rolls"":42,""sharpe"":0.7007952918827248}",false
book151-futures-v1/training-6528e78a5ee591204c95-c1-d0/attempt-1,2026-10-03T09:16:56.461664+00:00,6a603df30245ff55438fc8c2fd646ad4c294a150,6a603df30245ff55438fc8c2fd646ad4c294a150,d8953ab125a90ef1a487bfa0d793cd2176bfa145a5c0e033dfd08abc4ebb47ce,fa9ec67c334d923a7f8e24d8ed012018c1a8c8ae4b7c74a0dc1b9b31b89533cc,training,"{""frequency"":""monthly"",""id"":""6528e78a5ee591204c95"",""params"":{""filter"":""none"",""lookback"":126},""strategy"":""rotation"",""universe"":[""6E"",""CL"",""ES"",""GC"",""NQ"",""ZN""]}","{""commission"":2.5,""multiple"":1,""ticks"":1}",results/book151-futures-v1/jobs/training-6528e78a5ee591204c95-c1-d0/attempt-1,completed,"{""annual_volatility"":0.048083738234988134,""bars"":1505,""cagr"":0.04466485639040174,""contracts_traded"":404,""cost"":4830.0,""gap_cap_breach_bars"":11,""max_drawdown"":-0.07129306194589102,""mean"":0.0435861310769876,""minimum_participation_capacity_equity"":2797860.44,""missing_reasons"":{},""net_pnl"":288377.5,""rolls"":37,""sharpe"":0.9064630304736196}",false
book151-futures-v1/training-74837a9bf34c64b4e9ff-c1-d0/attempt-1,2026-10-03T09:17:00.379458+00:00,6a603df30245ff55438fc8c2fd646ad4c294a150,6a603df30245ff55438fc8c2fd646ad4c294a150,d8953ab125a90ef1a487bfa0d793cd2176bfa145a5c0e033dfd08abc4ebb47ce,fa9ec67c334d923a7f8e24d8ed012018c1a8c8ae4b7c74a0dc1b9b31b89533cc,training,"{""frequency"":""monthly"",""id"":""74837a9bf34c64b4e9ff"",""params"":{""filter"":""none"",""lookback"":252},""strategy"":""rotation"",""universe"":[""6E"",""CL"",""ES"",""GC"",""NQ"",""ZN""]}","{""commission"":2.5,""multiple"":1,""ticks"":1}",results/book151-futures-v1/jobs/training-74837a9bf34c64b4e9ff-c1-d0/attempt-1,completed,"{""annual_volatility"":0.04143697094372122,""bars"":1505,""cagr"":0.028835837420051247,""contracts_traded"":252,""cost"":2957.5,""gap_cap_breach_bars"":7,""max_drawdown"":-0.09076251383520506,""mean"":0.0284625186867064,""minimum_participation_capacity_equity"":2538606.90234375,""missing_reasons"":{},""net_pnl"":179212.5,""rolls"":35,""sharpe"":0.6868870488956244}",false
book151-futures-v1/training-cd08f790681ac3a4d969-c1-d0/attempt-1,2026-10-03T09:17:02.246669+00:00,6a603df30245ff55438fc8c2fd646ad4c294a150,6a603df30245ff55438fc8c2fd646ad4c294a150,d8953ab125a90ef1a487bfa0d793cd2176bfa145a5c0e033dfd08abc4ebb47ce,fa9ec67c334d923a7f8e24d8ed012018c1a8c8ae4b7c74a0dc1b9b31b89533cc,training,"{""frequency"":""monthly"",""id"":""cd08f790681ac3a4d969"",""params"":{""filter"":""own_ma"",""lookback"":63,""ma"":120},""strategy"":""rotation_ma"",""universe"":[""6E"",""CL"",""ES"",""GC"",""NQ"",""ZN""]}","{""commission"":2.5,""multiple"":1,""ticks"":1}",results/book151-futures-v1/jobs/training-cd08f790681ac3a4d969-c1-d0/attempt-1,completed,"{""annual_volatility"":0.04957921174464734,""bars"":1505,""cagr"":0.027166023471146827,""contracts_traded"":424,""cost"":5075.0,""gap_cap_breach_bars"":4,""max_drawdown"":-0.08371929084096452,""mean"":0.02725575756716582,""minimum_participation_capacity_equity"":2605312.8000000003,""missing_reasons"":{},""net_pnl"":168157.5,""rolls"":41,""sharpe"":0.5497416479217906}",false
book151-futures-v1/training-34b569aee977098ea596-c1-d0/attempt-1,2026-10-03T09:17:04.478270+00:00,6a603df30245ff55438fc8c2fd646ad4c294a150,6a603df30245ff55438fc8c2fd646ad4c294a150,d8953ab125a90ef1a487bfa0d793cd2176bfa145a5c0e033dfd08abc4ebb47ce,fa9ec67c334d923a7f8e24d8ed012018c1a8c8ae4b7c74a0dc1b9b31b89533cc,training,"{""frequency"":""monthly"",""id"":""34b569aee977098ea596"",""params"":{""filter"":""own_ma"",""lookback"":126,""ma"":120},""strategy"":""rotation_ma"",""universe"":[""6E"",""CL"",""ES"",""GC"",""NQ"",""ZN""]}","{""commission"":2.5,""multiple"":1,""ticks"":1}",results/book151-futures-v1/jobs/training-34b569aee977098ea596-c1-d0/attempt-1,completed,"{""annual_volatility"":0.046201864288453645,""bars"":1505,""cagr"":0.029759544523787484,""contracts_traded"":326,""cost"":3837.5,""gap_cap_breach_bars"":7,""max_drawdown"":-0.07917836345370488,""mean"":0.029542929256474885,""minimum_participation_capacity_equity"":2797860.44,""missing_reasons"":{},""net_pnl"":185365.0,""rolls"":35,""sharpe"":0.6394315405116238}",false
book151-futures-v1/training-9dd027fe1a4218213c7a-c1-d0/attempt-1,2026-10-03T09:17:04.664038+00:00,6a603df30245ff55438fc8c2fd646ad4c294a150,6a603df30245ff55438fc8c2fd646ad4c294a150,d8953ab125a90ef1a487bfa0d793cd2176bfa145a5c0e033dfd08abc4ebb47ce,fa9ec67c334d923a7f8e24d8ed012018c1a8c8ae4b7c74a0dc1b9b31b89533cc,training,"{""frequency"":""monthly"",""id"":""9dd027fe1a4218213c7a"",""params"":{""filter"":""own_ma"",""lookback"":252,""ma"":120},""strategy"":""rotation_ma"",""universe"":[""6E"",""CL"",""ES"",""GC"",""NQ"",""ZN""]}","{""commission"":2.5,""multiple"":1,""ticks"":1}",results/book151-futures-v1/jobs/training-9dd027fe1a4218213c7a-c1-d0/attempt-1,completed,"{""annual_volatility"":0.03910544595932266,""bars"":1505,""cagr"":0.030987670678382928,""contracts_traded"":222,""cost"":2527.5,""gap_cap_breach_bars"":5,""max_drawdown"":-0.04477476937751601,""mean"":0.03039743565494327,""minimum_participation_capacity_equity"":2569195.2515625,""missing_reasons"":{},""net_pnl"":193586.25,""rolls"":32,""sharpe"":0.7773197545570142}",false
book151-futures-v1/training-399863b228f5b8b40a2f-c1-d0/attempt-1,2026-10-03T09:17:08.735353+00:00,6a603df30245ff55438fc8c2fd646ad4c294a150,6a603df30245ff55438fc8c2fd646ad4c294a150,d8953ab125a90ef1a487bfa0d793cd2176bfa145a5c0e033dfd08abc4ebb47ce,fa9ec67c334d923a7f8e24d8ed012018c1a8c8ae4b7c74a0dc1b9b31b89533cc,training,"{""frequency"":""monthly"",""id"":""399863b228f5b8b40a2f"",""params"":{""filter"":""broad_ma"",""lookback"":63,""ma"":120},""strategy"":""dual_rotation"",""universe"":[""6E"",""CL"",""ES"",""GC"",""NQ"",""ZN""]}","{""commission"":2.5,""multiple"":1,""ticks"":1}",results/book151-futures-v1/jobs/training-399863b228f5b8b40a2f-c1-d0/attempt-1,completed,"{""annual_volatility"":0.04958377749133385,""bars"":1505,""cagr"":0.03807935837617338,""contracts_traded"":432,""cost"":5155.0,""gap_cap_breach_bars"":3,""max_drawdown"":-0.07391926940802485,""mean"":0.037518775874644264,""minimum_participation_capacity_equity"":2597527.6875,""missing_reasons"":{},""net_pnl"":241987.5,""rolls"":42,""sharpe"":0.7566744159660228}",false
book151-futures-v1/training-8eb2fca6484cbd1da6fc-c1-d0/attempt-1,2026-10-03T09:17:09.283458+00:00,6a603df30245ff55438fc8c2fd646ad4c294a150,6a603df30245ff55438fc8c2fd646ad4c294a150,d8953ab125a90ef1a487bfa0d793cd2176bfa145a5c0e033dfd08abc4ebb47ce,fa9ec67c334d923a7f8e24d8ed012018c1a8c8ae4b7c74a0dc1b9b31b89533cc,training,"{""frequency"":""monthly"",""id"":""8eb2fca6484cbd1da6fc"",""params"":{""lookback"":63},""risk"":{""root_cap"":0.5},""strategy"":""skewness"",""universe"":[""CL"",""GC""]}","{""commission"":2.5,""multiple"":1,""ticks"":1}",results/book151-futures-v1/jobs/training-8eb2fca6484cbd1da6fc-c1-d0/attempt-1,completed,"{""annual_volatility"":0.08022070931098238,""bars"":1505,""cagr"":-0.01160441561706127,""contracts_traded"":802,""cost"":10025.0,""gap_cap_breach_bars"":4,""max_drawdown"":-0.1635544423190758,""mean"":-0.008125812816250523,""minimum_participation_capacity_equity"":4698544.769062501,""missing_reasons"":{},""net_pnl"":-65444.999999999534,""rolls"":88,""sharpe"":-0.10129320578243857}",false
book151-futures-v1/training-17895c97f056980bd755-c1-d0/attempt-1,2026-10-03T09:17:10.375572+00:00,6a603df30245ff55438fc8c2fd646ad4c294a150,6a603df30245ff55438fc8c2fd646ad4c294a150,d8953ab125a90ef1a487bfa0d793cd2176bfa145a5c0e033dfd08abc4ebb47ce,fa9ec67c334d923a7f8e24d8ed012018c1a8c8ae4b7c74a0dc1b9b31b89533cc,training,"{""frequency"":""monthly"",""id"":""17895c97f056980bd755"",""params"":{""filter"":""broad_ma"",""lookback"":126,""ma"":120},""strategy"":""dual_rotation"",""universe"":[""6E"",""CL"",""ES"",""GC"",""NQ"",""ZN""]}","{""commission"":2.5,""multiple"":1,""ticks"":1}",results/book151-futures-v1/jobs/training-17895c97f056980bd755-c1-d0/attempt-1,completed,"{""annual_volatility"":0.045305043020853975,""bars"":1505,""cagr"":0.04534023203154658,""contracts_traded"":428,""cost"":5112.5,""gap_cap_breach_bars"":13,""max_drawdown"":-0.04514560831397019,""mean"":0.0440837431389364,""minimum_participation_capacity_equity"":2797860.44,""missing_reasons"":{},""net_pnl"":293215.0,""rolls"":37,""sharpe"":0.973042738722146}",false
book151-futures-v1/training-16d286f39829bab62956-c1-d0/attempt-1,2026-10-03T09:17:12.490548+00:00,6a603df30245ff55438fc8c2fd646ad4c294a150,6a603df30245ff55438fc8c2fd646ad4c294a150,d8953ab125a90ef1a487bfa0d793cd2176bfa145a5c0e033dfd08abc4ebb47ce,fa9ec67c334d923a7f8e24d8ed012018c1a8c8ae4b7c74a0dc1b9b31b89533cc,training,"{""frequency"":""monthly"",""id"":""16d286f39829bab62956"",""params"":{""filter"":""broad_ma"",""lookback"":252,""ma"":120},""strategy"":""dual_rotation"",""universe"":[""6E"",""CL"",""ES"",""GC"",""NQ"",""ZN""]}","{""commission"":2.5,""multiple"":1,""ticks"":1}",results/book151-futures-v1/jobs/training-16d286f39829bab62956-c1-d0/attempt-1,completed,"{""annual_volatility"":0.03942494563412554,""bars"":1505,""cagr"":0.035750292654493254,""contracts_traded"":256,""cost"":3046.25,""gap_cap_breach_bars"":6,""max_drawdown"":-0.04126893933480902,""mean"":0.03488538140704687,""minimum_participation_capacity_equity"":2538606.90234375,""missing_reasons"":{},""net_pnl"":225915.625,""rolls"":35,""sharpe"":0.8848555361570543}",false
book151-futures-v1/training-2fe272c675aa1dab1a47-c1-d0/attempt-1,2026-10-03T09:17:13.320151+00:00,6a603df30245ff55438fc8c2fd646ad4c294a150,6a603df30245ff55438fc8c2fd646ad4c294a150,d8953ab125a90ef1a487bfa0d793cd2176bfa145a5c0e033dfd08abc4ebb47ce,fa9ec67c334d923a7f8e24d8ed012018c1a8c8ae4b7c74a0dc1b9b31b89533cc,training,"{""frequency"":""monthly"",""id"":""2fe272c675aa1dab1a47"",""params"":{""lookback"":126},""risk"":{""root_cap"":0.5},""strategy"":""skewness"",""universe"":[""CL"",""GC""]}","{""commission"":2.5,""multiple"":1,""ticks"":1}",results/book151-futures-v1/jobs/training-2fe272c675aa1dab1a47-c1-d0/attempt-1,completed,"{""annual_volatility"":0.07982960563419245,""bars"":1505,""cagr"":0.009044791004931385,""contracts_traded"":884,""cost"":11050.0,""gap_cap_breach_bars"":6,""max_drawdown"":-0.20447813531353132,""mean"":0.011915781996693933,""minimum_participation_capacity_equity"":5061289.1390625,""missing_reasons"":{},""net_pnl"":53599.999999999534,""rolls"":86,""sharpe"":0.14926519932086688}",false
book151-futures-v1/training-774a3e6db45792f06b80-c1-d0/attempt-1,2026-10-03T09:17:13.803900+00:00,6a603df30245ff55438fc8c2fd646ad4c294a150,6a603df30245ff55438fc8c2fd646ad4c294a150,d8953ab125a90ef1a487bfa0d793cd2176bfa145a5c0e033dfd08abc4ebb47ce,fa9ec67c334d923a7f8e24d8ed012018c1a8c8ae4b7c74a0dc1b9b31b89533cc,training,"{""frequency"":""monthly"",""id"":""774a3e6db45792f06b80"",""params"":{""lookback"":252},""risk"":{""root_cap"":0.5},""strategy"":""skewness"",""universe"":[""CL"",""GC""]}","{""commission"":2.5,""multiple"":1,""ticks"":1}",results/book151-futures-v1/jobs/training-774a3e6db45792f06b80-c1-d0/attempt-1,completed,"{""annual_volatility"":0.08327468879780203,""bars"":1505,""cagr"":0.04832234195609986,""contracts_traded"":798,""cost"":9975.0,""gap_cap_breach_bars"":2,""max_drawdown"":-0.1724176503608008,""mean"":0.049278002712005435,""minimum_participation_capacity_equity"":5318856.7181250015,""missing_reasons"":{},""net_pnl"":314755.00000000023,""rolls"":88,""sharpe"":0.5917524691284838}",false
book151-futures-v1/training-44674009a782b062b30e-c1-d0/attempt-1,2026-10-03T09:17:15.951172+00:00,6a603df30245ff55438fc8c2fd646ad4c294a150,6a603df30245ff55438fc8c2fd646ad4c294a150,d8953ab125a90ef1a487bfa0d793cd2176bfa145a5c0e033dfd08abc4ebb47ce,fa9ec67c334d923a7f8e24d8ed012018c1a8c8ae4b7c74a0dc1b9b31b89533cc,training,"{""frequency"":""daily"",""id"":""44674009a782b062b30e"",""params"":{""neighbours"":5},""strategy"":""knn"",""universe"":[""ES""]}","{""commission"":2.5,""multiple"":1,""ticks"":1}",results/book151-futures-v1/jobs/training-44674009a782b062b30e-c1-d0/attempt-1,completed,"{""annual_volatility"":0.024030167567589873,""bars"":1505,""cagr"":0.00864886563577083,""contracts_traded"":438,""cost"":6570.0,""gap_cap_breach_bars"":3,""max_drawdown"":-0.04721689914880345,""mean"":0.0086499824909941,""minimum_participation_capacity_equity"":3528364.34375,""missing_reasons"":{},""net_pnl"":51205.0,""rolls"":23,""sharpe"":0.35996346952904995}",false
book151-futures-v1/training-80602c5ecdc9cacef841-c1-d0/attempt-1,2026-10-03T09:17:16.643441+00:00,6a603df30245ff55438fc8c2fd646ad4c294a150,6a603df30245ff55438fc8c2fd646ad4c294a150,d8953ab125a90ef1a487bfa0d793cd2176bfa145a5c0e033dfd08abc4ebb47ce,fa9ec67c334d923a7f8e24d8ed012018c1a8c8ae4b7c74a0dc1b9b31b89533cc,training,"{""frequency"":""daily"",""id"":""80602c5ecdc9cacef841"",""params"":{""neighbours"":5},""strategy"":""knn"",""universe"":[""NQ""]}","{""commission"":2.5,""multiple"":1,""ticks"":1}",results/book151-futures-v1/jobs/training-80602c5ecdc9cacef841-c1-d0/attempt-1,completed,"{""annual_volatility"":0.02182154870667014,""bars"":1505,""cagr"":0.0025597742160576864,""contracts_traded"":206,""cost"":1545.0,""gap_cap_breach_bars"":2,""max_drawdown"":-0.055215863876680316,""mean"":0.0027203957383317378,""minimum_participation_capacity_equity"":11046448.0,""missing_reasons"":{},""net_pnl"":14935.0,""rolls"":19,""sharpe"":0.12466556681653862}",false
book151-futures-v1/training-52b93f53ca3827797c1a-c1-d0/attempt-1,2026-10-03T09:17:16.770328+00:00,6a603df30245ff55438fc8c2fd646ad4c294a150,6a603df30245ff55438fc8c2fd646ad4c294a150,d8953ab125a90ef1a487bfa0d793cd2176bfa145a5c0e033dfd08abc4ebb47ce,fa9ec67c334d923a7f8e24d8ed012018c1a8c8ae4b7c74a0dc1b9b31b89533cc,training,"{""frequency"":""daily"",""id"":""52b93f53ca3827797c1a"",""params"":{""neighbours"":5},""strategy"":""knn"",""universe"":[""ZN""]}","{""commission"":2.5,""multiple"":1,""ticks"":1}",results/book151-futures-v1/jobs/training-52b93f53ca3827797c1a-c1-d0/attempt-1,completed,"{""annual_volatility"":0.0,""bars"":1505,""cagr"":0.0,""contracts_traded"":0,""cost"":0.0,""gap_cap_breach_bars"":0,""max_drawdown"":0.0,""mean"":0.0,""minimum_participation_capacity_equity"":null,""missing_reasons"":{""minimum_participation_capacity_equity"":""No traded legs"",""sharpe"":""Zero or insufficient return variance""},""net_pnl"":0.0,""rolls"":0,""sharpe"":null}",false
book151-futures-v1/training-e801cfb08a40ff587214-c1-d0/attempt-1,2026-10-03T09:17:19.820270+00:00,6a603df30245ff55438fc8c2fd646ad4c294a150,6a603df30245ff55438fc8c2fd646ad4c294a150,d8953ab125a90ef1a487bfa0d793cd2176bfa145a5c0e033dfd08abc4ebb47ce,fa9ec67c334d923a7f8e24d8ed012018c1a8c8ae4b7c74a0dc1b9b31b89533cc,training,"{""frequency"":""daily"",""id"":""e801cfb08a40ff587214"",""params"":{""neighbours"":5},""strategy"":""knn"",""universe"":[""6E"",""CL"",""ES"",""GC"",""NQ"",""ZN""]}","{""commission"":2.5,""multiple"":1,""ticks"":1}",results/book151-futures-v1/jobs/training-e801cfb08a40ff587214-c1-d0/attempt-1,completed,"{""annual_volatility"":0.020896192722271483,""bars"":1505,""cagr"":0.0055017554840932625,""contracts_traded"":1080,""cost"":12325.0,""gap_cap_breach_bars"":0,""max_drawdown"":-0.045509994112220786,""mean"":0.0055456099648894435,""minimum_participation_capacity_equity"":1381672.430625,""missing_reasons"":{},""net_pnl"":32327.5,""rolls"":80,""sharpe"":0.26538853458117506}",false
book151-futures-v1/training-c782176f6f8a038504af-c1-d0/attempt-1,2026-10-03T09:17:19.955276+00:00,6a603df30245ff55438fc8c2fd646ad4c294a150,6a603df30245ff55438fc8c2fd646ad4c294a150,d8953ab125a90ef1a487bfa0d793cd2176bfa145a5c0e033dfd08abc4ebb47ce,fa9ec67c334d923a7f8e24d8ed012018c1a8c8ae4b7c74a0dc1b9b31b89533cc,training,"{""frequency"":""daily"",""id"":""c782176f6f8a038504af"",""params"":{""neighbours"":5},""strategy"":""knn"",""universe"":[""CL""]}","{""commission"":2.5,""multiple"":1,""ticks"":1}",results/book151-futures-v1/jobs/training-c782176f6f8a038504af-c1-d0/attempt-1,completed,"{""annual_volatility"":0.07413224181167524,""bars"":1505,""cagr"":0.06728175171013873,""contracts_traded"":2188,""cost"":27350.0,""gap_cap_breach_bars"":40,""max_drawdown"":-0.092623270414111,""mean"":0.06596091013277207,""minimum_participation_capacity_equity"":6012793.301624999,""missing_reasons"":{},""net_pnl"":458760.0,""rolls"":57,""sharpe"":0.8897735792253316}",false
book151-futures-v1/training-96f678652d630b232de5-c1-d0/attempt-1,2026-10-03T09:17:20.630537+00:00,6a603df30245ff55438fc8c2fd646ad4c294a150,6a603df30245ff55438fc8c2fd646ad4c294a150,d8953ab125a90ef1a487bfa0d793cd2176bfa145a5c0e033dfd08abc4ebb47ce,fa9ec67c334d923a7f8e24d8ed012018c1a8c8ae4b7c74a0dc1b9b31b89533cc,training,"{""frequency"":""daily"",""id"":""96f678652d630b232de5"",""params"":{""neighbours"":5},""strategy"":""knn"",""universe"":[""6E""]}","{""commission"":2.5,""multiple"":1,""ticks"":1}",results/book151-futures-v1/jobs/training-96f678652d630b232de5-c1-d0/attempt-1,completed,"{""annual_volatility"":0.009763443285184506,""bars"":1505,""cagr"":-0.00035922192353032845,""contracts_traded"":370,""cost"":3237.5,""gap_cap_breach_bars"":0,""max_drawdown"":-0.03127981922232714,""mean"":-0.00030121891627761776,""minimum_participation_capacity_equity"":1370146.4549999998,""missing_reasons"":{},""net_pnl"":-2081.25,""rolls"":23,""sharpe"":-0.030851709533121482}",false
book151-futures-v1/training-f534200946ffe4d9af67-c1-d0/attempt-1,2026-10-03T09:17:20.689360+00:00,6a603df30245ff55438fc8c2fd646ad4c294a150,6a603df30245ff55438fc8c2fd646ad4c294a150,d8953ab125a90ef1a487bfa0d793cd2176bfa145a5c0e033dfd08abc4ebb47ce,fa9ec67c334d923a7f8e24d8ed012018c1a8c8ae4b7c74a0dc1b9b31b89533cc,training,"{""frequency"":""daily"",""id"":""f534200946ffe4d9af67"",""params"":{""neighbours"":5},""strategy"":""knn"",""universe"":[""GC""]}","{""commission"":2.5,""multiple"":1,""ticks"":1}",results/book151-futures-v1/jobs/training-f534200946ffe4d9af67-c1-d0/attempt-1,completed,"{""annual_volatility"":0.02665105694599743,""bars"":1505,""cagr"":0.013291647385278882,""contracts_traded"":642,""cost"":8025.0,""gap_cap_breach_bars"":7,""max_drawdown"":-0.04342515212525444,""mean"":0.013175787585402067,""minimum_participation_capacity_equity"":10207502.6875,""missing_reasons"":{},""net_pnl"":79575.0,""rolls"":29,""sharpe"":0.49438142780227956}",false
book151-futures-v1/training-2d1d34e83286dc40a422-c1-d0/attempt-1,2026-10-03T09:17:23.470091+00:00,6a603df30245ff55438fc8c2fd646ad4c294a150,6a603df30245ff55438fc8c2fd646ad4c294a150,d8953ab125a90ef1a487bfa0d793cd2176bfa145a5c0e033dfd08abc4ebb47ce,fa9ec67c334d923a7f8e24d8ed012018c1a8c8ae4b7c74a0dc1b9b31b89533cc,training,"{""frequency"":""daily"",""id"":""2d1d34e83286dc40a422"",""params"":{""neighbours"":10},""strategy"":""knn"",""universe"":[""ES""]}","{""commission"":2.5,""multiple"":1,""ticks"":1}",results/book151-futures-v1/jobs/training-2d1d34e83286dc40a422-c1-d0/attempt-1,completed,"{""annual_volatility"":0.024038353624973384,""bars"":1505,""cagr"":0.011767890855906904,""contracts_traded"":282,""cost"":4230.0,""gap_cap_breach_bars"":4,""max_drawdown"":-0.04164136310691213,""mean"":0.011648326062028461,""minimum_participation_capacity_equity"":4474426.360625001,""missing_reasons"":{},""net_pnl"":70195.0,""rolls"":23,""sharpe"":0.48457253952396495}",false
book151-futures-v1/training-e2b124477c7737cbbf51-c1-d0/attempt-1,2026-10-03T09:17:23.689002+00:00,6a603df30245ff55438fc8c2fd646ad4c294a150,6a603df30245ff55438fc8c2fd646ad4c294a150,d8953ab125a90ef1a487bfa0d793cd2176bfa145a5c0e033dfd08abc4ebb47ce,fa9ec67c334d923a7f8e24d8ed012018c1a8c8ae4b7c74a0dc1b9b31b89533cc,training,"{""frequency"":""daily"",""id"":""e2b124477c7737cbbf51"",""params"":{""neighbours"":10},""strategy"":""knn"",""universe"":[""ZN""]}","{""commission"":2.5,""multiple"":1,""ticks"":1}",results/book151-futures-v1/jobs/training-e2b124477c7737cbbf51-c1-d0/attempt-1,completed,"{""annual_volatility"":0.0,""bars"":1505,""cagr"":0.0,""contracts_traded"":0,""cost"":0.0,""gap_cap_breach_bars"":0,""max_drawdown"":0.0,""mean"":0.0,""minimum_participation_capacity_equity"":null,""missing_reasons"":{""minimum_participation_capacity_equity"":""No traded legs"",""sharpe"":""Zero or insufficient return variance""},""net_pnl"":0.0,""rolls"":0,""sharpe"":null}",false
book151-futures-v1/training-9415901133286e3d1d88-c1-d0/attempt-1,2026-10-03T09:17:23.926996+00:00,6a603df30245ff55438fc8c2fd646ad4c294a150,6a603df30245ff55438fc8c2fd646ad4c294a150,d8953ab125a90ef1a487bfa0d793cd2176bfa145a5c0e033dfd08abc4ebb47ce,fa9ec67c334d923a7f8e24d8ed012018c1a8c8ae4b7c74a0dc1b9b31b89533cc,training,"{""frequency"":""daily"",""id"":""9415901133286e3d1d88"",""params"":{""neighbours"":10},""strategy"":""knn"",""universe"":[""NQ""]}","{""commission"":2.5,""multiple"":1,""ticks"":1}",results/book151-futures-v1/jobs/training-9415901133286e3d1d88-c1-d0/attempt-1,completed,"{""annual_volatility"":0.021667066471468203,""bars"":1505,""cagr"":0.0008785055805475839,""contracts_traded"":152,""cost"":1140.0,""gap_cap_breach_bars"":2,""max_drawdown"":-0.05755573743977804,""mean"":0.0010873704603341873,""minimum_participation_capacity_equity"":11159843.799999999,""missing_reasons"":{},""net_pnl"":5105.0,""rolls"":18,""sharpe"":0.05018540289088359}",false
book151-futures-v1/training-18c447889175ec57981b-c1-d0/attempt-1,2026-10-03T09:17:27.226884+00:00,6a603df30245ff55438fc8c2fd646ad4c294a150,6a603df30245ff55438fc8c2fd646ad4c294a150,d8953ab125a90ef1a487bfa0d793cd2176bfa145a5c0e033dfd08abc4ebb47ce,fa9ec67c334d923a7f8e24d8ed012018c1a8c8ae4b7c74a0dc1b9b31b89533cc,training,"{""frequency"":""daily"",""id"":""18c447889175ec57981b"",""params"":{""neighbours"":10},""strategy"":""knn"",""universe"":[""CL""]}","{""commission"":2.5,""multiple"":1,""ticks"":1}",results/book151-futures-v1/jobs/training-18c447889175ec57981b-c1-d0/attempt-1,completed,"{""annual_volatility"":0.07298458438094872,""bars"":1505,""cagr"":0.01579293692951156,""contracts_traded"":1524,""cost"":19050.0,""gap_cap_breach_bars"":39,""max_drawdown"":-0.1494687757409915,""mean"":0.017891825176049123,""minimum_participation_capacity_equity"":6294194.341875001,""missing_reasons"":{},""net_pnl"":95120.0,""rolls"":55,""sharpe"":0.24514526358965547}",false
book151-futures-v1/training-b2744fb070dfe140d2e2-c1-d0/attempt-1,2026-10-03T09:17:27.422357+00:00,6a603df30245ff55438fc8c2fd646ad4c294a150,6a603df30245ff55438fc8c2fd646ad4c294a150,d8953ab125a90ef1a487bfa0d793cd2176bfa145a5c0e033dfd08abc4ebb47ce,fa9ec67c334d923a7f8e24d8ed012018c1a8c8ae4b7c74a0dc1b9b31b89533cc,training,"{""frequency"":""daily"",""id"":""b2744fb070dfe140d2e2"",""params"":{""neighbours"":10},""strategy"":""knn"",""universe"":[""GC""]}","{""commission"":2.5,""multiple"":1,""ticks"":1}",results/book151-futures-v1/jobs/training-b2744fb070dfe140d2e2-c1-d0/attempt-1,completed,"{""annual_volatility"":0.025603048266448894,""bars"":1505,""cagr"":0.011720605251781535,""contracts_traded"":414,""cost"":5175.0,""gap_cap_breach_bars"":12,""max_drawdown"":-0.042623263472984285,""mean"":0.011641950309342427,""minimum_participation_capacity_equity"":9981633.307500001,""missing_reasons"":{},""net_pnl"":69905.0,""rolls"":29,""sharpe"":0.4547095403713484}",false
book151-futures-v1/training-02e0c6109c248e7f8579-c1-d0/attempt-1,2026-10-03T09:17:27.546258+00:00,6a603df30245ff55438fc8c2fd646ad4c294a150,6a603df30245ff55438fc8c2fd646ad4c294a150,d8953ab125a90ef1a487bfa0d793cd2176bfa145a5c0e033dfd08abc4ebb47ce,fa9ec67c334d923a7f8e24d8ed012018c1a8c8ae4b7c74a0dc1b9b31b89533cc,training,"{""frequency"":""daily"",""id"":""02e0c6109c248e7f8579"",""params"":{""neighbours"":10},""strategy"":""knn"",""universe"":[""6E""]}","{""commission"":2.5,""multiple"":1,""ticks"":1}",results/book151-futures-v1/jobs/training-02e0c6109c248e7f8579-c1-d0/attempt-1,completed,"{""annual_volatility"":0.009848362952307739,""bars"":1505,""cagr"":-0.003700508001377112,""contracts_traded"":310,""cost"":2712.5,""gap_cap_breach_bars"":0,""max_drawdown"":-0.04542759014168729,""mean"":-0.003551204051590228,""minimum_participation_capacity_equity"":1476961.49,""missing_reasons"":{},""net_pnl"":-21268.75,""rolls"":23,""sharpe"":-0.3605882590626988}",false
book151-futures-v1/training-51c92da21527d44fcb88-c1-d0/attempt-1,2026-10-03T09:17:28.994269+00:00,6a603df30245ff55438fc8c2fd646ad4c294a150,6a603df30245ff55438fc8c2fd646ad4c294a150,d8953ab125a90ef1a487bfa0d793cd2176bfa145a5c0e033dfd08abc4ebb47ce,fa9ec67c334d923a7f8e24d8ed012018c1a8c8ae4b7c74a0dc1b9b31b89533cc,training,"{""frequency"":""daily"",""id"":""51c92da21527d44fcb88"",""params"":{""neighbours"":10},""strategy"":""knn"",""universe"":[""6E"",""CL"",""ES"",""GC"",""NQ"",""ZN""]}","{""commission"":2.5,""multiple"":1,""ticks"":1}",results/book151-futures-v1/jobs/training-51c92da21527d44fcb88-c1-d0/attempt-1,completed,"{""annual_volatility"":0.020798931400546738,""bars"":1505,""cagr"":-0.004352587082089743,""contracts_traded"":856,""cost"":9645.0,""gap_cap_breach_bars"":5,""max_drawdown"":-0.05176290816902385,""mean"":-0.004019184250028913,""minimum_participation_capacity_equity"":1476802.1559374998,""missing_reasons"":{},""net_pnl"":-24977.5,""rolls"":78,""sharpe"":-0.19323993971744438}",false
book151-futures-v1/training-9379176586b48b744841-c1-d0/attempt-1,2026-10-03T09:17:30.912311+00:00,6a603df30245ff55438fc8c2fd646ad4c294a150,6a603df30245ff55438fc8c2fd646ad4c294a150,d8953ab125a90ef1a487bfa0d793cd2176bfa145a5c0e033dfd08abc4ebb47ce,fa9ec67c334d923a7f8e24d8ed012018c1a8c8ae4b7c74a0dc1b9b31b89533cc,training,"{""frequency"":""daily"",""id"":""9379176586b48b744841"",""params"":{""neighbours"":20},""strategy"":""knn"",""universe"":[""NQ""]}","{""commission"":2.5,""multiple"":1,""ticks"":1}",results/book151-futures-v1/jobs/training-9379176586b48b744841-c1-d0/attempt-1,completed,"{""annual_volatility"":0.021436531373223138,""bars"":1505,""cagr"":0.003916440019794409,""contracts_traded"":144,""cost"":1080.0,""gap_cap_breach_bars"":3,""max_drawdown"":-0.03478081960266588,""mean"":0.004025144868189692,""minimum_participation_capacity_equity"":11051186.600000001,""missing_reasons"":{},""net_pnl"":22925.0,""rolls"":19,""sharpe"":0.18777034391009698}",false
book151-futures-v1/training-0721cc079f10679d7105-c1-d0/attempt-1,2026-10-03T09:17:31.067538+00:00,6a603df30245ff55438fc8c2fd646ad4c294a150,6a603df30245ff55438fc8c2fd646ad4c294a150,d8953ab125a90ef1a487bfa0d793cd2176bfa145a5c0e033dfd08abc4ebb47ce,fa9ec67c334d923a7f8e24d8ed012018c1a8c8ae4b7c74a0dc1b9b31b89533cc,training,"{""frequency"":""daily"",""id"":""0721cc079f10679d7105"",""params"":{""neighbours"":20},""strategy"":""knn"",""universe"":[""ES""]}","{""commission"":2.5,""multiple"":1,""ticks"":1}",results/book151-futures-v1/jobs/training-0721cc079f10679d7105-c1-d0/attempt-1,completed,"{""annual_volatility"":0.0247048390740328,""bars"":1505,""cagr"":0.0016554020058459074,""contracts_traded"":240,""cost"":3600.0,""gap_cap_breach_bars"":7,""max_drawdown"":-0.048357745890635684,""mean"":0.0019109522098443629,""minimum_participation_capacity_equity"":5490183.02125,""missing_reasons"":{},""net_pnl"":9637.5,""rolls"":23,""sharpe"":0.07735133202518855}",false
book151-futures-v1/training-74e3e391cfbb1a5645c6-c1-d0/attempt-1,2026-10-03T09:17:32.093877+00:00,6a603df30245ff55438fc8c2fd646ad4c294a150,6a603df30245ff55438fc8c2fd646ad4c294a150,d8953ab125a90ef1a487bfa0d793cd2176bfa145a5c0e033dfd08abc4ebb47ce,fa9ec67c334d923a7f8e24d8ed012018c1a8c8ae4b7c74a0dc1b9b31b89533cc,training,"{""frequency"":""daily"",""id"":""74e3e391cfbb1a5645c6"",""params"":{""neighbours"":20},""strategy"":""knn"",""universe"":[""ZN""]}","{""commission"":2.5,""multiple"":1,""ticks"":1}",results/book151-futures-v1/jobs/training-74e3e391cfbb1a5645c6-c1-d0/attempt-1,completed,"{""annual_volatility"":0.0,""bars"":1505,""cagr"":0.0,""contracts_traded"":0,""cost"":0.0,""gap_cap_breach_bars"":0,""max_drawdown"":0.0,""mean"":0.0,""minimum_participation_capacity_equity"":null,""missing_reasons"":{""minimum_participation_capacity_equity"":""No traded legs"",""sharpe"":""Zero or insufficient return variance""},""net_pnl"":0.0,""rolls"":0,""sharpe"":null}",false
book151-futures-v1/training-8781be5f8645dc440e4d-c1-d0/attempt-1,2026-10-03T09:17:34.675315+00:00,6a603df30245ff55438fc8c2fd646ad4c294a150,6a603df30245ff55438fc8c2fd646ad4c294a150,d8953ab125a90ef1a487bfa0d793cd2176bfa145a5c0e033dfd08abc4ebb47ce,fa9ec67c334d923a7f8e24d8ed012018c1a8c8ae4b7c74a0dc1b9b31b89533cc,training,"{""frequency"":""daily"",""id"":""8781be5f8645dc440e4d"",""params"":{""neighbours"":20},""strategy"":""knn"",""universe"":[""CL""]}","{""commission"":2.5,""multiple"":1,""ticks"":1}",results/book151-futures-v1/jobs/training-8781be5f8645dc440e4d-c1-d0/attempt-1,completed,"{""annual_volatility"":0.07352367524662773,""bars"":1505,""cagr"":0.03683656991243156,""contracts_traded"":1664,""cost"":20800.0,""gap_cap_breach_bars"":46,""max_drawdown"":-0.08929535719360926,""mean"":0.037816509626182736,""minimum_participation_capacity_equity"":5463350.949375,""missing_reasons"":{},""net_pnl"":233390.0,""rolls"":57,""sharpe"":0.5143446583611481}",false
book151-futures-v1/training-7b5fb43bf26dfc6cd68e-c1-d0/attempt-1,2026-10-03T09:17:34.831099+00:00,6a603df30245ff55438fc8c2fd646ad4c294a150,6a603df30245ff55438fc8c2fd646ad4c294a150,d8953ab125a90ef1a487bfa0d793cd2176bfa145a5c0e033dfd08abc4ebb47ce,fa9ec67c334d923a7f8e24d8ed012018c1a8c8ae4b7c74a0dc1b9b31b89533cc,training,"{""frequency"":""daily"",""id"":""7b5fb43bf26dfc6cd68e"",""params"":{""neighbours"":20},""strategy"":""knn"",""universe"":[""GC""]}","{""commission"":2.5,""multiple"":1,""ticks"":1}",results/book151-futures-v1/jobs/training-7b5fb43bf26dfc6cd68e-c1-d0/attempt-1,completed,"{""annual_volatility"":0.025524126043058575,""bars"":1505,""cagr"":-0.008308742926922963,""contracts_traded"":332,""cost"":4150.0,""gap_cap_breach_bars"":9,""max_drawdown"":-0.07616799884605241,""mean"":-0.007775136609627519,""minimum_participation_capacity_equity"":9453091.600624999,""missing_reasons"":{},""net_pnl"":-47230.0,""rolls"":29,""sharpe"":-0.3046191119927497}",false
book151-futures-v1/training-d1af48064a2439e36c71-c1-d0/attempt-1,2026-10-03T09:17:35.603348+00:00,6a603df30245ff55438fc8c2fd646ad4c294a150,6a603df30245ff55438fc8c2fd646ad4c294a150,d8953ab125a90ef1a487bfa0d793cd2176bfa145a5c0e033dfd08abc4ebb47ce,fa9ec67c334d923a7f8e24d8ed012018c1a8c8ae4b7c74a0dc1b9b31b89533cc,training,"{""frequency"":""daily"",""id"":""d1af48064a2439e36c71"",""params"":{""neighbours"":20},""strategy"":""knn"",""universe"":[""6E""]}","{""commission"":2.5,""multiple"":1,""ticks"":1}",results/book151-futures-v1/jobs/training-d1af48064a2439e36c71-c1-d0/attempt-1,completed,"{""annual_volatility"":0.009579603763886002,""bars"":1505,""cagr"":0.0035528803444906387,""contracts_traded"":266,""cost"":2327.5,""gap_cap_breach_bars"":0,""max_drawdown"":-0.014411884808550934,""mean"":0.0034894500378059887,""minimum_participation_capacity_equity"":1492582.7306250003,""missing_reasons"":{},""net_pnl"":20778.75,""rolls"":23,""sharpe"":0.36425828497842594}",false
book151-futures-v1/training-0613d6bbde405321c52c-c1-d0/attempt-1,2026-10-03T09:17:36.518249+00:00,6a603df30245ff55438fc8c2fd646ad4c294a150,6a603df30245ff55438fc8c2fd646ad4c294a150,d8953ab125a90ef1a487bfa0d793cd2176bfa145a5c0e033dfd08abc4ebb47ce,fa9ec67c334d923a7f8e24d8ed012018c1a8c8ae4b7c74a0dc1b9b31b89533cc,training,"{""frequency"":""daily"",""id"":""0613d6bbde405321c52c"",""params"":{""neighbours"":20},""strategy"":""knn"",""universe"":[""6E"",""CL"",""ES"",""GC"",""NQ"",""ZN""]}","{""commission"":2.5,""multiple"":1,""ticks"":1}",results/book151-futures-v1/jobs/training-0613d6bbde405321c52c-c1-d0/attempt-1,completed,"{""annual_volatility"":0.02143032212571605,""bars"":1505,""cagr"":0.008162444550277259,""contracts_traded"":732,""cost"":8207.5,""gap_cap_breach_bars"":0,""max_drawdown"":-0.03405776869528898,""mean"":0.008122874337312434,""minimum_participation_capacity_equity"":1532989.2768750002,""missing_reasons"":{},""net_pnl"":48268.75,""rolls"":84,""sharpe"":0.379036502095557}",false
book151-futures-v1/training-8b617c9eba4d4a9b0781-c1-d0/attempt-1,2026-10-03T09:17:38.263403+00:00,6a603df30245ff55438fc8c2fd646ad4c294a150,6a603df30245ff55438fc8c2fd646ad4c294a150,d8953ab125a90ef1a487bfa0d793cd2176bfa145a5c0e033dfd08abc4ebb47ce,fa9ec67c334d923a7f8e24d8ed012018c1a8c8ae4b7c74a0dc1b9b31b89533cc,training,"{""frequency"":""daily"",""id"":""8b617c9eba4d4a9b0781"",""params"":{""smoothing"":1600.0},""strategy"":""hp_ma"",""universe"":[""6E""]}","{""commission"":2.5,""multiple"":1,""ticks"":1}",results/book151-futures-v1/jobs/training-8b617c9eba4d4a9b0781-c1-d0/attempt-1,completed,"{""annual_volatility"":0.009582256565286626,""bars"":1505,""cagr"":0.0036677123561104086,""contracts_traded"":120,""cost"":1050.0,""gap_cap_breach_bars"":0,""max_drawdown"":-0.018009253650615342,""mean"":0.00360058321764062,""minimum_participation_capacity_equity"":1712088.5471875002,""missing_reasons"":{},""net_pnl"":21456.25,""rolls"":23,""sharpe"":0.3757552506665657}",false
book151-futures-v1/training-91e44f8725ecec9ba851-c1-d0/attempt-1,2026-10-03T09:17:38.370108+00:00,6a603df30245ff55438fc8c2fd646ad4c294a150,6a603df30245ff55438fc8c2fd646ad4c294a150,d8953ab125a90ef1a487bfa0d793cd2176bfa145a5c0e033dfd08abc4ebb47ce,fa9ec67c334d923a7f8e24d8ed012018c1a8c8ae4b7c74a0dc1b9b31b89533cc,training,"{""frequency"":""daily"",""id"":""91e44f8725ecec9ba851"",""params"":{""smoothing"":6400.0},""strategy"":""hp_ma"",""universe"":[""6E""]}","{""commission"":2.5,""multiple"":1,""ticks"":1}",results/book151-futures-v1/jobs/training-91e44f8725ecec9ba851-c1-d0/attempt-1,completed,"{""annual_volatility"":0.009537486135142433,""bars"":1505,""cagr"":0.0033819987067043034,""contracts_traded"":114,""cost"":997.5,""gap_cap_breach_bars"":0,""max_drawdown"":-0.021573088387371486,""mean"":0.0033237059674590774,""minimum_participation_capacity_equity"":1600010.6050000002,""missing_reasons"":{},""net_pnl"":19771.25,""rolls"":23,""sharpe"":0.3484886814369604}",false
book151-futures-v1/training-f912a8dbe0c26e80ba95-c1-d0/attempt-1,2026-10-03T09:17:39.000418+00:00,6a603df30245ff55438fc8c2fd646ad4c294a150,6a603df30245ff55438fc8c2fd646ad4c294a150,d8953ab125a90ef1a487bfa0d793cd2176bfa145a5c0e033dfd08abc4ebb47ce,fa9ec67c334d923a7f8e24d8ed012018c1a8c8ae4b7c74a0dc1b9b31b89533cc,training,"{""frequency"":""daily"",""id"":""f912a8dbe0c26e80ba95"",""params"":{""smoothing"":25600.0},""strategy"":""hp_ma"",""universe"":[""6E""]}","{""commission"":2.5,""multiple"":1,""ticks"":1}",results/book151-futures-v1/jobs/training-f912a8dbe0c26e80ba95-c1-d0/attempt-1,completed,"{""annual_volatility"":0.009581488947506366,""bars"":1505,""cagr"":0.002044476105846016,""contracts_traded"":112,""cost"":980.0,""gap_cap_breach_bars"":0,""max_drawdown"":-0.02183606365436963,""mean"":0.0020289490339584016,""minimum_participation_capacity_equity"":2080421.8740625,""missing_reasons"":{},""net_pnl"":11913.75,""rolls"":23,""sharpe"":0.21175717522342358}",false
book151-futures-v1/training-82e8347ed71a566c90bf-c1-d0/attempt-1,2026-10-03T09:17:39.738111+00:00,6a603df30245ff55438fc8c2fd646ad4c294a150,6a603df30245ff55438fc8c2fd646ad4c294a150,d8953ab125a90ef1a487bfa0d793cd2176bfa145a5c0e033dfd08abc4ebb47ce,fa9ec67c334d923a7f8e24d8ed012018c1a8c8ae4b7c74a0dc1b9b31b89533cc,training,"{""frequency"":""monthly"",""id"":""82e8347ed71a566c90bf"",""params"":{},""risk"":{""root_cap"":0.5},""strategy"":""commodity_long"",""universe"":[""CL"",""GC""]}","{""commission"":2.5,""multiple"":1,""ticks"":1}",results/book151-futures-v1/jobs/training-82e8347ed71a566c90bf-c1-d0/attempt-1,completed,"{""annual_volatility"":0.08011920566367879,""bars"":1505,""cagr"":0.04110128023989512,""contracts_traded"":712,""cost"":8900.0,""gap_cap_breach_bars"":4,""max_drawdown"":-0.0934924155535819,""mean"":0.04232514235013643,""minimum_participation_capacity_equity"":4967448.109687498,""missing_reasons"":{},""net_pnl"":263100.00000000047,""rolls"":88,""sharpe"":0.5282771090842716}",false
