trial_id,timestamp_utc,hypothesis_hash,code_commit,data_hash,family,parameters,sample,transaction_cost_model,status,result_path,conclusion,oos_accessed
E0,,,,,trailing,"{""base"": ""equal"", ""cap"": 1.0, ""control"": ""monthly"", ""covariance_days"": 126, ""family"": ""trailing"", ""har_train_min"": 504, ""lookback"": 63, ""target"": 0.08, ""threshold"": 0.05, ""trial_id"": ""E0"", ""universe"": [""SPY"", ""TLT"", ""GLD""]}",development+validation; OOS locked,5bp risky dollars purchased/sold; 10bp stress; rf+50bp borrowing,pre_registered,,Untested,False
E1-9,,,,,ensemble,"{""base"": ""equal"", ""cap"": 1.0, ""control"": ""event"", ""covariance_days"": 126, ""family"": ""ensemble"", ""har_train_min"": 504, ""lookback"": 63, ""target"": 0.09, ""threshold"": 0.05, ""trial_id"": ""E1-9"", ""universe"": [""SPY"", ""TLT"", ""GLD""]}",development+validation; OOS locked,5bp risky dollars purchased/sold; 10bp stress; rf+50bp borrowing,pre_registered,,Untested,False
E1-10,,,,,ensemble,"{""base"": ""equal"", ""cap"": 1.0, ""control"": ""event"", ""covariance_days"": 126, ""family"": ""ensemble"", ""har_train_min"": 504, ""lookback"": 63, ""target"": 0.1, ""threshold"": 0.05, ""trial_id"": ""E1-10"", ""universe"": [""SPY"", ""TLT"", ""GLD""]}",development+validation; OOS locked,5bp risky dollars purchased/sold; 10bp stress; rf+50bp borrowing,pre_registered,,Untested,False
E1-11,,,,,ensemble,"{""base"": ""equal"", ""cap"": 1.0, ""control"": ""event"", ""covariance_days"": 126, ""family"": ""ensemble"", ""har_train_min"": 504, ""lookback"": 63, ""target"": 0.11, ""threshold"": 0.05, ""trial_id"": ""E1-11"", ""universe"": [""SPY"", ""TLT"", ""GLD""]}",development+validation; OOS locked,5bp risky dollars purchased/sold; 10bp stress; rf+50bp borrowing,pre_registered,,Untested,False
E2,,,,,har,"{""base"": ""equal"", ""cap"": 1.0, ""control"": ""event"", ""covariance_days"": 126, ""family"": ""har"", ""har_train_min"": 504, ""lookback"": 63, ""target"": 0.1, ""threshold"": 0.05, ""trial_id"": ""E2"", ""universe"": [""SPY"", ""TLT"", ""GLD""]}",development+validation; OOS locked,5bp risky dollars purchased/sold; 10bp stress; rf+50bp borrowing,pre_registered,,Untested,False
E3-20,,,,,range,"{""base"": ""equal"", ""cap"": 1.0, ""control"": ""event"", ""covariance_days"": 126, ""family"": ""range"", ""har_train_min"": 504, ""lookback"": 20, ""target"": 0.1, ""threshold"": 0.05, ""trial_id"": ""E3-20"", ""universe"": [""SPY"", ""TLT"", ""GLD""]}",development+validation; OOS locked,5bp risky dollars purchased/sold; 10bp stress; rf+50bp borrowing,pre_registered,,Untested,False
E3-63,,,,,range,"{""base"": ""equal"", ""cap"": 1.0, ""control"": ""event"", ""covariance_days"": 126, ""family"": ""range"", ""har_train_min"": 504, ""lookback"": 63, ""target"": 0.1, ""threshold"": 0.05, ""trial_id"": ""E3-63"", ""universe"": [""SPY"", ""TLT"", ""GLD""]}",development+validation; OOS locked,5bp risky dollars purchased/sold; 10bp stress; rf+50bp borrowing,pre_registered,,Untested,False
E4,,,,,ensemble,"{""base"": ""minvar"", ""cap"": 1.0, ""control"": ""event"", ""covariance_days"": 126, ""family"": ""ensemble"", ""har_train_min"": 504, ""lookback"": 63, ""target"": 0.1, ""threshold"": 0.05, ""trial_id"": ""E4"", ""universe"": [""SPY"", ""TLT"", ""GLD""]}",development+validation; OOS locked,5bp risky dollars purchased/sold; 10bp stress; rf+50bp borrowing,pre_registered,,Untested,False
E5,,,,,ensemble,"{""base"": ""erc"", ""cap"": 1.0, ""control"": ""event"", ""covariance_days"": 126, ""family"": ""ensemble"", ""har_train_min"": 504, ""lookback"": 63, ""target"": 0.1, ""threshold"": 0.05, ""trial_id"": ""E5"", ""universe"": [""SPY"", ""TLT"", ""GLD""]}",development+validation; OOS locked,5bp risky dollars purchased/sold; 10bp stress; rf+50bp borrowing,pre_registered,,Untested,False
E6,,,,,ensemble,"{""base"": ""erc"", ""cap"": 1.0, ""control"": ""event"", ""covariance_days"": 126, ""family"": ""ensemble"", ""har_train_min"": 504, ""lookback"": 63, ""target"": 0.1, ""threshold"": 0.05, ""trial_id"": ""E6"", ""universe"": [""QQQ"", ""IWM"", ""HYG"", ""TLT"", ""GLD"", ""DBC""]}",development+validation; OOS locked,5bp risky dollars purchased/sold; 10bp stress; rf+50bp borrowing,pre_registered,,Untested,False
E7,,,,,ensemble,"{""base"": ""equal"", ""cap"": 1.0, ""control"": ""asymmetric"", ""covariance_days"": 126, ""family"": ""ensemble"", ""har_train_min"": 504, ""lookback"": 63, ""target"": 0.1, ""threshold"": 0.05, ""trial_id"": ""E7"", ""universe"": [""SPY"", ""TLT"", ""GLD""]}",development+validation; OOS locked,5bp risky dollars purchased/sold; 10bp stress; rf+50bp borrowing,pre_registered,,Untested,False
E8,,,,,ensemble,"{""base"": ""equal"", ""cap"": 1.25, ""control"": ""asymmetric"", ""covariance_days"": 126, ""family"": ""ensemble"", ""har_train_min"": 504, ""lookback"": 63, ""target"": 0.1, ""threshold"": 0.05, ""trial_id"": ""E8"", ""universe"": [""SPY"", ""TLT"", ""GLD""]}",development+validation; OOS locked,5bp risky dollars purchased/sold; 10bp stress; rf+50bp borrowing,pre_registered,,Untested,False
E0-primary-21bac85ec5,2026-10-04T00:30:11.933294+00:00,f953cc6eadb2efb7f124791a8afd2815663fbf45083f58fe7e4fa892c609676c,26552dd9c109058ba93a75bb8ba5de1f6a85585b,e5f957a2b78b4a08cede2183cd59012f73beaffc38f0821d43bb458df08be222:5eb2ada6d8d007969c111064ae6c5de089e8bd61c0156cb49cc98484cea2b5d9,trailing,"{""base"": ""equal"", ""borrow_bps"": 50.0, ""cap"": 1.0, ""control"": ""monthly"", ""covariance_days"": 126, ""diagnostic"": ""primary"", ""family"": ""trailing"", ""har_train_min"": 504, ""lookback"": 63, ""overlay"": true, ""static_exposure"": null, ""target"": 0.08, ""threshold"": 0.05, ""trial_id"": ""E0"", ""universe"": [""SPY"", ""TLT"", ""GLD""]}",development+reused_validation,5.0 bp risky purchases+sales; borrow rf+50.0 bp,started,results/20261004T003009-2f16c796/E0-primary-21bac85ec5.csv,Attempt retained even if process fails,False
E0-primary-21bac85ec5,2026-10-04T00:30:11.933294+00:00,f953cc6eadb2efb7f124791a8afd2815663fbf45083f58fe7e4fa892c609676c,26552dd9c109058ba93a75bb8ba5de1f6a85585b,e5f957a2b78b4a08cede2183cd59012f73beaffc38f0821d43bb458df08be222:5eb2ada6d8d007969c111064ae6c5de089e8bd61c0156cb49cc98484cea2b5d9,trailing,"{""base"": ""equal"", ""borrow_bps"": 50.0, ""cap"": 1.0, ""control"": ""monthly"", ""covariance_days"": 126, ""diagnostic"": ""primary"", ""family"": ""trailing"", ""har_train_min"": 504, ""lookback"": 63, ""overlay"": true, ""static_exposure"": null, ""target"": 0.08, ""threshold"": 0.05, ""trial_id"": ""E0"", ""universe"": [""SPY"", ""TLT"", ""GLD""]}",development+reused_validation,5.0 bp risky purchases+sales; borrow rf+50.0 bp,completed,results/20261004T003009-2f16c796/E0-primary-21bac85ec5.csv,Await validation,False
E0-matched_base-3ec63ae618,2026-10-04T00:30:13.160003+00:00,f953cc6eadb2efb7f124791a8afd2815663fbf45083f58fe7e4fa892c609676c,26552dd9c109058ba93a75bb8ba5de1f6a85585b,e5f957a2b78b4a08cede2183cd59012f73beaffc38f0821d43bb458df08be222:5eb2ada6d8d007969c111064ae6c5de089e8bd61c0156cb49cc98484cea2b5d9,trailing,"{""base"": ""equal"", ""borrow_bps"": 50.0, ""cap"": 1.0, ""control"": ""monthly"", ""covariance_days"": 126, ""diagnostic"": ""matched_base"", ""family"": ""trailing"", ""har_train_min"": 504, ""lookback"": 63, ""overlay"": false, ""static_exposure"": null, ""target"": 0.08, ""threshold"": 0.05, ""trial_id"": ""E0"", ""universe"": [""SPY"", ""TLT"", ""GLD""]}",development+reused_validation,5.0 bp risky purchases+sales; borrow rf+50.0 bp,started,results/20261004T003009-2f16c796/E0-matched_base-3ec63ae618.csv,Attempt retained even if process fails,False
E0-matched_base-3ec63ae618,2026-10-04T00:30:13.160003+00:00,f953cc6eadb2efb7f124791a8afd2815663fbf45083f58fe7e4fa892c609676c,26552dd9c109058ba93a75bb8ba5de1f6a85585b,e5f957a2b78b4a08cede2183cd59012f73beaffc38f0821d43bb458df08be222:5eb2ada6d8d007969c111064ae6c5de089e8bd61c0156cb49cc98484cea2b5d9,trailing,"{""base"": ""equal"", ""borrow_bps"": 50.0, ""cap"": 1.0, ""control"": ""monthly"", ""covariance_days"": 126, ""diagnostic"": ""matched_base"", ""family"": ""trailing"", ""har_train_min"": 504, ""lookback"": 63, ""overlay"": false, ""static_exposure"": null, ""target"": 0.08, ""threshold"": 0.05, ""trial_id"": ""E0"", ""universe"": [""SPY"", ""TLT"", ""GLD""]}",development+reused_validation,5.0 bp risky purchases+sales; borrow rf+50.0 bp,completed,results/20261004T003009-2f16c796/E0-matched_base-3ec63ae618.csv,No OOS retuning; diagnostic not eligible for selection,False
E1-9-primary-10c62cd4bc,2026-10-04T00:30:14.531277+00:00,f953cc6eadb2efb7f124791a8afd2815663fbf45083f58fe7e4fa892c609676c,26552dd9c109058ba93a75bb8ba5de1f6a85585b,e5f957a2b78b4a08cede2183cd59012f73beaffc38f0821d43bb458df08be222:5eb2ada6d8d007969c111064ae6c5de089e8bd61c0156cb49cc98484cea2b5d9,ensemble,"{""base"": ""equal"", ""borrow_bps"": 50.0, ""cap"": 1.0, ""control"": ""event"", ""covariance_days"": 126, ""diagnostic"": ""primary"", ""family"": ""ensemble"", ""har_train_min"": 504, ""lookback"": 63, ""overlay"": true, ""static_exposure"": null, ""target"": 0.09, ""threshold"": 0.05, ""trial_id"": ""E1-9"", ""universe"": [""SPY"", ""TLT"", ""GLD""]}",development+reused_validation,5.0 bp risky purchases+sales; borrow rf+50.0 bp,started,results/20261004T003009-2f16c796/E1-9-primary-10c62cd4bc.csv,Attempt retained even if process fails,False
E1-9-primary-10c62cd4bc,2026-10-04T00:30:14.531277+00:00,f953cc6eadb2efb7f124791a8afd2815663fbf45083f58fe7e4fa892c609676c,26552dd9c109058ba93a75bb8ba5de1f6a85585b,e5f957a2b78b4a08cede2183cd59012f73beaffc38f0821d43bb458df08be222:5eb2ada6d8d007969c111064ae6c5de089e8bd61c0156cb49cc98484cea2b5d9,ensemble,"{""base"": ""equal"", ""borrow_bps"": 50.0, ""cap"": 1.0, ""control"": ""event"", ""covariance_days"": 126, ""diagnostic"": ""primary"", ""family"": ""ensemble"", ""har_train_min"": 504, ""lookback"": 63, ""overlay"": true, ""static_exposure"": null, ""target"": 0.09, ""threshold"": 0.05, ""trial_id"": ""E1-9"", ""universe"": [""SPY"", ""TLT"", ""GLD""]}",development+reused_validation,5.0 bp risky purchases+sales; borrow rf+50.0 bp,completed,results/20261004T003009-2f16c796/E1-9-primary-10c62cd4bc.csv,Await validation,False
E1-9-matched_base-fc72cf83aa,2026-10-04T00:30:16.016162+00:00,f953cc6eadb2efb7f124791a8afd2815663fbf45083f58fe7e4fa892c609676c,26552dd9c109058ba93a75bb8ba5de1f6a85585b,e5f957a2b78b4a08cede2183cd59012f73beaffc38f0821d43bb458df08be222:5eb2ada6d8d007969c111064ae6c5de089e8bd61c0156cb49cc98484cea2b5d9,ensemble,"{""base"": ""equal"", ""borrow_bps"": 50.0, ""cap"": 1.0, ""control"": ""event"", ""covariance_days"": 126, ""diagnostic"": ""matched_base"", ""family"": ""ensemble"", ""har_train_min"": 504, ""lookback"": 63, ""overlay"": false, ""static_exposure"": null, ""target"": 0.09, ""threshold"": 0.05, ""trial_id"": ""E1-9"", ""universe"": [""SPY"", ""TLT"", ""GLD""]}",development+reused_validation,5.0 bp risky purchases+sales; borrow rf+50.0 bp,started,results/20261004T003009-2f16c796/E1-9-matched_base-fc72cf83aa.csv,Attempt retained even if process fails,False
E1-9-matched_base-fc72cf83aa,2026-10-04T00:30:16.016162+00:00,f953cc6eadb2efb7f124791a8afd2815663fbf45083f58fe7e4fa892c609676c,26552dd9c109058ba93a75bb8ba5de1f6a85585b,e5f957a2b78b4a08cede2183cd59012f73beaffc38f0821d43bb458df08be222:5eb2ada6d8d007969c111064ae6c5de089e8bd61c0156cb49cc98484cea2b5d9,ensemble,"{""base"": ""equal"", ""borrow_bps"": 50.0, ""cap"": 1.0, ""control"": ""event"", ""covariance_days"": 126, ""diagnostic"": ""matched_base"", ""family"": ""ensemble"", ""har_train_min"": 504, ""lookback"": 63, ""overlay"": false, ""static_exposure"": null, ""target"": 0.09, ""threshold"": 0.05, ""trial_id"": ""E1-9"", ""universe"": [""SPY"", ""TLT"", ""GLD""]}",development+reused_validation,5.0 bp risky purchases+sales; borrow rf+50.0 bp,completed,results/20261004T003009-2f16c796/E1-9-matched_base-fc72cf83aa.csv,No OOS retuning; diagnostic not eligible for selection,False
E1-10-primary-5cc96afda6,2026-10-04T00:30:17.533849+00:00,f953cc6eadb2efb7f124791a8afd2815663fbf45083f58fe7e4fa892c609676c,26552dd9c109058ba93a75bb8ba5de1f6a85585b,e5f957a2b78b4a08cede2183cd59012f73beaffc38f0821d43bb458df08be222:5eb2ada6d8d007969c111064ae6c5de089e8bd61c0156cb49cc98484cea2b5d9,ensemble,"{""base"": ""equal"", ""borrow_bps"": 50.0, ""cap"": 1.0, ""control"": ""event"", ""covariance_days"": 126, ""diagnostic"": ""primary"", ""family"": ""ensemble"", ""har_train_min"": 504, ""lookback"": 63, ""overlay"": true, ""static_exposure"": null, ""target"": 0.1, ""threshold"": 0.05, ""trial_id"": ""E1-10"", ""universe"": [""SPY"", ""TLT"", ""GLD""]}",development+reused_validation,5.0 bp risky purchases+sales; borrow rf+50.0 bp,started,results/20261004T003009-2f16c796/E1-10-primary-5cc96afda6.csv,Attempt retained even if process fails,False
E1-10-primary-5cc96afda6,2026-10-04T00:30:17.533849+00:00,f953cc6eadb2efb7f124791a8afd2815663fbf45083f58fe7e4fa892c609676c,26552dd9c109058ba93a75bb8ba5de1f6a85585b,e5f957a2b78b4a08cede2183cd59012f73beaffc38f0821d43bb458df08be222:5eb2ada6d8d007969c111064ae6c5de089e8bd61c0156cb49cc98484cea2b5d9,ensemble,"{""base"": ""equal"", ""borrow_bps"": 50.0, ""cap"": 1.0, ""control"": ""event"", ""covariance_days"": 126, ""diagnostic"": ""primary"", ""family"": ""ensemble"", ""har_train_min"": 504, ""lookback"": 63, ""overlay"": true, ""static_exposure"": null, ""target"": 0.1, ""threshold"": 0.05, ""trial_id"": ""E1-10"", ""universe"": [""SPY"", ""TLT"", ""GLD""]}",development+reused_validation,5.0 bp risky purchases+sales; borrow rf+50.0 bp,completed,results/20261004T003009-2f16c796/E1-10-primary-5cc96afda6.csv,Await validation,False
E1-10-matched_base-4f4c4d7d6e,2026-10-04T00:30:19.041206+00:00,f953cc6eadb2efb7f124791a8afd2815663fbf45083f58fe7e4fa892c609676c,26552dd9c109058ba93a75bb8ba5de1f6a85585b,e5f957a2b78b4a08cede2183cd59012f73beaffc38f0821d43bb458df08be222:5eb2ada6d8d007969c111064ae6c5de089e8bd61c0156cb49cc98484cea2b5d9,ensemble,"{""base"": ""equal"", ""borrow_bps"": 50.0, ""cap"": 1.0, ""control"": ""event"", ""covariance_days"": 126, ""diagnostic"": ""matched_base"", ""family"": ""ensemble"", ""har_train_min"": 504, ""lookback"": 63, ""overlay"": false, ""static_exposure"": null, ""target"": 0.1, ""threshold"": 0.05, ""trial_id"": ""E1-10"", ""universe"": [""SPY"", ""TLT"", ""GLD""]}",development+reused_validation,5.0 bp risky purchases+sales; borrow rf+50.0 bp,started,results/20261004T003009-2f16c796/E1-10-matched_base-4f4c4d7d6e.csv,Attempt retained even if process fails,False
E1-10-matched_base-4f4c4d7d6e,2026-10-04T00:30:19.041206+00:00,f953cc6eadb2efb7f124791a8afd2815663fbf45083f58fe7e4fa892c609676c,26552dd9c109058ba93a75bb8ba5de1f6a85585b,e5f957a2b78b4a08cede2183cd59012f73beaffc38f0821d43bb458df08be222:5eb2ada6d8d007969c111064ae6c5de089e8bd61c0156cb49cc98484cea2b5d9,ensemble,"{""base"": ""equal"", ""borrow_bps"": 50.0, ""cap"": 1.0, ""control"": ""event"", ""covariance_days"": 126, ""diagnostic"": ""matched_base"", ""family"": ""ensemble"", ""har_train_min"": 504, ""lookback"": 63, ""overlay"": false, ""static_exposure"": null, ""target"": 0.1, ""threshold"": 0.05, ""trial_id"": ""E1-10"", ""universe"": [""SPY"", ""TLT"", ""GLD""]}",development+reused_validation,5.0 bp risky purchases+sales; borrow rf+50.0 bp,completed,results/20261004T003009-2f16c796/E1-10-matched_base-4f4c4d7d6e.csv,No OOS retuning; diagnostic not eligible for selection,False
E1-11-primary-417541dbe3,2026-10-04T00:30:20.690581+00:00,f953cc6eadb2efb7f124791a8afd2815663fbf45083f58fe7e4fa892c609676c,26552dd9c109058ba93a75bb8ba5de1f6a85585b,e5f957a2b78b4a08cede2183cd59012f73beaffc38f0821d43bb458df08be222:5eb2ada6d8d007969c111064ae6c5de089e8bd61c0156cb49cc98484cea2b5d9,ensemble,"{""base"": ""equal"", ""borrow_bps"": 50.0, ""cap"": 1.0, ""control"": ""event"", ""covariance_days"": 126, ""diagnostic"": ""primary"", ""family"": ""ensemble"", ""har_train_min"": 504, ""lookback"": 63, ""overlay"": true, ""static_exposure"": null, ""target"": 0.11, ""threshold"": 0.05, ""trial_id"": ""E1-11"", ""universe"": [""SPY"", ""TLT"", ""GLD""]}",development+reused_validation,5.0 bp risky purchases+sales; borrow rf+50.0 bp,started,results/20261004T003009-2f16c796/E1-11-primary-417541dbe3.csv,Attempt retained even if process fails,False
E1-11-primary-417541dbe3,2026-10-04T00:30:20.690581+00:00,f953cc6eadb2efb7f124791a8afd2815663fbf45083f58fe7e4fa892c609676c,26552dd9c109058ba93a75bb8ba5de1f6a85585b,e5f957a2b78b4a08cede2183cd59012f73beaffc38f0821d43bb458df08be222:5eb2ada6d8d007969c111064ae6c5de089e8bd61c0156cb49cc98484cea2b5d9,ensemble,"{""base"": ""equal"", ""borrow_bps"": 50.0, ""cap"": 1.0, ""control"": ""event"", ""covariance_days"": 126, ""diagnostic"": ""primary"", ""family"": ""ensemble"", ""har_train_min"": 504, ""lookback"": 63, ""overlay"": true, ""static_exposure"": null, ""target"": 0.11, ""threshold"": 0.05, ""trial_id"": ""E1-11"", ""universe"": [""SPY"", ""TLT"", ""GLD""]}",development+reused_validation,5.0 bp risky purchases+sales; borrow rf+50.0 bp,completed,results/20261004T003009-2f16c796/E1-11-primary-417541dbe3.csv,Await validation,False
E1-11-matched_base-95b1f9d4b0,2026-10-04T00:30:22.273998+00:00,f953cc6eadb2efb7f124791a8afd2815663fbf45083f58fe7e4fa892c609676c,26552dd9c109058ba93a75bb8ba5de1f6a85585b,e5f957a2b78b4a08cede2183cd59012f73beaffc38f0821d43bb458df08be222:5eb2ada6d8d007969c111064ae6c5de089e8bd61c0156cb49cc98484cea2b5d9,ensemble,"{""base"": ""equal"", ""borrow_bps"": 50.0, ""cap"": 1.0, ""control"": ""event"", ""covariance_days"": 126, ""diagnostic"": ""matched_base"", ""family"": ""ensemble"", ""har_train_min"": 504, ""lookback"": 63, ""overlay"": false, ""static_exposure"": null, ""target"": 0.11, ""threshold"": 0.05, ""trial_id"": ""E1-11"", ""universe"": [""SPY"", ""TLT"", ""GLD""]}",development+reused_validation,5.0 bp risky purchases+sales; borrow rf+50.0 bp,started,results/20261004T003009-2f16c796/E1-11-matched_base-95b1f9d4b0.csv,Attempt retained even if process fails,False
E1-11-matched_base-95b1f9d4b0,2026-10-04T00:30:22.273998+00:00,f953cc6eadb2efb7f124791a8afd2815663fbf45083f58fe7e4fa892c609676c,26552dd9c109058ba93a75bb8ba5de1f6a85585b,e5f957a2b78b4a08cede2183cd59012f73beaffc38f0821d43bb458df08be222:5eb2ada6d8d007969c111064ae6c5de089e8bd61c0156cb49cc98484cea2b5d9,ensemble,"{""base"": ""equal"", ""borrow_bps"": 50.0, ""cap"": 1.0, ""control"": ""event"", ""covariance_days"": 126, ""diagnostic"": ""matched_base"", ""family"": ""ensemble"", ""har_train_min"": 504, ""lookback"": 63, ""overlay"": false, ""static_exposure"": null, ""target"": 0.11, ""threshold"": 0.05, ""trial_id"": ""E1-11"", ""universe"": [""SPY"", ""TLT"", ""GLD""]}",development+reused_validation,5.0 bp risky purchases+sales; borrow rf+50.0 bp,completed,results/20261004T003009-2f16c796/E1-11-matched_base-95b1f9d4b0.csv,No OOS retuning; diagnostic not eligible for selection,False
E2-primary-bd3506b9c7,2026-10-04T00:30:23.812172+00:00,f953cc6eadb2efb7f124791a8afd2815663fbf45083f58fe7e4fa892c609676c,26552dd9c109058ba93a75bb8ba5de1f6a85585b,e5f957a2b78b4a08cede2183cd59012f73beaffc38f0821d43bb458df08be222:5eb2ada6d8d007969c111064ae6c5de089e8bd61c0156cb49cc98484cea2b5d9,har,"{""base"": ""equal"", ""borrow_bps"": 50.0, ""cap"": 1.0, ""control"": ""event"", ""covariance_days"": 126, ""diagnostic"": ""primary"", ""family"": ""har"", ""har_train_min"": 504, ""lookback"": 63, ""overlay"": true, ""static_exposure"": null, ""target"": 0.1, ""threshold"": 0.05, ""trial_id"": ""E2"", ""universe"": [""SPY"", ""TLT"", ""GLD""]}",development+reused_validation,5.0 bp risky purchases+sales; borrow rf+50.0 bp,started,results/20261004T003009-2f16c796/E2-primary-bd3506b9c7.csv,Attempt retained even if process fails,False
E2-primary-bd3506b9c7,2026-10-04T00:30:23.812172+00:00,f953cc6eadb2efb7f124791a8afd2815663fbf45083f58fe7e4fa892c609676c,26552dd9c109058ba93a75bb8ba5de1f6a85585b,e5f957a2b78b4a08cede2183cd59012f73beaffc38f0821d43bb458df08be222:5eb2ada6d8d007969c111064ae6c5de089e8bd61c0156cb49cc98484cea2b5d9,har,"{""base"": ""equal"", ""borrow_bps"": 50.0, ""cap"": 1.0, ""control"": ""event"", ""covariance_days"": 126, ""diagnostic"": ""primary"", ""family"": ""har"", ""har_train_min"": 504, ""lookback"": 63, ""overlay"": true, ""static_exposure"": null, ""target"": 0.1, ""threshold"": 0.05, ""trial_id"": ""E2"", ""universe"": [""SPY"", ""TLT"", ""GLD""]}",development+reused_validation,5.0 bp risky purchases+sales; borrow rf+50.0 bp,completed,results/20261004T003009-2f16c796/E2-primary-bd3506b9c7.csv,Await validation,False
E2-matched_base-112e96576b,2026-10-04T00:30:26.948356+00:00,f953cc6eadb2efb7f124791a8afd2815663fbf45083f58fe7e4fa892c609676c,26552dd9c109058ba93a75bb8ba5de1f6a85585b,e5f957a2b78b4a08cede2183cd59012f73beaffc38f0821d43bb458df08be222:5eb2ada6d8d007969c111064ae6c5de089e8bd61c0156cb49cc98484cea2b5d9,har,"{""base"": ""equal"", ""borrow_bps"": 50.0, ""cap"": 1.0, ""control"": ""event"", ""covariance_days"": 126, ""diagnostic"": ""matched_base"", ""family"": ""har"", ""har_train_min"": 504, ""lookback"": 63, ""overlay"": false, ""static_exposure"": null, ""target"": 0.1, ""threshold"": 0.05, ""trial_id"": ""E2"", ""universe"": [""SPY"", ""TLT"", ""GLD""]}",development+reused_validation,5.0 bp risky purchases+sales; borrow rf+50.0 bp,started,results/20261004T003009-2f16c796/E2-matched_base-112e96576b.csv,Attempt retained even if process fails,False
E2-matched_base-112e96576b,2026-10-04T00:30:26.948356+00:00,f953cc6eadb2efb7f124791a8afd2815663fbf45083f58fe7e4fa892c609676c,26552dd9c109058ba93a75bb8ba5de1f6a85585b,e5f957a2b78b4a08cede2183cd59012f73beaffc38f0821d43bb458df08be222:5eb2ada6d8d007969c111064ae6c5de089e8bd61c0156cb49cc98484cea2b5d9,har,"{""base"": ""equal"", ""borrow_bps"": 50.0, ""cap"": 1.0, ""control"": ""event"", ""covariance_days"": 126, ""diagnostic"": ""matched_base"", ""family"": ""har"", ""har_train_min"": 504, ""lookback"": 63, ""overlay"": false, ""static_exposure"": null, ""target"": 0.1, ""threshold"": 0.05, ""trial_id"": ""E2"", ""universe"": [""SPY"", ""TLT"", ""GLD""]}",development+reused_validation,5.0 bp risky purchases+sales; borrow rf+50.0 bp,completed,results/20261004T003009-2f16c796/E2-matched_base-112e96576b.csv,No OOS retuning; diagnostic not eligible for selection,False
E3-20-primary-be1f8ac487,2026-10-04T00:30:29.981627+00:00,f953cc6eadb2efb7f124791a8afd2815663fbf45083f58fe7e4fa892c609676c,26552dd9c109058ba93a75bb8ba5de1f6a85585b,e5f957a2b78b4a08cede2183cd59012f73beaffc38f0821d43bb458df08be222:5eb2ada6d8d007969c111064ae6c5de089e8bd61c0156cb49cc98484cea2b5d9,range,"{""base"": ""equal"", ""borrow_bps"": 50.0, ""cap"": 1.0, ""control"": ""event"", ""covariance_days"": 126, ""diagnostic"": ""primary"", ""family"": ""range"", ""har_train_min"": 504, ""lookback"": 20, ""overlay"": true, ""static_exposure"": null, ""target"": 0.1, ""threshold"": 0.05, ""trial_id"": ""E3-20"", ""universe"": [""SPY"", ""TLT"", ""GLD""]}",development+reused_validation,5.0 bp risky purchases+sales; borrow rf+50.0 bp,started,results/20261004T003009-2f16c796/E3-20-primary-be1f8ac487.csv,Attempt retained even if process fails,False
E3-20-primary-be1f8ac487,2026-10-04T00:30:29.981627+00:00,f953cc6eadb2efb7f124791a8afd2815663fbf45083f58fe7e4fa892c609676c,26552dd9c109058ba93a75bb8ba5de1f6a85585b,e5f957a2b78b4a08cede2183cd59012f73beaffc38f0821d43bb458df08be222:5eb2ada6d8d007969c111064ae6c5de089e8bd61c0156cb49cc98484cea2b5d9,range,"{""base"": ""equal"", ""borrow_bps"": 50.0, ""cap"": 1.0, ""control"": ""event"", ""covariance_days"": 126, ""diagnostic"": ""primary"", ""family"": ""range"", ""har_train_min"": 504, ""lookback"": 20, ""overlay"": true, ""static_exposure"": null, ""target"": 0.1, ""threshold"": 0.05, ""trial_id"": ""E3-20"", ""universe"": [""SPY"", ""TLT"", ""GLD""]}",development+reused_validation,5.0 bp risky purchases+sales; borrow rf+50.0 bp,completed,results/20261004T003009-2f16c796/E3-20-primary-be1f8ac487.csv,Await validation,False
E3-20-matched_base-aae66e8cee,2026-10-04T00:30:32.244832+00:00,f953cc6eadb2efb7f124791a8afd2815663fbf45083f58fe7e4fa892c609676c,26552dd9c109058ba93a75bb8ba5de1f6a85585b,e5f957a2b78b4a08cede2183cd59012f73beaffc38f0821d43bb458df08be222:5eb2ada6d8d007969c111064ae6c5de089e8bd61c0156cb49cc98484cea2b5d9,range,"{""base"": ""equal"", ""borrow_bps"": 50.0, ""cap"": 1.0, ""control"": ""event"", ""covariance_days"": 126, ""diagnostic"": ""matched_base"", ""family"": ""range"", ""har_train_min"": 504, ""lookback"": 20, ""overlay"": false, ""static_exposure"": null, ""target"": 0.1, ""threshold"": 0.05, ""trial_id"": ""E3-20"", ""universe"": [""SPY"", ""TLT"", ""GLD""]}",development+reused_validation,5.0 bp risky purchases+sales; borrow rf+50.0 bp,started,results/20261004T003009-2f16c796/E3-20-matched_base-aae66e8cee.csv,Attempt retained even if process fails,False
E3-20-matched_base-aae66e8cee,2026-10-04T00:30:32.244832+00:00,f953cc6eadb2efb7f124791a8afd2815663fbf45083f58fe7e4fa892c609676c,26552dd9c109058ba93a75bb8ba5de1f6a85585b,e5f957a2b78b4a08cede2183cd59012f73beaffc38f0821d43bb458df08be222:5eb2ada6d8d007969c111064ae6c5de089e8bd61c0156cb49cc98484cea2b5d9,range,"{""base"": ""equal"", ""borrow_bps"": 50.0, ""cap"": 1.0, ""control"": ""event"", ""covariance_days"": 126, ""diagnostic"": ""matched_base"", ""family"": ""range"", ""har_train_min"": 504, ""lookback"": 20, ""overlay"": false, ""static_exposure"": null, ""target"": 0.1, ""threshold"": 0.05, ""trial_id"": ""E3-20"", ""universe"": [""SPY"", ""TLT"", ""GLD""]}",development+reused_validation,5.0 bp risky purchases+sales; borrow rf+50.0 bp,completed,results/20261004T003009-2f16c796/E3-20-matched_base-aae66e8cee.csv,No OOS retuning; diagnostic not eligible for selection,False
E3-63-primary-95bf55cc59,2026-10-04T00:30:34.562627+00:00,f953cc6eadb2efb7f124791a8afd2815663fbf45083f58fe7e4fa892c609676c,26552dd9c109058ba93a75bb8ba5de1f6a85585b,e5f957a2b78b4a08cede2183cd59012f73beaffc38f0821d43bb458df08be222:5eb2ada6d8d007969c111064ae6c5de089e8bd61c0156cb49cc98484cea2b5d9,range,"{""base"": ""equal"", ""borrow_bps"": 50.0, ""cap"": 1.0, ""control"": ""event"", ""covariance_days"": 126, ""diagnostic"": ""primary"", ""family"": ""range"", ""har_train_min"": 504, ""lookback"": 63, ""overlay"": true, ""static_exposure"": null, ""target"": 0.1, ""threshold"": 0.05, ""trial_id"": ""E3-63"", ""universe"": [""SPY"", ""TLT"", ""GLD""]}",development+reused_validation,5.0 bp risky purchases+sales; borrow rf+50.0 bp,started,results/20261004T003009-2f16c796/E3-63-primary-95bf55cc59.csv,Attempt retained even if process fails,False
E3-63-primary-95bf55cc59,2026-10-04T00:30:34.562627+00:00,f953cc6eadb2efb7f124791a8afd2815663fbf45083f58fe7e4fa892c609676c,26552dd9c109058ba93a75bb8ba5de1f6a85585b,e5f957a2b78b4a08cede2183cd59012f73beaffc38f0821d43bb458df08be222:5eb2ada6d8d007969c111064ae6c5de089e8bd61c0156cb49cc98484cea2b5d9,range,"{""base"": ""equal"", ""borrow_bps"": 50.0, ""cap"": 1.0, ""control"": ""event"", ""covariance_days"": 126, ""diagnostic"": ""primary"", ""family"": ""range"", ""har_train_min"": 504, ""lookback"": 63, ""overlay"": true, ""static_exposure"": null, ""target"": 0.1, ""threshold"": 0.05, ""trial_id"": ""E3-63"", ""universe"": [""SPY"", ""TLT"", ""GLD""]}",development+reused_validation,5.0 bp risky purchases+sales; borrow rf+50.0 bp,completed,results/20261004T003009-2f16c796/E3-63-primary-95bf55cc59.csv,Await validation,False
E3-63-matched_base-ac28d595cf,2026-10-04T00:30:36.727266+00:00,f953cc6eadb2efb7f124791a8afd2815663fbf45083f58fe7e4fa892c609676c,26552dd9c109058ba93a75bb8ba5de1f6a85585b,e5f957a2b78b4a08cede2183cd59012f73beaffc38f0821d43bb458df08be222:5eb2ada6d8d007969c111064ae6c5de089e8bd61c0156cb49cc98484cea2b5d9,range,"{""base"": ""equal"", ""borrow_bps"": 50.0, ""cap"": 1.0, ""control"": ""event"", ""covariance_days"": 126, ""diagnostic"": ""matched_base"", ""family"": ""range"", ""har_train_min"": 504, ""lookback"": 63, ""overlay"": false, ""static_exposure"": null, ""target"": 0.1, ""threshold"": 0.05, ""trial_id"": ""E3-63"", ""universe"": [""SPY"", ""TLT"", ""GLD""]}",development+reused_validation,5.0 bp risky purchases+sales; borrow rf+50.0 bp,started,results/20261004T003009-2f16c796/E3-63-matched_base-ac28d595cf.csv,Attempt retained even if process fails,False
E3-63-matched_base-ac28d595cf,2026-10-04T00:30:36.727266+00:00,f953cc6eadb2efb7f124791a8afd2815663fbf45083f58fe7e4fa892c609676c,26552dd9c109058ba93a75bb8ba5de1f6a85585b,e5f957a2b78b4a08cede2183cd59012f73beaffc38f0821d43bb458df08be222:5eb2ada6d8d007969c111064ae6c5de089e8bd61c0156cb49cc98484cea2b5d9,range,"{""base"": ""equal"", ""borrow_bps"": 50.0, ""cap"": 1.0, ""control"": ""event"", ""covariance_days"": 126, ""diagnostic"": ""matched_base"", ""family"": ""range"", ""har_train_min"": 504, ""lookback"": 63, ""overlay"": false, ""static_exposure"": null, ""target"": 0.1, ""threshold"": 0.05, ""trial_id"": ""E3-63"", ""universe"": [""SPY"", ""TLT"", ""GLD""]}",development+reused_validation,5.0 bp risky purchases+sales; borrow rf+50.0 bp,completed,results/20261004T003009-2f16c796/E3-63-matched_base-ac28d595cf.csv,No OOS retuning; diagnostic not eligible for selection,False
E4-primary-972478d9e6,2026-10-04T00:30:38.959328+00:00,f953cc6eadb2efb7f124791a8afd2815663fbf45083f58fe7e4fa892c609676c,26552dd9c109058ba93a75bb8ba5de1f6a85585b,e5f957a2b78b4a08cede2183cd59012f73beaffc38f0821d43bb458df08be222:5eb2ada6d8d007969c111064ae6c5de089e8bd61c0156cb49cc98484cea2b5d9,ensemble,"{""base"": ""minvar"", ""borrow_bps"": 50.0, ""cap"": 1.0, ""control"": ""event"", ""covariance_days"": 126, ""diagnostic"": ""primary"", ""family"": ""ensemble"", ""har_train_min"": 504, ""lookback"": 63, ""overlay"": true, ""static_exposure"": null, ""target"": 0.1, ""threshold"": 0.05, ""trial_id"": ""E4"", ""universe"": [""SPY"", ""TLT"", ""GLD""]}",development+reused_validation,5.0 bp risky purchases+sales; borrow rf+50.0 bp,started,results/20261004T003009-2f16c796/E4-primary-972478d9e6.csv,Attempt retained even if process fails,False
E4-primary-972478d9e6,2026-10-04T00:30:38.959328+00:00,f953cc6eadb2efb7f124791a8afd2815663fbf45083f58fe7e4fa892c609676c,26552dd9c109058ba93a75bb8ba5de1f6a85585b,e5f957a2b78b4a08cede2183cd59012f73beaffc38f0821d43bb458df08be222:5eb2ada6d8d007969c111064ae6c5de089e8bd61c0156cb49cc98484cea2b5d9,ensemble,"{""base"": ""minvar"", ""borrow_bps"": 50.0, ""cap"": 1.0, ""control"": ""event"", ""covariance_days"": 126, ""diagnostic"": ""primary"", ""family"": ""ensemble"", ""har_train_min"": 504, ""lookback"": 63, ""overlay"": true, ""static_exposure"": null, ""target"": 0.1, ""threshold"": 0.05, ""trial_id"": ""E4"", ""universe"": [""SPY"", ""TLT"", ""GLD""]}",development+reused_validation,5.0 bp risky purchases+sales; borrow rf+50.0 bp,completed,results/20261004T003009-2f16c796/E4-primary-972478d9e6.csv,Await validation,False
E4-matched_base-6a8f96c911,2026-10-04T00:30:40.631646+00:00,f953cc6eadb2efb7f124791a8afd2815663fbf45083f58fe7e4fa892c609676c,26552dd9c109058ba93a75bb8ba5de1f6a85585b,e5f957a2b78b4a08cede2183cd59012f73beaffc38f0821d43bb458df08be222:5eb2ada6d8d007969c111064ae6c5de089e8bd61c0156cb49cc98484cea2b5d9,ensemble,"{""base"": ""minvar"", ""borrow_bps"": 50.0, ""cap"": 1.0, ""control"": ""event"", ""covariance_days"": 126, ""diagnostic"": ""matched_base"", ""family"": ""ensemble"", ""har_train_min"": 504, ""lookback"": 63, ""overlay"": false, ""static_exposure"": null, ""target"": 0.1, ""threshold"": 0.05, ""trial_id"": ""E4"", ""universe"": [""SPY"", ""TLT"", ""GLD""]}",development+reused_validation,5.0 bp risky purchases+sales; borrow rf+50.0 bp,started,results/20261004T003009-2f16c796/E4-matched_base-6a8f96c911.csv,Attempt retained even if process fails,False
E4-matched_base-6a8f96c911,2026-10-04T00:30:40.631646+00:00,f953cc6eadb2efb7f124791a8afd2815663fbf45083f58fe7e4fa892c609676c,26552dd9c109058ba93a75bb8ba5de1f6a85585b,e5f957a2b78b4a08cede2183cd59012f73beaffc38f0821d43bb458df08be222:5eb2ada6d8d007969c111064ae6c5de089e8bd61c0156cb49cc98484cea2b5d9,ensemble,"{""base"": ""minvar"", ""borrow_bps"": 50.0, ""cap"": 1.0, ""control"": ""event"", ""covariance_days"": 126, ""diagnostic"": ""matched_base"", ""family"": ""ensemble"", ""har_train_min"": 504, ""lookback"": 63, ""overlay"": false, ""static_exposure"": null, ""target"": 0.1, ""threshold"": 0.05, ""trial_id"": ""E4"", ""universe"": [""SPY"", ""TLT"", ""GLD""]}",development+reused_validation,5.0 bp risky purchases+sales; borrow rf+50.0 bp,completed,results/20261004T003009-2f16c796/E4-matched_base-6a8f96c911.csv,No OOS retuning; diagnostic not eligible for selection,False
E5-primary-e6ead34b70,2026-10-04T00:30:42.277141+00:00,f953cc6eadb2efb7f124791a8afd2815663fbf45083f58fe7e4fa892c609676c,26552dd9c109058ba93a75bb8ba5de1f6a85585b,e5f957a2b78b4a08cede2183cd59012f73beaffc38f0821d43bb458df08be222:5eb2ada6d8d007969c111064ae6c5de089e8bd61c0156cb49cc98484cea2b5d9,ensemble,"{""base"": ""erc"", ""borrow_bps"": 50.0, ""cap"": 1.0, ""control"": ""event"", ""covariance_days"": 126, ""diagnostic"": ""primary"", ""family"": ""ensemble"", ""har_train_min"": 504, ""lookback"": 63, ""overlay"": true, ""static_exposure"": null, ""target"": 0.1, ""threshold"": 0.05, ""trial_id"": ""E5"", ""universe"": [""SPY"", ""TLT"", ""GLD""]}",development+reused_validation,5.0 bp risky purchases+sales; borrow rf+50.0 bp,started,results/20261004T003009-2f16c796/E5-primary-e6ead34b70.csv,Attempt retained even if process fails,False
E5-primary-e6ead34b70,2026-10-04T00:30:42.277141+00:00,f953cc6eadb2efb7f124791a8afd2815663fbf45083f58fe7e4fa892c609676c,26552dd9c109058ba93a75bb8ba5de1f6a85585b,e5f957a2b78b4a08cede2183cd59012f73beaffc38f0821d43bb458df08be222:5eb2ada6d8d007969c111064ae6c5de089e8bd61c0156cb49cc98484cea2b5d9,ensemble,"{""base"": ""erc"", ""borrow_bps"": 50.0, ""cap"": 1.0, ""control"": ""event"", ""covariance_days"": 126, ""diagnostic"": ""primary"", ""family"": ""ensemble"", ""har_train_min"": 504, ""lookback"": 63, ""overlay"": true, ""static_exposure"": null, ""target"": 0.1, ""threshold"": 0.05, ""trial_id"": ""E5"", ""universe"": [""SPY"", ""TLT"", ""GLD""]}",development+reused_validation,5.0 bp risky purchases+sales; borrow rf+50.0 bp,completed,results/20261004T003009-2f16c796/E5-primary-e6ead34b70.csv,Await validation,False
E5-matched_base-67eac4f2b4,2026-10-04T00:30:43.993626+00:00,f953cc6eadb2efb7f124791a8afd2815663fbf45083f58fe7e4fa892c609676c,26552dd9c109058ba93a75bb8ba5de1f6a85585b,e5f957a2b78b4a08cede2183cd59012f73beaffc38f0821d43bb458df08be222:5eb2ada6d8d007969c111064ae6c5de089e8bd61c0156cb49cc98484cea2b5d9,ensemble,"{""base"": ""erc"", ""borrow_bps"": 50.0, ""cap"": 1.0, ""control"": ""event"", ""covariance_days"": 126, ""diagnostic"": ""matched_base"", ""family"": ""ensemble"", ""har_train_min"": 504, ""lookback"": 63, ""overlay"": false, ""static_exposure"": null, ""target"": 0.1, ""threshold"": 0.05, ""trial_id"": ""E5"", ""universe"": [""SPY"", ""TLT"", ""GLD""]}",development+reused_validation,5.0 bp risky purchases+sales; borrow rf+50.0 bp,started,results/20261004T003009-2f16c796/E5-matched_base-67eac4f2b4.csv,Attempt retained even if process fails,False
E5-matched_base-67eac4f2b4,2026-10-04T00:30:43.993626+00:00,f953cc6eadb2efb7f124791a8afd2815663fbf45083f58fe7e4fa892c609676c,26552dd9c109058ba93a75bb8ba5de1f6a85585b,e5f957a2b78b4a08cede2183cd59012f73beaffc38f0821d43bb458df08be222:5eb2ada6d8d007969c111064ae6c5de089e8bd61c0156cb49cc98484cea2b5d9,ensemble,"{""base"": ""erc"", ""borrow_bps"": 50.0, ""cap"": 1.0, ""control"": ""event"", ""covariance_days"": 126, ""diagnostic"": ""matched_base"", ""family"": ""ensemble"", ""har_train_min"": 504, ""lookback"": 63, ""overlay"": false, ""static_exposure"": null, ""target"": 0.1, ""threshold"": 0.05, ""trial_id"": ""E5"", ""universe"": [""SPY"", ""TLT"", ""GLD""]}",development+reused_validation,5.0 bp risky purchases+sales; borrow rf+50.0 bp,completed,results/20261004T003009-2f16c796/E5-matched_base-67eac4f2b4.csv,No OOS retuning; diagnostic not eligible for selection,False
E6-primary-f53582686a,2026-10-04T00:30:45.837549+00:00,f953cc6eadb2efb7f124791a8afd2815663fbf45083f58fe7e4fa892c609676c,26552dd9c109058ba93a75bb8ba5de1f6a85585b,e5f957a2b78b4a08cede2183cd59012f73beaffc38f0821d43bb458df08be222:5eb2ada6d8d007969c111064ae6c5de089e8bd61c0156cb49cc98484cea2b5d9,ensemble,"{""base"": ""erc"", ""borrow_bps"": 50.0, ""cap"": 1.0, ""control"": ""event"", ""covariance_days"": 126, ""diagnostic"": ""primary"", ""family"": ""ensemble"", ""har_train_min"": 504, ""lookback"": 63, ""overlay"": true, ""static_exposure"": null, ""target"": 0.1, ""threshold"": 0.05, ""trial_id"": ""E6"", ""universe"": [""QQQ"", ""IWM"", ""HYG"", ""TLT"", ""GLD"", ""DBC""]}",development+reused_validation,5.0 bp risky purchases+sales; borrow rf+50.0 bp,started,results/20261004T003009-2f16c796/E6-primary-f53582686a.csv,Attempt retained even if process fails,False
E6-primary-f53582686a,2026-10-04T00:30:45.837549+00:00,f953cc6eadb2efb7f124791a8afd2815663fbf45083f58fe7e4fa892c609676c,26552dd9c109058ba93a75bb8ba5de1f6a85585b,e5f957a2b78b4a08cede2183cd59012f73beaffc38f0821d43bb458df08be222:5eb2ada6d8d007969c111064ae6c5de089e8bd61c0156cb49cc98484cea2b5d9,ensemble,"{""base"": ""erc"", ""borrow_bps"": 50.0, ""cap"": 1.0, ""control"": ""event"", ""covariance_days"": 126, ""diagnostic"": ""primary"", ""family"": ""ensemble"", ""har_train_min"": 504, ""lookback"": 63, ""overlay"": true, ""static_exposure"": null, ""target"": 0.1, ""threshold"": 0.05, ""trial_id"": ""E6"", ""universe"": [""QQQ"", ""IWM"", ""HYG"", ""TLT"", ""GLD"", ""DBC""]}",development+reused_validation,5.0 bp risky purchases+sales; borrow rf+50.0 bp,completed,results/20261004T003009-2f16c796/E6-primary-f53582686a.csv,Await validation,False
E6-matched_base-29c9f3adc3,2026-10-04T00:30:48.262870+00:00,f953cc6eadb2efb7f124791a8afd2815663fbf45083f58fe7e4fa892c609676c,26552dd9c109058ba93a75bb8ba5de1f6a85585b,e5f957a2b78b4a08cede2183cd59012f73beaffc38f0821d43bb458df08be222:5eb2ada6d8d007969c111064ae6c5de089e8bd61c0156cb49cc98484cea2b5d9,ensemble,"{""base"": ""erc"", ""borrow_bps"": 50.0, ""cap"": 1.0, ""control"": ""event"", ""covariance_days"": 126, ""diagnostic"": ""matched_base"", ""family"": ""ensemble"", ""har_train_min"": 504, ""lookback"": 63, ""overlay"": false, ""static_exposure"": null, ""target"": 0.1, ""threshold"": 0.05, ""trial_id"": ""E6"", ""universe"": [""QQQ"", ""IWM"", ""HYG"", ""TLT"", ""GLD"", ""DBC""]}",development+reused_validation,5.0 bp risky purchases+sales; borrow rf+50.0 bp,started,results/20261004T003009-2f16c796/E6-matched_base-29c9f3adc3.csv,Attempt retained even if process fails,False
E6-matched_base-29c9f3adc3,2026-10-04T00:30:48.262870+00:00,f953cc6eadb2efb7f124791a8afd2815663fbf45083f58fe7e4fa892c609676c,26552dd9c109058ba93a75bb8ba5de1f6a85585b,e5f957a2b78b4a08cede2183cd59012f73beaffc38f0821d43bb458df08be222:5eb2ada6d8d007969c111064ae6c5de089e8bd61c0156cb49cc98484cea2b5d9,ensemble,"{""base"": ""erc"", ""borrow_bps"": 50.0, ""cap"": 1.0, ""control"": ""event"", ""covariance_days"": 126, ""diagnostic"": ""matched_base"", ""family"": ""ensemble"", ""har_train_min"": 504, ""lookback"": 63, ""overlay"": false, ""static_exposure"": null, ""target"": 0.1, ""threshold"": 0.05, ""trial_id"": ""E6"", ""universe"": [""QQQ"", ""IWM"", ""HYG"", ""TLT"", ""GLD"", ""DBC""]}",development+reused_validation,5.0 bp risky purchases+sales; borrow rf+50.0 bp,completed,results/20261004T003009-2f16c796/E6-matched_base-29c9f3adc3.csv,No OOS retuning; diagnostic not eligible for selection,False
E7-primary-99df50810a,2026-10-04T00:30:50.745535+00:00,f953cc6eadb2efb7f124791a8afd2815663fbf45083f58fe7e4fa892c609676c,26552dd9c109058ba93a75bb8ba5de1f6a85585b,e5f957a2b78b4a08cede2183cd59012f73beaffc38f0821d43bb458df08be222:5eb2ada6d8d007969c111064ae6c5de089e8bd61c0156cb49cc98484cea2b5d9,ensemble,"{""base"": ""equal"", ""borrow_bps"": 50.0, ""cap"": 1.0, ""control"": ""asymmetric"", ""covariance_days"": 126, ""diagnostic"": ""primary"", ""family"": ""ensemble"", ""har_train_min"": 504, ""lookback"": 63, ""overlay"": true, ""static_exposure"": null, ""target"": 0.1, ""threshold"": 0.05, ""trial_id"": ""E7"", ""universe"": [""SPY"", ""TLT"", ""GLD""]}",development+reused_validation,5.0 bp risky purchases+sales; borrow rf+50.0 bp,started,results/20261004T003009-2f16c796/E7-primary-99df50810a.csv,Attempt retained even if process fails,False
E7-primary-99df50810a,2026-10-04T00:30:50.745535+00:00,f953cc6eadb2efb7f124791a8afd2815663fbf45083f58fe7e4fa892c609676c,26552dd9c109058ba93a75bb8ba5de1f6a85585b,e5f957a2b78b4a08cede2183cd59012f73beaffc38f0821d43bb458df08be222:5eb2ada6d8d007969c111064ae6c5de089e8bd61c0156cb49cc98484cea2b5d9,ensemble,"{""base"": ""equal"", ""borrow_bps"": 50.0, ""cap"": 1.0, ""control"": ""asymmetric"", ""covariance_days"": 126, ""diagnostic"": ""primary"", ""family"": ""ensemble"", ""har_train_min"": 504, ""lookback"": 63, ""overlay"": true, ""static_exposure"": null, ""target"": 0.1, ""threshold"": 0.05, ""trial_id"": ""E7"", ""universe"": [""SPY"", ""TLT"", ""GLD""]}",development+reused_validation,5.0 bp risky purchases+sales; borrow rf+50.0 bp,completed,results/20261004T003009-2f16c796/E7-primary-99df50810a.csv,Await validation,False
E7-matched_base-d697e87125,2026-10-04T00:30:52.232647+00:00,f953cc6eadb2efb7f124791a8afd2815663fbf45083f58fe7e4fa892c609676c,26552dd9c109058ba93a75bb8ba5de1f6a85585b,e5f957a2b78b4a08cede2183cd59012f73beaffc38f0821d43bb458df08be222:5eb2ada6d8d007969c111064ae6c5de089e8bd61c0156cb49cc98484cea2b5d9,ensemble,"{""base"": ""equal"", ""borrow_bps"": 50.0, ""cap"": 1.0, ""control"": ""asymmetric"", ""covariance_days"": 126, ""diagnostic"": ""matched_base"", ""family"": ""ensemble"", ""har_train_min"": 504, ""lookback"": 63, ""overlay"": false, ""static_exposure"": null, ""target"": 0.1, ""threshold"": 0.05, ""trial_id"": ""E7"", ""universe"": [""SPY"", ""TLT"", ""GLD""]}",development+reused_validation,5.0 bp risky purchases+sales; borrow rf+50.0 bp,started,results/20261004T003009-2f16c796/E7-matched_base-d697e87125.csv,Attempt retained even if process fails,False
E7-matched_base-d697e87125,2026-10-04T00:30:52.232647+00:00,f953cc6eadb2efb7f124791a8afd2815663fbf45083f58fe7e4fa892c609676c,26552dd9c109058ba93a75bb8ba5de1f6a85585b,e5f957a2b78b4a08cede2183cd59012f73beaffc38f0821d43bb458df08be222:5eb2ada6d8d007969c111064ae6c5de089e8bd61c0156cb49cc98484cea2b5d9,ensemble,"{""base"": ""equal"", ""borrow_bps"": 50.0, ""cap"": 1.0, ""control"": ""asymmetric"", ""covariance_days"": 126, ""diagnostic"": ""matched_base"", ""family"": ""ensemble"", ""har_train_min"": 504, ""lookback"": 63, ""overlay"": false, ""static_exposure"": null, ""target"": 0.1, ""threshold"": 0.05, ""trial_id"": ""E7"", ""universe"": [""SPY"", ""TLT"", ""GLD""]}",development+reused_validation,5.0 bp risky purchases+sales; borrow rf+50.0 bp,completed,results/20261004T003009-2f16c796/E7-matched_base-d697e87125.csv,No OOS retuning; diagnostic not eligible for selection,False
E8-primary-20270fc781,2026-10-04T00:30:53.699760+00:00,f953cc6eadb2efb7f124791a8afd2815663fbf45083f58fe7e4fa892c609676c,26552dd9c109058ba93a75bb8ba5de1f6a85585b,e5f957a2b78b4a08cede2183cd59012f73beaffc38f0821d43bb458df08be222:5eb2ada6d8d007969c111064ae6c5de089e8bd61c0156cb49cc98484cea2b5d9,ensemble,"{""base"": ""equal"", ""borrow_bps"": 50.0, ""cap"": 1.25, ""control"": ""asymmetric"", ""covariance_days"": 126, ""diagnostic"": ""primary"", ""family"": ""ensemble"", ""har_train_min"": 504, ""lookback"": 63, ""overlay"": true, ""static_exposure"": null, ""target"": 0.1, ""threshold"": 0.05, ""trial_id"": ""E8"", ""universe"": [""SPY"", ""TLT"", ""GLD""]}",development+reused_validation,5.0 bp risky purchases+sales; borrow rf+50.0 bp,started,results/20261004T003009-2f16c796/E8-primary-20270fc781.csv,Attempt retained even if process fails,False
E8-primary-20270fc781,2026-10-04T00:30:53.699760+00:00,f953cc6eadb2efb7f124791a8afd2815663fbf45083f58fe7e4fa892c609676c,26552dd9c109058ba93a75bb8ba5de1f6a85585b,e5f957a2b78b4a08cede2183cd59012f73beaffc38f0821d43bb458df08be222:5eb2ada6d8d007969c111064ae6c5de089e8bd61c0156cb49cc98484cea2b5d9,ensemble,"{""base"": ""equal"", ""borrow_bps"": 50.0, ""cap"": 1.25, ""control"": ""asymmetric"", ""covariance_days"": 126, ""diagnostic"": ""primary"", ""family"": ""ensemble"", ""har_train_min"": 504, ""lookback"": 63, ""overlay"": true, ""static_exposure"": null, ""target"": 0.1, ""threshold"": 0.05, ""trial_id"": ""E8"", ""universe"": [""SPY"", ""TLT"", ""GLD""]}",development+reused_validation,5.0 bp risky purchases+sales; borrow rf+50.0 bp,completed,results/20261004T003009-2f16c796/E8-primary-20270fc781.csv,Await validation,False
E8-matched_base-042eaa78b8,2026-10-04T00:30:55.955931+00:00,f953cc6eadb2efb7f124791a8afd2815663fbf45083f58fe7e4fa892c609676c,26552dd9c109058ba93a75bb8ba5de1f6a85585b,e5f957a2b78b4a08cede2183cd59012f73beaffc38f0821d43bb458df08be222:5eb2ada6d8d007969c111064ae6c5de089e8bd61c0156cb49cc98484cea2b5d9,ensemble,"{""base"": ""equal"", ""borrow_bps"": 50.0, ""cap"": 1.25, ""control"": ""asymmetric"", ""covariance_days"": 126, ""diagnostic"": ""matched_base"", ""family"": ""ensemble"", ""har_train_min"": 504, ""lookback"": 63, ""overlay"": false, ""static_exposure"": null, ""target"": 0.1, ""threshold"": 0.05, ""trial_id"": ""E8"", ""universe"": [""SPY"", ""TLT"", ""GLD""]}",development+reused_validation,5.0 bp risky purchases+sales; borrow rf+50.0 bp,started,results/20261004T003009-2f16c796/E8-matched_base-042eaa78b8.csv,Attempt retained even if process fails,False
E8-matched_base-042eaa78b8,2026-10-04T00:30:55.955931+00:00,f953cc6eadb2efb7f124791a8afd2815663fbf45083f58fe7e4fa892c609676c,26552dd9c109058ba93a75bb8ba5de1f6a85585b,e5f957a2b78b4a08cede2183cd59012f73beaffc38f0821d43bb458df08be222:5eb2ada6d8d007969c111064ae6c5de089e8bd61c0156cb49cc98484cea2b5d9,ensemble,"{""base"": ""equal"", ""borrow_bps"": 50.0, ""cap"": 1.25, ""control"": ""asymmetric"", ""covariance_days"": 126, ""diagnostic"": ""matched_base"", ""family"": ""ensemble"", ""har_train_min"": 504, ""lookback"": 63, ""overlay"": false, ""static_exposure"": null, ""target"": 0.1, ""threshold"": 0.05, ""trial_id"": ""E8"", ""universe"": [""SPY"", ""TLT"", ""GLD""]}",development+reused_validation,5.0 bp risky purchases+sales; borrow rf+50.0 bp,completed,results/20261004T003009-2f16c796/E8-matched_base-042eaa78b8.csv,No OOS retuning; diagnostic not eligible for selection,False
E0-double_cost-7489c424e0,2026-10-04T00:30:57.566073+00:00,f953cc6eadb2efb7f124791a8afd2815663fbf45083f58fe7e4fa892c609676c,26552dd9c109058ba93a75bb8ba5de1f6a85585b,e5f957a2b78b4a08cede2183cd59012f73beaffc38f0821d43bb458df08be222:5eb2ada6d8d007969c111064ae6c5de089e8bd61c0156cb49cc98484cea2b5d9,trailing,"{""base"": ""equal"", ""borrow_bps"": 50.0, ""cap"": 1.0, ""control"": ""monthly"", ""covariance_days"": 126, ""diagnostic"": ""double_cost"", ""family"": ""trailing"", ""har_train_min"": 504, ""lookback"": 63, ""overlay"": true, ""static_exposure"": null, ""target"": 0.08, ""threshold"": 0.05, ""trial_id"": ""E0"", ""universe"": [""SPY"", ""TLT"", ""GLD""]}",development+reused_validation,10 bp risky purchases+sales; borrow rf+50.0 bp,started,results/20261004T003009-2f16c796/E0-double_cost-7489c424e0.csv,Attempt retained even if process fails,False
E0-double_cost-7489c424e0,2026-10-04T00:30:57.566073+00:00,f953cc6eadb2efb7f124791a8afd2815663fbf45083f58fe7e4fa892c609676c,26552dd9c109058ba93a75bb8ba5de1f6a85585b,e5f957a2b78b4a08cede2183cd59012f73beaffc38f0821d43bb458df08be222:5eb2ada6d8d007969c111064ae6c5de089e8bd61c0156cb49cc98484cea2b5d9,trailing,"{""base"": ""equal"", ""borrow_bps"": 50.0, ""cap"": 1.0, ""control"": ""monthly"", ""covariance_days"": 126, ""diagnostic"": ""double_cost"", ""family"": ""trailing"", ""har_train_min"": 504, ""lookback"": 63, ""overlay"": true, ""static_exposure"": null, ""target"": 0.08, ""threshold"": 0.05, ""trial_id"": ""E0"", ""universe"": [""SPY"", ""TLT"", ""GLD""]}",development+reused_validation,10 bp risky purchases+sales; borrow rf+50.0 bp,completed,results/20261004T003009-2f16c796/E0-double_cost-7489c424e0.csv,No OOS retuning; diagnostic not eligible for selection,False
E0-double_cost_base-fcdffa68a2,2026-10-04T00:30:58.880490+00:00,f953cc6eadb2efb7f124791a8afd2815663fbf45083f58fe7e4fa892c609676c,26552dd9c109058ba93a75bb8ba5de1f6a85585b,e5f957a2b78b4a08cede2183cd59012f73beaffc38f0821d43bb458df08be222:5eb2ada6d8d007969c111064ae6c5de089e8bd61c0156cb49cc98484cea2b5d9,trailing,"{""base"": ""equal"", ""borrow_bps"": 50.0, ""cap"": 1.0, ""control"": ""monthly"", ""covariance_days"": 126, ""diagnostic"": ""double_cost_base"", ""family"": ""trailing"", ""har_train_min"": 504, ""lookback"": 63, ""overlay"": false, ""static_exposure"": null, ""target"": 0.08, ""threshold"": 0.05, ""trial_id"": ""E0"", ""universe"": [""SPY"", ""TLT"", ""GLD""]}",development+reused_validation,10 bp risky purchases+sales; borrow rf+50.0 bp,started,results/20261004T003009-2f16c796/E0-double_cost_base-fcdffa68a2.csv,Attempt retained even if process fails,False
E0-double_cost_base-fcdffa68a2,2026-10-04T00:30:58.880490+00:00,f953cc6eadb2efb7f124791a8afd2815663fbf45083f58fe7e4fa892c609676c,26552dd9c109058ba93a75bb8ba5de1f6a85585b,e5f957a2b78b4a08cede2183cd59012f73beaffc38f0821d43bb458df08be222:5eb2ada6d8d007969c111064ae6c5de089e8bd61c0156cb49cc98484cea2b5d9,trailing,"{""base"": ""equal"", ""borrow_bps"": 50.0, ""cap"": 1.0, ""control"": ""monthly"", ""covariance_days"": 126, ""diagnostic"": ""double_cost_base"", ""family"": ""trailing"", ""har_train_min"": 504, ""lookback"": 63, ""overlay"": false, ""static_exposure"": null, ""target"": 0.08, ""threshold"": 0.05, ""trial_id"": ""E0"", ""universe"": [""SPY"", ""TLT"", ""GLD""]}",development+reused_validation,10 bp risky purchases+sales; borrow rf+50.0 bp,completed,results/20261004T003009-2f16c796/E0-double_cost_base-fcdffa68a2.csv,No OOS retuning; diagnostic not eligible for selection,False
E0-target_low-4e3f61fd64,2026-10-04T00:31:00.341092+00:00,f953cc6eadb2efb7f124791a8afd2815663fbf45083f58fe7e4fa892c609676c,26552dd9c109058ba93a75bb8ba5de1f6a85585b,e5f957a2b78b4a08cede2183cd59012f73beaffc38f0821d43bb458df08be222:5eb2ada6d8d007969c111064ae6c5de089e8bd61c0156cb49cc98484cea2b5d9,trailing,"{""base"": ""equal"", ""borrow_bps"": 50.0, ""cap"": 1.0, ""control"": ""monthly"", ""covariance_days"": 126, ""diagnostic"": ""target_low"", ""family"": ""trailing"", ""har_train_min"": 504, ""lookback"": 63, ""overlay"": true, ""static_exposure"": null, ""target"": 0.07, ""threshold"": 0.05, ""trial_id"": ""E0"", ""universe"": [""SPY"", ""TLT"", ""GLD""]}",development+reused_validation,5.0 bp risky purchases+sales; borrow rf+50.0 bp,started,results/20261004T003009-2f16c796/E0-target_low-4e3f61fd64.csv,Attempt retained even if process fails,False
E0-target_low-4e3f61fd64,2026-10-04T00:31:00.341092+00:00,f953cc6eadb2efb7f124791a8afd2815663fbf45083f58fe7e4fa892c609676c,26552dd9c109058ba93a75bb8ba5de1f6a85585b,e5f957a2b78b4a08cede2183cd59012f73beaffc38f0821d43bb458df08be222:5eb2ada6d8d007969c111064ae6c5de089e8bd61c0156cb49cc98484cea2b5d9,trailing,"{""base"": ""equal"", ""borrow_bps"": 50.0, ""cap"": 1.0, ""control"": ""monthly"", ""covariance_days"": 126, ""diagnostic"": ""target_low"", ""family"": ""trailing"", ""har_train_min"": 504, ""lookback"": 63, ""overlay"": true, ""static_exposure"": null, ""target"": 0.07, ""threshold"": 0.05, ""trial_id"": ""E0"", ""universe"": [""SPY"", ""TLT"", ""GLD""]}",development+reused_validation,5.0 bp risky purchases+sales; borrow rf+50.0 bp,completed,results/20261004T003009-2f16c796/E0-target_low-4e3f61fd64.csv,No OOS retuning; diagnostic not eligible for selection,False
E0-target_low_base-f7001b92a9,2026-10-04T00:31:01.590642+00:00,f953cc6eadb2efb7f124791a8afd2815663fbf45083f58fe7e4fa892c609676c,26552dd9c109058ba93a75bb8ba5de1f6a85585b,e5f957a2b78b4a08cede2183cd59012f73beaffc38f0821d43bb458df08be222:5eb2ada6d8d007969c111064ae6c5de089e8bd61c0156cb49cc98484cea2b5d9,trailing,"{""base"": ""equal"", ""borrow_bps"": 50.0, ""cap"": 1.0, ""control"": ""monthly"", ""covariance_days"": 126, ""diagnostic"": ""target_low_base"", ""family"": ""trailing"", ""har_train_min"": 504, ""lookback"": 63, ""overlay"": false, ""static_exposure"": null, ""target"": 0.07, ""threshold"": 0.05, ""trial_id"": ""E0"", ""universe"": [""SPY"", ""TLT"", ""GLD""]}",development+reused_validation,5.0 bp risky purchases+sales; borrow rf+50.0 bp,started,results/20261004T003009-2f16c796/E0-target_low_base-f7001b92a9.csv,Attempt retained even if process fails,False
E0-target_low_base-f7001b92a9,2026-10-04T00:31:01.590642+00:00,f953cc6eadb2efb7f124791a8afd2815663fbf45083f58fe7e4fa892c609676c,26552dd9c109058ba93a75bb8ba5de1f6a85585b,e5f957a2b78b4a08cede2183cd59012f73beaffc38f0821d43bb458df08be222:5eb2ada6d8d007969c111064ae6c5de089e8bd61c0156cb49cc98484cea2b5d9,trailing,"{""base"": ""equal"", ""borrow_bps"": 50.0, ""cap"": 1.0, ""control"": ""monthly"", ""covariance_days"": 126, ""diagnostic"": ""target_low_base"", ""family"": ""trailing"", ""har_train_min"": 504, ""lookback"": 63, ""overlay"": false, ""static_exposure"": null, ""target"": 0.07, ""threshold"": 0.05, ""trial_id"": ""E0"", ""universe"": [""SPY"", ""TLT"", ""GLD""]}",development+reused_validation,5.0 bp risky purchases+sales; borrow rf+50.0 bp,completed,results/20261004T003009-2f16c796/E0-target_low_base-f7001b92a9.csv,No OOS retuning; diagnostic not eligible for selection,False
E0-target_high-0863c8f61b,2026-10-04T00:31:02.884066+00:00,f953cc6eadb2efb7f124791a8afd2815663fbf45083f58fe7e4fa892c609676c,26552dd9c109058ba93a75bb8ba5de1f6a85585b,e5f957a2b78b4a08cede2183cd59012f73beaffc38f0821d43bb458df08be222:5eb2ada6d8d007969c111064ae6c5de089e8bd61c0156cb49cc98484cea2b5d9,trailing,"{""base"": ""equal"", ""borrow_bps"": 50.0, ""cap"": 1.0, ""control"": ""monthly"", ""covariance_days"": 126, ""diagnostic"": ""target_high"", ""family"": ""trailing"", ""har_train_min"": 504, ""lookback"": 63, ""overlay"": true, ""static_exposure"": null, ""target"": 0.09, ""threshold"": 0.05, ""trial_id"": ""E0"", ""universe"": [""SPY"", ""TLT"", ""GLD""]}",development+reused_validation,5.0 bp risky purchases+sales; borrow rf+50.0 bp,started,results/20261004T003009-2f16c796/E0-target_high-0863c8f61b.csv,Attempt retained even if process fails,False
E0-target_high-0863c8f61b,2026-10-04T00:31:02.884066+00:00,f953cc6eadb2efb7f124791a8afd2815663fbf45083f58fe7e4fa892c609676c,26552dd9c109058ba93a75bb8ba5de1f6a85585b,e5f957a2b78b4a08cede2183cd59012f73beaffc38f0821d43bb458df08be222:5eb2ada6d8d007969c111064ae6c5de089e8bd61c0156cb49cc98484cea2b5d9,trailing,"{""base"": ""equal"", ""borrow_bps"": 50.0, ""cap"": 1.0, ""control"": ""monthly"", ""covariance_days"": 126, ""diagnostic"": ""target_high"", ""family"": ""trailing"", ""har_train_min"": 504, ""lookback"": 63, ""overlay"": true, ""static_exposure"": null, ""target"": 0.09, ""threshold"": 0.05, ""trial_id"": ""E0"", ""universe"": [""SPY"", ""TLT"", ""GLD""]}",development+reused_validation,5.0 bp risky purchases+sales; borrow rf+50.0 bp,completed,results/20261004T003009-2f16c796/E0-target_high-0863c8f61b.csv,No OOS retuning; diagnostic not eligible for selection,False
E0-target_high_base-23eebfc72b,2026-10-04T00:31:04.153872+00:00,f953cc6eadb2efb7f124791a8afd2815663fbf45083f58fe7e4fa892c609676c,26552dd9c109058ba93a75bb8ba5de1f6a85585b,e5f957a2b78b4a08cede2183cd59012f73beaffc38f0821d43bb458df08be222:5eb2ada6d8d007969c111064ae6c5de089e8bd61c0156cb49cc98484cea2b5d9,trailing,"{""base"": ""equal"", ""borrow_bps"": 50.0, ""cap"": 1.0, ""control"": ""monthly"", ""covariance_days"": 126, ""diagnostic"": ""target_high_base"", ""family"": ""trailing"", ""har_train_min"": 504, ""lookback"": 63, ""overlay"": false, ""static_exposure"": null, ""target"": 0.09, ""threshold"": 0.05, ""trial_id"": ""E0"", ""universe"": [""SPY"", ""TLT"", ""GLD""]}",development+reused_validation,5.0 bp risky purchases+sales; borrow rf+50.0 bp,started,results/20261004T003009-2f16c796/E0-target_high_base-23eebfc72b.csv,Attempt retained even if process fails,False
E0-target_high_base-23eebfc72b,2026-10-04T00:31:04.153872+00:00,f953cc6eadb2efb7f124791a8afd2815663fbf45083f58fe7e4fa892c609676c,26552dd9c109058ba93a75bb8ba5de1f6a85585b,e5f957a2b78b4a08cede2183cd59012f73beaffc38f0821d43bb458df08be222:5eb2ada6d8d007969c111064ae6c5de089e8bd61c0156cb49cc98484cea2b5d9,trailing,"{""base"": ""equal"", ""borrow_bps"": 50.0, ""cap"": 1.0, ""control"": ""monthly"", ""covariance_days"": 126, ""diagnostic"": ""target_high_base"", ""family"": ""trailing"", ""har_train_min"": 504, ""lookback"": 63, ""overlay"": false, ""static_exposure"": null, ""target"": 0.09, ""threshold"": 0.05, ""trial_id"": ""E0"", ""universe"": [""SPY"", ""TLT"", ""GLD""]}",development+reused_validation,5.0 bp risky purchases+sales; borrow rf+50.0 bp,completed,results/20261004T003009-2f16c796/E0-target_high_base-23eebfc72b.csv,No OOS retuning; diagnostic not eligible for selection,False
E0-lookback_low-edee6cbbe2,2026-10-04T00:31:05.397008+00:00,f953cc6eadb2efb7f124791a8afd2815663fbf45083f58fe7e4fa892c609676c,26552dd9c109058ba93a75bb8ba5de1f6a85585b,e5f957a2b78b4a08cede2183cd59012f73beaffc38f0821d43bb458df08be222:5eb2ada6d8d007969c111064ae6c5de089e8bd61c0156cb49cc98484cea2b5d9,trailing,"{""base"": ""equal"", ""borrow_bps"": 50.0, ""cap"": 1.0, ""control"": ""monthly"", ""covariance_days"": 101, ""diagnostic"": ""lookback_low"", ""family"": ""trailing"", ""har_train_min"": 403, ""lookback"": 50, ""overlay"": true, ""static_exposure"": null, ""target"": 0.08, ""threshold"": 0.05, ""trial_id"": ""E0"", ""universe"": [""SPY"", ""TLT"", ""GLD""]}",development+reused_validation,5.0 bp risky purchases+sales; borrow rf+50.0 bp,started,results/20261004T003009-2f16c796/E0-lookback_low-edee6cbbe2.csv,Attempt retained even if process fails,False
E0-lookback_low-edee6cbbe2,2026-10-04T00:31:05.397008+00:00,f953cc6eadb2efb7f124791a8afd2815663fbf45083f58fe7e4fa892c609676c,26552dd9c109058ba93a75bb8ba5de1f6a85585b,e5f957a2b78b4a08cede2183cd59012f73beaffc38f0821d43bb458df08be222:5eb2ada6d8d007969c111064ae6c5de089e8bd61c0156cb49cc98484cea2b5d9,trailing,"{""base"": ""equal"", ""borrow_bps"": 50.0, ""cap"": 1.0, ""control"": ""monthly"", ""covariance_days"": 101, ""diagnostic"": ""lookback_low"", ""family"": ""trailing"", ""har_train_min"": 403, ""lookback"": 50, ""overlay"": true, ""static_exposure"": null, ""target"": 0.08, ""threshold"": 0.05, ""trial_id"": ""E0"", ""universe"": [""SPY"", ""TLT"", ""GLD""]}",development+reused_validation,5.0 bp risky purchases+sales; borrow rf+50.0 bp,completed,results/20261004T003009-2f16c796/E0-lookback_low-edee6cbbe2.csv,No OOS retuning; diagnostic not eligible for selection,False
E0-lookback_low_base-2ca4f69622,2026-10-04T00:31:06.725009+00:00,f953cc6eadb2efb7f124791a8afd2815663fbf45083f58fe7e4fa892c609676c,26552dd9c109058ba93a75bb8ba5de1f6a85585b,e5f957a2b78b4a08cede2183cd59012f73beaffc38f0821d43bb458df08be222:5eb2ada6d8d007969c111064ae6c5de089e8bd61c0156cb49cc98484cea2b5d9,trailing,"{""base"": ""equal"", ""borrow_bps"": 50.0, ""cap"": 1.0, ""control"": ""monthly"", ""covariance_days"": 101, ""diagnostic"": ""lookback_low_base"", ""family"": ""trailing"", ""har_train_min"": 403, ""lookback"": 50, ""overlay"": false, ""static_exposure"": null, ""target"": 0.08, ""threshold"": 0.05, ""trial_id"": ""E0"", ""universe"": [""SPY"", ""TLT"", ""GLD""]}",development+reused_validation,5.0 bp risky purchases+sales; borrow rf+50.0 bp,started,results/20261004T003009-2f16c796/E0-lookback_low_base-2ca4f69622.csv,Attempt retained even if process fails,False
E0-lookback_low_base-2ca4f69622,2026-10-04T00:31:06.725009+00:00,f953cc6eadb2efb7f124791a8afd2815663fbf45083f58fe7e4fa892c609676c,26552dd9c109058ba93a75bb8ba5de1f6a85585b,e5f957a2b78b4a08cede2183cd59012f73beaffc38f0821d43bb458df08be222:5eb2ada6d8d007969c111064ae6c5de089e8bd61c0156cb49cc98484cea2b5d9,trailing,"{""base"": ""equal"", ""borrow_bps"": 50.0, ""cap"": 1.0, ""control"": ""monthly"", ""covariance_days"": 101, ""diagnostic"": ""lookback_low_base"", ""family"": ""trailing"", ""har_train_min"": 403, ""lookback"": 50, ""overlay"": false, ""static_exposure"": null, ""target"": 0.08, ""threshold"": 0.05, ""trial_id"": ""E0"", ""universe"": [""SPY"", ""TLT"", ""GLD""]}",development+reused_validation,5.0 bp risky purchases+sales; borrow rf+50.0 bp,completed,results/20261004T003009-2f16c796/E0-lookback_low_base-2ca4f69622.csv,No OOS retuning; diagnostic not eligible for selection,False
E0-lookback_high-dcb1d661e1,2026-10-04T00:31:08.030461+00:00,f953cc6eadb2efb7f124791a8afd2815663fbf45083f58fe7e4fa892c609676c,26552dd9c109058ba93a75bb8ba5de1f6a85585b,e5f957a2b78b4a08cede2183cd59012f73beaffc38f0821d43bb458df08be222:5eb2ada6d8d007969c111064ae6c5de089e8bd61c0156cb49cc98484cea2b5d9,trailing,"{""base"": ""equal"", ""borrow_bps"": 50.0, ""cap"": 1.0, ""control"": ""monthly"", ""covariance_days"": 151, ""diagnostic"": ""lookback_high"", ""family"": ""trailing"", ""har_train_min"": 605, ""lookback"": 76, ""overlay"": true, ""static_exposure"": null, ""target"": 0.08, ""threshold"": 0.05, ""trial_id"": ""E0"", ""universe"": [""SPY"", ""TLT"", ""GLD""]}",development+reused_validation,5.0 bp risky purchases+sales; borrow rf+50.0 bp,started,results/20261004T003009-2f16c796/E0-lookback_high-dcb1d661e1.csv,Attempt retained even if process fails,False
E0-lookback_high-dcb1d661e1,2026-10-04T00:31:08.030461+00:00,f953cc6eadb2efb7f124791a8afd2815663fbf45083f58fe7e4fa892c609676c,26552dd9c109058ba93a75bb8ba5de1f6a85585b,e5f957a2b78b4a08cede2183cd59012f73beaffc38f0821d43bb458df08be222:5eb2ada6d8d007969c111064ae6c5de089e8bd61c0156cb49cc98484cea2b5d9,trailing,"{""base"": ""equal"", ""borrow_bps"": 50.0, ""cap"": 1.0, ""control"": ""monthly"", ""covariance_days"": 151, ""diagnostic"": ""lookback_high"", ""family"": ""trailing"", ""har_train_min"": 605, ""lookback"": 76, ""overlay"": true, ""static_exposure"": null, ""target"": 0.08, ""threshold"": 0.05, ""trial_id"": ""E0"", ""universe"": [""SPY"", ""TLT"", ""GLD""]}",development+reused_validation,5.0 bp risky purchases+sales; borrow rf+50.0 bp,completed,results/20261004T003009-2f16c796/E0-lookback_high-dcb1d661e1.csv,No OOS retuning; diagnostic not eligible for selection,False
E0-lookback_high_base-4fab54d90f,2026-10-04T00:31:09.317342+00:00,f953cc6eadb2efb7f124791a8afd2815663fbf45083f58fe7e4fa892c609676c,26552dd9c109058ba93a75bb8ba5de1f6a85585b,e5f957a2b78b4a08cede2183cd59012f73beaffc38f0821d43bb458df08be222:5eb2ada6d8d007969c111064ae6c5de089e8bd61c0156cb49cc98484cea2b5d9,trailing,"{""base"": ""equal"", ""borrow_bps"": 50.0, ""cap"": 1.0, ""control"": ""monthly"", ""covariance_days"": 151, ""diagnostic"": ""lookback_high_base"", ""family"": ""trailing"", ""har_train_min"": 605, ""lookback"": 76, ""overlay"": false, ""static_exposure"": null, ""target"": 0.08, ""threshold"": 0.05, ""trial_id"": ""E0"", ""universe"": [""SPY"", ""TLT"", ""GLD""]}",development+reused_validation,5.0 bp risky purchases+sales; borrow rf+50.0 bp,started,results/20261004T003009-2f16c796/E0-lookback_high_base-4fab54d90f.csv,Attempt retained even if process fails,False
E0-lookback_high_base-4fab54d90f,2026-10-04T00:31:09.317342+00:00,f953cc6eadb2efb7f124791a8afd2815663fbf45083f58fe7e4fa892c609676c,26552dd9c109058ba93a75bb8ba5de1f6a85585b,e5f957a2b78b4a08cede2183cd59012f73beaffc38f0821d43bb458df08be222:5eb2ada6d8d007969c111064ae6c5de089e8bd61c0156cb49cc98484cea2b5d9,trailing,"{""base"": ""equal"", ""borrow_bps"": 50.0, ""cap"": 1.0, ""control"": ""monthly"", ""covariance_days"": 151, ""diagnostic"": ""lookback_high_base"", ""family"": ""trailing"", ""har_train_min"": 605, ""lookback"": 76, ""overlay"": false, ""static_exposure"": null, ""target"": 0.08, ""threshold"": 0.05, ""trial_id"": ""E0"", ""universe"": [""SPY"", ""TLT"", ""GLD""]}",development+reused_validation,5.0 bp risky purchases+sales; borrow rf+50.0 bp,completed,results/20261004T003009-2f16c796/E0-lookback_high_base-4fab54d90f.csv,No OOS retuning; diagnostic not eligible for selection,False
E0-trigger_low-08803667cf,2026-10-04T00:31:10.567754+00:00,f953cc6eadb2efb7f124791a8afd2815663fbf45083f58fe7e4fa892c609676c,26552dd9c109058ba93a75bb8ba5de1f6a85585b,e5f957a2b78b4a08cede2183cd59012f73beaffc38f0821d43bb458df08be222:5eb2ada6d8d007969c111064ae6c5de089e8bd61c0156cb49cc98484cea2b5d9,trailing,"{""base"": ""equal"", ""borrow_bps"": 50.0, ""cap"": 1.0, ""control"": ""monthly"", ""covariance_days"": 126, ""diagnostic"": ""trigger_low"", ""family"": ""trailing"", ""har_train_min"": 504, ""lookback"": 63, ""overlay"": true, ""static_exposure"": null, ""target"": 0.08, ""threshold"": 0.04, ""trial_id"": ""E0"", ""universe"": [""SPY"", ""TLT"", ""GLD""]}",development+reused_validation,5.0 bp risky purchases+sales; borrow rf+50.0 bp,started,results/20261004T003009-2f16c796/E0-trigger_low-08803667cf.csv,Attempt retained even if process fails,False
E0-trigger_low-08803667cf,2026-10-04T00:31:10.567754+00:00,f953cc6eadb2efb7f124791a8afd2815663fbf45083f58fe7e4fa892c609676c,26552dd9c109058ba93a75bb8ba5de1f6a85585b,e5f957a2b78b4a08cede2183cd59012f73beaffc38f0821d43bb458df08be222:5eb2ada6d8d007969c111064ae6c5de089e8bd61c0156cb49cc98484cea2b5d9,trailing,"{""base"": ""equal"", ""borrow_bps"": 50.0, ""cap"": 1.0, ""control"": ""monthly"", ""covariance_days"": 126, ""diagnostic"": ""trigger_low"", ""family"": ""trailing"", ""har_train_min"": 504, ""lookback"": 63, ""overlay"": true, ""static_exposure"": null, ""target"": 0.08, ""threshold"": 0.04, ""trial_id"": ""E0"", ""universe"": [""SPY"", ""TLT"", ""GLD""]}",development+reused_validation,5.0 bp risky purchases+sales; borrow rf+50.0 bp,completed,results/20261004T003009-2f16c796/E0-trigger_low-08803667cf.csv,No OOS retuning; diagnostic not eligible for selection,False
E0-trigger_low_base-e40ba365a8,2026-10-04T00:31:11.810549+00:00,f953cc6eadb2efb7f124791a8afd2815663fbf45083f58fe7e4fa892c609676c,26552dd9c109058ba93a75bb8ba5de1f6a85585b,e5f957a2b78b4a08cede2183cd59012f73beaffc38f0821d43bb458df08be222:5eb2ada6d8d007969c111064ae6c5de089e8bd61c0156cb49cc98484cea2b5d9,trailing,"{""base"": ""equal"", ""borrow_bps"": 50.0, ""cap"": 1.0, ""control"": ""monthly"", ""covariance_days"": 126, ""diagnostic"": ""trigger_low_base"", ""family"": ""trailing"", ""har_train_min"": 504, ""lookback"": 63, ""overlay"": false, ""static_exposure"": null, ""target"": 0.08, ""threshold"": 0.04, ""trial_id"": ""E0"", ""universe"": [""SPY"", ""TLT"", ""GLD""]}",development+reused_validation,5.0 bp risky purchases+sales; borrow rf+50.0 bp,started,results/20261004T003009-2f16c796/E0-trigger_low_base-e40ba365a8.csv,Attempt retained even if process fails,False
E0-trigger_low_base-e40ba365a8,2026-10-04T00:31:11.810549+00:00,f953cc6eadb2efb7f124791a8afd2815663fbf45083f58fe7e4fa892c609676c,26552dd9c109058ba93a75bb8ba5de1f6a85585b,e5f957a2b78b4a08cede2183cd59012f73beaffc38f0821d43bb458df08be222:5eb2ada6d8d007969c111064ae6c5de089e8bd61c0156cb49cc98484cea2b5d9,trailing,"{""base"": ""equal"", ""borrow_bps"": 50.0, ""cap"": 1.0, ""control"": ""monthly"", ""covariance_days"": 126, ""diagnostic"": ""trigger_low_base"", ""family"": ""trailing"", ""har_train_min"": 504, ""lookback"": 63, ""overlay"": false, ""static_exposure"": null, ""target"": 0.08, ""threshold"": 0.04, ""trial_id"": ""E0"", ""universe"": [""SPY"", ""TLT"", ""GLD""]}",development+reused_validation,5.0 bp risky purchases+sales; borrow rf+50.0 bp,completed,results/20261004T003009-2f16c796/E0-trigger_low_base-e40ba365a8.csv,No OOS retuning; diagnostic not eligible for selection,False
E0-trigger_high-b40aaf5745,2026-10-04T00:31:13.068070+00:00,f953cc6eadb2efb7f124791a8afd2815663fbf45083f58fe7e4fa892c609676c,26552dd9c109058ba93a75bb8ba5de1f6a85585b,e5f957a2b78b4a08cede2183cd59012f73beaffc38f0821d43bb458df08be222:5eb2ada6d8d007969c111064ae6c5de089e8bd61c0156cb49cc98484cea2b5d9,trailing,"{""base"": ""equal"", ""borrow_bps"": 50.0, ""cap"": 1.0, ""control"": ""monthly"", ""covariance_days"": 126, ""diagnostic"": ""trigger_high"", ""family"": ""trailing"", ""har_train_min"": 504, ""lookback"": 63, ""overlay"": true, ""static_exposure"": null, ""target"": 0.08, ""threshold"": 0.06, ""trial_id"": ""E0"", ""universe"": [""SPY"", ""TLT"", ""GLD""]}",development+reused_validation,5.0 bp risky purchases+sales; borrow rf+50.0 bp,started,results/20261004T003009-2f16c796/E0-trigger_high-b40aaf5745.csv,Attempt retained even if process fails,False
E0-trigger_high-b40aaf5745,2026-10-04T00:31:13.068070+00:00,f953cc6eadb2efb7f124791a8afd2815663fbf45083f58fe7e4fa892c609676c,26552dd9c109058ba93a75bb8ba5de1f6a85585b,e5f957a2b78b4a08cede2183cd59012f73beaffc38f0821d43bb458df08be222:5eb2ada6d8d007969c111064ae6c5de089e8bd61c0156cb49cc98484cea2b5d9,trailing,"{""base"": ""equal"", ""borrow_bps"": 50.0, ""cap"": 1.0, ""control"": ""monthly"", ""covariance_days"": 126, ""diagnostic"": ""trigger_high"", ""family"": ""trailing"", ""har_train_min"": 504, ""lookback"": 63, ""overlay"": true, ""static_exposure"": null, ""target"": 0.08, ""threshold"": 0.06, ""trial_id"": ""E0"", ""universe"": [""SPY"", ""TLT"", ""GLD""]}",development+reused_validation,5.0 bp risky purchases+sales; borrow rf+50.0 bp,completed,results/20261004T003009-2f16c796/E0-trigger_high-b40aaf5745.csv,No OOS retuning; diagnostic not eligible for selection,False
E0-trigger_high_base-f2c8982b4e,2026-10-04T00:31:14.365442+00:00,f953cc6eadb2efb7f124791a8afd2815663fbf45083f58fe7e4fa892c609676c,26552dd9c109058ba93a75bb8ba5de1f6a85585b,e5f957a2b78b4a08cede2183cd59012f73beaffc38f0821d43bb458df08be222:5eb2ada6d8d007969c111064ae6c5de089e8bd61c0156cb49cc98484cea2b5d9,trailing,"{""base"": ""equal"", ""borrow_bps"": 50.0, ""cap"": 1.0, ""control"": ""monthly"", ""covariance_days"": 126, ""diagnostic"": ""trigger_high_base"", ""family"": ""trailing"", ""har_train_min"": 504, ""lookback"": 63, ""overlay"": false, ""static_exposure"": null, ""target"": 0.08, ""threshold"": 0.06, ""trial_id"": ""E0"", ""universe"": [""SPY"", ""TLT"", ""GLD""]}",development+reused_validation,5.0 bp risky purchases+sales; borrow rf+50.0 bp,started,results/20261004T003009-2f16c796/E0-trigger_high_base-f2c8982b4e.csv,Attempt retained even if process fails,False
E0-trigger_high_base-f2c8982b4e,2026-10-04T00:31:14.365442+00:00,f953cc6eadb2efb7f124791a8afd2815663fbf45083f58fe7e4fa892c609676c,26552dd9c109058ba93a75bb8ba5de1f6a85585b,e5f957a2b78b4a08cede2183cd59012f73beaffc38f0821d43bb458df08be222:5eb2ada6d8d007969c111064ae6c5de089e8bd61c0156cb49cc98484cea2b5d9,trailing,"{""base"": ""equal"", ""borrow_bps"": 50.0, ""cap"": 1.0, ""control"": ""monthly"", ""covariance_days"": 126, ""diagnostic"": ""trigger_high_base"", ""family"": ""trailing"", ""har_train_min"": 504, ""lookback"": 63, ""overlay"": false, ""static_exposure"": null, ""target"": 0.08, ""threshold"": 0.06, ""trial_id"": ""E0"", ""universe"": [""SPY"", ""TLT"", ""GLD""]}",development+reused_validation,5.0 bp risky purchases+sales; borrow rf+50.0 bp,completed,results/20261004T003009-2f16c796/E0-trigger_high_base-f2c8982b4e.csv,No OOS retuning; diagnostic not eligible for selection,False
E1-9-double_cost-947770b65f,2026-10-04T00:31:15.703270+00:00,f953cc6eadb2efb7f124791a8afd2815663fbf45083f58fe7e4fa892c609676c,26552dd9c109058ba93a75bb8ba5de1f6a85585b,e5f957a2b78b4a08cede2183cd59012f73beaffc38f0821d43bb458df08be222:5eb2ada6d8d007969c111064ae6c5de089e8bd61c0156cb49cc98484cea2b5d9,ensemble,"{""base"": ""equal"", ""borrow_bps"": 50.0, ""cap"": 1.0, ""control"": ""event"", ""covariance_days"": 126, ""diagnostic"": ""double_cost"", ""family"": ""ensemble"", ""har_train_min"": 504, ""lookback"": 63, ""overlay"": true, ""static_exposure"": null, ""target"": 0.09, ""threshold"": 0.05, ""trial_id"": ""E1-9"", ""universe"": [""SPY"", ""TLT"", ""GLD""]}",development+reused_validation,10 bp risky purchases+sales; borrow rf+50.0 bp,started,results/20261004T003009-2f16c796/E1-9-double_cost-947770b65f.csv,Attempt retained even if process fails,False
E1-9-double_cost-947770b65f,2026-10-04T00:31:15.703270+00:00,f953cc6eadb2efb7f124791a8afd2815663fbf45083f58fe7e4fa892c609676c,26552dd9c109058ba93a75bb8ba5de1f6a85585b,e5f957a2b78b4a08cede2183cd59012f73beaffc38f0821d43bb458df08be222:5eb2ada6d8d007969c111064ae6c5de089e8bd61c0156cb49cc98484cea2b5d9,ensemble,"{""base"": ""equal"", ""borrow_bps"": 50.0, ""cap"": 1.0, ""control"": ""event"", ""covariance_days"": 126, ""diagnostic"": ""double_cost"", ""family"": ""ensemble"", ""har_train_min"": 504, ""lookback"": 63, ""overlay"": true, ""static_exposure"": null, ""target"": 0.09, ""threshold"": 0.05, ""trial_id"": ""E1-9"", ""universe"": [""SPY"", ""TLT"", ""GLD""]}",development+reused_validation,10 bp risky purchases+sales; borrow rf+50.0 bp,completed,results/20261004T003009-2f16c796/E1-9-double_cost-947770b65f.csv,No OOS retuning; diagnostic not eligible for selection,False
E1-9-double_cost_base-9aae4eb194,2026-10-04T00:31:17.220012+00:00,f953cc6eadb2efb7f124791a8afd2815663fbf45083f58fe7e4fa892c609676c,26552dd9c109058ba93a75bb8ba5de1f6a85585b,e5f957a2b78b4a08cede2183cd59012f73beaffc38f0821d43bb458df08be222:5eb2ada6d8d007969c111064ae6c5de089e8bd61c0156cb49cc98484cea2b5d9,ensemble,"{""base"": ""equal"", ""borrow_bps"": 50.0, ""cap"": 1.0, ""control"": ""event"", ""covariance_days"": 126, ""diagnostic"": ""double_cost_base"", ""family"": ""ensemble"", ""har_train_min"": 504, ""lookback"": 63, ""overlay"": false, ""static_exposure"": null, ""target"": 0.09, ""threshold"": 0.05, ""trial_id"": ""E1-9"", ""universe"": [""SPY"", ""TLT"", ""GLD""]}",development+reused_validation,10 bp risky purchases+sales; borrow rf+50.0 bp,started,results/20261004T003009-2f16c796/E1-9-double_cost_base-9aae4eb194.csv,Attempt retained even if process fails,False
E1-9-double_cost_base-9aae4eb194,2026-10-04T00:31:17.220012+00:00,f953cc6eadb2efb7f124791a8afd2815663fbf45083f58fe7e4fa892c609676c,26552dd9c109058ba93a75bb8ba5de1f6a85585b,e5f957a2b78b4a08cede2183cd59012f73beaffc38f0821d43bb458df08be222:5eb2ada6d8d007969c111064ae6c5de089e8bd61c0156cb49cc98484cea2b5d9,ensemble,"{""base"": ""equal"", ""borrow_bps"": 50.0, ""cap"": 1.0, ""control"": ""event"", ""covariance_days"": 126, ""diagnostic"": ""double_cost_base"", ""family"": ""ensemble"", ""har_train_min"": 504, ""lookback"": 63, ""overlay"": false, ""static_exposure"": null, ""target"": 0.09, ""threshold"": 0.05, ""trial_id"": ""E1-9"", ""universe"": [""SPY"", ""TLT"", ""GLD""]}",development+reused_validation,10 bp risky purchases+sales; borrow rf+50.0 bp,completed,results/20261004T003009-2f16c796/E1-9-double_cost_base-9aae4eb194.csv,No OOS retuning; diagnostic not eligible for selection,False
E1-9-target_low-64c8ab8711,2026-10-04T00:31:18.895592+00:00,f953cc6eadb2efb7f124791a8afd2815663fbf45083f58fe7e4fa892c609676c,26552dd9c109058ba93a75bb8ba5de1f6a85585b,e5f957a2b78b4a08cede2183cd59012f73beaffc38f0821d43bb458df08be222:5eb2ada6d8d007969c111064ae6c5de089e8bd61c0156cb49cc98484cea2b5d9,ensemble,"{""base"": ""equal"", ""borrow_bps"": 50.0, ""cap"": 1.0, ""control"": ""event"", ""covariance_days"": 126, ""diagnostic"": ""target_low"", ""family"": ""ensemble"", ""har_train_min"": 504, ""lookback"": 63, ""overlay"": true, ""static_exposure"": null, ""target"": 0.08, ""threshold"": 0.05, ""trial_id"": ""E1-9"", ""universe"": [""SPY"", ""TLT"", ""GLD""]}",development+reused_validation,5.0 bp risky purchases+sales; borrow rf+50.0 bp,started,results/20261004T003009-2f16c796/E1-9-target_low-64c8ab8711.csv,Attempt retained even if process fails,False
E1-9-target_low-64c8ab8711,2026-10-04T00:31:18.895592+00:00,f953cc6eadb2efb7f124791a8afd2815663fbf45083f58fe7e4fa892c609676c,26552dd9c109058ba93a75bb8ba5de1f6a85585b,e5f957a2b78b4a08cede2183cd59012f73beaffc38f0821d43bb458df08be222:5eb2ada6d8d007969c111064ae6c5de089e8bd61c0156cb49cc98484cea2b5d9,ensemble,"{""base"": ""equal"", ""borrow_bps"": 50.0, ""cap"": 1.0, ""control"": ""event"", ""covariance_days"": 126, ""diagnostic"": ""target_low"", ""family"": ""ensemble"", ""har_train_min"": 504, ""lookback"": 63, ""overlay"": true, ""static_exposure"": null, ""target"": 0.08, ""threshold"": 0.05, ""trial_id"": ""E1-9"", ""universe"": [""SPY"", ""TLT"", ""GLD""]}",development+reused_validation,5.0 bp risky purchases+sales; borrow rf+50.0 bp,completed,results/20261004T003009-2f16c796/E1-9-target_low-64c8ab8711.csv,No OOS retuning; diagnostic not eligible for selection,False
E1-9-target_low_base-c8ae64b25a,2026-10-04T00:31:20.501942+00:00,f953cc6eadb2efb7f124791a8afd2815663fbf45083f58fe7e4fa892c609676c,26552dd9c109058ba93a75bb8ba5de1f6a85585b,e5f957a2b78b4a08cede2183cd59012f73beaffc38f0821d43bb458df08be222:5eb2ada6d8d007969c111064ae6c5de089e8bd61c0156cb49cc98484cea2b5d9,ensemble,"{""base"": ""equal"", ""borrow_bps"": 50.0, ""cap"": 1.0, ""control"": ""event"", ""covariance_days"": 126, ""diagnostic"": ""target_low_base"", ""family"": ""ensemble"", ""har_train_min"": 504, ""lookback"": 63, ""overlay"": false, ""static_exposure"": null, ""target"": 0.08, ""threshold"": 0.05, ""trial_id"": ""E1-9"", ""universe"": [""SPY"", ""TLT"", ""GLD""]}",development+reused_validation,5.0 bp risky purchases+sales; borrow rf+50.0 bp,started,results/20261004T003009-2f16c796/E1-9-target_low_base-c8ae64b25a.csv,Attempt retained even if process fails,False
E1-9-target_low_base-c8ae64b25a,2026-10-04T00:31:20.501942+00:00,f953cc6eadb2efb7f124791a8afd2815663fbf45083f58fe7e4fa892c609676c,26552dd9c109058ba93a75bb8ba5de1f6a85585b,e5f957a2b78b4a08cede2183cd59012f73beaffc38f0821d43bb458df08be222:5eb2ada6d8d007969c111064ae6c5de089e8bd61c0156cb49cc98484cea2b5d9,ensemble,"{""base"": ""equal"", ""borrow_bps"": 50.0, ""cap"": 1.0, ""control"": ""event"", ""covariance_days"": 126, ""diagnostic"": ""target_low_base"", ""family"": ""ensemble"", ""har_train_min"": 504, ""lookback"": 63, ""overlay"": false, ""static_exposure"": null, ""target"": 0.08, ""threshold"": 0.05, ""trial_id"": ""E1-9"", ""universe"": [""SPY"", ""TLT"", ""GLD""]}",development+reused_validation,5.0 bp risky purchases+sales; borrow rf+50.0 bp,completed,results/20261004T003009-2f16c796/E1-9-target_low_base-c8ae64b25a.csv,No OOS retuning; diagnostic not eligible for selection,False
E1-9-target_high-0db1e9f31c,2026-10-04T00:31:21.991679+00:00,f953cc6eadb2efb7f124791a8afd2815663fbf45083f58fe7e4fa892c609676c,26552dd9c109058ba93a75bb8ba5de1f6a85585b,e5f957a2b78b4a08cede2183cd59012f73beaffc38f0821d43bb458df08be222:5eb2ada6d8d007969c111064ae6c5de089e8bd61c0156cb49cc98484cea2b5d9,ensemble,"{""base"": ""equal"", ""borrow_bps"": 50.0, ""cap"": 1.0, ""control"": ""event"", ""covariance_days"": 126, ""diagnostic"": ""target_high"", ""family"": ""ensemble"", ""har_train_min"": 504, ""lookback"": 63, ""overlay"": true, ""static_exposure"": null, ""target"": 0.09999999999999999, ""threshold"": 0.05, ""trial_id"": ""E1-9"", ""universe"": [""SPY"", ""TLT"", ""GLD""]}",development+reused_validation,5.0 bp risky purchases+sales; borrow rf+50.0 bp,started,results/20261004T003009-2f16c796/E1-9-target_high-0db1e9f31c.csv,Attempt retained even if process fails,False
E1-9-target_high-0db1e9f31c,2026-10-04T00:31:21.991679+00:00,f953cc6eadb2efb7f124791a8afd2815663fbf45083f58fe7e4fa892c609676c,26552dd9c109058ba93a75bb8ba5de1f6a85585b,e5f957a2b78b4a08cede2183cd59012f73beaffc38f0821d43bb458df08be222:5eb2ada6d8d007969c111064ae6c5de089e8bd61c0156cb49cc98484cea2b5d9,ensemble,"{""base"": ""equal"", ""borrow_bps"": 50.0, ""cap"": 1.0, ""control"": ""event"", ""covariance_days"": 126, ""diagnostic"": ""target_high"", ""family"": ""ensemble"", ""har_train_min"": 504, ""lookback"": 63, ""overlay"": true, ""static_exposure"": null, ""target"": 0.09999999999999999, ""threshold"": 0.05, ""trial_id"": ""E1-9"", ""universe"": [""SPY"", ""TLT"", ""GLD""]}",development+reused_validation,5.0 bp risky purchases+sales; borrow rf+50.0 bp,completed,results/20261004T003009-2f16c796/E1-9-target_high-0db1e9f31c.csv,No OOS retuning; diagnostic not eligible for selection,False
E1-9-target_high_base-c1f67b5524,2026-10-04T00:31:23.490938+00:00,f953cc6eadb2efb7f124791a8afd2815663fbf45083f58fe7e4fa892c609676c,26552dd9c109058ba93a75bb8ba5de1f6a85585b,e5f957a2b78b4a08cede2183cd59012f73beaffc38f0821d43bb458df08be222:5eb2ada6d8d007969c111064ae6c5de089e8bd61c0156cb49cc98484cea2b5d9,ensemble,"{""base"": ""equal"", ""borrow_bps"": 50.0, ""cap"": 1.0, ""control"": ""event"", ""covariance_days"": 126, ""diagnostic"": ""target_high_base"", ""family"": ""ensemble"", ""har_train_min"": 504, ""lookback"": 63, ""overlay"": false, ""static_exposure"": null, ""target"": 0.09999999999999999, ""threshold"": 0.05, ""trial_id"": ""E1-9"", ""universe"": [""SPY"", ""TLT"", ""GLD""]}",development+reused_validation,5.0 bp risky purchases+sales; borrow rf+50.0 bp,started,results/20261004T003009-2f16c796/E1-9-target_high_base-c1f67b5524.csv,Attempt retained even if process fails,False
E1-9-target_high_base-c1f67b5524,2026-10-04T00:31:23.490938+00:00,f953cc6eadb2efb7f124791a8afd2815663fbf45083f58fe7e4fa892c609676c,26552dd9c109058ba93a75bb8ba5de1f6a85585b,e5f957a2b78b4a08cede2183cd59012f73beaffc38f0821d43bb458df08be222:5eb2ada6d8d007969c111064ae6c5de089e8bd61c0156cb49cc98484cea2b5d9,ensemble,"{""base"": ""equal"", ""borrow_bps"": 50.0, ""cap"": 1.0, ""control"": ""event"", ""covariance_days"": 126, ""diagnostic"": ""target_high_base"", ""family"": ""ensemble"", ""har_train_min"": 504, ""lookback"": 63, ""overlay"": false, ""static_exposure"": null, ""target"": 0.09999999999999999, ""threshold"": 0.05, ""trial_id"": ""E1-9"", ""universe"": [""SPY"", ""TLT"", ""GLD""]}",development+reused_validation,5.0 bp risky purchases+sales; borrow rf+50.0 bp,completed,results/20261004T003009-2f16c796/E1-9-target_high_base-c1f67b5524.csv,No OOS retuning; diagnostic not eligible for selection,False
E1-9-lookback_low-94f2981921,2026-10-04T00:31:24.991877+00:00,f953cc6eadb2efb7f124791a8afd2815663fbf45083f58fe7e4fa892c609676c,26552dd9c109058ba93a75bb8ba5de1f6a85585b,e5f957a2b78b4a08cede2183cd59012f73beaffc38f0821d43bb458df08be222:5eb2ada6d8d007969c111064ae6c5de089e8bd61c0156cb49cc98484cea2b5d9,ensemble,"{""base"": ""equal"", ""borrow_bps"": 50.0, ""cap"": 1.0, ""control"": ""event"", ""covariance_days"": 101, ""diagnostic"": ""lookback_low"", ""family"": ""ensemble"", ""har_train_min"": 403, ""lookback"": 50, ""overlay"": true, ""static_exposure"": null, ""target"": 0.09, ""threshold"": 0.05, ""trial_id"": ""E1-9"", ""universe"": [""SPY"", ""TLT"", ""GLD""]}",development+reused_validation,5.0 bp risky purchases+sales; borrow rf+50.0 bp,started,results/20261004T003009-2f16c796/E1-9-lookback_low-94f2981921.csv,Attempt retained even if process fails,False
E1-9-lookback_low-94f2981921,2026-10-04T00:31:24.991877+00:00,f953cc6eadb2efb7f124791a8afd2815663fbf45083f58fe7e4fa892c609676c,26552dd9c109058ba93a75bb8ba5de1f6a85585b,e5f957a2b78b4a08cede2183cd59012f73beaffc38f0821d43bb458df08be222:5eb2ada6d8d007969c111064ae6c5de089e8bd61c0156cb49cc98484cea2b5d9,ensemble,"{""base"": ""equal"", ""borrow_bps"": 50.0, ""cap"": 1.0, ""control"": ""event"", ""covariance_days"": 101, ""diagnostic"": ""lookback_low"", ""family"": ""ensemble"", ""har_train_min"": 403, ""lookback"": 50, ""overlay"": true, ""static_exposure"": null, ""target"": 0.09, ""threshold"": 0.05, ""trial_id"": ""E1-9"", ""universe"": [""SPY"", ""TLT"", ""GLD""]}",development+reused_validation,5.0 bp risky purchases+sales; borrow rf+50.0 bp,completed,results/20261004T003009-2f16c796/E1-9-lookback_low-94f2981921.csv,No OOS retuning; diagnostic not eligible for selection,False
E1-9-lookback_low_base-9701be4190,2026-10-04T00:31:26.492786+00:00,f953cc6eadb2efb7f124791a8afd2815663fbf45083f58fe7e4fa892c609676c,26552dd9c109058ba93a75bb8ba5de1f6a85585b,e5f957a2b78b4a08cede2183cd59012f73beaffc38f0821d43bb458df08be222:5eb2ada6d8d007969c111064ae6c5de089e8bd61c0156cb49cc98484cea2b5d9,ensemble,"{""base"": ""equal"", ""borrow_bps"": 50.0, ""cap"": 1.0, ""control"": ""event"", ""covariance_days"": 101, ""diagnostic"": ""lookback_low_base"", ""family"": ""ensemble"", ""har_train_min"": 403, ""lookback"": 50, ""overlay"": false, ""static_exposure"": null, ""target"": 0.09, ""threshold"": 0.05, ""trial_id"": ""E1-9"", ""universe"": [""SPY"", ""TLT"", ""GLD""]}",development+reused_validation,5.0 bp risky purchases+sales; borrow rf+50.0 bp,started,results/20261004T003009-2f16c796/E1-9-lookback_low_base-9701be4190.csv,Attempt retained even if process fails,False
E1-9-lookback_low_base-9701be4190,2026-10-04T00:31:26.492786+00:00,f953cc6eadb2efb7f124791a8afd2815663fbf45083f58fe7e4fa892c609676c,26552dd9c109058ba93a75bb8ba5de1f6a85585b,e5f957a2b78b4a08cede2183cd59012f73beaffc38f0821d43bb458df08be222:5eb2ada6d8d007969c111064ae6c5de089e8bd61c0156cb49cc98484cea2b5d9,ensemble,"{""base"": ""equal"", ""borrow_bps"": 50.0, ""cap"": 1.0, ""control"": ""event"", ""covariance_days"": 101, ""diagnostic"": ""lookback_low_base"", ""family"": ""ensemble"", ""har_train_min"": 403, ""lookback"": 50, ""overlay"": false, ""static_exposure"": null, ""target"": 0.09, ""threshold"": 0.05, ""trial_id"": ""E1-9"", ""universe"": [""SPY"", ""TLT"", ""GLD""]}",development+reused_validation,5.0 bp risky purchases+sales; borrow rf+50.0 bp,completed,results/20261004T003009-2f16c796/E1-9-lookback_low_base-9701be4190.csv,No OOS retuning; diagnostic not eligible for selection,False
E1-9-lookback_high-dc19500140,2026-10-04T00:31:28.062716+00:00,f953cc6eadb2efb7f124791a8afd2815663fbf45083f58fe7e4fa892c609676c,26552dd9c109058ba93a75bb8ba5de1f6a85585b,e5f957a2b78b4a08cede2183cd59012f73beaffc38f0821d43bb458df08be222:5eb2ada6d8d007969c111064ae6c5de089e8bd61c0156cb49cc98484cea2b5d9,ensemble,"{""base"": ""equal"", ""borrow_bps"": 50.0, ""cap"": 1.0, ""control"": ""event"", ""covariance_days"": 151, ""diagnostic"": ""lookback_high"", ""family"": ""ensemble"", ""har_train_min"": 605, ""lookback"": 76, ""overlay"": true, ""static_exposure"": null, ""target"": 0.09, ""threshold"": 0.05, ""trial_id"": ""E1-9"", ""universe"": [""SPY"", ""TLT"", ""GLD""]}",development+reused_validation,5.0 bp risky purchases+sales; borrow rf+50.0 bp,started,results/20261004T003009-2f16c796/E1-9-lookback_high-dc19500140.csv,Attempt retained even if process fails,False
E1-9-lookback_high-dc19500140,2026-10-04T00:31:28.062716+00:00,f953cc6eadb2efb7f124791a8afd2815663fbf45083f58fe7e4fa892c609676c,26552dd9c109058ba93a75bb8ba5de1f6a85585b,e5f957a2b78b4a08cede2183cd59012f73beaffc38f0821d43bb458df08be222:5eb2ada6d8d007969c111064ae6c5de089e8bd61c0156cb49cc98484cea2b5d9,ensemble,"{""base"": ""equal"", ""borrow_bps"": 50.0, ""cap"": 1.0, ""control"": ""event"", ""covariance_days"": 151, ""diagnostic"": ""lookback_high"", ""family"": ""ensemble"", ""har_train_min"": 605, ""lookback"": 76, ""overlay"": true, ""static_exposure"": null, ""target"": 0.09, ""threshold"": 0.05, ""trial_id"": ""E1-9"", ""universe"": [""SPY"", ""TLT"", ""GLD""]}",development+reused_validation,5.0 bp risky purchases+sales; borrow rf+50.0 bp,completed,results/20261004T003009-2f16c796/E1-9-lookback_high-dc19500140.csv,No OOS retuning; diagnostic not eligible for selection,False
E1-9-lookback_high_base-de00c0079f,2026-10-04T00:31:29.689369+00:00,f953cc6eadb2efb7f124791a8afd2815663fbf45083f58fe7e4fa892c609676c,26552dd9c109058ba93a75bb8ba5de1f6a85585b,e5f957a2b78b4a08cede2183cd59012f73beaffc38f0821d43bb458df08be222:5eb2ada6d8d007969c111064ae6c5de089e8bd61c0156cb49cc98484cea2b5d9,ensemble,"{""base"": ""equal"", ""borrow_bps"": 50.0, ""cap"": 1.0, ""control"": ""event"", ""covariance_days"": 151, ""diagnostic"": ""lookback_high_base"", ""family"": ""ensemble"", ""har_train_min"": 605, ""lookback"": 76, ""overlay"": false, ""static_exposure"": null, ""target"": 0.09, ""threshold"": 0.05, ""trial_id"": ""E1-9"", ""universe"": [""SPY"", ""TLT"", ""GLD""]}",development+reused_validation,5.0 bp risky purchases+sales; borrow rf+50.0 bp,started,results/20261004T003009-2f16c796/E1-9-lookback_high_base-de00c0079f.csv,Attempt retained even if process fails,False
E1-9-lookback_high_base-de00c0079f,2026-10-04T00:31:29.689369+00:00,f953cc6eadb2efb7f124791a8afd2815663fbf45083f58fe7e4fa892c609676c,26552dd9c109058ba93a75bb8ba5de1f6a85585b,e5f957a2b78b4a08cede2183cd59012f73beaffc38f0821d43bb458df08be222:5eb2ada6d8d007969c111064ae6c5de089e8bd61c0156cb49cc98484cea2b5d9,ensemble,"{""base"": ""equal"", ""borrow_bps"": 50.0, ""cap"": 1.0, ""control"": ""event"", ""covariance_days"": 151, ""diagnostic"": ""lookback_high_base"", ""family"": ""ensemble"", ""har_train_min"": 605, ""lookback"": 76, ""overlay"": false, ""static_exposure"": null, ""target"": 0.09, ""threshold"": 0.05, ""trial_id"": ""E1-9"", ""universe"": [""SPY"", ""TLT"", ""GLD""]}",development+reused_validation,5.0 bp risky purchases+sales; borrow rf+50.0 bp,completed,results/20261004T003009-2f16c796/E1-9-lookback_high_base-de00c0079f.csv,No OOS retuning; diagnostic not eligible for selection,False
E1-9-trigger_low-ef88da99c8,2026-10-04T00:31:31.193156+00:00,f953cc6eadb2efb7f124791a8afd2815663fbf45083f58fe7e4fa892c609676c,26552dd9c109058ba93a75bb8ba5de1f6a85585b,e5f957a2b78b4a08cede2183cd59012f73beaffc38f0821d43bb458df08be222:5eb2ada6d8d007969c111064ae6c5de089e8bd61c0156cb49cc98484cea2b5d9,ensemble,"{""base"": ""equal"", ""borrow_bps"": 50.0, ""cap"": 1.0, ""control"": ""event"", ""covariance_days"": 126, ""diagnostic"": ""trigger_low"", ""family"": ""ensemble"", ""har_train_min"": 504, ""lookback"": 63, ""overlay"": true, ""static_exposure"": null, ""target"": 0.09, ""threshold"": 0.04, ""trial_id"": ""E1-9"", ""universe"": [""SPY"", ""TLT"", ""GLD""]}",development+reused_validation,5.0 bp risky purchases+sales; borrow rf+50.0 bp,started,results/20261004T003009-2f16c796/E1-9-trigger_low-ef88da99c8.csv,Attempt retained even if process fails,False
E1-9-trigger_low-ef88da99c8,2026-10-04T00:31:31.193156+00:00,f953cc6eadb2efb7f124791a8afd2815663fbf45083f58fe7e4fa892c609676c,26552dd9c109058ba93a75bb8ba5de1f6a85585b,e5f957a2b78b4a08cede2183cd59012f73beaffc38f0821d43bb458df08be222:5eb2ada6d8d007969c111064ae6c5de089e8bd61c0156cb49cc98484cea2b5d9,ensemble,"{""base"": ""equal"", ""borrow_bps"": 50.0, ""cap"": 1.0, ""control"": ""event"", ""covariance_days"": 126, ""diagnostic"": ""trigger_low"", ""family"": ""ensemble"", ""har_train_min"": 504, ""lookback"": 63, ""overlay"": true, ""static_exposure"": null, ""target"": 0.09, ""threshold"": 0.04, ""trial_id"": ""E1-9"", ""universe"": [""SPY"", ""TLT"", ""GLD""]}",development+reused_validation,5.0 bp risky purchases+sales; borrow rf+50.0 bp,completed,results/20261004T003009-2f16c796/E1-9-trigger_low-ef88da99c8.csv,No OOS retuning; diagnostic not eligible for selection,False
E1-9-trigger_low_base-913d52321f,2026-10-04T00:31:32.706943+00:00,f953cc6eadb2efb7f124791a8afd2815663fbf45083f58fe7e4fa892c609676c,26552dd9c109058ba93a75bb8ba5de1f6a85585b,e5f957a2b78b4a08cede2183cd59012f73beaffc38f0821d43bb458df08be222:5eb2ada6d8d007969c111064ae6c5de089e8bd61c0156cb49cc98484cea2b5d9,ensemble,"{""base"": ""equal"", ""borrow_bps"": 50.0, ""cap"": 1.0, ""control"": ""event"", ""covariance_days"": 126, ""diagnostic"": ""trigger_low_base"", ""family"": ""ensemble"", ""har_train_min"": 504, ""lookback"": 63, ""overlay"": false, ""static_exposure"": null, ""target"": 0.09, ""threshold"": 0.04, ""trial_id"": ""E1-9"", ""universe"": [""SPY"", ""TLT"", ""GLD""]}",development+reused_validation,5.0 bp risky purchases+sales; borrow rf+50.0 bp,started,results/20261004T003009-2f16c796/E1-9-trigger_low_base-913d52321f.csv,Attempt retained even if process fails,False
E1-9-trigger_low_base-913d52321f,2026-10-04T00:31:32.706943+00:00,f953cc6eadb2efb7f124791a8afd2815663fbf45083f58fe7e4fa892c609676c,26552dd9c109058ba93a75bb8ba5de1f6a85585b,e5f957a2b78b4a08cede2183cd59012f73beaffc38f0821d43bb458df08be222:5eb2ada6d8d007969c111064ae6c5de089e8bd61c0156cb49cc98484cea2b5d9,ensemble,"{""base"": ""equal"", ""borrow_bps"": 50.0, ""cap"": 1.0, ""control"": ""event"", ""covariance_days"": 126, ""diagnostic"": ""trigger_low_base"", ""family"": ""ensemble"", ""har_train_min"": 504, ""lookback"": 63, ""overlay"": false, ""static_exposure"": null, ""target"": 0.09, ""threshold"": 0.04, ""trial_id"": ""E1-9"", ""universe"": [""SPY"", ""TLT"", ""GLD""]}",development+reused_validation,5.0 bp risky purchases+sales; borrow rf+50.0 bp,completed,results/20261004T003009-2f16c796/E1-9-trigger_low_base-913d52321f.csv,No OOS retuning; diagnostic not eligible for selection,False
E1-9-trigger_high-c9ed86e340,2026-10-04T00:31:34.219739+00:00,f953cc6eadb2efb7f124791a8afd2815663fbf45083f58fe7e4fa892c609676c,26552dd9c109058ba93a75bb8ba5de1f6a85585b,e5f957a2b78b4a08cede2183cd59012f73beaffc38f0821d43bb458df08be222:5eb2ada6d8d007969c111064ae6c5de089e8bd61c0156cb49cc98484cea2b5d9,ensemble,"{""base"": ""equal"", ""borrow_bps"": 50.0, ""cap"": 1.0, ""control"": ""event"", ""covariance_days"": 126, ""diagnostic"": ""trigger_high"", ""family"": ""ensemble"", ""har_train_min"": 504, ""lookback"": 63, ""overlay"": true, ""static_exposure"": null, ""target"": 0.09, ""threshold"": 0.06, ""trial_id"": ""E1-9"", ""universe"": [""SPY"", ""TLT"", ""GLD""]}",development+reused_validation,5.0 bp risky purchases+sales; borrow rf+50.0 bp,started,results/20261004T003009-2f16c796/E1-9-trigger_high-c9ed86e340.csv,Attempt retained even if process fails,False
E1-9-trigger_high-c9ed86e340,2026-10-04T00:31:34.219739+00:00,f953cc6eadb2efb7f124791a8afd2815663fbf45083f58fe7e4fa892c609676c,26552dd9c109058ba93a75bb8ba5de1f6a85585b,e5f957a2b78b4a08cede2183cd59012f73beaffc38f0821d43bb458df08be222:5eb2ada6d8d007969c111064ae6c5de089e8bd61c0156cb49cc98484cea2b5d9,ensemble,"{""base"": ""equal"", ""borrow_bps"": 50.0, ""cap"": 1.0, ""control"": ""event"", ""covariance_days"": 126, ""diagnostic"": ""trigger_high"", ""family"": ""ensemble"", ""har_train_min"": 504, ""lookback"": 63, ""overlay"": true, ""static_exposure"": null, ""target"": 0.09, ""threshold"": 0.06, ""trial_id"": ""E1-9"", ""universe"": [""SPY"", ""TLT"", ""GLD""]}",development+reused_validation,5.0 bp risky purchases+sales; borrow rf+50.0 bp,completed,results/20261004T003009-2f16c796/E1-9-trigger_high-c9ed86e340.csv,No OOS retuning; diagnostic not eligible for selection,False
E1-9-trigger_high_base-07240bc394,2026-10-04T00:31:35.796451+00:00,f953cc6eadb2efb7f124791a8afd2815663fbf45083f58fe7e4fa892c609676c,26552dd9c109058ba93a75bb8ba5de1f6a85585b,e5f957a2b78b4a08cede2183cd59012f73beaffc38f0821d43bb458df08be222:5eb2ada6d8d007969c111064ae6c5de089e8bd61c0156cb49cc98484cea2b5d9,ensemble,"{""base"": ""equal"", ""borrow_bps"": 50.0, ""cap"": 1.0, ""control"": ""event"", ""covariance_days"": 126, ""diagnostic"": ""trigger_high_base"", ""family"": ""ensemble"", ""har_train_min"": 504, ""lookback"": 63, ""overlay"": false, ""static_exposure"": null, ""target"": 0.09, ""threshold"": 0.06, ""trial_id"": ""E1-9"", ""universe"": [""SPY"", ""TLT"", ""GLD""]}",development+reused_validation,5.0 bp risky purchases+sales; borrow rf+50.0 bp,started,results/20261004T003009-2f16c796/E1-9-trigger_high_base-07240bc394.csv,Attempt retained even if process fails,False
E1-9-trigger_high_base-07240bc394,2026-10-04T00:31:35.796451+00:00,f953cc6eadb2efb7f124791a8afd2815663fbf45083f58fe7e4fa892c609676c,26552dd9c109058ba93a75bb8ba5de1f6a85585b,e5f957a2b78b4a08cede2183cd59012f73beaffc38f0821d43bb458df08be222:5eb2ada6d8d007969c111064ae6c5de089e8bd61c0156cb49cc98484cea2b5d9,ensemble,"{""base"": ""equal"", ""borrow_bps"": 50.0, ""cap"": 1.0, ""control"": ""event"", ""covariance_days"": 126, ""diagnostic"": ""trigger_high_base"", ""family"": ""ensemble"", ""har_train_min"": 504, ""lookback"": 63, ""overlay"": false, ""static_exposure"": null, ""target"": 0.09, ""threshold"": 0.06, ""trial_id"": ""E1-9"", ""universe"": [""SPY"", ""TLT"", ""GLD""]}",development+reused_validation,5.0 bp risky purchases+sales; borrow rf+50.0 bp,completed,results/20261004T003009-2f16c796/E1-9-trigger_high_base-07240bc394.csv,No OOS retuning; diagnostic not eligible for selection,False
E1-10-double_cost-a26d92bf87,2026-10-04T00:31:37.360752+00:00,f953cc6eadb2efb7f124791a8afd2815663fbf45083f58fe7e4fa892c609676c,26552dd9c109058ba93a75bb8ba5de1f6a85585b,e5f957a2b78b4a08cede2183cd59012f73beaffc38f0821d43bb458df08be222:5eb2ada6d8d007969c111064ae6c5de089e8bd61c0156cb49cc98484cea2b5d9,ensemble,"{""base"": ""equal"", ""borrow_bps"": 50.0, ""cap"": 1.0, ""control"": ""event"", ""covariance_days"": 126, ""diagnostic"": ""double_cost"", ""family"": ""ensemble"", ""har_train_min"": 504, ""lookback"": 63, ""overlay"": true, ""static_exposure"": null, ""target"": 0.1, ""threshold"": 0.05, ""trial_id"": ""E1-10"", ""universe"": [""SPY"", ""TLT"", ""GLD""]}",development+reused_validation,10 bp risky purchases+sales; borrow rf+50.0 bp,started,results/20261004T003009-2f16c796/E1-10-double_cost-a26d92bf87.csv,Attempt retained even if process fails,False
E1-10-double_cost-a26d92bf87,2026-10-04T00:31:37.360752+00:00,f953cc6eadb2efb7f124791a8afd2815663fbf45083f58fe7e4fa892c609676c,26552dd9c109058ba93a75bb8ba5de1f6a85585b,e5f957a2b78b4a08cede2183cd59012f73beaffc38f0821d43bb458df08be222:5eb2ada6d8d007969c111064ae6c5de089e8bd61c0156cb49cc98484cea2b5d9,ensemble,"{""base"": ""equal"", ""borrow_bps"": 50.0, ""cap"": 1.0, ""control"": ""event"", ""covariance_days"": 126, ""diagnostic"": ""double_cost"", ""family"": ""ensemble"", ""har_train_min"": 504, ""lookback"": 63, ""overlay"": true, ""static_exposure"": null, ""target"": 0.1, ""threshold"": 0.05, ""trial_id"": ""E1-10"", ""universe"": [""SPY"", ""TLT"", ""GLD""]}",development+reused_validation,10 bp risky purchases+sales; borrow rf+50.0 bp,completed,results/20261004T003009-2f16c796/E1-10-double_cost-a26d92bf87.csv,No OOS retuning; diagnostic not eligible for selection,False
E1-10-double_cost_base-45fc616fdd,2026-10-04T00:31:38.924969+00:00,f953cc6eadb2efb7f124791a8afd2815663fbf45083f58fe7e4fa892c609676c,26552dd9c109058ba93a75bb8ba5de1f6a85585b,e5f957a2b78b4a08cede2183cd59012f73beaffc38f0821d43bb458df08be222:5eb2ada6d8d007969c111064ae6c5de089e8bd61c0156cb49cc98484cea2b5d9,ensemble,"{""base"": ""equal"", ""borrow_bps"": 50.0, ""cap"": 1.0, ""control"": ""event"", ""covariance_days"": 126, ""diagnostic"": ""double_cost_base"", ""family"": ""ensemble"", ""har_train_min"": 504, ""lookback"": 63, ""overlay"": false, ""static_exposure"": null, ""target"": 0.1, ""threshold"": 0.05, ""trial_id"": ""E1-10"", ""universe"": [""SPY"", ""TLT"", ""GLD""]}",development+reused_validation,10 bp risky purchases+sales; borrow rf+50.0 bp,started,results/20261004T003009-2f16c796/E1-10-double_cost_base-45fc616fdd.csv,Attempt retained even if process fails,False
E1-10-double_cost_base-45fc616fdd,2026-10-04T00:31:38.924969+00:00,f953cc6eadb2efb7f124791a8afd2815663fbf45083f58fe7e4fa892c609676c,26552dd9c109058ba93a75bb8ba5de1f6a85585b,e5f957a2b78b4a08cede2183cd59012f73beaffc38f0821d43bb458df08be222:5eb2ada6d8d007969c111064ae6c5de089e8bd61c0156cb49cc98484cea2b5d9,ensemble,"{""base"": ""equal"", ""borrow_bps"": 50.0, ""cap"": 1.0, ""control"": ""event"", ""covariance_days"": 126, ""diagnostic"": ""double_cost_base"", ""family"": ""ensemble"", ""har_train_min"": 504, ""lookback"": 63, ""overlay"": false, ""static_exposure"": null, ""target"": 0.1, ""threshold"": 0.05, ""trial_id"": ""E1-10"", ""universe"": [""SPY"", ""TLT"", ""GLD""]}",development+reused_validation,10 bp risky purchases+sales; borrow rf+50.0 bp,completed,results/20261004T003009-2f16c796/E1-10-double_cost_base-45fc616fdd.csv,No OOS retuning; diagnostic not eligible for selection,False
E1-10-target_low-3ba147d1d2,2026-10-04T00:31:40.620991+00:00,f953cc6eadb2efb7f124791a8afd2815663fbf45083f58fe7e4fa892c609676c,26552dd9c109058ba93a75bb8ba5de1f6a85585b,e5f957a2b78b4a08cede2183cd59012f73beaffc38f0821d43bb458df08be222:5eb2ada6d8d007969c111064ae6c5de089e8bd61c0156cb49cc98484cea2b5d9,ensemble,"{""base"": ""equal"", ""borrow_bps"": 50.0, ""cap"": 1.0, ""control"": ""event"", ""covariance_days"": 126, ""diagnostic"": ""target_low"", ""family"": ""ensemble"", ""har_train_min"": 504, ""lookback"": 63, ""overlay"": true, ""static_exposure"": null, ""target"": 0.09000000000000001, ""threshold"": 0.05, ""trial_id"": ""E1-10"", ""universe"": [""SPY"", ""TLT"", ""GLD""]}",development+reused_validation,5.0 bp risky purchases+sales; borrow rf+50.0 bp,started,results/20261004T003009-2f16c796/E1-10-target_low-3ba147d1d2.csv,Attempt retained even if process fails,False
E1-10-target_low-3ba147d1d2,2026-10-04T00:31:40.620991+00:00,f953cc6eadb2efb7f124791a8afd2815663fbf45083f58fe7e4fa892c609676c,26552dd9c109058ba93a75bb8ba5de1f6a85585b,e5f957a2b78b4a08cede2183cd59012f73beaffc38f0821d43bb458df08be222:5eb2ada6d8d007969c111064ae6c5de089e8bd61c0156cb49cc98484cea2b5d9,ensemble,"{""base"": ""equal"", ""borrow_bps"": 50.0, ""cap"": 1.0, ""control"": ""event"", ""covariance_days"": 126, ""diagnostic"": ""target_low"", ""family"": ""ensemble"", ""har_train_min"": 504, ""lookback"": 63, ""overlay"": true, ""static_exposure"": null, ""target"": 0.09000000000000001, ""threshold"": 0.05, ""trial_id"": ""E1-10"", ""universe"": [""SPY"", ""TLT"", ""GLD""]}",development+reused_validation,5.0 bp risky purchases+sales; borrow rf+50.0 bp,completed,results/20261004T003009-2f16c796/E1-10-target_low-3ba147d1d2.csv,No OOS retuning; diagnostic not eligible for selection,False
E1-10-target_low_base-78ffacfffe,2026-10-04T00:31:42.196789+00:00,f953cc6eadb2efb7f124791a8afd2815663fbf45083f58fe7e4fa892c609676c,26552dd9c109058ba93a75bb8ba5de1f6a85585b,e5f957a2b78b4a08cede2183cd59012f73beaffc38f0821d43bb458df08be222:5eb2ada6d8d007969c111064ae6c5de089e8bd61c0156cb49cc98484cea2b5d9,ensemble,"{""base"": ""equal"", ""borrow_bps"": 50.0, ""cap"": 1.0, ""control"": ""event"", ""covariance_days"": 126, ""diagnostic"": ""target_low_base"", ""family"": ""ensemble"", ""har_train_min"": 504, ""lookback"": 63, ""overlay"": false, ""static_exposure"": null, ""target"": 0.09000000000000001, ""threshold"": 0.05, ""trial_id"": ""E1-10"", ""universe"": [""SPY"", ""TLT"", ""GLD""]}",development+reused_validation,5.0 bp risky purchases+sales; borrow rf+50.0 bp,started,results/20261004T003009-2f16c796/E1-10-target_low_base-78ffacfffe.csv,Attempt retained even if process fails,False
E1-10-target_low_base-78ffacfffe,2026-10-04T00:31:42.196789+00:00,f953cc6eadb2efb7f124791a8afd2815663fbf45083f58fe7e4fa892c609676c,26552dd9c109058ba93a75bb8ba5de1f6a85585b,e5f957a2b78b4a08cede2183cd59012f73beaffc38f0821d43bb458df08be222:5eb2ada6d8d007969c111064ae6c5de089e8bd61c0156cb49cc98484cea2b5d9,ensemble,"{""base"": ""equal"", ""borrow_bps"": 50.0, ""cap"": 1.0, ""control"": ""event"", ""covariance_days"": 126, ""diagnostic"": ""target_low_base"", ""family"": ""ensemble"", ""har_train_min"": 504, ""lookback"": 63, ""overlay"": false, ""static_exposure"": null, ""target"": 0.09000000000000001, ""threshold"": 0.05, ""trial_id"": ""E1-10"", ""universe"": [""SPY"", ""TLT"", ""GLD""]}",development+reused_validation,5.0 bp risky purchases+sales; borrow rf+50.0 bp,completed,results/20261004T003009-2f16c796/E1-10-target_low_base-78ffacfffe.csv,No OOS retuning; diagnostic not eligible for selection,False
E1-10-target_high-06276d979d,2026-10-04T00:31:43.712230+00:00,f953cc6eadb2efb7f124791a8afd2815663fbf45083f58fe7e4fa892c609676c,26552dd9c109058ba93a75bb8ba5de1f6a85585b,e5f957a2b78b4a08cede2183cd59012f73beaffc38f0821d43bb458df08be222:5eb2ada6d8d007969c111064ae6c5de089e8bd61c0156cb49cc98484cea2b5d9,ensemble,"{""base"": ""equal"", ""borrow_bps"": 50.0, ""cap"": 1.0, ""control"": ""event"", ""covariance_days"": 126, ""diagnostic"": ""target_high"", ""family"": ""ensemble"", ""har_train_min"": 504, ""lookback"": 63, ""overlay"": true, ""static_exposure"": null, ""target"": 0.11, ""threshold"": 0.05, ""trial_id"": ""E1-10"", ""universe"": [""SPY"", ""TLT"", ""GLD""]}",development+reused_validation,5.0 bp risky purchases+sales; borrow rf+50.0 bp,started,results/20261004T003009-2f16c796/E1-10-target_high-06276d979d.csv,Attempt retained even if process fails,False
E1-10-target_high-06276d979d,2026-10-04T00:31:43.712230+00:00,f953cc6eadb2efb7f124791a8afd2815663fbf45083f58fe7e4fa892c609676c,26552dd9c109058ba93a75bb8ba5de1f6a85585b,e5f957a2b78b4a08cede2183cd59012f73beaffc38f0821d43bb458df08be222:5eb2ada6d8d007969c111064ae6c5de089e8bd61c0156cb49cc98484cea2b5d9,ensemble,"{""base"": ""equal"", ""borrow_bps"": 50.0, ""cap"": 1.0, ""control"": ""event"", ""covariance_days"": 126, ""diagnostic"": ""target_high"", ""family"": ""ensemble"", ""har_train_min"": 504, ""lookback"": 63, ""overlay"": true, ""static_exposure"": null, ""target"": 0.11, ""threshold"": 0.05, ""trial_id"": ""E1-10"", ""universe"": [""SPY"", ""TLT"", ""GLD""]}",development+reused_validation,5.0 bp risky purchases+sales; borrow rf+50.0 bp,completed,results/20261004T003009-2f16c796/E1-10-target_high-06276d979d.csv,No OOS retuning; diagnostic not eligible for selection,False
E1-10-target_high_base-2113db30bc,2026-10-04T00:31:45.240024+00:00,f953cc6eadb2efb7f124791a8afd2815663fbf45083f58fe7e4fa892c609676c,26552dd9c109058ba93a75bb8ba5de1f6a85585b,e5f957a2b78b4a08cede2183cd59012f73beaffc38f0821d43bb458df08be222:5eb2ada6d8d007969c111064ae6c5de089e8bd61c0156cb49cc98484cea2b5d9,ensemble,"{""base"": ""equal"", ""borrow_bps"": 50.0, ""cap"": 1.0, ""control"": ""event"", ""covariance_days"": 126, ""diagnostic"": ""target_high_base"", ""family"": ""ensemble"", ""har_train_min"": 504, ""lookback"": 63, ""overlay"": false, ""static_exposure"": null, ""target"": 0.11, ""threshold"": 0.05, ""trial_id"": ""E1-10"", ""universe"": [""SPY"", ""TLT"", ""GLD""]}",development+reused_validation,5.0 bp risky purchases+sales; borrow rf+50.0 bp,started,results/20261004T003009-2f16c796/E1-10-target_high_base-2113db30bc.csv,Attempt retained even if process fails,False
E1-10-target_high_base-2113db30bc,2026-10-04T00:31:45.240024+00:00,f953cc6eadb2efb7f124791a8afd2815663fbf45083f58fe7e4fa892c609676c,26552dd9c109058ba93a75bb8ba5de1f6a85585b,e5f957a2b78b4a08cede2183cd59012f73beaffc38f0821d43bb458df08be222:5eb2ada6d8d007969c111064ae6c5de089e8bd61c0156cb49cc98484cea2b5d9,ensemble,"{""base"": ""equal"", ""borrow_bps"": 50.0, ""cap"": 1.0, ""control"": ""event"", ""covariance_days"": 126, ""diagnostic"": ""target_high_base"", ""family"": ""ensemble"", ""har_train_min"": 504, ""lookback"": 63, ""overlay"": false, ""static_exposure"": null, ""target"": 0.11, ""threshold"": 0.05, ""trial_id"": ""E1-10"", ""universe"": [""SPY"", ""TLT"", ""GLD""]}",development+reused_validation,5.0 bp risky purchases+sales; borrow rf+50.0 bp,completed,results/20261004T003009-2f16c796/E1-10-target_high_base-2113db30bc.csv,No OOS retuning; diagnostic not eligible for selection,False
E1-10-lookback_low-d4d398be80,2026-10-04T00:31:46.720451+00:00,f953cc6eadb2efb7f124791a8afd2815663fbf45083f58fe7e4fa892c609676c,26552dd9c109058ba93a75bb8ba5de1f6a85585b,e5f957a2b78b4a08cede2183cd59012f73beaffc38f0821d43bb458df08be222:5eb2ada6d8d007969c111064ae6c5de089e8bd61c0156cb49cc98484cea2b5d9,ensemble,"{""base"": ""equal"", ""borrow_bps"": 50.0, ""cap"": 1.0, ""control"": ""event"", ""covariance_days"": 101, ""diagnostic"": ""lookback_low"", ""family"": ""ensemble"", ""har_train_min"": 403, ""lookback"": 50, ""overlay"": true, ""static_exposure"": null, ""target"": 0.1, ""threshold"": 0.05, ""trial_id"": ""E1-10"", ""universe"": [""SPY"", ""TLT"", ""GLD""]}",development+reused_validation,5.0 bp risky purchases+sales; borrow rf+50.0 bp,started,results/20261004T003009-2f16c796/E1-10-lookback_low-d4d398be80.csv,Attempt retained even if process fails,False
E1-10-lookback_low-d4d398be80,2026-10-04T00:31:46.720451+00:00,f953cc6eadb2efb7f124791a8afd2815663fbf45083f58fe7e4fa892c609676c,26552dd9c109058ba93a75bb8ba5de1f6a85585b,e5f957a2b78b4a08cede2183cd59012f73beaffc38f0821d43bb458df08be222:5eb2ada6d8d007969c111064ae6c5de089e8bd61c0156cb49cc98484cea2b5d9,ensemble,"{""base"": ""equal"", ""borrow_bps"": 50.0, ""cap"": 1.0, ""control"": ""event"", ""covariance_days"": 101, ""diagnostic"": ""lookback_low"", ""family"": ""ensemble"", ""har_train_min"": 403, ""lookback"": 50, ""overlay"": true, ""static_exposure"": null, ""target"": 0.1, ""threshold"": 0.05, ""trial_id"": ""E1-10"", ""universe"": [""SPY"", ""TLT"", ""GLD""]}",development+reused_validation,5.0 bp risky purchases+sales; borrow rf+50.0 bp,completed,results/20261004T003009-2f16c796/E1-10-lookback_low-d4d398be80.csv,No OOS retuning; diagnostic not eligible for selection,False
E1-10-lookback_low_base-2a713d5ae1,2026-10-04T00:31:48.211765+00:00,f953cc6eadb2efb7f124791a8afd2815663fbf45083f58fe7e4fa892c609676c,26552dd9c109058ba93a75bb8ba5de1f6a85585b,e5f957a2b78b4a08cede2183cd59012f73beaffc38f0821d43bb458df08be222:5eb2ada6d8d007969c111064ae6c5de089e8bd61c0156cb49cc98484cea2b5d9,ensemble,"{""base"": ""equal"", ""borrow_bps"": 50.0, ""cap"": 1.0, ""control"": ""event"", ""covariance_days"": 101, ""diagnostic"": ""lookback_low_base"", ""family"": ""ensemble"", ""har_train_min"": 403, ""lookback"": 50, ""overlay"": false, ""static_exposure"": null, ""target"": 0.1, ""threshold"": 0.05, ""trial_id"": ""E1-10"", ""universe"": [""SPY"", ""TLT"", ""GLD""]}",development+reused_validation,5.0 bp risky purchases+sales; borrow rf+50.0 bp,started,results/20261004T003009-2f16c796/E1-10-lookback_low_base-2a713d5ae1.csv,Attempt retained even if process fails,False
E1-10-lookback_low_base-2a713d5ae1,2026-10-04T00:31:48.211765+00:00,f953cc6eadb2efb7f124791a8afd2815663fbf45083f58fe7e4fa892c609676c,26552dd9c109058ba93a75bb8ba5de1f6a85585b,e5f957a2b78b4a08cede2183cd59012f73beaffc38f0821d43bb458df08be222:5eb2ada6d8d007969c111064ae6c5de089e8bd61c0156cb49cc98484cea2b5d9,ensemble,"{""base"": ""equal"", ""borrow_bps"": 50.0, ""cap"": 1.0, ""control"": ""event"", ""covariance_days"": 101, ""diagnostic"": ""lookback_low_base"", ""family"": ""ensemble"", ""har_train_min"": 403, ""lookback"": 50, ""overlay"": false, ""static_exposure"": null, ""target"": 0.1, ""threshold"": 0.05, ""trial_id"": ""E1-10"", ""universe"": [""SPY"", ""TLT"", ""GLD""]}",development+reused_validation,5.0 bp risky purchases+sales; borrow rf+50.0 bp,completed,results/20261004T003009-2f16c796/E1-10-lookback_low_base-2a713d5ae1.csv,No OOS retuning; diagnostic not eligible for selection,False
E1-10-lookback_high-e1065b609e,2026-10-04T00:31:49.723268+00:00,f953cc6eadb2efb7f124791a8afd2815663fbf45083f58fe7e4fa892c609676c,26552dd9c109058ba93a75bb8ba5de1f6a85585b,e5f957a2b78b4a08cede2183cd59012f73beaffc38f0821d43bb458df08be222:5eb2ada6d8d007969c111064ae6c5de089e8bd61c0156cb49cc98484cea2b5d9,ensemble,"{""base"": ""equal"", ""borrow_bps"": 50.0, ""cap"": 1.0, ""control"": ""event"", ""covariance_days"": 151, ""diagnostic"": ""lookback_high"", ""family"": ""ensemble"", ""har_train_min"": 605, ""lookback"": 76, ""overlay"": true, ""static_exposure"": null, ""target"": 0.1, ""threshold"": 0.05, ""trial_id"": ""E1-10"", ""universe"": [""SPY"", ""TLT"", ""GLD""]}",development+reused_validation,5.0 bp risky purchases+sales; borrow rf+50.0 bp,started,results/20261004T003009-2f16c796/E1-10-lookback_high-e1065b609e.csv,Attempt retained even if process fails,False
E1-10-lookback_high-e1065b609e,2026-10-04T00:31:49.723268+00:00,f953cc6eadb2efb7f124791a8afd2815663fbf45083f58fe7e4fa892c609676c,26552dd9c109058ba93a75bb8ba5de1f6a85585b,e5f957a2b78b4a08cede2183cd59012f73beaffc38f0821d43bb458df08be222:5eb2ada6d8d007969c111064ae6c5de089e8bd61c0156cb49cc98484cea2b5d9,ensemble,"{""base"": ""equal"", ""borrow_bps"": 50.0, ""cap"": 1.0, ""control"": ""event"", ""covariance_days"": 151, ""diagnostic"": ""lookback_high"", ""family"": ""ensemble"", ""har_train_min"": 605, ""lookback"": 76, ""overlay"": true, ""static_exposure"": null, ""target"": 0.1, ""threshold"": 0.05, ""trial_id"": ""E1-10"", ""universe"": [""SPY"", ""TLT"", ""GLD""]}",development+reused_validation,5.0 bp risky purchases+sales; borrow rf+50.0 bp,completed,results/20261004T003009-2f16c796/E1-10-lookback_high-e1065b609e.csv,No OOS retuning; diagnostic not eligible for selection,False
E1-10-lookback_high_base-c6ebf879f7,2026-10-04T00:31:51.276839+00:00,f953cc6eadb2efb7f124791a8afd2815663fbf45083f58fe7e4fa892c609676c,26552dd9c109058ba93a75bb8ba5de1f6a85585b,e5f957a2b78b4a08cede2183cd59012f73beaffc38f0821d43bb458df08be222:5eb2ada6d8d007969c111064ae6c5de089e8bd61c0156cb49cc98484cea2b5d9,ensemble,"{""base"": ""equal"", ""borrow_bps"": 50.0, ""cap"": 1.0, ""control"": ""event"", ""covariance_days"": 151, ""diagnostic"": ""lookback_high_base"", ""family"": ""ensemble"", ""har_train_min"": 605, ""lookback"": 76, ""overlay"": false, ""static_exposure"": null, ""target"": 0.1, ""threshold"": 0.05, ""trial_id"": ""E1-10"", ""universe"": [""SPY"", ""TLT"", ""GLD""]}",development+reused_validation,5.0 bp risky purchases+sales; borrow rf+50.0 bp,started,results/20261004T003009-2f16c796/E1-10-lookback_high_base-c6ebf879f7.csv,Attempt retained even if process fails,False
E1-10-lookback_high_base-c6ebf879f7,2026-10-04T00:31:51.276839+00:00,f953cc6eadb2efb7f124791a8afd2815663fbf45083f58fe7e4fa892c609676c,26552dd9c109058ba93a75bb8ba5de1f6a85585b,e5f957a2b78b4a08cede2183cd59012f73beaffc38f0821d43bb458df08be222:5eb2ada6d8d007969c111064ae6c5de089e8bd61c0156cb49cc98484cea2b5d9,ensemble,"{""base"": ""equal"", ""borrow_bps"": 50.0, ""cap"": 1.0, ""control"": ""event"", ""covariance_days"": 151, ""diagnostic"": ""lookback_high_base"", ""family"": ""ensemble"", ""har_train_min"": 605, ""lookback"": 76, ""overlay"": false, ""static_exposure"": null, ""target"": 0.1, ""threshold"": 0.05, ""trial_id"": ""E1-10"", ""universe"": [""SPY"", ""TLT"", ""GLD""]}",development+reused_validation,5.0 bp risky purchases+sales; borrow rf+50.0 bp,completed,results/20261004T003009-2f16c796/E1-10-lookback_high_base-c6ebf879f7.csv,No OOS retuning; diagnostic not eligible for selection,False
E1-10-trigger_low-2097790e63,2026-10-04T00:31:52.768419+00:00,f953cc6eadb2efb7f124791a8afd2815663fbf45083f58fe7e4fa892c609676c,26552dd9c109058ba93a75bb8ba5de1f6a85585b,e5f957a2b78b4a08cede2183cd59012f73beaffc38f0821d43bb458df08be222:5eb2ada6d8d007969c111064ae6c5de089e8bd61c0156cb49cc98484cea2b5d9,ensemble,"{""base"": ""equal"", ""borrow_bps"": 50.0, ""cap"": 1.0, ""control"": ""event"", ""covariance_days"": 126, ""diagnostic"": ""trigger_low"", ""family"": ""ensemble"", ""har_train_min"": 504, ""lookback"": 63, ""overlay"": true, ""static_exposure"": null, ""target"": 0.1, ""threshold"": 0.04, ""trial_id"": ""E1-10"", ""universe"": [""SPY"", ""TLT"", ""GLD""]}",development+reused_validation,5.0 bp risky purchases+sales; borrow rf+50.0 bp,started,results/20261004T003009-2f16c796/E1-10-trigger_low-2097790e63.csv,Attempt retained even if process fails,False
E1-10-trigger_low-2097790e63,2026-10-04T00:31:52.768419+00:00,f953cc6eadb2efb7f124791a8afd2815663fbf45083f58fe7e4fa892c609676c,26552dd9c109058ba93a75bb8ba5de1f6a85585b,e5f957a2b78b4a08cede2183cd59012f73beaffc38f0821d43bb458df08be222:5eb2ada6d8d007969c111064ae6c5de089e8bd61c0156cb49cc98484cea2b5d9,ensemble,"{""base"": ""equal"", ""borrow_bps"": 50.0, ""cap"": 1.0, ""control"": ""event"", ""covariance_days"": 126, ""diagnostic"": ""trigger_low"", ""family"": ""ensemble"", ""har_train_min"": 504, ""lookback"": 63, ""overlay"": true, ""static_exposure"": null, ""target"": 0.1, ""threshold"": 0.04, ""trial_id"": ""E1-10"", ""universe"": [""SPY"", ""TLT"", ""GLD""]}",development+reused_validation,5.0 bp risky purchases+sales; borrow rf+50.0 bp,completed,results/20261004T003009-2f16c796/E1-10-trigger_low-2097790e63.csv,No OOS retuning; diagnostic not eligible for selection,False
E1-10-trigger_low_base-538a661d7c,2026-10-04T00:31:54.314924+00:00,f953cc6eadb2efb7f124791a8afd2815663fbf45083f58fe7e4fa892c609676c,26552dd9c109058ba93a75bb8ba5de1f6a85585b,e5f957a2b78b4a08cede2183cd59012f73beaffc38f0821d43bb458df08be222:5eb2ada6d8d007969c111064ae6c5de089e8bd61c0156cb49cc98484cea2b5d9,ensemble,"{""base"": ""equal"", ""borrow_bps"": 50.0, ""cap"": 1.0, ""control"": ""event"", ""covariance_days"": 126, ""diagnostic"": ""trigger_low_base"", ""family"": ""ensemble"", ""har_train_min"": 504, ""lookback"": 63, ""overlay"": false, ""static_exposure"": null, ""target"": 0.1, ""threshold"": 0.04, ""trial_id"": ""E1-10"", ""universe"": [""SPY"", ""TLT"", ""GLD""]}",development+reused_validation,5.0 bp risky purchases+sales; borrow rf+50.0 bp,started,results/20261004T003009-2f16c796/E1-10-trigger_low_base-538a661d7c.csv,Attempt retained even if process fails,False
E1-10-trigger_low_base-538a661d7c,2026-10-04T00:31:54.314924+00:00,f953cc6eadb2efb7f124791a8afd2815663fbf45083f58fe7e4fa892c609676c,26552dd9c109058ba93a75bb8ba5de1f6a85585b,e5f957a2b78b4a08cede2183cd59012f73beaffc38f0821d43bb458df08be222:5eb2ada6d8d007969c111064ae6c5de089e8bd61c0156cb49cc98484cea2b5d9,ensemble,"{""base"": ""equal"", ""borrow_bps"": 50.0, ""cap"": 1.0, ""control"": ""event"", ""covariance_days"": 126, ""diagnostic"": ""trigger_low_base"", ""family"": ""ensemble"", ""har_train_min"": 504, ""lookback"": 63, ""overlay"": false, ""static_exposure"": null, ""target"": 0.1, ""threshold"": 0.04, ""trial_id"": ""E1-10"", ""universe"": [""SPY"", ""TLT"", ""GLD""]}",development+reused_validation,5.0 bp risky purchases+sales; borrow rf+50.0 bp,completed,results/20261004T003009-2f16c796/E1-10-trigger_low_base-538a661d7c.csv,No OOS retuning; diagnostic not eligible for selection,False
E1-10-trigger_high-d74249f6c1,2026-10-04T00:31:55.878106+00:00,f953cc6eadb2efb7f124791a8afd2815663fbf45083f58fe7e4fa892c609676c,26552dd9c109058ba93a75bb8ba5de1f6a85585b,e5f957a2b78b4a08cede2183cd59012f73beaffc38f0821d43bb458df08be222:5eb2ada6d8d007969c111064ae6c5de089e8bd61c0156cb49cc98484cea2b5d9,ensemble,"{""base"": ""equal"", ""borrow_bps"": 50.0, ""cap"": 1.0, ""control"": ""event"", ""covariance_days"": 126, ""diagnostic"": ""trigger_high"", ""family"": ""ensemble"", ""har_train_min"": 504, ""lookback"": 63, ""overlay"": true, ""static_exposure"": null, ""target"": 0.1, ""threshold"": 0.06, ""trial_id"": ""E1-10"", ""universe"": [""SPY"", ""TLT"", ""GLD""]}",development+reused_validation,5.0 bp risky purchases+sales; borrow rf+50.0 bp,started,results/20261004T003009-2f16c796/E1-10-trigger_high-d74249f6c1.csv,Attempt retained even if process fails,False
E1-10-trigger_high-d74249f6c1,2026-10-04T00:31:55.878106+00:00,f953cc6eadb2efb7f124791a8afd2815663fbf45083f58fe7e4fa892c609676c,26552dd9c109058ba93a75bb8ba5de1f6a85585b,e5f957a2b78b4a08cede2183cd59012f73beaffc38f0821d43bb458df08be222:5eb2ada6d8d007969c111064ae6c5de089e8bd61c0156cb49cc98484cea2b5d9,ensemble,"{""base"": ""equal"", ""borrow_bps"": 50.0, ""cap"": 1.0, ""control"": ""event"", ""covariance_days"": 126, ""diagnostic"": ""trigger_high"", ""family"": ""ensemble"", ""har_train_min"": 504, ""lookback"": 63, ""overlay"": true, ""static_exposure"": null, ""target"": 0.1, ""threshold"": 0.06, ""trial_id"": ""E1-10"", ""universe"": [""SPY"", ""TLT"", ""GLD""]}",development+reused_validation,5.0 bp risky purchases+sales; borrow rf+50.0 bp,completed,results/20261004T003009-2f16c796/E1-10-trigger_high-d74249f6c1.csv,No OOS retuning; diagnostic not eligible for selection,False
E1-10-trigger_high_base-fdf3cf72d4,2026-10-04T00:31:57.433887+00:00,f953cc6eadb2efb7f124791a8afd2815663fbf45083f58fe7e4fa892c609676c,26552dd9c109058ba93a75bb8ba5de1f6a85585b,e5f957a2b78b4a08cede2183cd59012f73beaffc38f0821d43bb458df08be222:5eb2ada6d8d007969c111064ae6c5de089e8bd61c0156cb49cc98484cea2b5d9,ensemble,"{""base"": ""equal"", ""borrow_bps"": 50.0, ""cap"": 1.0, ""control"": ""event"", ""covariance_days"": 126, ""diagnostic"": ""trigger_high_base"", ""family"": ""ensemble"", ""har_train_min"": 504, ""lookback"": 63, ""overlay"": false, ""static_exposure"": null, ""target"": 0.1, ""threshold"": 0.06, ""trial_id"": ""E1-10"", ""universe"": [""SPY"", ""TLT"", ""GLD""]}",development+reused_validation,5.0 bp risky purchases+sales; borrow rf+50.0 bp,started,results/20261004T003009-2f16c796/E1-10-trigger_high_base-fdf3cf72d4.csv,Attempt retained even if process fails,False
E1-10-trigger_high_base-fdf3cf72d4,2026-10-04T00:31:57.433887+00:00,f953cc6eadb2efb7f124791a8afd2815663fbf45083f58fe7e4fa892c609676c,26552dd9c109058ba93a75bb8ba5de1f6a85585b,e5f957a2b78b4a08cede2183cd59012f73beaffc38f0821d43bb458df08be222:5eb2ada6d8d007969c111064ae6c5de089e8bd61c0156cb49cc98484cea2b5d9,ensemble,"{""base"": ""equal"", ""borrow_bps"": 50.0, ""cap"": 1.0, ""control"": ""event"", ""covariance_days"": 126, ""diagnostic"": ""trigger_high_base"", ""family"": ""ensemble"", ""har_train_min"": 504, ""lookback"": 63, ""overlay"": false, ""static_exposure"": null, ""target"": 0.1, ""threshold"": 0.06, ""trial_id"": ""E1-10"", ""universe"": [""SPY"", ""TLT"", ""GLD""]}",development+reused_validation,5.0 bp risky purchases+sales; borrow rf+50.0 bp,completed,results/20261004T003009-2f16c796/E1-10-trigger_high_base-fdf3cf72d4.csv,No OOS retuning; diagnostic not eligible for selection,False
E1-11-double_cost-0adc34d9f9,2026-10-04T00:31:58.960449+00:00,f953cc6eadb2efb7f124791a8afd2815663fbf45083f58fe7e4fa892c609676c,26552dd9c109058ba93a75bb8ba5de1f6a85585b,e5f957a2b78b4a08cede2183cd59012f73beaffc38f0821d43bb458df08be222:5eb2ada6d8d007969c111064ae6c5de089e8bd61c0156cb49cc98484cea2b5d9,ensemble,"{""base"": ""equal"", ""borrow_bps"": 50.0, ""cap"": 1.0, ""control"": ""event"", ""covariance_days"": 126, ""diagnostic"": ""double_cost"", ""family"": ""ensemble"", ""har_train_min"": 504, ""lookback"": 63, ""overlay"": true, ""static_exposure"": null, ""target"": 0.11, ""threshold"": 0.05, ""trial_id"": ""E1-11"", ""universe"": [""SPY"", ""TLT"", ""GLD""]}",development+reused_validation,10 bp risky purchases+sales; borrow rf+50.0 bp,started,results/20261004T003009-2f16c796/E1-11-double_cost-0adc34d9f9.csv,Attempt retained even if process fails,False
E1-11-double_cost-0adc34d9f9,2026-10-04T00:31:58.960449+00:00,f953cc6eadb2efb7f124791a8afd2815663fbf45083f58fe7e4fa892c609676c,26552dd9c109058ba93a75bb8ba5de1f6a85585b,e5f957a2b78b4a08cede2183cd59012f73beaffc38f0821d43bb458df08be222:5eb2ada6d8d007969c111064ae6c5de089e8bd61c0156cb49cc98484cea2b5d9,ensemble,"{""base"": ""equal"", ""borrow_bps"": 50.0, ""cap"": 1.0, ""control"": ""event"", ""covariance_days"": 126, ""diagnostic"": ""double_cost"", ""family"": ""ensemble"", ""har_train_min"": 504, ""lookback"": 63, ""overlay"": true, ""static_exposure"": null, ""target"": 0.11, ""threshold"": 0.05, ""trial_id"": ""E1-11"", ""universe"": [""SPY"", ""TLT"", ""GLD""]}",development+reused_validation,10 bp risky purchases+sales; borrow rf+50.0 bp,completed,results/20261004T003009-2f16c796/E1-11-double_cost-0adc34d9f9.csv,No OOS retuning; diagnostic not eligible for selection,False
E1-11-double_cost_base-3a0ec08e37,2026-10-04T00:32:00.494440+00:00,f953cc6eadb2efb7f124791a8afd2815663fbf45083f58fe7e4fa892c609676c,26552dd9c109058ba93a75bb8ba5de1f6a85585b,e5f957a2b78b4a08cede2183cd59012f73beaffc38f0821d43bb458df08be222:5eb2ada6d8d007969c111064ae6c5de089e8bd61c0156cb49cc98484cea2b5d9,ensemble,"{""base"": ""equal"", ""borrow_bps"": 50.0, ""cap"": 1.0, ""control"": ""event"", ""covariance_days"": 126, ""diagnostic"": ""double_cost_base"", ""family"": ""ensemble"", ""har_train_min"": 504, ""lookback"": 63, ""overlay"": false, ""static_exposure"": null, ""target"": 0.11, ""threshold"": 0.05, ""trial_id"": ""E1-11"", ""universe"": [""SPY"", ""TLT"", ""GLD""]}",development+reused_validation,10 bp risky purchases+sales; borrow rf+50.0 bp,started,results/20261004T003009-2f16c796/E1-11-double_cost_base-3a0ec08e37.csv,Attempt retained even if process fails,False
E1-11-double_cost_base-3a0ec08e37,2026-10-04T00:32:00.494440+00:00,f953cc6eadb2efb7f124791a8afd2815663fbf45083f58fe7e4fa892c609676c,26552dd9c109058ba93a75bb8ba5de1f6a85585b,e5f957a2b78b4a08cede2183cd59012f73beaffc38f0821d43bb458df08be222:5eb2ada6d8d007969c111064ae6c5de089e8bd61c0156cb49cc98484cea2b5d9,ensemble,"{""base"": ""equal"", ""borrow_bps"": 50.0, ""cap"": 1.0, ""control"": ""event"", ""covariance_days"": 126, ""diagnostic"": ""double_cost_base"", ""family"": ""ensemble"", ""har_train_min"": 504, ""lookback"": 63, ""overlay"": false, ""static_exposure"": null, ""target"": 0.11, ""threshold"": 0.05, ""trial_id"": ""E1-11"", ""universe"": [""SPY"", ""TLT"", ""GLD""]}",development+reused_validation,10 bp risky purchases+sales; borrow rf+50.0 bp,completed,results/20261004T003009-2f16c796/E1-11-double_cost_base-3a0ec08e37.csv,No OOS retuning; diagnostic not eligible for selection,False
E1-11-target_low-5bc05a1af2,2026-10-04T00:32:02.180074+00:00,f953cc6eadb2efb7f124791a8afd2815663fbf45083f58fe7e4fa892c609676c,26552dd9c109058ba93a75bb8ba5de1f6a85585b,e5f957a2b78b4a08cede2183cd59012f73beaffc38f0821d43bb458df08be222:5eb2ada6d8d007969c111064ae6c5de089e8bd61c0156cb49cc98484cea2b5d9,ensemble,"{""base"": ""equal"", ""borrow_bps"": 50.0, ""cap"": 1.0, ""control"": ""event"", ""covariance_days"": 126, ""diagnostic"": ""target_low"", ""family"": ""ensemble"", ""har_train_min"": 504, ""lookback"": 63, ""overlay"": true, ""static_exposure"": null, ""target"": 0.1, ""threshold"": 0.05, ""trial_id"": ""E1-11"", ""universe"": [""SPY"", ""TLT"", ""GLD""]}",development+reused_validation,5.0 bp risky purchases+sales; borrow rf+50.0 bp,started,results/20261004T003009-2f16c796/E1-11-target_low-5bc05a1af2.csv,Attempt retained even if process fails,False
E1-11-target_low-5bc05a1af2,2026-10-04T00:32:02.180074+00:00,f953cc6eadb2efb7f124791a8afd2815663fbf45083f58fe7e4fa892c609676c,26552dd9c109058ba93a75bb8ba5de1f6a85585b,e5f957a2b78b4a08cede2183cd59012f73beaffc38f0821d43bb458df08be222:5eb2ada6d8d007969c111064ae6c5de089e8bd61c0156cb49cc98484cea2b5d9,ensemble,"{""base"": ""equal"", ""borrow_bps"": 50.0, ""cap"": 1.0, ""control"": ""event"", ""covariance_days"": 126, ""diagnostic"": ""target_low"", ""family"": ""ensemble"", ""har_train_min"": 504, ""lookback"": 63, ""overlay"": true, ""static_exposure"": null, ""target"": 0.1, ""threshold"": 0.05, ""trial_id"": ""E1-11"", ""universe"": [""SPY"", ""TLT"", ""GLD""]}",development+reused_validation,5.0 bp risky purchases+sales; borrow rf+50.0 bp,completed,results/20261004T003009-2f16c796/E1-11-target_low-5bc05a1af2.csv,No OOS retuning; diagnostic not eligible for selection,False
E1-11-target_low_base-cbe7663a15,2026-10-04T00:32:03.943711+00:00,f953cc6eadb2efb7f124791a8afd2815663fbf45083f58fe7e4fa892c609676c,26552dd9c109058ba93a75bb8ba5de1f6a85585b,e5f957a2b78b4a08cede2183cd59012f73beaffc38f0821d43bb458df08be222:5eb2ada6d8d007969c111064ae6c5de089e8bd61c0156cb49cc98484cea2b5d9,ensemble,"{""base"": ""equal"", ""borrow_bps"": 50.0, ""cap"": 1.0, ""control"": ""event"", ""covariance_days"": 126, ""diagnostic"": ""target_low_base"", ""family"": ""ensemble"", ""har_train_min"": 504, ""lookback"": 63, ""overlay"": false, ""static_exposure"": null, ""target"": 0.1, ""threshold"": 0.05, ""trial_id"": ""E1-11"", ""universe"": [""SPY"", ""TLT"", ""GLD""]}",development+reused_validation,5.0 bp risky purchases+sales; borrow rf+50.0 bp,started,results/20261004T003009-2f16c796/E1-11-target_low_base-cbe7663a15.csv,Attempt retained even if process fails,False
E1-11-target_low_base-cbe7663a15,2026-10-04T00:32:03.943711+00:00,f953cc6eadb2efb7f124791a8afd2815663fbf45083f58fe7e4fa892c609676c,26552dd9c109058ba93a75bb8ba5de1f6a85585b,e5f957a2b78b4a08cede2183cd59012f73beaffc38f0821d43bb458df08be222:5eb2ada6d8d007969c111064ae6c5de089e8bd61c0156cb49cc98484cea2b5d9,ensemble,"{""base"": ""equal"", ""borrow_bps"": 50.0, ""cap"": 1.0, ""control"": ""event"", ""covariance_days"": 126, ""diagnostic"": ""target_low_base"", ""family"": ""ensemble"", ""har_train_min"": 504, ""lookback"": 63, ""overlay"": false, ""static_exposure"": null, ""target"": 0.1, ""threshold"": 0.05, ""trial_id"": ""E1-11"", ""universe"": [""SPY"", ""TLT"", ""GLD""]}",development+reused_validation,5.0 bp risky purchases+sales; borrow rf+50.0 bp,completed,results/20261004T003009-2f16c796/E1-11-target_low_base-cbe7663a15.csv,No OOS retuning; diagnostic not eligible for selection,False
E1-11-target_high-1793b017be,2026-10-04T00:32:05.414884+00:00,f953cc6eadb2efb7f124791a8afd2815663fbf45083f58fe7e4fa892c609676c,26552dd9c109058ba93a75bb8ba5de1f6a85585b,e5f957a2b78b4a08cede2183cd59012f73beaffc38f0821d43bb458df08be222:5eb2ada6d8d007969c111064ae6c5de089e8bd61c0156cb49cc98484cea2b5d9,ensemble,"{""base"": ""equal"", ""borrow_bps"": 50.0, ""cap"": 1.0, ""control"": ""event"", ""covariance_days"": 126, ""diagnostic"": ""target_high"", ""family"": ""ensemble"", ""har_train_min"": 504, ""lookback"": 63, ""overlay"": true, ""static_exposure"": null, ""target"": 0.12, ""threshold"": 0.05, ""trial_id"": ""E1-11"", ""universe"": [""SPY"", ""TLT"", ""GLD""]}",development+reused_validation,5.0 bp risky purchases+sales; borrow rf+50.0 bp,started,results/20261004T003009-2f16c796/E1-11-target_high-1793b017be.csv,Attempt retained even if process fails,False
E1-11-target_high-1793b017be,2026-10-04T00:32:05.414884+00:00,f953cc6eadb2efb7f124791a8afd2815663fbf45083f58fe7e4fa892c609676c,26552dd9c109058ba93a75bb8ba5de1f6a85585b,e5f957a2b78b4a08cede2183cd59012f73beaffc38f0821d43bb458df08be222:5eb2ada6d8d007969c111064ae6c5de089e8bd61c0156cb49cc98484cea2b5d9,ensemble,"{""base"": ""equal"", ""borrow_bps"": 50.0, ""cap"": 1.0, ""control"": ""event"", ""covariance_days"": 126, ""diagnostic"": ""target_high"", ""family"": ""ensemble"", ""har_train_min"": 504, ""lookback"": 63, ""overlay"": true, ""static_exposure"": null, ""target"": 0.12, ""threshold"": 0.05, ""trial_id"": ""E1-11"", ""universe"": [""SPY"", ""TLT"", ""GLD""]}",development+reused_validation,5.0 bp risky purchases+sales; borrow rf+50.0 bp,completed,results/20261004T003009-2f16c796/E1-11-target_high-1793b017be.csv,No OOS retuning; diagnostic not eligible for selection,False
E1-11-target_high_base-d54254fa26,2026-10-04T00:32:06.891849+00:00,f953cc6eadb2efb7f124791a8afd2815663fbf45083f58fe7e4fa892c609676c,26552dd9c109058ba93a75bb8ba5de1f6a85585b,e5f957a2b78b4a08cede2183cd59012f73beaffc38f0821d43bb458df08be222:5eb2ada6d8d007969c111064ae6c5de089e8bd61c0156cb49cc98484cea2b5d9,ensemble,"{""base"": ""equal"", ""borrow_bps"": 50.0, ""cap"": 1.0, ""control"": ""event"", ""covariance_days"": 126, ""diagnostic"": ""target_high_base"", ""family"": ""ensemble"", ""har_train_min"": 504, ""lookback"": 63, ""overlay"": false, ""static_exposure"": null, ""target"": 0.12, ""threshold"": 0.05, ""trial_id"": ""E1-11"", ""universe"": [""SPY"", ""TLT"", ""GLD""]}",development+reused_validation,5.0 bp risky purchases+sales; borrow rf+50.0 bp,started,results/20261004T003009-2f16c796/E1-11-target_high_base-d54254fa26.csv,Attempt retained even if process fails,False
E1-11-target_high_base-d54254fa26,2026-10-04T00:32:06.891849+00:00,f953cc6eadb2efb7f124791a8afd2815663fbf45083f58fe7e4fa892c609676c,26552dd9c109058ba93a75bb8ba5de1f6a85585b,e5f957a2b78b4a08cede2183cd59012f73beaffc38f0821d43bb458df08be222:5eb2ada6d8d007969c111064ae6c5de089e8bd61c0156cb49cc98484cea2b5d9,ensemble,"{""base"": ""equal"", ""borrow_bps"": 50.0, ""cap"": 1.0, ""control"": ""event"", ""covariance_days"": 126, ""diagnostic"": ""target_high_base"", ""family"": ""ensemble"", ""har_train_min"": 504, ""lookback"": 63, ""overlay"": false, ""static_exposure"": null, ""target"": 0.12, ""threshold"": 0.05, ""trial_id"": ""E1-11"", ""universe"": [""SPY"", ""TLT"", ""GLD""]}",development+reused_validation,5.0 bp risky purchases+sales; borrow rf+50.0 bp,completed,results/20261004T003009-2f16c796/E1-11-target_high_base-d54254fa26.csv,No OOS retuning; diagnostic not eligible for selection,False
E1-11-lookback_low-affe945a32,2026-10-04T00:32:08.370971+00:00,f953cc6eadb2efb7f124791a8afd2815663fbf45083f58fe7e4fa892c609676c,26552dd9c109058ba93a75bb8ba5de1f6a85585b,e5f957a2b78b4a08cede2183cd59012f73beaffc38f0821d43bb458df08be222:5eb2ada6d8d007969c111064ae6c5de089e8bd61c0156cb49cc98484cea2b5d9,ensemble,"{""base"": ""equal"", ""borrow_bps"": 50.0, ""cap"": 1.0, ""control"": ""event"", ""covariance_days"": 101, ""diagnostic"": ""lookback_low"", ""family"": ""ensemble"", ""har_train_min"": 403, ""lookback"": 50, ""overlay"": true, ""static_exposure"": null, ""target"": 0.11, ""threshold"": 0.05, ""trial_id"": ""E1-11"", ""universe"": [""SPY"", ""TLT"", ""GLD""]}",development+reused_validation,5.0 bp risky purchases+sales; borrow rf+50.0 bp,started,results/20261004T003009-2f16c796/E1-11-lookback_low-affe945a32.csv,Attempt retained even if process fails,False
E1-11-lookback_low-affe945a32,2026-10-04T00:32:08.370971+00:00,f953cc6eadb2efb7f124791a8afd2815663fbf45083f58fe7e4fa892c609676c,26552dd9c109058ba93a75bb8ba5de1f6a85585b,e5f957a2b78b4a08cede2183cd59012f73beaffc38f0821d43bb458df08be222:5eb2ada6d8d007969c111064ae6c5de089e8bd61c0156cb49cc98484cea2b5d9,ensemble,"{""base"": ""equal"", ""borrow_bps"": 50.0, ""cap"": 1.0, ""control"": ""event"", ""covariance_days"": 101, ""diagnostic"": ""lookback_low"", ""family"": ""ensemble"", ""har_train_min"": 403, ""lookback"": 50, ""overlay"": true, ""static_exposure"": null, ""target"": 0.11, ""threshold"": 0.05, ""trial_id"": ""E1-11"", ""universe"": [""SPY"", ""TLT"", ""GLD""]}",development+reused_validation,5.0 bp risky purchases+sales; borrow rf+50.0 bp,completed,results/20261004T003009-2f16c796/E1-11-lookback_low-affe945a32.csv,No OOS retuning; diagnostic not eligible for selection,False
E1-11-lookback_low_base-08c08fcf3e,2026-10-04T00:32:09.843780+00:00,f953cc6eadb2efb7f124791a8afd2815663fbf45083f58fe7e4fa892c609676c,26552dd9c109058ba93a75bb8ba5de1f6a85585b,e5f957a2b78b4a08cede2183cd59012f73beaffc38f0821d43bb458df08be222:5eb2ada6d8d007969c111064ae6c5de089e8bd61c0156cb49cc98484cea2b5d9,ensemble,"{""base"": ""equal"", ""borrow_bps"": 50.0, ""cap"": 1.0, ""control"": ""event"", ""covariance_days"": 101, ""diagnostic"": ""lookback_low_base"", ""family"": ""ensemble"", ""har_train_min"": 403, ""lookback"": 50, ""overlay"": false, ""static_exposure"": null, ""target"": 0.11, ""threshold"": 0.05, ""trial_id"": ""E1-11"", ""universe"": [""SPY"", ""TLT"", ""GLD""]}",development+reused_validation,5.0 bp risky purchases+sales; borrow rf+50.0 bp,started,results/20261004T003009-2f16c796/E1-11-lookback_low_base-08c08fcf3e.csv,Attempt retained even if process fails,False
E1-11-lookback_low_base-08c08fcf3e,2026-10-04T00:32:09.843780+00:00,f953cc6eadb2efb7f124791a8afd2815663fbf45083f58fe7e4fa892c609676c,26552dd9c109058ba93a75bb8ba5de1f6a85585b,e5f957a2b78b4a08cede2183cd59012f73beaffc38f0821d43bb458df08be222:5eb2ada6d8d007969c111064ae6c5de089e8bd61c0156cb49cc98484cea2b5d9,ensemble,"{""base"": ""equal"", ""borrow_bps"": 50.0, ""cap"": 1.0, ""control"": ""event"", ""covariance_days"": 101, ""diagnostic"": ""lookback_low_base"", ""family"": ""ensemble"", ""har_train_min"": 403, ""lookback"": 50, ""overlay"": false, ""static_exposure"": null, ""target"": 0.11, ""threshold"": 0.05, ""trial_id"": ""E1-11"", ""universe"": [""SPY"", ""TLT"", ""GLD""]}",development+reused_validation,5.0 bp risky purchases+sales; borrow rf+50.0 bp,completed,results/20261004T003009-2f16c796/E1-11-lookback_low_base-08c08fcf3e.csv,No OOS retuning; diagnostic not eligible for selection,False
E1-11-lookback_high-348bbb03a1,2026-10-04T00:32:11.348109+00:00,f953cc6eadb2efb7f124791a8afd2815663fbf45083f58fe7e4fa892c609676c,26552dd9c109058ba93a75bb8ba5de1f6a85585b,e5f957a2b78b4a08cede2183cd59012f73beaffc38f0821d43bb458df08be222:5eb2ada6d8d007969c111064ae6c5de089e8bd61c0156cb49cc98484cea2b5d9,ensemble,"{""base"": ""equal"", ""borrow_bps"": 50.0, ""cap"": 1.0, ""control"": ""event"", ""covariance_days"": 151, ""diagnostic"": ""lookback_high"", ""family"": ""ensemble"", ""har_train_min"": 605, ""lookback"": 76, ""overlay"": true, ""static_exposure"": null, ""target"": 0.11, ""threshold"": 0.05, ""trial_id"": ""E1-11"", ""universe"": [""SPY"", ""TLT"", ""GLD""]}",development+reused_validation,5.0 bp risky purchases+sales; borrow rf+50.0 bp,started,results/20261004T003009-2f16c796/E1-11-lookback_high-348bbb03a1.csv,Attempt retained even if process fails,False
E1-11-lookback_high-348bbb03a1,2026-10-04T00:32:11.348109+00:00,f953cc6eadb2efb7f124791a8afd2815663fbf45083f58fe7e4fa892c609676c,26552dd9c109058ba93a75bb8ba5de1f6a85585b,e5f957a2b78b4a08cede2183cd59012f73beaffc38f0821d43bb458df08be222:5eb2ada6d8d007969c111064ae6c5de089e8bd61c0156cb49cc98484cea2b5d9,ensemble,"{""base"": ""equal"", ""borrow_bps"": 50.0, ""cap"": 1.0, ""control"": ""event"", ""covariance_days"": 151, ""diagnostic"": ""lookback_high"", ""family"": ""ensemble"", ""har_train_min"": 605, ""lookback"": 76, ""overlay"": true, ""static_exposure"": null, ""target"": 0.11, ""threshold"": 0.05, ""trial_id"": ""E1-11"", ""universe"": [""SPY"", ""TLT"", ""GLD""]}",development+reused_validation,5.0 bp risky purchases+sales; borrow rf+50.0 bp,completed,results/20261004T003009-2f16c796/E1-11-lookback_high-348bbb03a1.csv,No OOS retuning; diagnostic not eligible for selection,False
E1-11-lookback_high_base-267060a5e0,2026-10-04T00:32:12.834165+00:00,f953cc6eadb2efb7f124791a8afd2815663fbf45083f58fe7e4fa892c609676c,26552dd9c109058ba93a75bb8ba5de1f6a85585b,e5f957a2b78b4a08cede2183cd59012f73beaffc38f0821d43bb458df08be222:5eb2ada6d8d007969c111064ae6c5de089e8bd61c0156cb49cc98484cea2b5d9,ensemble,"{""base"": ""equal"", ""borrow_bps"": 50.0, ""cap"": 1.0, ""control"": ""event"", ""covariance_days"": 151, ""diagnostic"": ""lookback_high_base"", ""family"": ""ensemble"", ""har_train_min"": 605, ""lookback"": 76, ""overlay"": false, ""static_exposure"": null, ""target"": 0.11, ""threshold"": 0.05, ""trial_id"": ""E1-11"", ""universe"": [""SPY"", ""TLT"", ""GLD""]}",development+reused_validation,5.0 bp risky purchases+sales; borrow rf+50.0 bp,started,results/20261004T003009-2f16c796/E1-11-lookback_high_base-267060a5e0.csv,Attempt retained even if process fails,False
E1-11-lookback_high_base-267060a5e0,2026-10-04T00:32:12.834165+00:00,f953cc6eadb2efb7f124791a8afd2815663fbf45083f58fe7e4fa892c609676c,26552dd9c109058ba93a75bb8ba5de1f6a85585b,e5f957a2b78b4a08cede2183cd59012f73beaffc38f0821d43bb458df08be222:5eb2ada6d8d007969c111064ae6c5de089e8bd61c0156cb49cc98484cea2b5d9,ensemble,"{""base"": ""equal"", ""borrow_bps"": 50.0, ""cap"": 1.0, ""control"": ""event"", ""covariance_days"": 151, ""diagnostic"": ""lookback_high_base"", ""family"": ""ensemble"", ""har_train_min"": 605, ""lookback"": 76, ""overlay"": false, ""static_exposure"": null, ""target"": 0.11, ""threshold"": 0.05, ""trial_id"": ""E1-11"", ""universe"": [""SPY"", ""TLT"", ""GLD""]}",development+reused_validation,5.0 bp risky purchases+sales; borrow rf+50.0 bp,completed,results/20261004T003009-2f16c796/E1-11-lookback_high_base-267060a5e0.csv,No OOS retuning; diagnostic not eligible for selection,False
E1-11-trigger_low-80c381db08,2026-10-04T00:32:14.305583+00:00,f953cc6eadb2efb7f124791a8afd2815663fbf45083f58fe7e4fa892c609676c,26552dd9c109058ba93a75bb8ba5de1f6a85585b,e5f957a2b78b4a08cede2183cd59012f73beaffc38f0821d43bb458df08be222:5eb2ada6d8d007969c111064ae6c5de089e8bd61c0156cb49cc98484cea2b5d9,ensemble,"{""base"": ""equal"", ""borrow_bps"": 50.0, ""cap"": 1.0, ""control"": ""event"", ""covariance_days"": 126, ""diagnostic"": ""trigger_low"", ""family"": ""ensemble"", ""har_train_min"": 504, ""lookback"": 63, ""overlay"": true, ""static_exposure"": null, ""target"": 0.11, ""threshold"": 0.04, ""trial_id"": ""E1-11"", ""universe"": [""SPY"", ""TLT"", ""GLD""]}",development+reused_validation,5.0 bp risky purchases+sales; borrow rf+50.0 bp,started,results/20261004T003009-2f16c796/E1-11-trigger_low-80c381db08.csv,Attempt retained even if process fails,False
E1-11-trigger_low-80c381db08,2026-10-04T00:32:14.305583+00:00,f953cc6eadb2efb7f124791a8afd2815663fbf45083f58fe7e4fa892c609676c,26552dd9c109058ba93a75bb8ba5de1f6a85585b,e5f957a2b78b4a08cede2183cd59012f73beaffc38f0821d43bb458df08be222:5eb2ada6d8d007969c111064ae6c5de089e8bd61c0156cb49cc98484cea2b5d9,ensemble,"{""base"": ""equal"", ""borrow_bps"": 50.0, ""cap"": 1.0, ""control"": ""event"", ""covariance_days"": 126, ""diagnostic"": ""trigger_low"", ""family"": ""ensemble"", ""har_train_min"": 504, ""lookback"": 63, ""overlay"": true, ""static_exposure"": null, ""target"": 0.11, ""threshold"": 0.04, ""trial_id"": ""E1-11"", ""universe"": [""SPY"", ""TLT"", ""GLD""]}",development+reused_validation,5.0 bp risky purchases+sales; borrow rf+50.0 bp,completed,results/20261004T003009-2f16c796/E1-11-trigger_low-80c381db08.csv,No OOS retuning; diagnostic not eligible for selection,False
E1-11-trigger_low_base-0777ecd41c,2026-10-04T00:32:15.820690+00:00,f953cc6eadb2efb7f124791a8afd2815663fbf45083f58fe7e4fa892c609676c,26552dd9c109058ba93a75bb8ba5de1f6a85585b,e5f957a2b78b4a08cede2183cd59012f73beaffc38f0821d43bb458df08be222:5eb2ada6d8d007969c111064ae6c5de089e8bd61c0156cb49cc98484cea2b5d9,ensemble,"{""base"": ""equal"", ""borrow_bps"": 50.0, ""cap"": 1.0, ""control"": ""event"", ""covariance_days"": 126, ""diagnostic"": ""trigger_low_base"", ""family"": ""ensemble"", ""har_train_min"": 504, ""lookback"": 63, ""overlay"": false, ""static_exposure"": null, ""target"": 0.11, ""threshold"": 0.04, ""trial_id"": ""E1-11"", ""universe"": [""SPY"", ""TLT"", ""GLD""]}",development+reused_validation,5.0 bp risky purchases+sales; borrow rf+50.0 bp,started,results/20261004T003009-2f16c796/E1-11-trigger_low_base-0777ecd41c.csv,Attempt retained even if process fails,False
E1-11-trigger_low_base-0777ecd41c,2026-10-04T00:32:15.820690+00:00,f953cc6eadb2efb7f124791a8afd2815663fbf45083f58fe7e4fa892c609676c,26552dd9c109058ba93a75bb8ba5de1f6a85585b,e5f957a2b78b4a08cede2183cd59012f73beaffc38f0821d43bb458df08be222:5eb2ada6d8d007969c111064ae6c5de089e8bd61c0156cb49cc98484cea2b5d9,ensemble,"{""base"": ""equal"", ""borrow_bps"": 50.0, ""cap"": 1.0, ""control"": ""event"", ""covariance_days"": 126, ""diagnostic"": ""trigger_low_base"", ""family"": ""ensemble"", ""har_train_min"": 504, ""lookback"": 63, ""overlay"": false, ""static_exposure"": null, ""target"": 0.11, ""threshold"": 0.04, ""trial_id"": ""E1-11"", ""universe"": [""SPY"", ""TLT"", ""GLD""]}",development+reused_validation,5.0 bp risky purchases+sales; borrow rf+50.0 bp,completed,results/20261004T003009-2f16c796/E1-11-trigger_low_base-0777ecd41c.csv,No OOS retuning; diagnostic not eligible for selection,False
E1-11-trigger_high-6e919ce900,2026-10-04T00:32:17.299714+00:00,f953cc6eadb2efb7f124791a8afd2815663fbf45083f58fe7e4fa892c609676c,26552dd9c109058ba93a75bb8ba5de1f6a85585b,e5f957a2b78b4a08cede2183cd59012f73beaffc38f0821d43bb458df08be222:5eb2ada6d8d007969c111064ae6c5de089e8bd61c0156cb49cc98484cea2b5d9,ensemble,"{""base"": ""equal"", ""borrow_bps"": 50.0, ""cap"": 1.0, ""control"": ""event"", ""covariance_days"": 126, ""diagnostic"": ""trigger_high"", ""family"": ""ensemble"", ""har_train_min"": 504, ""lookback"": 63, ""overlay"": true, ""static_exposure"": null, ""target"": 0.11, ""threshold"": 0.06, ""trial_id"": ""E1-11"", ""universe"": [""SPY"", ""TLT"", ""GLD""]}",development+reused_validation,5.0 bp risky purchases+sales; borrow rf+50.0 bp,started,results/20261004T003009-2f16c796/E1-11-trigger_high-6e919ce900.csv,Attempt retained even if process fails,False
E1-11-trigger_high-6e919ce900,2026-10-04T00:32:17.299714+00:00,f953cc6eadb2efb7f124791a8afd2815663fbf45083f58fe7e4fa892c609676c,26552dd9c109058ba93a75bb8ba5de1f6a85585b,e5f957a2b78b4a08cede2183cd59012f73beaffc38f0821d43bb458df08be222:5eb2ada6d8d007969c111064ae6c5de089e8bd61c0156cb49cc98484cea2b5d9,ensemble,"{""base"": ""equal"", ""borrow_bps"": 50.0, ""cap"": 1.0, ""control"": ""event"", ""covariance_days"": 126, ""diagnostic"": ""trigger_high"", ""family"": ""ensemble"", ""har_train_min"": 504, ""lookback"": 63, ""overlay"": true, ""static_exposure"": null, ""target"": 0.11, ""threshold"": 0.06, ""trial_id"": ""E1-11"", ""universe"": [""SPY"", ""TLT"", ""GLD""]}",development+reused_validation,5.0 bp risky purchases+sales; borrow rf+50.0 bp,completed,results/20261004T003009-2f16c796/E1-11-trigger_high-6e919ce900.csv,No OOS retuning; diagnostic not eligible for selection,False
E1-11-trigger_high_base-b49604d91b,2026-10-04T00:32:18.815202+00:00,f953cc6eadb2efb7f124791a8afd2815663fbf45083f58fe7e4fa892c609676c,26552dd9c109058ba93a75bb8ba5de1f6a85585b,e5f957a2b78b4a08cede2183cd59012f73beaffc38f0821d43bb458df08be222:5eb2ada6d8d007969c111064ae6c5de089e8bd61c0156cb49cc98484cea2b5d9,ensemble,"{""base"": ""equal"", ""borrow_bps"": 50.0, ""cap"": 1.0, ""control"": ""event"", ""covariance_days"": 126, ""diagnostic"": ""trigger_high_base"", ""family"": ""ensemble"", ""har_train_min"": 504, ""lookback"": 63, ""overlay"": false, ""static_exposure"": null, ""target"": 0.11, ""threshold"": 0.06, ""trial_id"": ""E1-11"", ""universe"": [""SPY"", ""TLT"", ""GLD""]}",development+reused_validation,5.0 bp risky purchases+sales; borrow rf+50.0 bp,started,results/20261004T003009-2f16c796/E1-11-trigger_high_base-b49604d91b.csv,Attempt retained even if process fails,False
E1-11-trigger_high_base-b49604d91b,2026-10-04T00:32:18.815202+00:00,f953cc6eadb2efb7f124791a8afd2815663fbf45083f58fe7e4fa892c609676c,26552dd9c109058ba93a75bb8ba5de1f6a85585b,e5f957a2b78b4a08cede2183cd59012f73beaffc38f0821d43bb458df08be222:5eb2ada6d8d007969c111064ae6c5de089e8bd61c0156cb49cc98484cea2b5d9,ensemble,"{""base"": ""equal"", ""borrow_bps"": 50.0, ""cap"": 1.0, ""control"": ""event"", ""covariance_days"": 126, ""diagnostic"": ""trigger_high_base"", ""family"": ""ensemble"", ""har_train_min"": 504, ""lookback"": 63, ""overlay"": false, ""static_exposure"": null, ""target"": 0.11, ""threshold"": 0.06, ""trial_id"": ""E1-11"", ""universe"": [""SPY"", ""TLT"", ""GLD""]}",development+reused_validation,5.0 bp risky purchases+sales; borrow rf+50.0 bp,completed,results/20261004T003009-2f16c796/E1-11-trigger_high_base-b49604d91b.csv,No OOS retuning; diagnostic not eligible for selection,False
E2-double_cost-7d46e7c071,2026-10-04T00:32:20.346540+00:00,f953cc6eadb2efb7f124791a8afd2815663fbf45083f58fe7e4fa892c609676c,26552dd9c109058ba93a75bb8ba5de1f6a85585b,e5f957a2b78b4a08cede2183cd59012f73beaffc38f0821d43bb458df08be222:5eb2ada6d8d007969c111064ae6c5de089e8bd61c0156cb49cc98484cea2b5d9,har,"{""base"": ""equal"", ""borrow_bps"": 50.0, ""cap"": 1.0, ""control"": ""event"", ""covariance_days"": 126, ""diagnostic"": ""double_cost"", ""family"": ""har"", ""har_train_min"": 504, ""lookback"": 63, ""overlay"": true, ""static_exposure"": null, ""target"": 0.1, ""threshold"": 0.05, ""trial_id"": ""E2"", ""universe"": [""SPY"", ""TLT"", ""GLD""]}",development+reused_validation,10 bp risky purchases+sales; borrow rf+50.0 bp,started,results/20261004T003009-2f16c796/E2-double_cost-7d46e7c071.csv,Attempt retained even if process fails,False
E2-double_cost-7d46e7c071,2026-10-04T00:32:20.346540+00:00,f953cc6eadb2efb7f124791a8afd2815663fbf45083f58fe7e4fa892c609676c,26552dd9c109058ba93a75bb8ba5de1f6a85585b,e5f957a2b78b4a08cede2183cd59012f73beaffc38f0821d43bb458df08be222:5eb2ada6d8d007969c111064ae6c5de089e8bd61c0156cb49cc98484cea2b5d9,har,"{""base"": ""equal"", ""borrow_bps"": 50.0, ""cap"": 1.0, ""control"": ""event"", ""covariance_days"": 126, ""diagnostic"": ""double_cost"", ""family"": ""har"", ""har_train_min"": 504, ""lookback"": 63, ""overlay"": true, ""static_exposure"": null, ""target"": 0.1, ""threshold"": 0.05, ""trial_id"": ""E2"", ""universe"": [""SPY"", ""TLT"", ""GLD""]}",development+reused_validation,10 bp risky purchases+sales; borrow rf+50.0 bp,completed,results/20261004T003009-2f16c796/E2-double_cost-7d46e7c071.csv,No OOS retuning; diagnostic not eligible for selection,False
E2-double_cost_base-0adc62f34a,2026-10-04T00:32:23.379772+00:00,f953cc6eadb2efb7f124791a8afd2815663fbf45083f58fe7e4fa892c609676c,26552dd9c109058ba93a75bb8ba5de1f6a85585b,e5f957a2b78b4a08cede2183cd59012f73beaffc38f0821d43bb458df08be222:5eb2ada6d8d007969c111064ae6c5de089e8bd61c0156cb49cc98484cea2b5d9,har,"{""base"": ""equal"", ""borrow_bps"": 50.0, ""cap"": 1.0, ""control"": ""event"", ""covariance_days"": 126, ""diagnostic"": ""double_cost_base"", ""family"": ""har"", ""har_train_min"": 504, ""lookback"": 63, ""overlay"": false, ""static_exposure"": null, ""target"": 0.1, ""threshold"": 0.05, ""trial_id"": ""E2"", ""universe"": [""SPY"", ""TLT"", ""GLD""]}",development+reused_validation,10 bp risky purchases+sales; borrow rf+50.0 bp,started,results/20261004T003009-2f16c796/E2-double_cost_base-0adc62f34a.csv,Attempt retained even if process fails,False
E2-double_cost_base-0adc62f34a,2026-10-04T00:32:23.379772+00:00,f953cc6eadb2efb7f124791a8afd2815663fbf45083f58fe7e4fa892c609676c,26552dd9c109058ba93a75bb8ba5de1f6a85585b,e5f957a2b78b4a08cede2183cd59012f73beaffc38f0821d43bb458df08be222:5eb2ada6d8d007969c111064ae6c5de089e8bd61c0156cb49cc98484cea2b5d9,har,"{""base"": ""equal"", ""borrow_bps"": 50.0, ""cap"": 1.0, ""control"": ""event"", ""covariance_days"": 126, ""diagnostic"": ""double_cost_base"", ""family"": ""har"", ""har_train_min"": 504, ""lookback"": 63, ""overlay"": false, ""static_exposure"": null, ""target"": 0.1, ""threshold"": 0.05, ""trial_id"": ""E2"", ""universe"": [""SPY"", ""TLT"", ""GLD""]}",development+reused_validation,10 bp risky purchases+sales; borrow rf+50.0 bp,completed,results/20261004T003009-2f16c796/E2-double_cost_base-0adc62f34a.csv,No OOS retuning; diagnostic not eligible for selection,False
E2-target_low-beb3749b68,2026-10-04T00:32:26.511917+00:00,f953cc6eadb2efb7f124791a8afd2815663fbf45083f58fe7e4fa892c609676c,26552dd9c109058ba93a75bb8ba5de1f6a85585b,e5f957a2b78b4a08cede2183cd59012f73beaffc38f0821d43bb458df08be222:5eb2ada6d8d007969c111064ae6c5de089e8bd61c0156cb49cc98484cea2b5d9,har,"{""base"": ""equal"", ""borrow_bps"": 50.0, ""cap"": 1.0, ""control"": ""event"", ""covariance_days"": 126, ""diagnostic"": ""target_low"", ""family"": ""har"", ""har_train_min"": 504, ""lookback"": 63, ""overlay"": true, ""static_exposure"": null, ""target"": 0.09000000000000001, ""threshold"": 0.05, ""trial_id"": ""E2"", ""universe"": [""SPY"", ""TLT"", ""GLD""]}",development+reused_validation,5.0 bp risky purchases+sales; borrow rf+50.0 bp,started,results/20261004T003009-2f16c796/E2-target_low-beb3749b68.csv,Attempt retained even if process fails,False
E2-target_low-beb3749b68,2026-10-04T00:32:26.511917+00:00,f953cc6eadb2efb7f124791a8afd2815663fbf45083f58fe7e4fa892c609676c,26552dd9c109058ba93a75bb8ba5de1f6a85585b,e5f957a2b78b4a08cede2183cd59012f73beaffc38f0821d43bb458df08be222:5eb2ada6d8d007969c111064ae6c5de089e8bd61c0156cb49cc98484cea2b5d9,har,"{""base"": ""equal"", ""borrow_bps"": 50.0, ""cap"": 1.0, ""control"": ""event"", ""covariance_days"": 126, ""diagnostic"": ""target_low"", ""family"": ""har"", ""har_train_min"": 504, ""lookback"": 63, ""overlay"": true, ""static_exposure"": null, ""target"": 0.09000000000000001, ""threshold"": 0.05, ""trial_id"": ""E2"", ""universe"": [""SPY"", ""TLT"", ""GLD""]}",development+reused_validation,5.0 bp risky purchases+sales; borrow rf+50.0 bp,completed,results/20261004T003009-2f16c796/E2-target_low-beb3749b68.csv,No OOS retuning; diagnostic not eligible for selection,False
E2-target_low_base-56ed271f3d,2026-10-04T00:32:29.557493+00:00,f953cc6eadb2efb7f124791a8afd2815663fbf45083f58fe7e4fa892c609676c,26552dd9c109058ba93a75bb8ba5de1f6a85585b,e5f957a2b78b4a08cede2183cd59012f73beaffc38f0821d43bb458df08be222:5eb2ada6d8d007969c111064ae6c5de089e8bd61c0156cb49cc98484cea2b5d9,har,"{""base"": ""equal"", ""borrow_bps"": 50.0, ""cap"": 1.0, ""control"": ""event"", ""covariance_days"": 126, ""diagnostic"": ""target_low_base"", ""family"": ""har"", ""har_train_min"": 504, ""lookback"": 63, ""overlay"": false, ""static_exposure"": null, ""target"": 0.09000000000000001, ""threshold"": 0.05, ""trial_id"": ""E2"", ""universe"": [""SPY"", ""TLT"", ""GLD""]}",development+reused_validation,5.0 bp risky purchases+sales; borrow rf+50.0 bp,started,results/20261004T003009-2f16c796/E2-target_low_base-56ed271f3d.csv,Attempt retained even if process fails,False
E2-target_low_base-56ed271f3d,2026-10-04T00:32:29.557493+00:00,f953cc6eadb2efb7f124791a8afd2815663fbf45083f58fe7e4fa892c609676c,26552dd9c109058ba93a75bb8ba5de1f6a85585b,e5f957a2b78b4a08cede2183cd59012f73beaffc38f0821d43bb458df08be222:5eb2ada6d8d007969c111064ae6c5de089e8bd61c0156cb49cc98484cea2b5d9,har,"{""base"": ""equal"", ""borrow_bps"": 50.0, ""cap"": 1.0, ""control"": ""event"", ""covariance_days"": 126, ""diagnostic"": ""target_low_base"", ""family"": ""har"", ""har_train_min"": 504, ""lookback"": 63, ""overlay"": false, ""static_exposure"": null, ""target"": 0.09000000000000001, ""threshold"": 0.05, ""trial_id"": ""E2"", ""universe"": [""SPY"", ""TLT"", ""GLD""]}",development+reused_validation,5.0 bp risky purchases+sales; borrow rf+50.0 bp,completed,results/20261004T003009-2f16c796/E2-target_low_base-56ed271f3d.csv,No OOS retuning; diagnostic not eligible for selection,False
E2-target_high-52e90dfac4,2026-10-04T00:32:32.651326+00:00,f953cc6eadb2efb7f124791a8afd2815663fbf45083f58fe7e4fa892c609676c,26552dd9c109058ba93a75bb8ba5de1f6a85585b,e5f957a2b78b4a08cede2183cd59012f73beaffc38f0821d43bb458df08be222:5eb2ada6d8d007969c111064ae6c5de089e8bd61c0156cb49cc98484cea2b5d9,har,"{""base"": ""equal"", ""borrow_bps"": 50.0, ""cap"": 1.0, ""control"": ""event"", ""covariance_days"": 126, ""diagnostic"": ""target_high"", ""family"": ""har"", ""har_train_min"": 504, ""lookback"": 63, ""overlay"": true, ""static_exposure"": null, ""target"": 0.11, ""threshold"": 0.05, ""trial_id"": ""E2"", ""universe"": [""SPY"", ""TLT"", ""GLD""]}",development+reused_validation,5.0 bp risky purchases+sales; borrow rf+50.0 bp,started,results/20261004T003009-2f16c796/E2-target_high-52e90dfac4.csv,Attempt retained even if process fails,False
E2-target_high-52e90dfac4,2026-10-04T00:32:32.651326+00:00,f953cc6eadb2efb7f124791a8afd2815663fbf45083f58fe7e4fa892c609676c,26552dd9c109058ba93a75bb8ba5de1f6a85585b,e5f957a2b78b4a08cede2183cd59012f73beaffc38f0821d43bb458df08be222:5eb2ada6d8d007969c111064ae6c5de089e8bd61c0156cb49cc98484cea2b5d9,har,"{""base"": ""equal"", ""borrow_bps"": 50.0, ""cap"": 1.0, ""control"": ""event"", ""covariance_days"": 126, ""diagnostic"": ""target_high"", ""family"": ""har"", ""har_train_min"": 504, ""lookback"": 63, ""overlay"": true, ""static_exposure"": null, ""target"": 0.11, ""threshold"": 0.05, ""trial_id"": ""E2"", ""universe"": [""SPY"", ""TLT"", ""GLD""]}",development+reused_validation,5.0 bp risky purchases+sales; borrow rf+50.0 bp,completed,results/20261004T003009-2f16c796/E2-target_high-52e90dfac4.csv,No OOS retuning; diagnostic not eligible for selection,False
E2-target_high_base-78aacfae5d,2026-10-04T00:32:35.739462+00:00,f953cc6eadb2efb7f124791a8afd2815663fbf45083f58fe7e4fa892c609676c,26552dd9c109058ba93a75bb8ba5de1f6a85585b,e5f957a2b78b4a08cede2183cd59012f73beaffc38f0821d43bb458df08be222:5eb2ada6d8d007969c111064ae6c5de089e8bd61c0156cb49cc98484cea2b5d9,har,"{""base"": ""equal"", ""borrow_bps"": 50.0, ""cap"": 1.0, ""control"": ""event"", ""covariance_days"": 126, ""diagnostic"": ""target_high_base"", ""family"": ""har"", ""har_train_min"": 504, ""lookback"": 63, ""overlay"": false, ""static_exposure"": null, ""target"": 0.11, ""threshold"": 0.05, ""trial_id"": ""E2"", ""universe"": [""SPY"", ""TLT"", ""GLD""]}",development+reused_validation,5.0 bp risky purchases+sales; borrow rf+50.0 bp,started,results/20261004T003009-2f16c796/E2-target_high_base-78aacfae5d.csv,Attempt retained even if process fails,False
E2-target_high_base-78aacfae5d,2026-10-04T00:32:35.739462+00:00,f953cc6eadb2efb7f124791a8afd2815663fbf45083f58fe7e4fa892c609676c,26552dd9c109058ba93a75bb8ba5de1f6a85585b,e5f957a2b78b4a08cede2183cd59012f73beaffc38f0821d43bb458df08be222:5eb2ada6d8d007969c111064ae6c5de089e8bd61c0156cb49cc98484cea2b5d9,har,"{""base"": ""equal"", ""borrow_bps"": 50.0, ""cap"": 1.0, ""control"": ""event"", ""covariance_days"": 126, ""diagnostic"": ""target_high_base"", ""family"": ""har"", ""har_train_min"": 504, ""lookback"": 63, ""overlay"": false, ""static_exposure"": null, ""target"": 0.11, ""threshold"": 0.05, ""trial_id"": ""E2"", ""universe"": [""SPY"", ""TLT"", ""GLD""]}",development+reused_validation,5.0 bp risky purchases+sales; borrow rf+50.0 bp,completed,results/20261004T003009-2f16c796/E2-target_high_base-78aacfae5d.csv,No OOS retuning; diagnostic not eligible for selection,False
E2-lookback_low-4c747bf1ee,2026-10-04T00:32:38.723488+00:00,f953cc6eadb2efb7f124791a8afd2815663fbf45083f58fe7e4fa892c609676c,26552dd9c109058ba93a75bb8ba5de1f6a85585b,e5f957a2b78b4a08cede2183cd59012f73beaffc38f0821d43bb458df08be222:5eb2ada6d8d007969c111064ae6c5de089e8bd61c0156cb49cc98484cea2b5d9,har,"{""base"": ""equal"", ""borrow_bps"": 50.0, ""cap"": 1.0, ""control"": ""event"", ""covariance_days"": 101, ""diagnostic"": ""lookback_low"", ""family"": ""har"", ""har_train_min"": 403, ""lookback"": 50, ""overlay"": true, ""static_exposure"": null, ""target"": 0.1, ""threshold"": 0.05, ""trial_id"": ""E2"", ""universe"": [""SPY"", ""TLT"", ""GLD""]}",development+reused_validation,5.0 bp risky purchases+sales; borrow rf+50.0 bp,started,results/20261004T003009-2f16c796/E2-lookback_low-4c747bf1ee.csv,Attempt retained even if process fails,False
E2-lookback_low-4c747bf1ee,2026-10-04T00:32:38.723488+00:00,f953cc6eadb2efb7f124791a8afd2815663fbf45083f58fe7e4fa892c609676c,26552dd9c109058ba93a75bb8ba5de1f6a85585b,e5f957a2b78b4a08cede2183cd59012f73beaffc38f0821d43bb458df08be222:5eb2ada6d8d007969c111064ae6c5de089e8bd61c0156cb49cc98484cea2b5d9,har,"{""base"": ""equal"", ""borrow_bps"": 50.0, ""cap"": 1.0, ""control"": ""event"", ""covariance_days"": 101, ""diagnostic"": ""lookback_low"", ""family"": ""har"", ""har_train_min"": 403, ""lookback"": 50, ""overlay"": true, ""static_exposure"": null, ""target"": 0.1, ""threshold"": 0.05, ""trial_id"": ""E2"", ""universe"": [""SPY"", ""TLT"", ""GLD""]}",development+reused_validation,5.0 bp risky purchases+sales; borrow rf+50.0 bp,completed,results/20261004T003009-2f16c796/E2-lookback_low-4c747bf1ee.csv,No OOS retuning; diagnostic not eligible for selection,False
E2-lookback_low_base-547f99bc11,2026-10-04T00:32:41.709507+00:00,f953cc6eadb2efb7f124791a8afd2815663fbf45083f58fe7e4fa892c609676c,26552dd9c109058ba93a75bb8ba5de1f6a85585b,e5f957a2b78b4a08cede2183cd59012f73beaffc38f0821d43bb458df08be222:5eb2ada6d8d007969c111064ae6c5de089e8bd61c0156cb49cc98484cea2b5d9,har,"{""base"": ""equal"", ""borrow_bps"": 50.0, ""cap"": 1.0, ""control"": ""event"", ""covariance_days"": 101, ""diagnostic"": ""lookback_low_base"", ""family"": ""har"", ""har_train_min"": 403, ""lookback"": 50, ""overlay"": false, ""static_exposure"": null, ""target"": 0.1, ""threshold"": 0.05, ""trial_id"": ""E2"", ""universe"": [""SPY"", ""TLT"", ""GLD""]}",development+reused_validation,5.0 bp risky purchases+sales; borrow rf+50.0 bp,started,results/20261004T003009-2f16c796/E2-lookback_low_base-547f99bc11.csv,Attempt retained even if process fails,False
E2-lookback_low_base-547f99bc11,2026-10-04T00:32:41.709507+00:00,f953cc6eadb2efb7f124791a8afd2815663fbf45083f58fe7e4fa892c609676c,26552dd9c109058ba93a75bb8ba5de1f6a85585b,e5f957a2b78b4a08cede2183cd59012f73beaffc38f0821d43bb458df08be222:5eb2ada6d8d007969c111064ae6c5de089e8bd61c0156cb49cc98484cea2b5d9,har,"{""base"": ""equal"", ""borrow_bps"": 50.0, ""cap"": 1.0, ""control"": ""event"", ""covariance_days"": 101, ""diagnostic"": ""lookback_low_base"", ""family"": ""har"", ""har_train_min"": 403, ""lookback"": 50, ""overlay"": false, ""static_exposure"": null, ""target"": 0.1, ""threshold"": 0.05, ""trial_id"": ""E2"", ""universe"": [""SPY"", ""TLT"", ""GLD""]}",development+reused_validation,5.0 bp risky purchases+sales; borrow rf+50.0 bp,completed,results/20261004T003009-2f16c796/E2-lookback_low_base-547f99bc11.csv,No OOS retuning; diagnostic not eligible for selection,False
E2-lookback_high-3f4d992125,2026-10-04T00:32:44.763069+00:00,f953cc6eadb2efb7f124791a8afd2815663fbf45083f58fe7e4fa892c609676c,26552dd9c109058ba93a75bb8ba5de1f6a85585b,e5f957a2b78b4a08cede2183cd59012f73beaffc38f0821d43bb458df08be222:5eb2ada6d8d007969c111064ae6c5de089e8bd61c0156cb49cc98484cea2b5d9,har,"{""base"": ""equal"", ""borrow_bps"": 50.0, ""cap"": 1.0, ""control"": ""event"", ""covariance_days"": 151, ""diagnostic"": ""lookback_high"", ""family"": ""har"", ""har_train_min"": 605, ""lookback"": 76, ""overlay"": true, ""static_exposure"": null, ""target"": 0.1, ""threshold"": 0.05, ""trial_id"": ""E2"", ""universe"": [""SPY"", ""TLT"", ""GLD""]}",development+reused_validation,5.0 bp risky purchases+sales; borrow rf+50.0 bp,started,results/20261004T003009-2f16c796/E2-lookback_high-3f4d992125.csv,Attempt retained even if process fails,False
E2-lookback_high-3f4d992125,2026-10-04T00:32:44.763069+00:00,f953cc6eadb2efb7f124791a8afd2815663fbf45083f58fe7e4fa892c609676c,26552dd9c109058ba93a75bb8ba5de1f6a85585b,e5f957a2b78b4a08cede2183cd59012f73beaffc38f0821d43bb458df08be222:5eb2ada6d8d007969c111064ae6c5de089e8bd61c0156cb49cc98484cea2b5d9,har,"{""base"": ""equal"", ""borrow_bps"": 50.0, ""cap"": 1.0, ""control"": ""event"", ""covariance_days"": 151, ""diagnostic"": ""lookback_high"", ""family"": ""har"", ""har_train_min"": 605, ""lookback"": 76, ""overlay"": true, ""static_exposure"": null, ""target"": 0.1, ""threshold"": 0.05, ""trial_id"": ""E2"", ""universe"": [""SPY"", ""TLT"", ""GLD""]}",development+reused_validation,5.0 bp risky purchases+sales; borrow rf+50.0 bp,completed,results/20261004T003009-2f16c796/E2-lookback_high-3f4d992125.csv,No OOS retuning; diagnostic not eligible for selection,False
E2-lookback_high_base-85a6725379,2026-10-04T00:32:47.818670+00:00,f953cc6eadb2efb7f124791a8afd2815663fbf45083f58fe7e4fa892c609676c,26552dd9c109058ba93a75bb8ba5de1f6a85585b,e5f957a2b78b4a08cede2183cd59012f73beaffc38f0821d43bb458df08be222:5eb2ada6d8d007969c111064ae6c5de089e8bd61c0156cb49cc98484cea2b5d9,har,"{""base"": ""equal"", ""borrow_bps"": 50.0, ""cap"": 1.0, ""control"": ""event"", ""covariance_days"": 151, ""diagnostic"": ""lookback_high_base"", ""family"": ""har"", ""har_train_min"": 605, ""lookback"": 76, ""overlay"": false, ""static_exposure"": null, ""target"": 0.1, ""threshold"": 0.05, ""trial_id"": ""E2"", ""universe"": [""SPY"", ""TLT"", ""GLD""]}",development+reused_validation,5.0 bp risky purchases+sales; borrow rf+50.0 bp,started,results/20261004T003009-2f16c796/E2-lookback_high_base-85a6725379.csv,Attempt retained even if process fails,False
E2-lookback_high_base-85a6725379,2026-10-04T00:32:47.818670+00:00,f953cc6eadb2efb7f124791a8afd2815663fbf45083f58fe7e4fa892c609676c,26552dd9c109058ba93a75bb8ba5de1f6a85585b,e5f957a2b78b4a08cede2183cd59012f73beaffc38f0821d43bb458df08be222:5eb2ada6d8d007969c111064ae6c5de089e8bd61c0156cb49cc98484cea2b5d9,har,"{""base"": ""equal"", ""borrow_bps"": 50.0, ""cap"": 1.0, ""control"": ""event"", ""covariance_days"": 151, ""diagnostic"": ""lookback_high_base"", ""family"": ""har"", ""har_train_min"": 605, ""lookback"": 76, ""overlay"": false, ""static_exposure"": null, ""target"": 0.1, ""threshold"": 0.05, ""trial_id"": ""E2"", ""universe"": [""SPY"", ""TLT"", ""GLD""]}",development+reused_validation,5.0 bp risky purchases+sales; borrow rf+50.0 bp,completed,results/20261004T003009-2f16c796/E2-lookback_high_base-85a6725379.csv,No OOS retuning; diagnostic not eligible for selection,False
E2-trigger_low-a9c5a58457,2026-10-04T00:32:50.792259+00:00,f953cc6eadb2efb7f124791a8afd2815663fbf45083f58fe7e4fa892c609676c,26552dd9c109058ba93a75bb8ba5de1f6a85585b,e5f957a2b78b4a08cede2183cd59012f73beaffc38f0821d43bb458df08be222:5eb2ada6d8d007969c111064ae6c5de089e8bd61c0156cb49cc98484cea2b5d9,har,"{""base"": ""equal"", ""borrow_bps"": 50.0, ""cap"": 1.0, ""control"": ""event"", ""covariance_days"": 126, ""diagnostic"": ""trigger_low"", ""family"": ""har"", ""har_train_min"": 504, ""lookback"": 63, ""overlay"": true, ""static_exposure"": null, ""target"": 0.1, ""threshold"": 0.04, ""trial_id"": ""E2"", ""universe"": [""SPY"", ""TLT"", ""GLD""]}",development+reused_validation,5.0 bp risky purchases+sales; borrow rf+50.0 bp,started,results/20261004T003009-2f16c796/E2-trigger_low-a9c5a58457.csv,Attempt retained even if process fails,False
E2-trigger_low-a9c5a58457,2026-10-04T00:32:50.792259+00:00,f953cc6eadb2efb7f124791a8afd2815663fbf45083f58fe7e4fa892c609676c,26552dd9c109058ba93a75bb8ba5de1f6a85585b,e5f957a2b78b4a08cede2183cd59012f73beaffc38f0821d43bb458df08be222:5eb2ada6d8d007969c111064ae6c5de089e8bd61c0156cb49cc98484cea2b5d9,har,"{""base"": ""equal"", ""borrow_bps"": 50.0, ""cap"": 1.0, ""control"": ""event"", ""covariance_days"": 126, ""diagnostic"": ""trigger_low"", ""family"": ""har"", ""har_train_min"": 504, ""lookback"": 63, ""overlay"": true, ""static_exposure"": null, ""target"": 0.1, ""threshold"": 0.04, ""trial_id"": ""E2"", ""universe"": [""SPY"", ""TLT"", ""GLD""]}",development+reused_validation,5.0 bp risky purchases+sales; borrow rf+50.0 bp,completed,results/20261004T003009-2f16c796/E2-trigger_low-a9c5a58457.csv,No OOS retuning; diagnostic not eligible for selection,False
E2-trigger_low_base-a971a1a3f8,2026-10-04T00:32:53.882368+00:00,f953cc6eadb2efb7f124791a8afd2815663fbf45083f58fe7e4fa892c609676c,26552dd9c109058ba93a75bb8ba5de1f6a85585b,e5f957a2b78b4a08cede2183cd59012f73beaffc38f0821d43bb458df08be222:5eb2ada6d8d007969c111064ae6c5de089e8bd61c0156cb49cc98484cea2b5d9,har,"{""base"": ""equal"", ""borrow_bps"": 50.0, ""cap"": 1.0, ""control"": ""event"", ""covariance_days"": 126, ""diagnostic"": ""trigger_low_base"", ""family"": ""har"", ""har_train_min"": 504, ""lookback"": 63, ""overlay"": false, ""static_exposure"": null, ""target"": 0.1, ""threshold"": 0.04, ""trial_id"": ""E2"", ""universe"": [""SPY"", ""TLT"", ""GLD""]}",development+reused_validation,5.0 bp risky purchases+sales; borrow rf+50.0 bp,started,results/20261004T003009-2f16c796/E2-trigger_low_base-a971a1a3f8.csv,Attempt retained even if process fails,False
E2-trigger_low_base-a971a1a3f8,2026-10-04T00:32:53.882368+00:00,f953cc6eadb2efb7f124791a8afd2815663fbf45083f58fe7e4fa892c609676c,26552dd9c109058ba93a75bb8ba5de1f6a85585b,e5f957a2b78b4a08cede2183cd59012f73beaffc38f0821d43bb458df08be222:5eb2ada6d8d007969c111064ae6c5de089e8bd61c0156cb49cc98484cea2b5d9,har,"{""base"": ""equal"", ""borrow_bps"": 50.0, ""cap"": 1.0, ""control"": ""event"", ""covariance_days"": 126, ""diagnostic"": ""trigger_low_base"", ""family"": ""har"", ""har_train_min"": 504, ""lookback"": 63, ""overlay"": false, ""static_exposure"": null, ""target"": 0.1, ""threshold"": 0.04, ""trial_id"": ""E2"", ""universe"": [""SPY"", ""TLT"", ""GLD""]}",development+reused_validation,5.0 bp risky purchases+sales; borrow rf+50.0 bp,completed,results/20261004T003009-2f16c796/E2-trigger_low_base-a971a1a3f8.csv,No OOS retuning; diagnostic not eligible for selection,False
E2-trigger_high-7866ac4d7b,2026-10-04T00:32:56.951086+00:00,f953cc6eadb2efb7f124791a8afd2815663fbf45083f58fe7e4fa892c609676c,26552dd9c109058ba93a75bb8ba5de1f6a85585b,e5f957a2b78b4a08cede2183cd59012f73beaffc38f0821d43bb458df08be222:5eb2ada6d8d007969c111064ae6c5de089e8bd61c0156cb49cc98484cea2b5d9,har,"{""base"": ""equal"", ""borrow_bps"": 50.0, ""cap"": 1.0, ""control"": ""event"", ""covariance_days"": 126, ""diagnostic"": ""trigger_high"", ""family"": ""har"", ""har_train_min"": 504, ""lookback"": 63, ""overlay"": true, ""static_exposure"": null, ""target"": 0.1, ""threshold"": 0.06, ""trial_id"": ""E2"", ""universe"": [""SPY"", ""TLT"", ""GLD""]}",development+reused_validation,5.0 bp risky purchases+sales; borrow rf+50.0 bp,started,results/20261004T003009-2f16c796/E2-trigger_high-7866ac4d7b.csv,Attempt retained even if process fails,False
E2-trigger_high-7866ac4d7b,2026-10-04T00:32:56.951086+00:00,f953cc6eadb2efb7f124791a8afd2815663fbf45083f58fe7e4fa892c609676c,26552dd9c109058ba93a75bb8ba5de1f6a85585b,e5f957a2b78b4a08cede2183cd59012f73beaffc38f0821d43bb458df08be222:5eb2ada6d8d007969c111064ae6c5de089e8bd61c0156cb49cc98484cea2b5d9,har,"{""base"": ""equal"", ""borrow_bps"": 50.0, ""cap"": 1.0, ""control"": ""event"", ""covariance_days"": 126, ""diagnostic"": ""trigger_high"", ""family"": ""har"", ""har_train_min"": 504, ""lookback"": 63, ""overlay"": true, ""static_exposure"": null, ""target"": 0.1, ""threshold"": 0.06, ""trial_id"": ""E2"", ""universe"": [""SPY"", ""TLT"", ""GLD""]}",development+reused_validation,5.0 bp risky purchases+sales; borrow rf+50.0 bp,completed,results/20261004T003009-2f16c796/E2-trigger_high-7866ac4d7b.csv,No OOS retuning; diagnostic not eligible for selection,False
E2-trigger_high_base-7d377a0a2d,2026-10-04T00:33:00.106771+00:00,f953cc6eadb2efb7f124791a8afd2815663fbf45083f58fe7e4fa892c609676c,26552dd9c109058ba93a75bb8ba5de1f6a85585b,e5f957a2b78b4a08cede2183cd59012f73beaffc38f0821d43bb458df08be222:5eb2ada6d8d007969c111064ae6c5de089e8bd61c0156cb49cc98484cea2b5d9,har,"{""base"": ""equal"", ""borrow_bps"": 50.0, ""cap"": 1.0, ""control"": ""event"", ""covariance_days"": 126, ""diagnostic"": ""trigger_high_base"", ""family"": ""har"", ""har_train_min"": 504, ""lookback"": 63, ""overlay"": false, ""static_exposure"": null, ""target"": 0.1, ""threshold"": 0.06, ""trial_id"": ""E2"", ""universe"": [""SPY"", ""TLT"", ""GLD""]}",development+reused_validation,5.0 bp risky purchases+sales; borrow rf+50.0 bp,started,results/20261004T003009-2f16c796/E2-trigger_high_base-7d377a0a2d.csv,Attempt retained even if process fails,False
E2-trigger_high_base-7d377a0a2d,2026-10-04T00:33:00.106771+00:00,f953cc6eadb2efb7f124791a8afd2815663fbf45083f58fe7e4fa892c609676c,26552dd9c109058ba93a75bb8ba5de1f6a85585b,e5f957a2b78b4a08cede2183cd59012f73beaffc38f0821d43bb458df08be222:5eb2ada6d8d007969c111064ae6c5de089e8bd61c0156cb49cc98484cea2b5d9,har,"{""base"": ""equal"", ""borrow_bps"": 50.0, ""cap"": 1.0, ""control"": ""event"", ""covariance_days"": 126, ""diagnostic"": ""trigger_high_base"", ""family"": ""har"", ""har_train_min"": 504, ""lookback"": 63, ""overlay"": false, ""static_exposure"": null, ""target"": 0.1, ""threshold"": 0.06, ""trial_id"": ""E2"", ""universe"": [""SPY"", ""TLT"", ""GLD""]}",development+reused_validation,5.0 bp risky purchases+sales; borrow rf+50.0 bp,completed,results/20261004T003009-2f16c796/E2-trigger_high_base-7d377a0a2d.csv,No OOS retuning; diagnostic not eligible for selection,False
E3-20-double_cost-e825ca575f,2026-10-04T00:33:03.225874+00:00,f953cc6eadb2efb7f124791a8afd2815663fbf45083f58fe7e4fa892c609676c,26552dd9c109058ba93a75bb8ba5de1f6a85585b,e5f957a2b78b4a08cede2183cd59012f73beaffc38f0821d43bb458df08be222:5eb2ada6d8d007969c111064ae6c5de089e8bd61c0156cb49cc98484cea2b5d9,range,"{""base"": ""equal"", ""borrow_bps"": 50.0, ""cap"": 1.0, ""control"": ""event"", ""covariance_days"": 126, ""diagnostic"": ""double_cost"", ""family"": ""range"", ""har_train_min"": 504, ""lookback"": 20, ""overlay"": true, ""static_exposure"": null, ""target"": 0.1, ""threshold"": 0.05, ""trial_id"": ""E3-20"", ""universe"": [""SPY"", ""TLT"", ""GLD""]}",development+reused_validation,10 bp risky purchases+sales; borrow rf+50.0 bp,started,results/20261004T003009-2f16c796/E3-20-double_cost-e825ca575f.csv,Attempt retained even if process fails,False
E3-20-double_cost-e825ca575f,2026-10-04T00:33:03.225874+00:00,f953cc6eadb2efb7f124791a8afd2815663fbf45083f58fe7e4fa892c609676c,26552dd9c109058ba93a75bb8ba5de1f6a85585b,e5f957a2b78b4a08cede2183cd59012f73beaffc38f0821d43bb458df08be222:5eb2ada6d8d007969c111064ae6c5de089e8bd61c0156cb49cc98484cea2b5d9,range,"{""base"": ""equal"", ""borrow_bps"": 50.0, ""cap"": 1.0, ""control"": ""event"", ""covariance_days"": 126, ""diagnostic"": ""double_cost"", ""family"": ""range"", ""har_train_min"": 504, ""lookback"": 20, ""overlay"": true, ""static_exposure"": null, ""target"": 0.1, ""threshold"": 0.05, ""trial_id"": ""E3-20"", ""universe"": [""SPY"", ""TLT"", ""GLD""]}",development+reused_validation,10 bp risky purchases+sales; borrow rf+50.0 bp,completed,results/20261004T003009-2f16c796/E3-20-double_cost-e825ca575f.csv,No OOS retuning; diagnostic not eligible for selection,False
E3-20-double_cost_base-65c47fa042,2026-10-04T00:33:05.425793+00:00,f953cc6eadb2efb7f124791a8afd2815663fbf45083f58fe7e4fa892c609676c,26552dd9c109058ba93a75bb8ba5de1f6a85585b,e5f957a2b78b4a08cede2183cd59012f73beaffc38f0821d43bb458df08be222:5eb2ada6d8d007969c111064ae6c5de089e8bd61c0156cb49cc98484cea2b5d9,range,"{""base"": ""equal"", ""borrow_bps"": 50.0, ""cap"": 1.0, ""control"": ""event"", ""covariance_days"": 126, ""diagnostic"": ""double_cost_base"", ""family"": ""range"", ""har_train_min"": 504, ""lookback"": 20, ""overlay"": false, ""static_exposure"": null, ""target"": 0.1, ""threshold"": 0.05, ""trial_id"": ""E3-20"", ""universe"": [""SPY"", ""TLT"", ""GLD""]}",development+reused_validation,10 bp risky purchases+sales; borrow rf+50.0 bp,started,results/20261004T003009-2f16c796/E3-20-double_cost_base-65c47fa042.csv,Attempt retained even if process fails,False
E3-20-double_cost_base-65c47fa042,2026-10-04T00:33:05.425793+00:00,f953cc6eadb2efb7f124791a8afd2815663fbf45083f58fe7e4fa892c609676c,26552dd9c109058ba93a75bb8ba5de1f6a85585b,e5f957a2b78b4a08cede2183cd59012f73beaffc38f0821d43bb458df08be222:5eb2ada6d8d007969c111064ae6c5de089e8bd61c0156cb49cc98484cea2b5d9,range,"{""base"": ""equal"", ""borrow_bps"": 50.0, ""cap"": 1.0, ""control"": ""event"", ""covariance_days"": 126, ""diagnostic"": ""double_cost_base"", ""family"": ""range"", ""har_train_min"": 504, ""lookback"": 20, ""overlay"": false, ""static_exposure"": null, ""target"": 0.1, ""threshold"": 0.05, ""trial_id"": ""E3-20"", ""universe"": [""SPY"", ""TLT"", ""GLD""]}",development+reused_validation,10 bp risky purchases+sales; borrow rf+50.0 bp,completed,results/20261004T003009-2f16c796/E3-20-double_cost_base-65c47fa042.csv,No OOS retuning; diagnostic not eligible for selection,False
E3-20-target_low-404b96c165,2026-10-04T00:33:07.874680+00:00,f953cc6eadb2efb7f124791a8afd2815663fbf45083f58fe7e4fa892c609676c,26552dd9c109058ba93a75bb8ba5de1f6a85585b,e5f957a2b78b4a08cede2183cd59012f73beaffc38f0821d43bb458df08be222:5eb2ada6d8d007969c111064ae6c5de089e8bd61c0156cb49cc98484cea2b5d9,range,"{""base"": ""equal"", ""borrow_bps"": 50.0, ""cap"": 1.0, ""control"": ""event"", ""covariance_days"": 126, ""diagnostic"": ""target_low"", ""family"": ""range"", ""har_train_min"": 504, ""lookback"": 20, ""overlay"": true, ""static_exposure"": null, ""target"": 0.09000000000000001, ""threshold"": 0.05, ""trial_id"": ""E3-20"", ""universe"": [""SPY"", ""TLT"", ""GLD""]}",development+reused_validation,5.0 bp risky purchases+sales; borrow rf+50.0 bp,started,results/20261004T003009-2f16c796/E3-20-target_low-404b96c165.csv,Attempt retained even if process fails,False
E3-20-target_low-404b96c165,2026-10-04T00:33:07.874680+00:00,f953cc6eadb2efb7f124791a8afd2815663fbf45083f58fe7e4fa892c609676c,26552dd9c109058ba93a75bb8ba5de1f6a85585b,e5f957a2b78b4a08cede2183cd59012f73beaffc38f0821d43bb458df08be222:5eb2ada6d8d007969c111064ae6c5de089e8bd61c0156cb49cc98484cea2b5d9,range,"{""base"": ""equal"", ""borrow_bps"": 50.0, ""cap"": 1.0, ""control"": ""event"", ""covariance_days"": 126, ""diagnostic"": ""target_low"", ""family"": ""range"", ""har_train_min"": 504, ""lookback"": 20, ""overlay"": true, ""static_exposure"": null, ""target"": 0.09000000000000001, ""threshold"": 0.05, ""trial_id"": ""E3-20"", ""universe"": [""SPY"", ""TLT"", ""GLD""]}",development+reused_validation,5.0 bp risky purchases+sales; borrow rf+50.0 bp,completed,results/20261004T003009-2f16c796/E3-20-target_low-404b96c165.csv,No OOS retuning; diagnostic not eligible for selection,False
E3-20-target_low_base-347e3b0d7b,2026-10-04T00:33:10.097867+00:00,f953cc6eadb2efb7f124791a8afd2815663fbf45083f58fe7e4fa892c609676c,26552dd9c109058ba93a75bb8ba5de1f6a85585b,e5f957a2b78b4a08cede2183cd59012f73beaffc38f0821d43bb458df08be222:5eb2ada6d8d007969c111064ae6c5de089e8bd61c0156cb49cc98484cea2b5d9,range,"{""base"": ""equal"", ""borrow_bps"": 50.0, ""cap"": 1.0, ""control"": ""event"", ""covariance_days"": 126, ""diagnostic"": ""target_low_base"", ""family"": ""range"", ""har_train_min"": 504, ""lookback"": 20, ""overlay"": false, ""static_exposure"": null, ""target"": 0.09000000000000001, ""threshold"": 0.05, ""trial_id"": ""E3-20"", ""universe"": [""SPY"", ""TLT"", ""GLD""]}",development+reused_validation,5.0 bp risky purchases+sales; borrow rf+50.0 bp,started,results/20261004T003009-2f16c796/E3-20-target_low_base-347e3b0d7b.csv,Attempt retained even if process fails,False
E3-20-target_low_base-347e3b0d7b,2026-10-04T00:33:10.097867+00:00,f953cc6eadb2efb7f124791a8afd2815663fbf45083f58fe7e4fa892c609676c,26552dd9c109058ba93a75bb8ba5de1f6a85585b,e5f957a2b78b4a08cede2183cd59012f73beaffc38f0821d43bb458df08be222:5eb2ada6d8d007969c111064ae6c5de089e8bd61c0156cb49cc98484cea2b5d9,range,"{""base"": ""equal"", ""borrow_bps"": 50.0, ""cap"": 1.0, ""control"": ""event"", ""covariance_days"": 126, ""diagnostic"": ""target_low_base"", ""family"": ""range"", ""har_train_min"": 504, ""lookback"": 20, ""overlay"": false, ""static_exposure"": null, ""target"": 0.09000000000000001, ""threshold"": 0.05, ""trial_id"": ""E3-20"", ""universe"": [""SPY"", ""TLT"", ""GLD""]}",development+reused_validation,5.0 bp risky purchases+sales; borrow rf+50.0 bp,completed,results/20261004T003009-2f16c796/E3-20-target_low_base-347e3b0d7b.csv,No OOS retuning; diagnostic not eligible for selection,False
E3-20-target_high-b38ad7acbe,2026-10-04T00:33:12.300454+00:00,f953cc6eadb2efb7f124791a8afd2815663fbf45083f58fe7e4fa892c609676c,26552dd9c109058ba93a75bb8ba5de1f6a85585b,e5f957a2b78b4a08cede2183cd59012f73beaffc38f0821d43bb458df08be222:5eb2ada6d8d007969c111064ae6c5de089e8bd61c0156cb49cc98484cea2b5d9,range,"{""base"": ""equal"", ""borrow_bps"": 50.0, ""cap"": 1.0, ""control"": ""event"", ""covariance_days"": 126, ""diagnostic"": ""target_high"", ""family"": ""range"", ""har_train_min"": 504, ""lookback"": 20, ""overlay"": true, ""static_exposure"": null, ""target"": 0.11, ""threshold"": 0.05, ""trial_id"": ""E3-20"", ""universe"": [""SPY"", ""TLT"", ""GLD""]}",development+reused_validation,5.0 bp risky purchases+sales; borrow rf+50.0 bp,started,results/20261004T003009-2f16c796/E3-20-target_high-b38ad7acbe.csv,Attempt retained even if process fails,False
E3-20-target_high-b38ad7acbe,2026-10-04T00:33:12.300454+00:00,f953cc6eadb2efb7f124791a8afd2815663fbf45083f58fe7e4fa892c609676c,26552dd9c109058ba93a75bb8ba5de1f6a85585b,e5f957a2b78b4a08cede2183cd59012f73beaffc38f0821d43bb458df08be222:5eb2ada6d8d007969c111064ae6c5de089e8bd61c0156cb49cc98484cea2b5d9,range,"{""base"": ""equal"", ""borrow_bps"": 50.0, ""cap"": 1.0, ""control"": ""event"", ""covariance_days"": 126, ""diagnostic"": ""target_high"", ""family"": ""range"", ""har_train_min"": 504, ""lookback"": 20, ""overlay"": true, ""static_exposure"": null, ""target"": 0.11, ""threshold"": 0.05, ""trial_id"": ""E3-20"", ""universe"": [""SPY"", ""TLT"", ""GLD""]}",development+reused_validation,5.0 bp risky purchases+sales; borrow rf+50.0 bp,completed,results/20261004T003009-2f16c796/E3-20-target_high-b38ad7acbe.csv,No OOS retuning; diagnostic not eligible for selection,False
E3-20-target_high_base-d0687af015,2026-10-04T00:33:14.550345+00:00,f953cc6eadb2efb7f124791a8afd2815663fbf45083f58fe7e4fa892c609676c,26552dd9c109058ba93a75bb8ba5de1f6a85585b,e5f957a2b78b4a08cede2183cd59012f73beaffc38f0821d43bb458df08be222:5eb2ada6d8d007969c111064ae6c5de089e8bd61c0156cb49cc98484cea2b5d9,range,"{""base"": ""equal"", ""borrow_bps"": 50.0, ""cap"": 1.0, ""control"": ""event"", ""covariance_days"": 126, ""diagnostic"": ""target_high_base"", ""family"": ""range"", ""har_train_min"": 504, ""lookback"": 20, ""overlay"": false, ""static_exposure"": null, ""target"": 0.11, ""threshold"": 0.05, ""trial_id"": ""E3-20"", ""universe"": [""SPY"", ""TLT"", ""GLD""]}",development+reused_validation,5.0 bp risky purchases+sales; borrow rf+50.0 bp,started,results/20261004T003009-2f16c796/E3-20-target_high_base-d0687af015.csv,Attempt retained even if process fails,False
E3-20-target_high_base-d0687af015,2026-10-04T00:33:14.550345+00:00,f953cc6eadb2efb7f124791a8afd2815663fbf45083f58fe7e4fa892c609676c,26552dd9c109058ba93a75bb8ba5de1f6a85585b,e5f957a2b78b4a08cede2183cd59012f73beaffc38f0821d43bb458df08be222:5eb2ada6d8d007969c111064ae6c5de089e8bd61c0156cb49cc98484cea2b5d9,range,"{""base"": ""equal"", ""borrow_bps"": 50.0, ""cap"": 1.0, ""control"": ""event"", ""covariance_days"": 126, ""diagnostic"": ""target_high_base"", ""family"": ""range"", ""har_train_min"": 504, ""lookback"": 20, ""overlay"": false, ""static_exposure"": null, ""target"": 0.11, ""threshold"": 0.05, ""trial_id"": ""E3-20"", ""universe"": [""SPY"", ""TLT"", ""GLD""]}",development+reused_validation,5.0 bp risky purchases+sales; borrow rf+50.0 bp,completed,results/20261004T003009-2f16c796/E3-20-target_high_base-d0687af015.csv,No OOS retuning; diagnostic not eligible for selection,False
E3-20-lookback_low-1b18949024,2026-10-04T00:33:16.872983+00:00,f953cc6eadb2efb7f124791a8afd2815663fbf45083f58fe7e4fa892c609676c,26552dd9c109058ba93a75bb8ba5de1f6a85585b,e5f957a2b78b4a08cede2183cd59012f73beaffc38f0821d43bb458df08be222:5eb2ada6d8d007969c111064ae6c5de089e8bd61c0156cb49cc98484cea2b5d9,range,"{""base"": ""equal"", ""borrow_bps"": 50.0, ""cap"": 1.0, ""control"": ""event"", ""covariance_days"": 101, ""diagnostic"": ""lookback_low"", ""family"": ""range"", ""har_train_min"": 403, ""lookback"": 16, ""overlay"": true, ""static_exposure"": null, ""target"": 0.1, ""threshold"": 0.05, ""trial_id"": ""E3-20"", ""universe"": [""SPY"", ""TLT"", ""GLD""]}",development+reused_validation,5.0 bp risky purchases+sales; borrow rf+50.0 bp,started,results/20261004T003009-2f16c796/E3-20-lookback_low-1b18949024.csv,Attempt retained even if process fails,False
E3-20-lookback_low-1b18949024,2026-10-04T00:33:16.872983+00:00,f953cc6eadb2efb7f124791a8afd2815663fbf45083f58fe7e4fa892c609676c,26552dd9c109058ba93a75bb8ba5de1f6a85585b,e5f957a2b78b4a08cede2183cd59012f73beaffc38f0821d43bb458df08be222:5eb2ada6d8d007969c111064ae6c5de089e8bd61c0156cb49cc98484cea2b5d9,range,"{""base"": ""equal"", ""borrow_bps"": 50.0, ""cap"": 1.0, ""control"": ""event"", ""covariance_days"": 101, ""diagnostic"": ""lookback_low"", ""family"": ""range"", ""har_train_min"": 403, ""lookback"": 16, ""overlay"": true, ""static_exposure"": null, ""target"": 0.1, ""threshold"": 0.05, ""trial_id"": ""E3-20"", ""universe"": [""SPY"", ""TLT"", ""GLD""]}",development+reused_validation,5.0 bp risky purchases+sales; borrow rf+50.0 bp,completed,results/20261004T003009-2f16c796/E3-20-lookback_low-1b18949024.csv,No OOS retuning; diagnostic not eligible for selection,False
E3-20-lookback_low_base-274fa61eb1,2026-10-04T00:33:19.391664+00:00,f953cc6eadb2efb7f124791a8afd2815663fbf45083f58fe7e4fa892c609676c,26552dd9c109058ba93a75bb8ba5de1f6a85585b,e5f957a2b78b4a08cede2183cd59012f73beaffc38f0821d43bb458df08be222:5eb2ada6d8d007969c111064ae6c5de089e8bd61c0156cb49cc98484cea2b5d9,range,"{""base"": ""equal"", ""borrow_bps"": 50.0, ""cap"": 1.0, ""control"": ""event"", ""covariance_days"": 101, ""diagnostic"": ""lookback_low_base"", ""family"": ""range"", ""har_train_min"": 403, ""lookback"": 16, ""overlay"": false, ""static_exposure"": null, ""target"": 0.1, ""threshold"": 0.05, ""trial_id"": ""E3-20"", ""universe"": [""SPY"", ""TLT"", ""GLD""]}",development+reused_validation,5.0 bp risky purchases+sales; borrow rf+50.0 bp,started,results/20261004T003009-2f16c796/E3-20-lookback_low_base-274fa61eb1.csv,Attempt retained even if process fails,False
E3-20-lookback_low_base-274fa61eb1,2026-10-04T00:33:19.391664+00:00,f953cc6eadb2efb7f124791a8afd2815663fbf45083f58fe7e4fa892c609676c,26552dd9c109058ba93a75bb8ba5de1f6a85585b,e5f957a2b78b4a08cede2183cd59012f73beaffc38f0821d43bb458df08be222:5eb2ada6d8d007969c111064ae6c5de089e8bd61c0156cb49cc98484cea2b5d9,range,"{""base"": ""equal"", ""borrow_bps"": 50.0, ""cap"": 1.0, ""control"": ""event"", ""covariance_days"": 101, ""diagnostic"": ""lookback_low_base"", ""family"": ""range"", ""har_train_min"": 403, ""lookback"": 16, ""overlay"": false, ""static_exposure"": null, ""target"": 0.1, ""threshold"": 0.05, ""trial_id"": ""E3-20"", ""universe"": [""SPY"", ""TLT"", ""GLD""]}",development+reused_validation,5.0 bp risky purchases+sales; borrow rf+50.0 bp,completed,results/20261004T003009-2f16c796/E3-20-lookback_low_base-274fa61eb1.csv,No OOS retuning; diagnostic not eligible for selection,False
E3-20-lookback_high-2fd8c3b7ae,2026-10-04T00:33:21.720645+00:00,f953cc6eadb2efb7f124791a8afd2815663fbf45083f58fe7e4fa892c609676c,26552dd9c109058ba93a75bb8ba5de1f6a85585b,e5f957a2b78b4a08cede2183cd59012f73beaffc38f0821d43bb458df08be222:5eb2ada6d8d007969c111064ae6c5de089e8bd61c0156cb49cc98484cea2b5d9,range,"{""base"": ""equal"", ""borrow_bps"": 50.0, ""cap"": 1.0, ""control"": ""event"", ""covariance_days"": 151, ""diagnostic"": ""lookback_high"", ""family"": ""range"", ""har_train_min"": 605, ""lookback"": 24, ""overlay"": true, ""static_exposure"": null, ""target"": 0.1, ""threshold"": 0.05, ""trial_id"": ""E3-20"", ""universe"": [""SPY"", ""TLT"", ""GLD""]}",development+reused_validation,5.0 bp risky purchases+sales; borrow rf+50.0 bp,started,results/20261004T003009-2f16c796/E3-20-lookback_high-2fd8c3b7ae.csv,Attempt retained even if process fails,False
E3-20-lookback_high-2fd8c3b7ae,2026-10-04T00:33:21.720645+00:00,f953cc6eadb2efb7f124791a8afd2815663fbf45083f58fe7e4fa892c609676c,26552dd9c109058ba93a75bb8ba5de1f6a85585b,e5f957a2b78b4a08cede2183cd59012f73beaffc38f0821d43bb458df08be222:5eb2ada6d8d007969c111064ae6c5de089e8bd61c0156cb49cc98484cea2b5d9,range,"{""base"": ""equal"", ""borrow_bps"": 50.0, ""cap"": 1.0, ""control"": ""event"", ""covariance_days"": 151, ""diagnostic"": ""lookback_high"", ""family"": ""range"", ""har_train_min"": 605, ""lookback"": 24, ""overlay"": true, ""static_exposure"": null, ""target"": 0.1, ""threshold"": 0.05, ""trial_id"": ""E3-20"", ""universe"": [""SPY"", ""TLT"", ""GLD""]}",development+reused_validation,5.0 bp risky purchases+sales; borrow rf+50.0 bp,completed,results/20261004T003009-2f16c796/E3-20-lookback_high-2fd8c3b7ae.csv,No OOS retuning; diagnostic not eligible for selection,False
E3-20-lookback_high_base-6cb74c012c,2026-10-04T00:33:23.988189+00:00,f953cc6eadb2efb7f124791a8afd2815663fbf45083f58fe7e4fa892c609676c,26552dd9c109058ba93a75bb8ba5de1f6a85585b,e5f957a2b78b4a08cede2183cd59012f73beaffc38f0821d43bb458df08be222:5eb2ada6d8d007969c111064ae6c5de089e8bd61c0156cb49cc98484cea2b5d9,range,"{""base"": ""equal"", ""borrow_bps"": 50.0, ""cap"": 1.0, ""control"": ""event"", ""covariance_days"": 151, ""diagnostic"": ""lookback_high_base"", ""family"": ""range"", ""har_train_min"": 605, ""lookback"": 24, ""overlay"": false, ""static_exposure"": null, ""target"": 0.1, ""threshold"": 0.05, ""trial_id"": ""E3-20"", ""universe"": [""SPY"", ""TLT"", ""GLD""]}",development+reused_validation,5.0 bp risky purchases+sales; borrow rf+50.0 bp,started,results/20261004T003009-2f16c796/E3-20-lookback_high_base-6cb74c012c.csv,Attempt retained even if process fails,False
E3-20-lookback_high_base-6cb74c012c,2026-10-04T00:33:23.988189+00:00,f953cc6eadb2efb7f124791a8afd2815663fbf45083f58fe7e4fa892c609676c,26552dd9c109058ba93a75bb8ba5de1f6a85585b,e5f957a2b78b4a08cede2183cd59012f73beaffc38f0821d43bb458df08be222:5eb2ada6d8d007969c111064ae6c5de089e8bd61c0156cb49cc98484cea2b5d9,range,"{""base"": ""equal"", ""borrow_bps"": 50.0, ""cap"": 1.0, ""control"": ""event"", ""covariance_days"": 151, ""diagnostic"": ""lookback_high_base"", ""family"": ""range"", ""har_train_min"": 605, ""lookback"": 24, ""overlay"": false, ""static_exposure"": null, ""target"": 0.1, ""threshold"": 0.05, ""trial_id"": ""E3-20"", ""universe"": [""SPY"", ""TLT"", ""GLD""]}",development+reused_validation,5.0 bp risky purchases+sales; borrow rf+50.0 bp,completed,results/20261004T003009-2f16c796/E3-20-lookback_high_base-6cb74c012c.csv,No OOS retuning; diagnostic not eligible for selection,False
E3-20-trigger_low-5be89ae997,2026-10-04T00:33:26.237995+00:00,f953cc6eadb2efb7f124791a8afd2815663fbf45083f58fe7e4fa892c609676c,26552dd9c109058ba93a75bb8ba5de1f6a85585b,e5f957a2b78b4a08cede2183cd59012f73beaffc38f0821d43bb458df08be222:5eb2ada6d8d007969c111064ae6c5de089e8bd61c0156cb49cc98484cea2b5d9,range,"{""base"": ""equal"", ""borrow_bps"": 50.0, ""cap"": 1.0, ""control"": ""event"", ""covariance_days"": 126, ""diagnostic"": ""trigger_low"", ""family"": ""range"", ""har_train_min"": 504, ""lookback"": 20, ""overlay"": true, ""static_exposure"": null, ""target"": 0.1, ""threshold"": 0.04, ""trial_id"": ""E3-20"", ""universe"": [""SPY"", ""TLT"", ""GLD""]}",development+reused_validation,5.0 bp risky purchases+sales; borrow rf+50.0 bp,started,results/20261004T003009-2f16c796/E3-20-trigger_low-5be89ae997.csv,Attempt retained even if process fails,False
E3-20-trigger_low-5be89ae997,2026-10-04T00:33:26.237995+00:00,f953cc6eadb2efb7f124791a8afd2815663fbf45083f58fe7e4fa892c609676c,26552dd9c109058ba93a75bb8ba5de1f6a85585b,e5f957a2b78b4a08cede2183cd59012f73beaffc38f0821d43bb458df08be222:5eb2ada6d8d007969c111064ae6c5de089e8bd61c0156cb49cc98484cea2b5d9,range,"{""base"": ""equal"", ""borrow_bps"": 50.0, ""cap"": 1.0, ""control"": ""event"", ""covariance_days"": 126, ""diagnostic"": ""trigger_low"", ""family"": ""range"", ""har_train_min"": 504, ""lookback"": 20, ""overlay"": true, ""static_exposure"": null, ""target"": 0.1, ""threshold"": 0.04, ""trial_id"": ""E3-20"", ""universe"": [""SPY"", ""TLT"", ""GLD""]}",development+reused_validation,5.0 bp risky purchases+sales; borrow rf+50.0 bp,completed,results/20261004T003009-2f16c796/E3-20-trigger_low-5be89ae997.csv,No OOS retuning; diagnostic not eligible for selection,False
E3-20-trigger_low_base-9a37d5fd09,2026-10-04T00:33:28.443153+00:00,f953cc6eadb2efb7f124791a8afd2815663fbf45083f58fe7e4fa892c609676c,26552dd9c109058ba93a75bb8ba5de1f6a85585b,e5f957a2b78b4a08cede2183cd59012f73beaffc38f0821d43bb458df08be222:5eb2ada6d8d007969c111064ae6c5de089e8bd61c0156cb49cc98484cea2b5d9,range,"{""base"": ""equal"", ""borrow_bps"": 50.0, ""cap"": 1.0, ""control"": ""event"", ""covariance_days"": 126, ""diagnostic"": ""trigger_low_base"", ""family"": ""range"", ""har_train_min"": 504, ""lookback"": 20, ""overlay"": false, ""static_exposure"": null, ""target"": 0.1, ""threshold"": 0.04, ""trial_id"": ""E3-20"", ""universe"": [""SPY"", ""TLT"", ""GLD""]}",development+reused_validation,5.0 bp risky purchases+sales; borrow rf+50.0 bp,started,results/20261004T003009-2f16c796/E3-20-trigger_low_base-9a37d5fd09.csv,Attempt retained even if process fails,False
E3-20-trigger_low_base-9a37d5fd09,2026-10-04T00:33:28.443153+00:00,f953cc6eadb2efb7f124791a8afd2815663fbf45083f58fe7e4fa892c609676c,26552dd9c109058ba93a75bb8ba5de1f6a85585b,e5f957a2b78b4a08cede2183cd59012f73beaffc38f0821d43bb458df08be222:5eb2ada6d8d007969c111064ae6c5de089e8bd61c0156cb49cc98484cea2b5d9,range,"{""base"": ""equal"", ""borrow_bps"": 50.0, ""cap"": 1.0, ""control"": ""event"", ""covariance_days"": 126, ""diagnostic"": ""trigger_low_base"", ""family"": ""range"", ""har_train_min"": 504, ""lookback"": 20, ""overlay"": false, ""static_exposure"": null, ""target"": 0.1, ""threshold"": 0.04, ""trial_id"": ""E3-20"", ""universe"": [""SPY"", ""TLT"", ""GLD""]}",development+reused_validation,5.0 bp risky purchases+sales; borrow rf+50.0 bp,completed,results/20261004T003009-2f16c796/E3-20-trigger_low_base-9a37d5fd09.csv,No OOS retuning; diagnostic not eligible for selection,False
E3-20-trigger_high-33eadf732f,2026-10-04T00:33:30.650260+00:00,f953cc6eadb2efb7f124791a8afd2815663fbf45083f58fe7e4fa892c609676c,26552dd9c109058ba93a75bb8ba5de1f6a85585b,e5f957a2b78b4a08cede2183cd59012f73beaffc38f0821d43bb458df08be222:5eb2ada6d8d007969c111064ae6c5de089e8bd61c0156cb49cc98484cea2b5d9,range,"{""base"": ""equal"", ""borrow_bps"": 50.0, ""cap"": 1.0, ""control"": ""event"", ""covariance_days"": 126, ""diagnostic"": ""trigger_high"", ""family"": ""range"", ""har_train_min"": 504, ""lookback"": 20, ""overlay"": true, ""static_exposure"": null, ""target"": 0.1, ""threshold"": 0.06, ""trial_id"": ""E3-20"", ""universe"": [""SPY"", ""TLT"", ""GLD""]}",development+reused_validation,5.0 bp risky purchases+sales; borrow rf+50.0 bp,started,results/20261004T003009-2f16c796/E3-20-trigger_high-33eadf732f.csv,Attempt retained even if process fails,False
E3-20-trigger_high-33eadf732f,2026-10-04T00:33:30.650260+00:00,f953cc6eadb2efb7f124791a8afd2815663fbf45083f58fe7e4fa892c609676c,26552dd9c109058ba93a75bb8ba5de1f6a85585b,e5f957a2b78b4a08cede2183cd59012f73beaffc38f0821d43bb458df08be222:5eb2ada6d8d007969c111064ae6c5de089e8bd61c0156cb49cc98484cea2b5d9,range,"{""base"": ""equal"", ""borrow_bps"": 50.0, ""cap"": 1.0, ""control"": ""event"", ""covariance_days"": 126, ""diagnostic"": ""trigger_high"", ""family"": ""range"", ""har_train_min"": 504, ""lookback"": 20, ""overlay"": true, ""static_exposure"": null, ""target"": 0.1, ""threshold"": 0.06, ""trial_id"": ""E3-20"", ""universe"": [""SPY"", ""TLT"", ""GLD""]}",development+reused_validation,5.0 bp risky purchases+sales; borrow rf+50.0 bp,completed,results/20261004T003009-2f16c796/E3-20-trigger_high-33eadf732f.csv,No OOS retuning; diagnostic not eligible for selection,False
E3-20-trigger_high_base-6de4ccc04a,2026-10-04T00:33:32.799351+00:00,f953cc6eadb2efb7f124791a8afd2815663fbf45083f58fe7e4fa892c609676c,26552dd9c109058ba93a75bb8ba5de1f6a85585b,e5f957a2b78b4a08cede2183cd59012f73beaffc38f0821d43bb458df08be222:5eb2ada6d8d007969c111064ae6c5de089e8bd61c0156cb49cc98484cea2b5d9,range,"{""base"": ""equal"", ""borrow_bps"": 50.0, ""cap"": 1.0, ""control"": ""event"", ""covariance_days"": 126, ""diagnostic"": ""trigger_high_base"", ""family"": ""range"", ""har_train_min"": 504, ""lookback"": 20, ""overlay"": false, ""static_exposure"": null, ""target"": 0.1, ""threshold"": 0.06, ""trial_id"": ""E3-20"", ""universe"": [""SPY"", ""TLT"", ""GLD""]}",development+reused_validation,5.0 bp risky purchases+sales; borrow rf+50.0 bp,started,results/20261004T003009-2f16c796/E3-20-trigger_high_base-6de4ccc04a.csv,Attempt retained even if process fails,False
E3-20-trigger_high_base-6de4ccc04a,2026-10-04T00:33:32.799351+00:00,f953cc6eadb2efb7f124791a8afd2815663fbf45083f58fe7e4fa892c609676c,26552dd9c109058ba93a75bb8ba5de1f6a85585b,e5f957a2b78b4a08cede2183cd59012f73beaffc38f0821d43bb458df08be222:5eb2ada6d8d007969c111064ae6c5de089e8bd61c0156cb49cc98484cea2b5d9,range,"{""base"": ""equal"", ""borrow_bps"": 50.0, ""cap"": 1.0, ""control"": ""event"", ""covariance_days"": 126, ""diagnostic"": ""trigger_high_base"", ""family"": ""range"", ""har_train_min"": 504, ""lookback"": 20, ""overlay"": false, ""static_exposure"": null, ""target"": 0.1, ""threshold"": 0.06, ""trial_id"": ""E3-20"", ""universe"": [""SPY"", ""TLT"", ""GLD""]}",development+reused_validation,5.0 bp risky purchases+sales; borrow rf+50.0 bp,completed,results/20261004T003009-2f16c796/E3-20-trigger_high_base-6de4ccc04a.csv,No OOS retuning; diagnostic not eligible for selection,False
E3-63-double_cost-9fde220836,2026-10-04T00:33:35.024907+00:00,f953cc6eadb2efb7f124791a8afd2815663fbf45083f58fe7e4fa892c609676c,26552dd9c109058ba93a75bb8ba5de1f6a85585b,e5f957a2b78b4a08cede2183cd59012f73beaffc38f0821d43bb458df08be222:5eb2ada6d8d007969c111064ae6c5de089e8bd61c0156cb49cc98484cea2b5d9,range,"{""base"": ""equal"", ""borrow_bps"": 50.0, ""cap"": 1.0, ""control"": ""event"", ""covariance_days"": 126, ""diagnostic"": ""double_cost"", ""family"": ""range"", ""har_train_min"": 504, ""lookback"": 63, ""overlay"": true, ""static_exposure"": null, ""target"": 0.1, ""threshold"": 0.05, ""trial_id"": ""E3-63"", ""universe"": [""SPY"", ""TLT"", ""GLD""]}",development+reused_validation,10 bp risky purchases+sales; borrow rf+50.0 bp,started,results/20261004T003009-2f16c796/E3-63-double_cost-9fde220836.csv,Attempt retained even if process fails,False
E3-63-double_cost-9fde220836,2026-10-04T00:33:35.024907+00:00,f953cc6eadb2efb7f124791a8afd2815663fbf45083f58fe7e4fa892c609676c,26552dd9c109058ba93a75bb8ba5de1f6a85585b,e5f957a2b78b4a08cede2183cd59012f73beaffc38f0821d43bb458df08be222:5eb2ada6d8d007969c111064ae6c5de089e8bd61c0156cb49cc98484cea2b5d9,range,"{""base"": ""equal"", ""borrow_bps"": 50.0, ""cap"": 1.0, ""control"": ""event"", ""covariance_days"": 126, ""diagnostic"": ""double_cost"", ""family"": ""range"", ""har_train_min"": 504, ""lookback"": 63, ""overlay"": true, ""static_exposure"": null, ""target"": 0.1, ""threshold"": 0.05, ""trial_id"": ""E3-63"", ""universe"": [""SPY"", ""TLT"", ""GLD""]}",development+reused_validation,10 bp risky purchases+sales; borrow rf+50.0 bp,completed,results/20261004T003009-2f16c796/E3-63-double_cost-9fde220836.csv,No OOS retuning; diagnostic not eligible for selection,False
E3-63-double_cost_base-c05da19c92,2026-10-04T00:33:37.177041+00:00,f953cc6eadb2efb7f124791a8afd2815663fbf45083f58fe7e4fa892c609676c,26552dd9c109058ba93a75bb8ba5de1f6a85585b,e5f957a2b78b4a08cede2183cd59012f73beaffc38f0821d43bb458df08be222:5eb2ada6d8d007969c111064ae6c5de089e8bd61c0156cb49cc98484cea2b5d9,range,"{""base"": ""equal"", ""borrow_bps"": 50.0, ""cap"": 1.0, ""control"": ""event"", ""covariance_days"": 126, ""diagnostic"": ""double_cost_base"", ""family"": ""range"", ""har_train_min"": 504, ""lookback"": 63, ""overlay"": false, ""static_exposure"": null, ""target"": 0.1, ""threshold"": 0.05, ""trial_id"": ""E3-63"", ""universe"": [""SPY"", ""TLT"", ""GLD""]}",development+reused_validation,10 bp risky purchases+sales; borrow rf+50.0 bp,started,results/20261004T003009-2f16c796/E3-63-double_cost_base-c05da19c92.csv,Attempt retained even if process fails,False
E3-63-double_cost_base-c05da19c92,2026-10-04T00:33:37.177041+00:00,f953cc6eadb2efb7f124791a8afd2815663fbf45083f58fe7e4fa892c609676c,26552dd9c109058ba93a75bb8ba5de1f6a85585b,e5f957a2b78b4a08cede2183cd59012f73beaffc38f0821d43bb458df08be222:5eb2ada6d8d007969c111064ae6c5de089e8bd61c0156cb49cc98484cea2b5d9,range,"{""base"": ""equal"", ""borrow_bps"": 50.0, ""cap"": 1.0, ""control"": ""event"", ""covariance_days"": 126, ""diagnostic"": ""double_cost_base"", ""family"": ""range"", ""har_train_min"": 504, ""lookback"": 63, ""overlay"": false, ""static_exposure"": null, ""target"": 0.1, ""threshold"": 0.05, ""trial_id"": ""E3-63"", ""universe"": [""SPY"", ""TLT"", ""GLD""]}",development+reused_validation,10 bp risky purchases+sales; borrow rf+50.0 bp,completed,results/20261004T003009-2f16c796/E3-63-double_cost_base-c05da19c92.csv,No OOS retuning; diagnostic not eligible for selection,False
E3-63-target_low-decc6113af,2026-10-04T00:33:39.582221+00:00,f953cc6eadb2efb7f124791a8afd2815663fbf45083f58fe7e4fa892c609676c,26552dd9c109058ba93a75bb8ba5de1f6a85585b,e5f957a2b78b4a08cede2183cd59012f73beaffc38f0821d43bb458df08be222:5eb2ada6d8d007969c111064ae6c5de089e8bd61c0156cb49cc98484cea2b5d9,range,"{""base"": ""equal"", ""borrow_bps"": 50.0, ""cap"": 1.0, ""control"": ""event"", ""covariance_days"": 126, ""diagnostic"": ""target_low"", ""family"": ""range"", ""har_train_min"": 504, ""lookback"": 63, ""overlay"": true, ""static_exposure"": null, ""target"": 0.09000000000000001, ""threshold"": 0.05, ""trial_id"": ""E3-63"", ""universe"": [""SPY"", ""TLT"", ""GLD""]}",development+reused_validation,5.0 bp risky purchases+sales; borrow rf+50.0 bp,started,results/20261004T003009-2f16c796/E3-63-target_low-decc6113af.csv,Attempt retained even if process fails,False
E3-63-target_low-decc6113af,2026-10-04T00:33:39.582221+00:00,f953cc6eadb2efb7f124791a8afd2815663fbf45083f58fe7e4fa892c609676c,26552dd9c109058ba93a75bb8ba5de1f6a85585b,e5f957a2b78b4a08cede2183cd59012f73beaffc38f0821d43bb458df08be222:5eb2ada6d8d007969c111064ae6c5de089e8bd61c0156cb49cc98484cea2b5d9,range,"{""base"": ""equal"", ""borrow_bps"": 50.0, ""cap"": 1.0, ""control"": ""event"", ""covariance_days"": 126, ""diagnostic"": ""target_low"", ""family"": ""range"", ""har_train_min"": 504, ""lookback"": 63, ""overlay"": true, ""static_exposure"": null, ""target"": 0.09000000000000001, ""threshold"": 0.05, ""trial_id"": ""E3-63"", ""universe"": [""SPY"", ""TLT"", ""GLD""]}",development+reused_validation,5.0 bp risky purchases+sales; borrow rf+50.0 bp,completed,results/20261004T003009-2f16c796/E3-63-target_low-decc6113af.csv,No OOS retuning; diagnostic not eligible for selection,False
E3-63-target_low_base-5a2fc0337c,2026-10-04T00:33:41.762699+00:00,f953cc6eadb2efb7f124791a8afd2815663fbf45083f58fe7e4fa892c609676c,26552dd9c109058ba93a75bb8ba5de1f6a85585b,e5f957a2b78b4a08cede2183cd59012f73beaffc38f0821d43bb458df08be222:5eb2ada6d8d007969c111064ae6c5de089e8bd61c0156cb49cc98484cea2b5d9,range,"{""base"": ""equal"", ""borrow_bps"": 50.0, ""cap"": 1.0, ""control"": ""event"", ""covariance_days"": 126, ""diagnostic"": ""target_low_base"", ""family"": ""range"", ""har_train_min"": 504, ""lookback"": 63, ""overlay"": false, ""static_exposure"": null, ""target"": 0.09000000000000001, ""threshold"": 0.05, ""trial_id"": ""E3-63"", ""universe"": [""SPY"", ""TLT"", ""GLD""]}",development+reused_validation,5.0 bp risky purchases+sales; borrow rf+50.0 bp,started,results/20261004T003009-2f16c796/E3-63-target_low_base-5a2fc0337c.csv,Attempt retained even if process fails,False
E3-63-target_low_base-5a2fc0337c,2026-10-04T00:33:41.762699+00:00,f953cc6eadb2efb7f124791a8afd2815663fbf45083f58fe7e4fa892c609676c,26552dd9c109058ba93a75bb8ba5de1f6a85585b,e5f957a2b78b4a08cede2183cd59012f73beaffc38f0821d43bb458df08be222:5eb2ada6d8d007969c111064ae6c5de089e8bd61c0156cb49cc98484cea2b5d9,range,"{""base"": ""equal"", ""borrow_bps"": 50.0, ""cap"": 1.0, ""control"": ""event"", ""covariance_days"": 126, ""diagnostic"": ""target_low_base"", ""family"": ""range"", ""har_train_min"": 504, ""lookback"": 63, ""overlay"": false, ""static_exposure"": null, ""target"": 0.09000000000000001, ""threshold"": 0.05, ""trial_id"": ""E3-63"", ""universe"": [""SPY"", ""TLT"", ""GLD""]}",development+reused_validation,5.0 bp risky purchases+sales; borrow rf+50.0 bp,completed,results/20261004T003009-2f16c796/E3-63-target_low_base-5a2fc0337c.csv,No OOS retuning; diagnostic not eligible for selection,False
E3-63-target_high-86a3fee187,2026-10-04T00:33:44.061047+00:00,f953cc6eadb2efb7f124791a8afd2815663fbf45083f58fe7e4fa892c609676c,26552dd9c109058ba93a75bb8ba5de1f6a85585b,e5f957a2b78b4a08cede2183cd59012f73beaffc38f0821d43bb458df08be222:5eb2ada6d8d007969c111064ae6c5de089e8bd61c0156cb49cc98484cea2b5d9,range,"{""base"": ""equal"", ""borrow_bps"": 50.0, ""cap"": 1.0, ""control"": ""event"", ""covariance_days"": 126, ""diagnostic"": ""target_high"", ""family"": ""range"", ""har_train_min"": 504, ""lookback"": 63, ""overlay"": true, ""static_exposure"": null, ""target"": 0.11, ""threshold"": 0.05, ""trial_id"": ""E3-63"", ""universe"": [""SPY"", ""TLT"", ""GLD""]}",development+reused_validation,5.0 bp risky purchases+sales; borrow rf+50.0 bp,started,results/20261004T003009-2f16c796/E3-63-target_high-86a3fee187.csv,Attempt retained even if process fails,False
E3-63-target_high-86a3fee187,2026-10-04T00:33:44.061047+00:00,f953cc6eadb2efb7f124791a8afd2815663fbf45083f58fe7e4fa892c609676c,26552dd9c109058ba93a75bb8ba5de1f6a85585b,e5f957a2b78b4a08cede2183cd59012f73beaffc38f0821d43bb458df08be222:5eb2ada6d8d007969c111064ae6c5de089e8bd61c0156cb49cc98484cea2b5d9,range,"{""base"": ""equal"", ""borrow_bps"": 50.0, ""cap"": 1.0, ""control"": ""event"", ""covariance_days"": 126, ""diagnostic"": ""target_high"", ""family"": ""range"", ""har_train_min"": 504, ""lookback"": 63, ""overlay"": true, ""static_exposure"": null, ""target"": 0.11, ""threshold"": 0.05, ""trial_id"": ""E3-63"", ""universe"": [""SPY"", ""TLT"", ""GLD""]}",development+reused_validation,5.0 bp risky purchases+sales; borrow rf+50.0 bp,completed,results/20261004T003009-2f16c796/E3-63-target_high-86a3fee187.csv,No OOS retuning; diagnostic not eligible for selection,False
E3-63-target_high_base-01e3598780,2026-10-04T00:33:46.344489+00:00,f953cc6eadb2efb7f124791a8afd2815663fbf45083f58fe7e4fa892c609676c,26552dd9c109058ba93a75bb8ba5de1f6a85585b,e5f957a2b78b4a08cede2183cd59012f73beaffc38f0821d43bb458df08be222:5eb2ada6d8d007969c111064ae6c5de089e8bd61c0156cb49cc98484cea2b5d9,range,"{""base"": ""equal"", ""borrow_bps"": 50.0, ""cap"": 1.0, ""control"": ""event"", ""covariance_days"": 126, ""diagnostic"": ""target_high_base"", ""family"": ""range"", ""har_train_min"": 504, ""lookback"": 63, ""overlay"": false, ""static_exposure"": null, ""target"": 0.11, ""threshold"": 0.05, ""trial_id"": ""E3-63"", ""universe"": [""SPY"", ""TLT"", ""GLD""]}",development+reused_validation,5.0 bp risky purchases+sales; borrow rf+50.0 bp,started,results/20261004T003009-2f16c796/E3-63-target_high_base-01e3598780.csv,Attempt retained even if process fails,False
E3-63-target_high_base-01e3598780,2026-10-04T00:33:46.344489+00:00,f953cc6eadb2efb7f124791a8afd2815663fbf45083f58fe7e4fa892c609676c,26552dd9c109058ba93a75bb8ba5de1f6a85585b,e5f957a2b78b4a08cede2183cd59012f73beaffc38f0821d43bb458df08be222:5eb2ada6d8d007969c111064ae6c5de089e8bd61c0156cb49cc98484cea2b5d9,range,"{""base"": ""equal"", ""borrow_bps"": 50.0, ""cap"": 1.0, ""control"": ""event"", ""covariance_days"": 126, ""diagnostic"": ""target_high_base"", ""family"": ""range"", ""har_train_min"": 504, ""lookback"": 63, ""overlay"": false, ""static_exposure"": null, ""target"": 0.11, ""threshold"": 0.05, ""trial_id"": ""E3-63"", ""universe"": [""SPY"", ""TLT"", ""GLD""]}",development+reused_validation,5.0 bp risky purchases+sales; borrow rf+50.0 bp,completed,results/20261004T003009-2f16c796/E3-63-target_high_base-01e3598780.csv,No OOS retuning; diagnostic not eligible for selection,False
E3-63-lookback_low-a8ca24ea64,2026-10-04T00:33:48.549106+00:00,f953cc6eadb2efb7f124791a8afd2815663fbf45083f58fe7e4fa892c609676c,26552dd9c109058ba93a75bb8ba5de1f6a85585b,e5f957a2b78b4a08cede2183cd59012f73beaffc38f0821d43bb458df08be222:5eb2ada6d8d007969c111064ae6c5de089e8bd61c0156cb49cc98484cea2b5d9,range,"{""base"": ""equal"", ""borrow_bps"": 50.0, ""cap"": 1.0, ""control"": ""event"", ""covariance_days"": 101, ""diagnostic"": ""lookback_low"", ""family"": ""range"", ""har_train_min"": 403, ""lookback"": 50, ""overlay"": true, ""static_exposure"": null, ""target"": 0.1, ""threshold"": 0.05, ""trial_id"": ""E3-63"", ""universe"": [""SPY"", ""TLT"", ""GLD""]}",development+reused_validation,5.0 bp risky purchases+sales; borrow rf+50.0 bp,started,results/20261004T003009-2f16c796/E3-63-lookback_low-a8ca24ea64.csv,Attempt retained even if process fails,False
E3-63-lookback_low-a8ca24ea64,2026-10-04T00:33:48.549106+00:00,f953cc6eadb2efb7f124791a8afd2815663fbf45083f58fe7e4fa892c609676c,26552dd9c109058ba93a75bb8ba5de1f6a85585b,e5f957a2b78b4a08cede2183cd59012f73beaffc38f0821d43bb458df08be222:5eb2ada6d8d007969c111064ae6c5de089e8bd61c0156cb49cc98484cea2b5d9,range,"{""base"": ""equal"", ""borrow_bps"": 50.0, ""cap"": 1.0, ""control"": ""event"", ""covariance_days"": 101, ""diagnostic"": ""lookback_low"", ""family"": ""range"", ""har_train_min"": 403, ""lookback"": 50, ""overlay"": true, ""static_exposure"": null, ""target"": 0.1, ""threshold"": 0.05, ""trial_id"": ""E3-63"", ""universe"": [""SPY"", ""TLT"", ""GLD""]}",development+reused_validation,5.0 bp risky purchases+sales; borrow rf+50.0 bp,completed,results/20261004T003009-2f16c796/E3-63-lookback_low-a8ca24ea64.csv,No OOS retuning; diagnostic not eligible for selection,False
E3-63-lookback_low_base-3b22d65695,2026-10-04T00:33:50.707749+00:00,f953cc6eadb2efb7f124791a8afd2815663fbf45083f58fe7e4fa892c609676c,26552dd9c109058ba93a75bb8ba5de1f6a85585b,e5f957a2b78b4a08cede2183cd59012f73beaffc38f0821d43bb458df08be222:5eb2ada6d8d007969c111064ae6c5de089e8bd61c0156cb49cc98484cea2b5d9,range,"{""base"": ""equal"", ""borrow_bps"": 50.0, ""cap"": 1.0, ""control"": ""event"", ""covariance_days"": 101, ""diagnostic"": ""lookback_low_base"", ""family"": ""range"", ""har_train_min"": 403, ""lookback"": 50, ""overlay"": false, ""static_exposure"": null, ""target"": 0.1, ""threshold"": 0.05, ""trial_id"": ""E3-63"", ""universe"": [""SPY"", ""TLT"", ""GLD""]}",development+reused_validation,5.0 bp risky purchases+sales; borrow rf+50.0 bp,started,results/20261004T003009-2f16c796/E3-63-lookback_low_base-3b22d65695.csv,Attempt retained even if process fails,False
E3-63-lookback_low_base-3b22d65695,2026-10-04T00:33:50.707749+00:00,f953cc6eadb2efb7f124791a8afd2815663fbf45083f58fe7e4fa892c609676c,26552dd9c109058ba93a75bb8ba5de1f6a85585b,e5f957a2b78b4a08cede2183cd59012f73beaffc38f0821d43bb458df08be222:5eb2ada6d8d007969c111064ae6c5de089e8bd61c0156cb49cc98484cea2b5d9,range,"{""base"": ""equal"", ""borrow_bps"": 50.0, ""cap"": 1.0, ""control"": ""event"", ""covariance_days"": 101, ""diagnostic"": ""lookback_low_base"", ""family"": ""range"", ""har_train_min"": 403, ""lookback"": 50, ""overlay"": false, ""static_exposure"": null, ""target"": 0.1, ""threshold"": 0.05, ""trial_id"": ""E3-63"", ""universe"": [""SPY"", ""TLT"", ""GLD""]}",development+reused_validation,5.0 bp risky purchases+sales; borrow rf+50.0 bp,completed,results/20261004T003009-2f16c796/E3-63-lookback_low_base-3b22d65695.csv,No OOS retuning; diagnostic not eligible for selection,False
E3-63-lookback_high-e618c50f6d,2026-10-04T00:33:52.898589+00:00,f953cc6eadb2efb7f124791a8afd2815663fbf45083f58fe7e4fa892c609676c,26552dd9c109058ba93a75bb8ba5de1f6a85585b,e5f957a2b78b4a08cede2183cd59012f73beaffc38f0821d43bb458df08be222:5eb2ada6d8d007969c111064ae6c5de089e8bd61c0156cb49cc98484cea2b5d9,range,"{""base"": ""equal"", ""borrow_bps"": 50.0, ""cap"": 1.0, ""control"": ""event"", ""covariance_days"": 151, ""diagnostic"": ""lookback_high"", ""family"": ""range"", ""har_train_min"": 605, ""lookback"": 76, ""overlay"": true, ""static_exposure"": null, ""target"": 0.1, ""threshold"": 0.05, ""trial_id"": ""E3-63"", ""universe"": [""SPY"", ""TLT"", ""GLD""]}",development+reused_validation,5.0 bp risky purchases+sales; borrow rf+50.0 bp,started,results/20261004T003009-2f16c796/E3-63-lookback_high-e618c50f6d.csv,Attempt retained even if process fails,False
E3-63-lookback_high-e618c50f6d,2026-10-04T00:33:52.898589+00:00,f953cc6eadb2efb7f124791a8afd2815663fbf45083f58fe7e4fa892c609676c,26552dd9c109058ba93a75bb8ba5de1f6a85585b,e5f957a2b78b4a08cede2183cd59012f73beaffc38f0821d43bb458df08be222:5eb2ada6d8d007969c111064ae6c5de089e8bd61c0156cb49cc98484cea2b5d9,range,"{""base"": ""equal"", ""borrow_bps"": 50.0, ""cap"": 1.0, ""control"": ""event"", ""covariance_days"": 151, ""diagnostic"": ""lookback_high"", ""family"": ""range"", ""har_train_min"": 605, ""lookback"": 76, ""overlay"": true, ""static_exposure"": null, ""target"": 0.1, ""threshold"": 0.05, ""trial_id"": ""E3-63"", ""universe"": [""SPY"", ""TLT"", ""GLD""]}",development+reused_validation,5.0 bp risky purchases+sales; borrow rf+50.0 bp,completed,results/20261004T003009-2f16c796/E3-63-lookback_high-e618c50f6d.csv,No OOS retuning; diagnostic not eligible for selection,False
E3-63-lookback_high_base-bf85c48cbc,2026-10-04T00:33:55.124691+00:00,f953cc6eadb2efb7f124791a8afd2815663fbf45083f58fe7e4fa892c609676c,26552dd9c109058ba93a75bb8ba5de1f6a85585b,e5f957a2b78b4a08cede2183cd59012f73beaffc38f0821d43bb458df08be222:5eb2ada6d8d007969c111064ae6c5de089e8bd61c0156cb49cc98484cea2b5d9,range,"{""base"": ""equal"", ""borrow_bps"": 50.0, ""cap"": 1.0, ""control"": ""event"", ""covariance_days"": 151, ""diagnostic"": ""lookback_high_base"", ""family"": ""range"", ""har_train_min"": 605, ""lookback"": 76, ""overlay"": false, ""static_exposure"": null, ""target"": 0.1, ""threshold"": 0.05, ""trial_id"": ""E3-63"", ""universe"": [""SPY"", ""TLT"", ""GLD""]}",development+reused_validation,5.0 bp risky purchases+sales; borrow rf+50.0 bp,started,results/20261004T003009-2f16c796/E3-63-lookback_high_base-bf85c48cbc.csv,Attempt retained even if process fails,False
E3-63-lookback_high_base-bf85c48cbc,2026-10-04T00:33:55.124691+00:00,f953cc6eadb2efb7f124791a8afd2815663fbf45083f58fe7e4fa892c609676c,26552dd9c109058ba93a75bb8ba5de1f6a85585b,e5f957a2b78b4a08cede2183cd59012f73beaffc38f0821d43bb458df08be222:5eb2ada6d8d007969c111064ae6c5de089e8bd61c0156cb49cc98484cea2b5d9,range,"{""base"": ""equal"", ""borrow_bps"": 50.0, ""cap"": 1.0, ""control"": ""event"", ""covariance_days"": 151, ""diagnostic"": ""lookback_high_base"", ""family"": ""range"", ""har_train_min"": 605, ""lookback"": 76, ""overlay"": false, ""static_exposure"": null, ""target"": 0.1, ""threshold"": 0.05, ""trial_id"": ""E3-63"", ""universe"": [""SPY"", ""TLT"", ""GLD""]}",development+reused_validation,5.0 bp risky purchases+sales; borrow rf+50.0 bp,completed,results/20261004T003009-2f16c796/E3-63-lookback_high_base-bf85c48cbc.csv,No OOS retuning; diagnostic not eligible for selection,False
E3-63-trigger_low-a30a2da546,2026-10-04T00:33:57.332589+00:00,f953cc6eadb2efb7f124791a8afd2815663fbf45083f58fe7e4fa892c609676c,26552dd9c109058ba93a75bb8ba5de1f6a85585b,e5f957a2b78b4a08cede2183cd59012f73beaffc38f0821d43bb458df08be222:5eb2ada6d8d007969c111064ae6c5de089e8bd61c0156cb49cc98484cea2b5d9,range,"{""base"": ""equal"", ""borrow_bps"": 50.0, ""cap"": 1.0, ""control"": ""event"", ""covariance_days"": 126, ""diagnostic"": ""trigger_low"", ""family"": ""range"", ""har_train_min"": 504, ""lookback"": 63, ""overlay"": true, ""static_exposure"": null, ""target"": 0.1, ""threshold"": 0.04, ""trial_id"": ""E3-63"", ""universe"": [""SPY"", ""TLT"", ""GLD""]}",development+reused_validation,5.0 bp risky purchases+sales; borrow rf+50.0 bp,started,results/20261004T003009-2f16c796/E3-63-trigger_low-a30a2da546.csv,Attempt retained even if process fails,False
E3-63-trigger_low-a30a2da546,2026-10-04T00:33:57.332589+00:00,f953cc6eadb2efb7f124791a8afd2815663fbf45083f58fe7e4fa892c609676c,26552dd9c109058ba93a75bb8ba5de1f6a85585b,e5f957a2b78b4a08cede2183cd59012f73beaffc38f0821d43bb458df08be222:5eb2ada6d8d007969c111064ae6c5de089e8bd61c0156cb49cc98484cea2b5d9,range,"{""base"": ""equal"", ""borrow_bps"": 50.0, ""cap"": 1.0, ""control"": ""event"", ""covariance_days"": 126, ""diagnostic"": ""trigger_low"", ""family"": ""range"", ""har_train_min"": 504, ""lookback"": 63, ""overlay"": true, ""static_exposure"": null, ""target"": 0.1, ""threshold"": 0.04, ""trial_id"": ""E3-63"", ""universe"": [""SPY"", ""TLT"", ""GLD""]}",development+reused_validation,5.0 bp risky purchases+sales; borrow rf+50.0 bp,completed,results/20261004T003009-2f16c796/E3-63-trigger_low-a30a2da546.csv,No OOS retuning; diagnostic not eligible for selection,False
E3-63-trigger_low_base-1e566d3b93,2026-10-04T00:33:59.487101+00:00,f953cc6eadb2efb7f124791a8afd2815663fbf45083f58fe7e4fa892c609676c,26552dd9c109058ba93a75bb8ba5de1f6a85585b,e5f957a2b78b4a08cede2183cd59012f73beaffc38f0821d43bb458df08be222:5eb2ada6d8d007969c111064ae6c5de089e8bd61c0156cb49cc98484cea2b5d9,range,"{""base"": ""equal"", ""borrow_bps"": 50.0, ""cap"": 1.0, ""control"": ""event"", ""covariance_days"": 126, ""diagnostic"": ""trigger_low_base"", ""family"": ""range"", ""har_train_min"": 504, ""lookback"": 63, ""overlay"": false, ""static_exposure"": null, ""target"": 0.1, ""threshold"": 0.04, ""trial_id"": ""E3-63"", ""universe"": [""SPY"", ""TLT"", ""GLD""]}",development+reused_validation,5.0 bp risky purchases+sales; borrow rf+50.0 bp,started,results/20261004T003009-2f16c796/E3-63-trigger_low_base-1e566d3b93.csv,Attempt retained even if process fails,False
E3-63-trigger_low_base-1e566d3b93,2026-10-04T00:33:59.487101+00:00,f953cc6eadb2efb7f124791a8afd2815663fbf45083f58fe7e4fa892c609676c,26552dd9c109058ba93a75bb8ba5de1f6a85585b,e5f957a2b78b4a08cede2183cd59012f73beaffc38f0821d43bb458df08be222:5eb2ada6d8d007969c111064ae6c5de089e8bd61c0156cb49cc98484cea2b5d9,range,"{""base"": ""equal"", ""borrow_bps"": 50.0, ""cap"": 1.0, ""control"": ""event"", ""covariance_days"": 126, ""diagnostic"": ""trigger_low_base"", ""family"": ""range"", ""har_train_min"": 504, ""lookback"": 63, ""overlay"": false, ""static_exposure"": null, ""target"": 0.1, ""threshold"": 0.04, ""trial_id"": ""E3-63"", ""universe"": [""SPY"", ""TLT"", ""GLD""]}",development+reused_validation,5.0 bp risky purchases+sales; borrow rf+50.0 bp,completed,results/20261004T003009-2f16c796/E3-63-trigger_low_base-1e566d3b93.csv,No OOS retuning; diagnostic not eligible for selection,False
E3-63-trigger_high-6f94069ea2,2026-10-04T00:34:01.659446+00:00,f953cc6eadb2efb7f124791a8afd2815663fbf45083f58fe7e4fa892c609676c,26552dd9c109058ba93a75bb8ba5de1f6a85585b,e5f957a2b78b4a08cede2183cd59012f73beaffc38f0821d43bb458df08be222:5eb2ada6d8d007969c111064ae6c5de089e8bd61c0156cb49cc98484cea2b5d9,range,"{""base"": ""equal"", ""borrow_bps"": 50.0, ""cap"": 1.0, ""control"": ""event"", ""covariance_days"": 126, ""diagnostic"": ""trigger_high"", ""family"": ""range"", ""har_train_min"": 504, ""lookback"": 63, ""overlay"": true, ""static_exposure"": null, ""target"": 0.1, ""threshold"": 0.06, ""trial_id"": ""E3-63"", ""universe"": [""SPY"", ""TLT"", ""GLD""]}",development+reused_validation,5.0 bp risky purchases+sales; borrow rf+50.0 bp,started,results/20261004T003009-2f16c796/E3-63-trigger_high-6f94069ea2.csv,Attempt retained even if process fails,False
E3-63-trigger_high-6f94069ea2,2026-10-04T00:34:01.659446+00:00,f953cc6eadb2efb7f124791a8afd2815663fbf45083f58fe7e4fa892c609676c,26552dd9c109058ba93a75bb8ba5de1f6a85585b,e5f957a2b78b4a08cede2183cd59012f73beaffc38f0821d43bb458df08be222:5eb2ada6d8d007969c111064ae6c5de089e8bd61c0156cb49cc98484cea2b5d9,range,"{""base"": ""equal"", ""borrow_bps"": 50.0, ""cap"": 1.0, ""control"": ""event"", ""covariance_days"": 126, ""diagnostic"": ""trigger_high"", ""family"": ""range"", ""har_train_min"": 504, ""lookback"": 63, ""overlay"": true, ""static_exposure"": null, ""target"": 0.1, ""threshold"": 0.06, ""trial_id"": ""E3-63"", ""universe"": [""SPY"", ""TLT"", ""GLD""]}",development+reused_validation,5.0 bp risky purchases+sales; borrow rf+50.0 bp,completed,results/20261004T003009-2f16c796/E3-63-trigger_high-6f94069ea2.csv,No OOS retuning; diagnostic not eligible for selection,False
E3-63-trigger_high_base-d761c08723,2026-10-04T00:34:03.997298+00:00,f953cc6eadb2efb7f124791a8afd2815663fbf45083f58fe7e4fa892c609676c,26552dd9c109058ba93a75bb8ba5de1f6a85585b,e5f957a2b78b4a08cede2183cd59012f73beaffc38f0821d43bb458df08be222:5eb2ada6d8d007969c111064ae6c5de089e8bd61c0156cb49cc98484cea2b5d9,range,"{""base"": ""equal"", ""borrow_bps"": 50.0, ""cap"": 1.0, ""control"": ""event"", ""covariance_days"": 126, ""diagnostic"": ""trigger_high_base"", ""family"": ""range"", ""har_train_min"": 504, ""lookback"": 63, ""overlay"": false, ""static_exposure"": null, ""target"": 0.1, ""threshold"": 0.06, ""trial_id"": ""E3-63"", ""universe"": [""SPY"", ""TLT"", ""GLD""]}",development+reused_validation,5.0 bp risky purchases+sales; borrow rf+50.0 bp,started,results/20261004T003009-2f16c796/E3-63-trigger_high_base-d761c08723.csv,Attempt retained even if process fails,False
E3-63-trigger_high_base-d761c08723,2026-10-04T00:34:03.997298+00:00,f953cc6eadb2efb7f124791a8afd2815663fbf45083f58fe7e4fa892c609676c,26552dd9c109058ba93a75bb8ba5de1f6a85585b,e5f957a2b78b4a08cede2183cd59012f73beaffc38f0821d43bb458df08be222:5eb2ada6d8d007969c111064ae6c5de089e8bd61c0156cb49cc98484cea2b5d9,range,"{""base"": ""equal"", ""borrow_bps"": 50.0, ""cap"": 1.0, ""control"": ""event"", ""covariance_days"": 126, ""diagnostic"": ""trigger_high_base"", ""family"": ""range"", ""har_train_min"": 504, ""lookback"": 63, ""overlay"": false, ""static_exposure"": null, ""target"": 0.1, ""threshold"": 0.06, ""trial_id"": ""E3-63"", ""universe"": [""SPY"", ""TLT"", ""GLD""]}",development+reused_validation,5.0 bp risky purchases+sales; borrow rf+50.0 bp,completed,results/20261004T003009-2f16c796/E3-63-trigger_high_base-d761c08723.csv,No OOS retuning; diagnostic not eligible for selection,False
E4-double_cost-871549879f,2026-10-04T00:34:06.216816+00:00,f953cc6eadb2efb7f124791a8afd2815663fbf45083f58fe7e4fa892c609676c,26552dd9c109058ba93a75bb8ba5de1f6a85585b,e5f957a2b78b4a08cede2183cd59012f73beaffc38f0821d43bb458df08be222:5eb2ada6d8d007969c111064ae6c5de089e8bd61c0156cb49cc98484cea2b5d9,ensemble,"{""base"": ""minvar"", ""borrow_bps"": 50.0, ""cap"": 1.0, ""control"": ""event"", ""covariance_days"": 126, ""diagnostic"": ""double_cost"", ""family"": ""ensemble"", ""har_train_min"": 504, ""lookback"": 63, ""overlay"": true, ""static_exposure"": null, ""target"": 0.1, ""threshold"": 0.05, ""trial_id"": ""E4"", ""universe"": [""SPY"", ""TLT"", ""GLD""]}",development+reused_validation,10 bp risky purchases+sales; borrow rf+50.0 bp,started,results/20261004T003009-2f16c796/E4-double_cost-871549879f.csv,Attempt retained even if process fails,False
E4-double_cost-871549879f,2026-10-04T00:34:06.216816+00:00,f953cc6eadb2efb7f124791a8afd2815663fbf45083f58fe7e4fa892c609676c,26552dd9c109058ba93a75bb8ba5de1f6a85585b,e5f957a2b78b4a08cede2183cd59012f73beaffc38f0821d43bb458df08be222:5eb2ada6d8d007969c111064ae6c5de089e8bd61c0156cb49cc98484cea2b5d9,ensemble,"{""base"": ""minvar"", ""borrow_bps"": 50.0, ""cap"": 1.0, ""control"": ""event"", ""covariance_days"": 126, ""diagnostic"": ""double_cost"", ""family"": ""ensemble"", ""har_train_min"": 504, ""lookback"": 63, ""overlay"": true, ""static_exposure"": null, ""target"": 0.1, ""threshold"": 0.05, ""trial_id"": ""E4"", ""universe"": [""SPY"", ""TLT"", ""GLD""]}",development+reused_validation,10 bp risky purchases+sales; borrow rf+50.0 bp,completed,results/20261004T003009-2f16c796/E4-double_cost-871549879f.csv,No OOS retuning; diagnostic not eligible for selection,False
E4-double_cost_base-647fff1428,2026-10-04T00:34:07.864889+00:00,f953cc6eadb2efb7f124791a8afd2815663fbf45083f58fe7e4fa892c609676c,26552dd9c109058ba93a75bb8ba5de1f6a85585b,e5f957a2b78b4a08cede2183cd59012f73beaffc38f0821d43bb458df08be222:5eb2ada6d8d007969c111064ae6c5de089e8bd61c0156cb49cc98484cea2b5d9,ensemble,"{""base"": ""minvar"", ""borrow_bps"": 50.0, ""cap"": 1.0, ""control"": ""event"", ""covariance_days"": 126, ""diagnostic"": ""double_cost_base"", ""family"": ""ensemble"", ""har_train_min"": 504, ""lookback"": 63, ""overlay"": false, ""static_exposure"": null, ""target"": 0.1, ""threshold"": 0.05, ""trial_id"": ""E4"", ""universe"": [""SPY"", ""TLT"", ""GLD""]}",development+reused_validation,10 bp risky purchases+sales; borrow rf+50.0 bp,started,results/20261004T003009-2f16c796/E4-double_cost_base-647fff1428.csv,Attempt retained even if process fails,False
E4-double_cost_base-647fff1428,2026-10-04T00:34:07.864889+00:00,f953cc6eadb2efb7f124791a8afd2815663fbf45083f58fe7e4fa892c609676c,26552dd9c109058ba93a75bb8ba5de1f6a85585b,e5f957a2b78b4a08cede2183cd59012f73beaffc38f0821d43bb458df08be222:5eb2ada6d8d007969c111064ae6c5de089e8bd61c0156cb49cc98484cea2b5d9,ensemble,"{""base"": ""minvar"", ""borrow_bps"": 50.0, ""cap"": 1.0, ""control"": ""event"", ""covariance_days"": 126, ""diagnostic"": ""double_cost_base"", ""family"": ""ensemble"", ""har_train_min"": 504, ""lookback"": 63, ""overlay"": false, ""static_exposure"": null, ""target"": 0.1, ""threshold"": 0.05, ""trial_id"": ""E4"", ""universe"": [""SPY"", ""TLT"", ""GLD""]}",development+reused_validation,10 bp risky purchases+sales; borrow rf+50.0 bp,completed,results/20261004T003009-2f16c796/E4-double_cost_base-647fff1428.csv,No OOS retuning; diagnostic not eligible for selection,False
E4-target_low-9dd8c0b5cc,2026-10-04T00:34:09.678714+00:00,f953cc6eadb2efb7f124791a8afd2815663fbf45083f58fe7e4fa892c609676c,26552dd9c109058ba93a75bb8ba5de1f6a85585b,e5f957a2b78b4a08cede2183cd59012f73beaffc38f0821d43bb458df08be222:5eb2ada6d8d007969c111064ae6c5de089e8bd61c0156cb49cc98484cea2b5d9,ensemble,"{""base"": ""minvar"", ""borrow_bps"": 50.0, ""cap"": 1.0, ""control"": ""event"", ""covariance_days"": 126, ""diagnostic"": ""target_low"", ""family"": ""ensemble"", ""har_train_min"": 504, ""lookback"": 63, ""overlay"": true, ""static_exposure"": null, ""target"": 0.09000000000000001, ""threshold"": 0.05, ""trial_id"": ""E4"", ""universe"": [""SPY"", ""TLT"", ""GLD""]}",development+reused_validation,5.0 bp risky purchases+sales; borrow rf+50.0 bp,started,results/20261004T003009-2f16c796/E4-target_low-9dd8c0b5cc.csv,Attempt retained even if process fails,False
E4-target_low-9dd8c0b5cc,2026-10-04T00:34:09.678714+00:00,f953cc6eadb2efb7f124791a8afd2815663fbf45083f58fe7e4fa892c609676c,26552dd9c109058ba93a75bb8ba5de1f6a85585b,e5f957a2b78b4a08cede2183cd59012f73beaffc38f0821d43bb458df08be222:5eb2ada6d8d007969c111064ae6c5de089e8bd61c0156cb49cc98484cea2b5d9,ensemble,"{""base"": ""minvar"", ""borrow_bps"": 50.0, ""cap"": 1.0, ""control"": ""event"", ""covariance_days"": 126, ""diagnostic"": ""target_low"", ""family"": ""ensemble"", ""har_train_min"": 504, ""lookback"": 63, ""overlay"": true, ""static_exposure"": null, ""target"": 0.09000000000000001, ""threshold"": 0.05, ""trial_id"": ""E4"", ""universe"": [""SPY"", ""TLT"", ""GLD""]}",development+reused_validation,5.0 bp risky purchases+sales; borrow rf+50.0 bp,completed,results/20261004T003009-2f16c796/E4-target_low-9dd8c0b5cc.csv,No OOS retuning; diagnostic not eligible for selection,False
E4-target_low_base-7434e6b4f7,2026-10-04T00:34:11.353732+00:00,f953cc6eadb2efb7f124791a8afd2815663fbf45083f58fe7e4fa892c609676c,26552dd9c109058ba93a75bb8ba5de1f6a85585b,e5f957a2b78b4a08cede2183cd59012f73beaffc38f0821d43bb458df08be222:5eb2ada6d8d007969c111064ae6c5de089e8bd61c0156cb49cc98484cea2b5d9,ensemble,"{""base"": ""minvar"", ""borrow_bps"": 50.0, ""cap"": 1.0, ""control"": ""event"", ""covariance_days"": 126, ""diagnostic"": ""target_low_base"", ""family"": ""ensemble"", ""har_train_min"": 504, ""lookback"": 63, ""overlay"": false, ""static_exposure"": null, ""target"": 0.09000000000000001, ""threshold"": 0.05, ""trial_id"": ""E4"", ""universe"": [""SPY"", ""TLT"", ""GLD""]}",development+reused_validation,5.0 bp risky purchases+sales; borrow rf+50.0 bp,started,results/20261004T003009-2f16c796/E4-target_low_base-7434e6b4f7.csv,Attempt retained even if process fails,False
E4-target_low_base-7434e6b4f7,2026-10-04T00:34:11.353732+00:00,f953cc6eadb2efb7f124791a8afd2815663fbf45083f58fe7e4fa892c609676c,26552dd9c109058ba93a75bb8ba5de1f6a85585b,e5f957a2b78b4a08cede2183cd59012f73beaffc38f0821d43bb458df08be222:5eb2ada6d8d007969c111064ae6c5de089e8bd61c0156cb49cc98484cea2b5d9,ensemble,"{""base"": ""minvar"", ""borrow_bps"": 50.0, ""cap"": 1.0, ""control"": ""event"", ""covariance_days"": 126, ""diagnostic"": ""target_low_base"", ""family"": ""ensemble"", ""har_train_min"": 504, ""lookback"": 63, ""overlay"": false, ""static_exposure"": null, ""target"": 0.09000000000000001, ""threshold"": 0.05, ""trial_id"": ""E4"", ""universe"": [""SPY"", ""TLT"", ""GLD""]}",development+reused_validation,5.0 bp risky purchases+sales; borrow rf+50.0 bp,completed,results/20261004T003009-2f16c796/E4-target_low_base-7434e6b4f7.csv,No OOS retuning; diagnostic not eligible for selection,False
E4-target_high-b4c02ad133,2026-10-04T00:34:12.989716+00:00,f953cc6eadb2efb7f124791a8afd2815663fbf45083f58fe7e4fa892c609676c,26552dd9c109058ba93a75bb8ba5de1f6a85585b,e5f957a2b78b4a08cede2183cd59012f73beaffc38f0821d43bb458df08be222:5eb2ada6d8d007969c111064ae6c5de089e8bd61c0156cb49cc98484cea2b5d9,ensemble,"{""base"": ""minvar"", ""borrow_bps"": 50.0, ""cap"": 1.0, ""control"": ""event"", ""covariance_days"": 126, ""diagnostic"": ""target_high"", ""family"": ""ensemble"", ""har_train_min"": 504, ""lookback"": 63, ""overlay"": true, ""static_exposure"": null, ""target"": 0.11, ""threshold"": 0.05, ""trial_id"": ""E4"", ""universe"": [""SPY"", ""TLT"", ""GLD""]}",development+reused_validation,5.0 bp risky purchases+sales; borrow rf+50.0 bp,started,results/20261004T003009-2f16c796/E4-target_high-b4c02ad133.csv,Attempt retained even if process fails,False
E4-target_high-b4c02ad133,2026-10-04T00:34:12.989716+00:00,f953cc6eadb2efb7f124791a8afd2815663fbf45083f58fe7e4fa892c609676c,26552dd9c109058ba93a75bb8ba5de1f6a85585b,e5f957a2b78b4a08cede2183cd59012f73beaffc38f0821d43bb458df08be222:5eb2ada6d8d007969c111064ae6c5de089e8bd61c0156cb49cc98484cea2b5d9,ensemble,"{""base"": ""minvar"", ""borrow_bps"": 50.0, ""cap"": 1.0, ""control"": ""event"", ""covariance_days"": 126, ""diagnostic"": ""target_high"", ""family"": ""ensemble"", ""har_train_min"": 504, ""lookback"": 63, ""overlay"": true, ""static_exposure"": null, ""target"": 0.11, ""threshold"": 0.05, ""trial_id"": ""E4"", ""universe"": [""SPY"", ""TLT"", ""GLD""]}",development+reused_validation,5.0 bp risky purchases+sales; borrow rf+50.0 bp,completed,results/20261004T003009-2f16c796/E4-target_high-b4c02ad133.csv,No OOS retuning; diagnostic not eligible for selection,False
E4-target_high_base-5583561094,2026-10-04T00:34:14.625801+00:00,f953cc6eadb2efb7f124791a8afd2815663fbf45083f58fe7e4fa892c609676c,26552dd9c109058ba93a75bb8ba5de1f6a85585b,e5f957a2b78b4a08cede2183cd59012f73beaffc38f0821d43bb458df08be222:5eb2ada6d8d007969c111064ae6c5de089e8bd61c0156cb49cc98484cea2b5d9,ensemble,"{""base"": ""minvar"", ""borrow_bps"": 50.0, ""cap"": 1.0, ""control"": ""event"", ""covariance_days"": 126, ""diagnostic"": ""target_high_base"", ""family"": ""ensemble"", ""har_train_min"": 504, ""lookback"": 63, ""overlay"": false, ""static_exposure"": null, ""target"": 0.11, ""threshold"": 0.05, ""trial_id"": ""E4"", ""universe"": [""SPY"", ""TLT"", ""GLD""]}",development+reused_validation,5.0 bp risky purchases+sales; borrow rf+50.0 bp,started,results/20261004T003009-2f16c796/E4-target_high_base-5583561094.csv,Attempt retained even if process fails,False
E4-target_high_base-5583561094,2026-10-04T00:34:14.625801+00:00,f953cc6eadb2efb7f124791a8afd2815663fbf45083f58fe7e4fa892c609676c,26552dd9c109058ba93a75bb8ba5de1f6a85585b,e5f957a2b78b4a08cede2183cd59012f73beaffc38f0821d43bb458df08be222:5eb2ada6d8d007969c111064ae6c5de089e8bd61c0156cb49cc98484cea2b5d9,ensemble,"{""base"": ""minvar"", ""borrow_bps"": 50.0, ""cap"": 1.0, ""control"": ""event"", ""covariance_days"": 126, ""diagnostic"": ""target_high_base"", ""family"": ""ensemble"", ""har_train_min"": 504, ""lookback"": 63, ""overlay"": false, ""static_exposure"": null, ""target"": 0.11, ""threshold"": 0.05, ""trial_id"": ""E4"", ""universe"": [""SPY"", ""TLT"", ""GLD""]}",development+reused_validation,5.0 bp risky purchases+sales; borrow rf+50.0 bp,completed,results/20261004T003009-2f16c796/E4-target_high_base-5583561094.csv,No OOS retuning; diagnostic not eligible for selection,False
E4-lookback_low-d6c9f037e6,2026-10-04T00:34:16.266550+00:00,f953cc6eadb2efb7f124791a8afd2815663fbf45083f58fe7e4fa892c609676c,26552dd9c109058ba93a75bb8ba5de1f6a85585b,e5f957a2b78b4a08cede2183cd59012f73beaffc38f0821d43bb458df08be222:5eb2ada6d8d007969c111064ae6c5de089e8bd61c0156cb49cc98484cea2b5d9,ensemble,"{""base"": ""minvar"", ""borrow_bps"": 50.0, ""cap"": 1.0, ""control"": ""event"", ""covariance_days"": 101, ""diagnostic"": ""lookback_low"", ""family"": ""ensemble"", ""har_train_min"": 403, ""lookback"": 50, ""overlay"": true, ""static_exposure"": null, ""target"": 0.1, ""threshold"": 0.05, ""trial_id"": ""E4"", ""universe"": [""SPY"", ""TLT"", ""GLD""]}",development+reused_validation,5.0 bp risky purchases+sales; borrow rf+50.0 bp,started,results/20261004T003009-2f16c796/E4-lookback_low-d6c9f037e6.csv,Attempt retained even if process fails,False
E4-lookback_low-d6c9f037e6,2026-10-04T00:34:16.266550+00:00,f953cc6eadb2efb7f124791a8afd2815663fbf45083f58fe7e4fa892c609676c,26552dd9c109058ba93a75bb8ba5de1f6a85585b,e5f957a2b78b4a08cede2183cd59012f73beaffc38f0821d43bb458df08be222:5eb2ada6d8d007969c111064ae6c5de089e8bd61c0156cb49cc98484cea2b5d9,ensemble,"{""base"": ""minvar"", ""borrow_bps"": 50.0, ""cap"": 1.0, ""control"": ""event"", ""covariance_days"": 101, ""diagnostic"": ""lookback_low"", ""family"": ""ensemble"", ""har_train_min"": 403, ""lookback"": 50, ""overlay"": true, ""static_exposure"": null, ""target"": 0.1, ""threshold"": 0.05, ""trial_id"": ""E4"", ""universe"": [""SPY"", ""TLT"", ""GLD""]}",development+reused_validation,5.0 bp risky purchases+sales; borrow rf+50.0 bp,completed,results/20261004T003009-2f16c796/E4-lookback_low-d6c9f037e6.csv,No OOS retuning; diagnostic not eligible for selection,False
E4-lookback_low_base-5943fa745d,2026-10-04T00:34:17.894615+00:00,f953cc6eadb2efb7f124791a8afd2815663fbf45083f58fe7e4fa892c609676c,26552dd9c109058ba93a75bb8ba5de1f6a85585b,e5f957a2b78b4a08cede2183cd59012f73beaffc38f0821d43bb458df08be222:5eb2ada6d8d007969c111064ae6c5de089e8bd61c0156cb49cc98484cea2b5d9,ensemble,"{""base"": ""minvar"", ""borrow_bps"": 50.0, ""cap"": 1.0, ""control"": ""event"", ""covariance_days"": 101, ""diagnostic"": ""lookback_low_base"", ""family"": ""ensemble"", ""har_train_min"": 403, ""lookback"": 50, ""overlay"": false, ""static_exposure"": null, ""target"": 0.1, ""threshold"": 0.05, ""trial_id"": ""E4"", ""universe"": [""SPY"", ""TLT"", ""GLD""]}",development+reused_validation,5.0 bp risky purchases+sales; borrow rf+50.0 bp,started,results/20261004T003009-2f16c796/E4-lookback_low_base-5943fa745d.csv,Attempt retained even if process fails,False
E4-lookback_low_base-5943fa745d,2026-10-04T00:34:17.894615+00:00,f953cc6eadb2efb7f124791a8afd2815663fbf45083f58fe7e4fa892c609676c,26552dd9c109058ba93a75bb8ba5de1f6a85585b,e5f957a2b78b4a08cede2183cd59012f73beaffc38f0821d43bb458df08be222:5eb2ada6d8d007969c111064ae6c5de089e8bd61c0156cb49cc98484cea2b5d9,ensemble,"{""base"": ""minvar"", ""borrow_bps"": 50.0, ""cap"": 1.0, ""control"": ""event"", ""covariance_days"": 101, ""diagnostic"": ""lookback_low_base"", ""family"": ""ensemble"", ""har_train_min"": 403, ""lookback"": 50, ""overlay"": false, ""static_exposure"": null, ""target"": 0.1, ""threshold"": 0.05, ""trial_id"": ""E4"", ""universe"": [""SPY"", ""TLT"", ""GLD""]}",development+reused_validation,5.0 bp risky purchases+sales; borrow rf+50.0 bp,completed,results/20261004T003009-2f16c796/E4-lookback_low_base-5943fa745d.csv,No OOS retuning; diagnostic not eligible for selection,False
E4-lookback_high-646135bce4,2026-10-04T00:34:19.564425+00:00,f953cc6eadb2efb7f124791a8afd2815663fbf45083f58fe7e4fa892c609676c,26552dd9c109058ba93a75bb8ba5de1f6a85585b,e5f957a2b78b4a08cede2183cd59012f73beaffc38f0821d43bb458df08be222:5eb2ada6d8d007969c111064ae6c5de089e8bd61c0156cb49cc98484cea2b5d9,ensemble,"{""base"": ""minvar"", ""borrow_bps"": 50.0, ""cap"": 1.0, ""control"": ""event"", ""covariance_days"": 151, ""diagnostic"": ""lookback_high"", ""family"": ""ensemble"", ""har_train_min"": 605, ""lookback"": 76, ""overlay"": true, ""static_exposure"": null, ""target"": 0.1, ""threshold"": 0.05, ""trial_id"": ""E4"", ""universe"": [""SPY"", ""TLT"", ""GLD""]}",development+reused_validation,5.0 bp risky purchases+sales; borrow rf+50.0 bp,started,results/20261004T003009-2f16c796/E4-lookback_high-646135bce4.csv,Attempt retained even if process fails,False
E4-lookback_high-646135bce4,2026-10-04T00:34:19.564425+00:00,f953cc6eadb2efb7f124791a8afd2815663fbf45083f58fe7e4fa892c609676c,26552dd9c109058ba93a75bb8ba5de1f6a85585b,e5f957a2b78b4a08cede2183cd59012f73beaffc38f0821d43bb458df08be222:5eb2ada6d8d007969c111064ae6c5de089e8bd61c0156cb49cc98484cea2b5d9,ensemble,"{""base"": ""minvar"", ""borrow_bps"": 50.0, ""cap"": 1.0, ""control"": ""event"", ""covariance_days"": 151, ""diagnostic"": ""lookback_high"", ""family"": ""ensemble"", ""har_train_min"": 605, ""lookback"": 76, ""overlay"": true, ""static_exposure"": null, ""target"": 0.1, ""threshold"": 0.05, ""trial_id"": ""E4"", ""universe"": [""SPY"", ""TLT"", ""GLD""]}",development+reused_validation,5.0 bp risky purchases+sales; borrow rf+50.0 bp,completed,results/20261004T003009-2f16c796/E4-lookback_high-646135bce4.csv,No OOS retuning; diagnostic not eligible for selection,False
E4-lookback_high_base-7055a03691,2026-10-04T00:34:21.198726+00:00,f953cc6eadb2efb7f124791a8afd2815663fbf45083f58fe7e4fa892c609676c,26552dd9c109058ba93a75bb8ba5de1f6a85585b,e5f957a2b78b4a08cede2183cd59012f73beaffc38f0821d43bb458df08be222:5eb2ada6d8d007969c111064ae6c5de089e8bd61c0156cb49cc98484cea2b5d9,ensemble,"{""base"": ""minvar"", ""borrow_bps"": 50.0, ""cap"": 1.0, ""control"": ""event"", ""covariance_days"": 151, ""diagnostic"": ""lookback_high_base"", ""family"": ""ensemble"", ""har_train_min"": 605, ""lookback"": 76, ""overlay"": false, ""static_exposure"": null, ""target"": 0.1, ""threshold"": 0.05, ""trial_id"": ""E4"", ""universe"": [""SPY"", ""TLT"", ""GLD""]}",development+reused_validation,5.0 bp risky purchases+sales; borrow rf+50.0 bp,started,results/20261004T003009-2f16c796/E4-lookback_high_base-7055a03691.csv,Attempt retained even if process fails,False
E4-lookback_high_base-7055a03691,2026-10-04T00:34:21.198726+00:00,f953cc6eadb2efb7f124791a8afd2815663fbf45083f58fe7e4fa892c609676c,26552dd9c109058ba93a75bb8ba5de1f6a85585b,e5f957a2b78b4a08cede2183cd59012f73beaffc38f0821d43bb458df08be222:5eb2ada6d8d007969c111064ae6c5de089e8bd61c0156cb49cc98484cea2b5d9,ensemble,"{""base"": ""minvar"", ""borrow_bps"": 50.0, ""cap"": 1.0, ""control"": ""event"", ""covariance_days"": 151, ""diagnostic"": ""lookback_high_base"", ""family"": ""ensemble"", ""har_train_min"": 605, ""lookback"": 76, ""overlay"": false, ""static_exposure"": null, ""target"": 0.1, ""threshold"": 0.05, ""trial_id"": ""E4"", ""universe"": [""SPY"", ""TLT"", ""GLD""]}",development+reused_validation,5.0 bp risky purchases+sales; borrow rf+50.0 bp,completed,results/20261004T003009-2f16c796/E4-lookback_high_base-7055a03691.csv,No OOS retuning; diagnostic not eligible for selection,False
E4-trigger_low-454e0a2dd9,2026-10-04T00:34:22.838143+00:00,f953cc6eadb2efb7f124791a8afd2815663fbf45083f58fe7e4fa892c609676c,26552dd9c109058ba93a75bb8ba5de1f6a85585b,e5f957a2b78b4a08cede2183cd59012f73beaffc38f0821d43bb458df08be222:5eb2ada6d8d007969c111064ae6c5de089e8bd61c0156cb49cc98484cea2b5d9,ensemble,"{""base"": ""minvar"", ""borrow_bps"": 50.0, ""cap"": 1.0, ""control"": ""event"", ""covariance_days"": 126, ""diagnostic"": ""trigger_low"", ""family"": ""ensemble"", ""har_train_min"": 504, ""lookback"": 63, ""overlay"": true, ""static_exposure"": null, ""target"": 0.1, ""threshold"": 0.04, ""trial_id"": ""E4"", ""universe"": [""SPY"", ""TLT"", ""GLD""]}",development+reused_validation,5.0 bp risky purchases+sales; borrow rf+50.0 bp,started,results/20261004T003009-2f16c796/E4-trigger_low-454e0a2dd9.csv,Attempt retained even if process fails,False
E4-trigger_low-454e0a2dd9,2026-10-04T00:34:22.838143+00:00,f953cc6eadb2efb7f124791a8afd2815663fbf45083f58fe7e4fa892c609676c,26552dd9c109058ba93a75bb8ba5de1f6a85585b,e5f957a2b78b4a08cede2183cd59012f73beaffc38f0821d43bb458df08be222:5eb2ada6d8d007969c111064ae6c5de089e8bd61c0156cb49cc98484cea2b5d9,ensemble,"{""base"": ""minvar"", ""borrow_bps"": 50.0, ""cap"": 1.0, ""control"": ""event"", ""covariance_days"": 126, ""diagnostic"": ""trigger_low"", ""family"": ""ensemble"", ""har_train_min"": 504, ""lookback"": 63, ""overlay"": true, ""static_exposure"": null, ""target"": 0.1, ""threshold"": 0.04, ""trial_id"": ""E4"", ""universe"": [""SPY"", ""TLT"", ""GLD""]}",development+reused_validation,5.0 bp risky purchases+sales; borrow rf+50.0 bp,completed,results/20261004T003009-2f16c796/E4-trigger_low-454e0a2dd9.csv,No OOS retuning; diagnostic not eligible for selection,False
E4-trigger_low_base-b62357dd65,2026-10-04T00:34:24.473537+00:00,f953cc6eadb2efb7f124791a8afd2815663fbf45083f58fe7e4fa892c609676c,26552dd9c109058ba93a75bb8ba5de1f6a85585b,e5f957a2b78b4a08cede2183cd59012f73beaffc38f0821d43bb458df08be222:5eb2ada6d8d007969c111064ae6c5de089e8bd61c0156cb49cc98484cea2b5d9,ensemble,"{""base"": ""minvar"", ""borrow_bps"": 50.0, ""cap"": 1.0, ""control"": ""event"", ""covariance_days"": 126, ""diagnostic"": ""trigger_low_base"", ""family"": ""ensemble"", ""har_train_min"": 504, ""lookback"": 63, ""overlay"": false, ""static_exposure"": null, ""target"": 0.1, ""threshold"": 0.04, ""trial_id"": ""E4"", ""universe"": [""SPY"", ""TLT"", ""GLD""]}",development+reused_validation,5.0 bp risky purchases+sales; borrow rf+50.0 bp,started,results/20261004T003009-2f16c796/E4-trigger_low_base-b62357dd65.csv,Attempt retained even if process fails,False
E4-trigger_low_base-b62357dd65,2026-10-04T00:34:24.473537+00:00,f953cc6eadb2efb7f124791a8afd2815663fbf45083f58fe7e4fa892c609676c,26552dd9c109058ba93a75bb8ba5de1f6a85585b,e5f957a2b78b4a08cede2183cd59012f73beaffc38f0821d43bb458df08be222:5eb2ada6d8d007969c111064ae6c5de089e8bd61c0156cb49cc98484cea2b5d9,ensemble,"{""base"": ""minvar"", ""borrow_bps"": 50.0, ""cap"": 1.0, ""control"": ""event"", ""covariance_days"": 126, ""diagnostic"": ""trigger_low_base"", ""family"": ""ensemble"", ""har_train_min"": 504, ""lookback"": 63, ""overlay"": false, ""static_exposure"": null, ""target"": 0.1, ""threshold"": 0.04, ""trial_id"": ""E4"", ""universe"": [""SPY"", ""TLT"", ""GLD""]}",development+reused_validation,5.0 bp risky purchases+sales; borrow rf+50.0 bp,completed,results/20261004T003009-2f16c796/E4-trigger_low_base-b62357dd65.csv,No OOS retuning; diagnostic not eligible for selection,False
E4-trigger_high-52398e27d6,2026-10-04T00:34:26.104267+00:00,f953cc6eadb2efb7f124791a8afd2815663fbf45083f58fe7e4fa892c609676c,26552dd9c109058ba93a75bb8ba5de1f6a85585b,e5f957a2b78b4a08cede2183cd59012f73beaffc38f0821d43bb458df08be222:5eb2ada6d8d007969c111064ae6c5de089e8bd61c0156cb49cc98484cea2b5d9,ensemble,"{""base"": ""minvar"", ""borrow_bps"": 50.0, ""cap"": 1.0, ""control"": ""event"", ""covariance_days"": 126, ""diagnostic"": ""trigger_high"", ""family"": ""ensemble"", ""har_train_min"": 504, ""lookback"": 63, ""overlay"": true, ""static_exposure"": null, ""target"": 0.1, ""threshold"": 0.06, ""trial_id"": ""E4"", ""universe"": [""SPY"", ""TLT"", ""GLD""]}",development+reused_validation,5.0 bp risky purchases+sales; borrow rf+50.0 bp,started,results/20261004T003009-2f16c796/E4-trigger_high-52398e27d6.csv,Attempt retained even if process fails,False
E4-trigger_high-52398e27d6,2026-10-04T00:34:26.104267+00:00,f953cc6eadb2efb7f124791a8afd2815663fbf45083f58fe7e4fa892c609676c,26552dd9c109058ba93a75bb8ba5de1f6a85585b,e5f957a2b78b4a08cede2183cd59012f73beaffc38f0821d43bb458df08be222:5eb2ada6d8d007969c111064ae6c5de089e8bd61c0156cb49cc98484cea2b5d9,ensemble,"{""base"": ""minvar"", ""borrow_bps"": 50.0, ""cap"": 1.0, ""control"": ""event"", ""covariance_days"": 126, ""diagnostic"": ""trigger_high"", ""family"": ""ensemble"", ""har_train_min"": 504, ""lookback"": 63, ""overlay"": true, ""static_exposure"": null, ""target"": 0.1, ""threshold"": 0.06, ""trial_id"": ""E4"", ""universe"": [""SPY"", ""TLT"", ""GLD""]}",development+reused_validation,5.0 bp risky purchases+sales; borrow rf+50.0 bp,completed,results/20261004T003009-2f16c796/E4-trigger_high-52398e27d6.csv,No OOS retuning; diagnostic not eligible for selection,False
E4-trigger_high_base-159214762b,2026-10-04T00:34:27.770061+00:00,f953cc6eadb2efb7f124791a8afd2815663fbf45083f58fe7e4fa892c609676c,26552dd9c109058ba93a75bb8ba5de1f6a85585b,e5f957a2b78b4a08cede2183cd59012f73beaffc38f0821d43bb458df08be222:5eb2ada6d8d007969c111064ae6c5de089e8bd61c0156cb49cc98484cea2b5d9,ensemble,"{""base"": ""minvar"", ""borrow_bps"": 50.0, ""cap"": 1.0, ""control"": ""event"", ""covariance_days"": 126, ""diagnostic"": ""trigger_high_base"", ""family"": ""ensemble"", ""har_train_min"": 504, ""lookback"": 63, ""overlay"": false, ""static_exposure"": null, ""target"": 0.1, ""threshold"": 0.06, ""trial_id"": ""E4"", ""universe"": [""SPY"", ""TLT"", ""GLD""]}",development+reused_validation,5.0 bp risky purchases+sales; borrow rf+50.0 bp,started,results/20261004T003009-2f16c796/E4-trigger_high_base-159214762b.csv,Attempt retained even if process fails,False
E4-trigger_high_base-159214762b,2026-10-04T00:34:27.770061+00:00,f953cc6eadb2efb7f124791a8afd2815663fbf45083f58fe7e4fa892c609676c,26552dd9c109058ba93a75bb8ba5de1f6a85585b,e5f957a2b78b4a08cede2183cd59012f73beaffc38f0821d43bb458df08be222:5eb2ada6d8d007969c111064ae6c5de089e8bd61c0156cb49cc98484cea2b5d9,ensemble,"{""base"": ""minvar"", ""borrow_bps"": 50.0, ""cap"": 1.0, ""control"": ""event"", ""covariance_days"": 126, ""diagnostic"": ""trigger_high_base"", ""family"": ""ensemble"", ""har_train_min"": 504, ""lookback"": 63, ""overlay"": false, ""static_exposure"": null, ""target"": 0.1, ""threshold"": 0.06, ""trial_id"": ""E4"", ""universe"": [""SPY"", ""TLT"", ""GLD""]}",development+reused_validation,5.0 bp risky purchases+sales; borrow rf+50.0 bp,completed,results/20261004T003009-2f16c796/E4-trigger_high_base-159214762b.csv,No OOS retuning; diagnostic not eligible for selection,False
E5-double_cost-3266bcb8c8,2026-10-04T00:34:29.450022+00:00,f953cc6eadb2efb7f124791a8afd2815663fbf45083f58fe7e4fa892c609676c,26552dd9c109058ba93a75bb8ba5de1f6a85585b,e5f957a2b78b4a08cede2183cd59012f73beaffc38f0821d43bb458df08be222:5eb2ada6d8d007969c111064ae6c5de089e8bd61c0156cb49cc98484cea2b5d9,ensemble,"{""base"": ""erc"", ""borrow_bps"": 50.0, ""cap"": 1.0, ""control"": ""event"", ""covariance_days"": 126, ""diagnostic"": ""double_cost"", ""family"": ""ensemble"", ""har_train_min"": 504, ""lookback"": 63, ""overlay"": true, ""static_exposure"": null, ""target"": 0.1, ""threshold"": 0.05, ""trial_id"": ""E5"", ""universe"": [""SPY"", ""TLT"", ""GLD""]}",development+reused_validation,10 bp risky purchases+sales; borrow rf+50.0 bp,started,results/20261004T003009-2f16c796/E5-double_cost-3266bcb8c8.csv,Attempt retained even if process fails,False
E5-double_cost-3266bcb8c8,2026-10-04T00:34:29.450022+00:00,f953cc6eadb2efb7f124791a8afd2815663fbf45083f58fe7e4fa892c609676c,26552dd9c109058ba93a75bb8ba5de1f6a85585b,e5f957a2b78b4a08cede2183cd59012f73beaffc38f0821d43bb458df08be222:5eb2ada6d8d007969c111064ae6c5de089e8bd61c0156cb49cc98484cea2b5d9,ensemble,"{""base"": ""erc"", ""borrow_bps"": 50.0, ""cap"": 1.0, ""control"": ""event"", ""covariance_days"": 126, ""diagnostic"": ""double_cost"", ""family"": ""ensemble"", ""har_train_min"": 504, ""lookback"": 63, ""overlay"": true, ""static_exposure"": null, ""target"": 0.1, ""threshold"": 0.05, ""trial_id"": ""E5"", ""universe"": [""SPY"", ""TLT"", ""GLD""]}",development+reused_validation,10 bp risky purchases+sales; borrow rf+50.0 bp,completed,results/20261004T003009-2f16c796/E5-double_cost-3266bcb8c8.csv,No OOS retuning; diagnostic not eligible for selection,False
E5-double_cost_base-835c61555b,2026-10-04T00:34:31.174078+00:00,f953cc6eadb2efb7f124791a8afd2815663fbf45083f58fe7e4fa892c609676c,26552dd9c109058ba93a75bb8ba5de1f6a85585b,e5f957a2b78b4a08cede2183cd59012f73beaffc38f0821d43bb458df08be222:5eb2ada6d8d007969c111064ae6c5de089e8bd61c0156cb49cc98484cea2b5d9,ensemble,"{""base"": ""erc"", ""borrow_bps"": 50.0, ""cap"": 1.0, ""control"": ""event"", ""covariance_days"": 126, ""diagnostic"": ""double_cost_base"", ""family"": ""ensemble"", ""har_train_min"": 504, ""lookback"": 63, ""overlay"": false, ""static_exposure"": null, ""target"": 0.1, ""threshold"": 0.05, ""trial_id"": ""E5"", ""universe"": [""SPY"", ""TLT"", ""GLD""]}",development+reused_validation,10 bp risky purchases+sales; borrow rf+50.0 bp,started,results/20261004T003009-2f16c796/E5-double_cost_base-835c61555b.csv,Attempt retained even if process fails,False
E5-double_cost_base-835c61555b,2026-10-04T00:34:31.174078+00:00,f953cc6eadb2efb7f124791a8afd2815663fbf45083f58fe7e4fa892c609676c,26552dd9c109058ba93a75bb8ba5de1f6a85585b,e5f957a2b78b4a08cede2183cd59012f73beaffc38f0821d43bb458df08be222:5eb2ada6d8d007969c111064ae6c5de089e8bd61c0156cb49cc98484cea2b5d9,ensemble,"{""base"": ""erc"", ""borrow_bps"": 50.0, ""cap"": 1.0, ""control"": ""event"", ""covariance_days"": 126, ""diagnostic"": ""double_cost_base"", ""family"": ""ensemble"", ""har_train_min"": 504, ""lookback"": 63, ""overlay"": false, ""static_exposure"": null, ""target"": 0.1, ""threshold"": 0.05, ""trial_id"": ""E5"", ""universe"": [""SPY"", ""TLT"", ""GLD""]}",development+reused_validation,10 bp risky purchases+sales; borrow rf+50.0 bp,completed,results/20261004T003009-2f16c796/E5-double_cost_base-835c61555b.csv,No OOS retuning; diagnostic not eligible for selection,False
E5-target_low-7dc57cda65,2026-10-04T00:34:33.064631+00:00,f953cc6eadb2efb7f124791a8afd2815663fbf45083f58fe7e4fa892c609676c,26552dd9c109058ba93a75bb8ba5de1f6a85585b,e5f957a2b78b4a08cede2183cd59012f73beaffc38f0821d43bb458df08be222:5eb2ada6d8d007969c111064ae6c5de089e8bd61c0156cb49cc98484cea2b5d9,ensemble,"{""base"": ""erc"", ""borrow_bps"": 50.0, ""cap"": 1.0, ""control"": ""event"", ""covariance_days"": 126, ""diagnostic"": ""target_low"", ""family"": ""ensemble"", ""har_train_min"": 504, ""lookback"": 63, ""overlay"": true, ""static_exposure"": null, ""target"": 0.09000000000000001, ""threshold"": 0.05, ""trial_id"": ""E5"", ""universe"": [""SPY"", ""TLT"", ""GLD""]}",development+reused_validation,5.0 bp risky purchases+sales; borrow rf+50.0 bp,started,results/20261004T003009-2f16c796/E5-target_low-7dc57cda65.csv,Attempt retained even if process fails,False
E5-target_low-7dc57cda65,2026-10-04T00:34:33.064631+00:00,f953cc6eadb2efb7f124791a8afd2815663fbf45083f58fe7e4fa892c609676c,26552dd9c109058ba93a75bb8ba5de1f6a85585b,e5f957a2b78b4a08cede2183cd59012f73beaffc38f0821d43bb458df08be222:5eb2ada6d8d007969c111064ae6c5de089e8bd61c0156cb49cc98484cea2b5d9,ensemble,"{""base"": ""erc"", ""borrow_bps"": 50.0, ""cap"": 1.0, ""control"": ""event"", ""covariance_days"": 126, ""diagnostic"": ""target_low"", ""family"": ""ensemble"", ""har_train_min"": 504, ""lookback"": 63, ""overlay"": true, ""static_exposure"": null, ""target"": 0.09000000000000001, ""threshold"": 0.05, ""trial_id"": ""E5"", ""universe"": [""SPY"", ""TLT"", ""GLD""]}",development+reused_validation,5.0 bp risky purchases+sales; borrow rf+50.0 bp,completed,results/20261004T003009-2f16c796/E5-target_low-7dc57cda65.csv,No OOS retuning; diagnostic not eligible for selection,False
E5-target_low_base-7b3c722c84,2026-10-04T00:34:34.850918+00:00,f953cc6eadb2efb7f124791a8afd2815663fbf45083f58fe7e4fa892c609676c,26552dd9c109058ba93a75bb8ba5de1f6a85585b,e5f957a2b78b4a08cede2183cd59012f73beaffc38f0821d43bb458df08be222:5eb2ada6d8d007969c111064ae6c5de089e8bd61c0156cb49cc98484cea2b5d9,ensemble,"{""base"": ""erc"", ""borrow_bps"": 50.0, ""cap"": 1.0, ""control"": ""event"", ""covariance_days"": 126, ""diagnostic"": ""target_low_base"", ""family"": ""ensemble"", ""har_train_min"": 504, ""lookback"": 63, ""overlay"": false, ""static_exposure"": null, ""target"": 0.09000000000000001, ""threshold"": 0.05, ""trial_id"": ""E5"", ""universe"": [""SPY"", ""TLT"", ""GLD""]}",development+reused_validation,5.0 bp risky purchases+sales; borrow rf+50.0 bp,started,results/20261004T003009-2f16c796/E5-target_low_base-7b3c722c84.csv,Attempt retained even if process fails,False
E5-target_low_base-7b3c722c84,2026-10-04T00:34:34.850918+00:00,f953cc6eadb2efb7f124791a8afd2815663fbf45083f58fe7e4fa892c609676c,26552dd9c109058ba93a75bb8ba5de1f6a85585b,e5f957a2b78b4a08cede2183cd59012f73beaffc38f0821d43bb458df08be222:5eb2ada6d8d007969c111064ae6c5de089e8bd61c0156cb49cc98484cea2b5d9,ensemble,"{""base"": ""erc"", ""borrow_bps"": 50.0, ""cap"": 1.0, ""control"": ""event"", ""covariance_days"": 126, ""diagnostic"": ""target_low_base"", ""family"": ""ensemble"", ""har_train_min"": 504, ""lookback"": 63, ""overlay"": false, ""static_exposure"": null, ""target"": 0.09000000000000001, ""threshold"": 0.05, ""trial_id"": ""E5"", ""universe"": [""SPY"", ""TLT"", ""GLD""]}",development+reused_validation,5.0 bp risky purchases+sales; borrow rf+50.0 bp,completed,results/20261004T003009-2f16c796/E5-target_low_base-7b3c722c84.csv,No OOS retuning; diagnostic not eligible for selection,False
E5-target_high-fd8edf6a36,2026-10-04T00:34:36.676442+00:00,f953cc6eadb2efb7f124791a8afd2815663fbf45083f58fe7e4fa892c609676c,26552dd9c109058ba93a75bb8ba5de1f6a85585b,e5f957a2b78b4a08cede2183cd59012f73beaffc38f0821d43bb458df08be222:5eb2ada6d8d007969c111064ae6c5de089e8bd61c0156cb49cc98484cea2b5d9,ensemble,"{""base"": ""erc"", ""borrow_bps"": 50.0, ""cap"": 1.0, ""control"": ""event"", ""covariance_days"": 126, ""diagnostic"": ""target_high"", ""family"": ""ensemble"", ""har_train_min"": 504, ""lookback"": 63, ""overlay"": true, ""static_exposure"": null, ""target"": 0.11, ""threshold"": 0.05, ""trial_id"": ""E5"", ""universe"": [""SPY"", ""TLT"", ""GLD""]}",development+reused_validation,5.0 bp risky purchases+sales; borrow rf+50.0 bp,started,results/20261004T003009-2f16c796/E5-target_high-fd8edf6a36.csv,Attempt retained even if process fails,False
E5-target_high-fd8edf6a36,2026-10-04T00:34:36.676442+00:00,f953cc6eadb2efb7f124791a8afd2815663fbf45083f58fe7e4fa892c609676c,26552dd9c109058ba93a75bb8ba5de1f6a85585b,e5f957a2b78b4a08cede2183cd59012f73beaffc38f0821d43bb458df08be222:5eb2ada6d8d007969c111064ae6c5de089e8bd61c0156cb49cc98484cea2b5d9,ensemble,"{""base"": ""erc"", ""borrow_bps"": 50.0, ""cap"": 1.0, ""control"": ""event"", ""covariance_days"": 126, ""diagnostic"": ""target_high"", ""family"": ""ensemble"", ""har_train_min"": 504, ""lookback"": 63, ""overlay"": true, ""static_exposure"": null, ""target"": 0.11, ""threshold"": 0.05, ""trial_id"": ""E5"", ""universe"": [""SPY"", ""TLT"", ""GLD""]}",development+reused_validation,5.0 bp risky purchases+sales; borrow rf+50.0 bp,completed,results/20261004T003009-2f16c796/E5-target_high-fd8edf6a36.csv,No OOS retuning; diagnostic not eligible for selection,False
E5-target_high_base-3dca8cc085,2026-10-04T00:34:38.489060+00:00,f953cc6eadb2efb7f124791a8afd2815663fbf45083f58fe7e4fa892c609676c,26552dd9c109058ba93a75bb8ba5de1f6a85585b,e5f957a2b78b4a08cede2183cd59012f73beaffc38f0821d43bb458df08be222:5eb2ada6d8d007969c111064ae6c5de089e8bd61c0156cb49cc98484cea2b5d9,ensemble,"{""base"": ""erc"", ""borrow_bps"": 50.0, ""cap"": 1.0, ""control"": ""event"", ""covariance_days"": 126, ""diagnostic"": ""target_high_base"", ""family"": ""ensemble"", ""har_train_min"": 504, ""lookback"": 63, ""overlay"": false, ""static_exposure"": null, ""target"": 0.11, ""threshold"": 0.05, ""trial_id"": ""E5"", ""universe"": [""SPY"", ""TLT"", ""GLD""]}",development+reused_validation,5.0 bp risky purchases+sales; borrow rf+50.0 bp,started,results/20261004T003009-2f16c796/E5-target_high_base-3dca8cc085.csv,Attempt retained even if process fails,False
E5-target_high_base-3dca8cc085,2026-10-04T00:34:38.489060+00:00,f953cc6eadb2efb7f124791a8afd2815663fbf45083f58fe7e4fa892c609676c,26552dd9c109058ba93a75bb8ba5de1f6a85585b,e5f957a2b78b4a08cede2183cd59012f73beaffc38f0821d43bb458df08be222:5eb2ada6d8d007969c111064ae6c5de089e8bd61c0156cb49cc98484cea2b5d9,ensemble,"{""base"": ""erc"", ""borrow_bps"": 50.0, ""cap"": 1.0, ""control"": ""event"", ""covariance_days"": 126, ""diagnostic"": ""target_high_base"", ""family"": ""ensemble"", ""har_train_min"": 504, ""lookback"": 63, ""overlay"": false, ""static_exposure"": null, ""target"": 0.11, ""threshold"": 0.05, ""trial_id"": ""E5"", ""universe"": [""SPY"", ""TLT"", ""GLD""]}",development+reused_validation,5.0 bp risky purchases+sales; borrow rf+50.0 bp,completed,results/20261004T003009-2f16c796/E5-target_high_base-3dca8cc085.csv,No OOS retuning; diagnostic not eligible for selection,False
E5-lookback_low-c8e0ae0958,2026-10-04T00:34:40.243312+00:00,f953cc6eadb2efb7f124791a8afd2815663fbf45083f58fe7e4fa892c609676c,26552dd9c109058ba93a75bb8ba5de1f6a85585b,e5f957a2b78b4a08cede2183cd59012f73beaffc38f0821d43bb458df08be222:5eb2ada6d8d007969c111064ae6c5de089e8bd61c0156cb49cc98484cea2b5d9,ensemble,"{""base"": ""erc"", ""borrow_bps"": 50.0, ""cap"": 1.0, ""control"": ""event"", ""covariance_days"": 101, ""diagnostic"": ""lookback_low"", ""family"": ""ensemble"", ""har_train_min"": 403, ""lookback"": 50, ""overlay"": true, ""static_exposure"": null, ""target"": 0.1, ""threshold"": 0.05, ""trial_id"": ""E5"", ""universe"": [""SPY"", ""TLT"", ""GLD""]}",development+reused_validation,5.0 bp risky purchases+sales; borrow rf+50.0 bp,started,results/20261004T003009-2f16c796/E5-lookback_low-c8e0ae0958.csv,Attempt retained even if process fails,False
E5-lookback_low-c8e0ae0958,2026-10-04T00:34:40.243312+00:00,f953cc6eadb2efb7f124791a8afd2815663fbf45083f58fe7e4fa892c609676c,26552dd9c109058ba93a75bb8ba5de1f6a85585b,e5f957a2b78b4a08cede2183cd59012f73beaffc38f0821d43bb458df08be222:5eb2ada6d8d007969c111064ae6c5de089e8bd61c0156cb49cc98484cea2b5d9,ensemble,"{""base"": ""erc"", ""borrow_bps"": 50.0, ""cap"": 1.0, ""control"": ""event"", ""covariance_days"": 101, ""diagnostic"": ""lookback_low"", ""family"": ""ensemble"", ""har_train_min"": 403, ""lookback"": 50, ""overlay"": true, ""static_exposure"": null, ""target"": 0.1, ""threshold"": 0.05, ""trial_id"": ""E5"", ""universe"": [""SPY"", ""TLT"", ""GLD""]}",development+reused_validation,5.0 bp risky purchases+sales; borrow rf+50.0 bp,completed,results/20261004T003009-2f16c796/E5-lookback_low-c8e0ae0958.csv,No OOS retuning; diagnostic not eligible for selection,False
E5-lookback_low_base-996b292634,2026-10-04T00:34:41.949315+00:00,f953cc6eadb2efb7f124791a8afd2815663fbf45083f58fe7e4fa892c609676c,26552dd9c109058ba93a75bb8ba5de1f6a85585b,e5f957a2b78b4a08cede2183cd59012f73beaffc38f0821d43bb458df08be222:5eb2ada6d8d007969c111064ae6c5de089e8bd61c0156cb49cc98484cea2b5d9,ensemble,"{""base"": ""erc"", ""borrow_bps"": 50.0, ""cap"": 1.0, ""control"": ""event"", ""covariance_days"": 101, ""diagnostic"": ""lookback_low_base"", ""family"": ""ensemble"", ""har_train_min"": 403, ""lookback"": 50, ""overlay"": false, ""static_exposure"": null, ""target"": 0.1, ""threshold"": 0.05, ""trial_id"": ""E5"", ""universe"": [""SPY"", ""TLT"", ""GLD""]}",development+reused_validation,5.0 bp risky purchases+sales; borrow rf+50.0 bp,started,results/20261004T003009-2f16c796/E5-lookback_low_base-996b292634.csv,Attempt retained even if process fails,False
E5-lookback_low_base-996b292634,2026-10-04T00:34:41.949315+00:00,f953cc6eadb2efb7f124791a8afd2815663fbf45083f58fe7e4fa892c609676c,26552dd9c109058ba93a75bb8ba5de1f6a85585b,e5f957a2b78b4a08cede2183cd59012f73beaffc38f0821d43bb458df08be222:5eb2ada6d8d007969c111064ae6c5de089e8bd61c0156cb49cc98484cea2b5d9,ensemble,"{""base"": ""erc"", ""borrow_bps"": 50.0, ""cap"": 1.0, ""control"": ""event"", ""covariance_days"": 101, ""diagnostic"": ""lookback_low_base"", ""family"": ""ensemble"", ""har_train_min"": 403, ""lookback"": 50, ""overlay"": false, ""static_exposure"": null, ""target"": 0.1, ""threshold"": 0.05, ""trial_id"": ""E5"", ""universe"": [""SPY"", ""TLT"", ""GLD""]}",development+reused_validation,5.0 bp risky purchases+sales; borrow rf+50.0 bp,completed,results/20261004T003009-2f16c796/E5-lookback_low_base-996b292634.csv,No OOS retuning; diagnostic not eligible for selection,False
E5-lookback_high-20859a74a1,2026-10-04T00:34:43.690692+00:00,f953cc6eadb2efb7f124791a8afd2815663fbf45083f58fe7e4fa892c609676c,26552dd9c109058ba93a75bb8ba5de1f6a85585b,e5f957a2b78b4a08cede2183cd59012f73beaffc38f0821d43bb458df08be222:5eb2ada6d8d007969c111064ae6c5de089e8bd61c0156cb49cc98484cea2b5d9,ensemble,"{""base"": ""erc"", ""borrow_bps"": 50.0, ""cap"": 1.0, ""control"": ""event"", ""covariance_days"": 151, ""diagnostic"": ""lookback_high"", ""family"": ""ensemble"", ""har_train_min"": 605, ""lookback"": 76, ""overlay"": true, ""static_exposure"": null, ""target"": 0.1, ""threshold"": 0.05, ""trial_id"": ""E5"", ""universe"": [""SPY"", ""TLT"", ""GLD""]}",development+reused_validation,5.0 bp risky purchases+sales; borrow rf+50.0 bp,started,results/20261004T003009-2f16c796/E5-lookback_high-20859a74a1.csv,Attempt retained even if process fails,False
E5-lookback_high-20859a74a1,2026-10-04T00:34:43.690692+00:00,f953cc6eadb2efb7f124791a8afd2815663fbf45083f58fe7e4fa892c609676c,26552dd9c109058ba93a75bb8ba5de1f6a85585b,e5f957a2b78b4a08cede2183cd59012f73beaffc38f0821d43bb458df08be222:5eb2ada6d8d007969c111064ae6c5de089e8bd61c0156cb49cc98484cea2b5d9,ensemble,"{""base"": ""erc"", ""borrow_bps"": 50.0, ""cap"": 1.0, ""control"": ""event"", ""covariance_days"": 151, ""diagnostic"": ""lookback_high"", ""family"": ""ensemble"", ""har_train_min"": 605, ""lookback"": 76, ""overlay"": true, ""static_exposure"": null, ""target"": 0.1, ""threshold"": 0.05, ""trial_id"": ""E5"", ""universe"": [""SPY"", ""TLT"", ""GLD""]}",development+reused_validation,5.0 bp risky purchases+sales; borrow rf+50.0 bp,completed,results/20261004T003009-2f16c796/E5-lookback_high-20859a74a1.csv,No OOS retuning; diagnostic not eligible for selection,False
E5-lookback_high_base-8038ae0d02,2026-10-04T00:34:45.399973+00:00,f953cc6eadb2efb7f124791a8afd2815663fbf45083f58fe7e4fa892c609676c,26552dd9c109058ba93a75bb8ba5de1f6a85585b,e5f957a2b78b4a08cede2183cd59012f73beaffc38f0821d43bb458df08be222:5eb2ada6d8d007969c111064ae6c5de089e8bd61c0156cb49cc98484cea2b5d9,ensemble,"{""base"": ""erc"", ""borrow_bps"": 50.0, ""cap"": 1.0, ""control"": ""event"", ""covariance_days"": 151, ""diagnostic"": ""lookback_high_base"", ""family"": ""ensemble"", ""har_train_min"": 605, ""lookback"": 76, ""overlay"": false, ""static_exposure"": null, ""target"": 0.1, ""threshold"": 0.05, ""trial_id"": ""E5"", ""universe"": [""SPY"", ""TLT"", ""GLD""]}",development+reused_validation,5.0 bp risky purchases+sales; borrow rf+50.0 bp,started,results/20261004T003009-2f16c796/E5-lookback_high_base-8038ae0d02.csv,Attempt retained even if process fails,False
E5-lookback_high_base-8038ae0d02,2026-10-04T00:34:45.399973+00:00,f953cc6eadb2efb7f124791a8afd2815663fbf45083f58fe7e4fa892c609676c,26552dd9c109058ba93a75bb8ba5de1f6a85585b,e5f957a2b78b4a08cede2183cd59012f73beaffc38f0821d43bb458df08be222:5eb2ada6d8d007969c111064ae6c5de089e8bd61c0156cb49cc98484cea2b5d9,ensemble,"{""base"": ""erc"", ""borrow_bps"": 50.0, ""cap"": 1.0, ""control"": ""event"", ""covariance_days"": 151, ""diagnostic"": ""lookback_high_base"", ""family"": ""ensemble"", ""har_train_min"": 605, ""lookback"": 76, ""overlay"": false, ""static_exposure"": null, ""target"": 0.1, ""threshold"": 0.05, ""trial_id"": ""E5"", ""universe"": [""SPY"", ""TLT"", ""GLD""]}",development+reused_validation,5.0 bp risky purchases+sales; borrow rf+50.0 bp,completed,results/20261004T003009-2f16c796/E5-lookback_high_base-8038ae0d02.csv,No OOS retuning; diagnostic not eligible for selection,False
E5-trigger_low-94e8779096,2026-10-04T00:34:47.121410+00:00,f953cc6eadb2efb7f124791a8afd2815663fbf45083f58fe7e4fa892c609676c,26552dd9c109058ba93a75bb8ba5de1f6a85585b,e5f957a2b78b4a08cede2183cd59012f73beaffc38f0821d43bb458df08be222:5eb2ada6d8d007969c111064ae6c5de089e8bd61c0156cb49cc98484cea2b5d9,ensemble,"{""base"": ""erc"", ""borrow_bps"": 50.0, ""cap"": 1.0, ""control"": ""event"", ""covariance_days"": 126, ""diagnostic"": ""trigger_low"", ""family"": ""ensemble"", ""har_train_min"": 504, ""lookback"": 63, ""overlay"": true, ""static_exposure"": null, ""target"": 0.1, ""threshold"": 0.04, ""trial_id"": ""E5"", ""universe"": [""SPY"", ""TLT"", ""GLD""]}",development+reused_validation,5.0 bp risky purchases+sales; borrow rf+50.0 bp,started,results/20261004T003009-2f16c796/E5-trigger_low-94e8779096.csv,Attempt retained even if process fails,False
E5-trigger_low-94e8779096,2026-10-04T00:34:47.121410+00:00,f953cc6eadb2efb7f124791a8afd2815663fbf45083f58fe7e4fa892c609676c,26552dd9c109058ba93a75bb8ba5de1f6a85585b,e5f957a2b78b4a08cede2183cd59012f73beaffc38f0821d43bb458df08be222:5eb2ada6d8d007969c111064ae6c5de089e8bd61c0156cb49cc98484cea2b5d9,ensemble,"{""base"": ""erc"", ""borrow_bps"": 50.0, ""cap"": 1.0, ""control"": ""event"", ""covariance_days"": 126, ""diagnostic"": ""trigger_low"", ""family"": ""ensemble"", ""har_train_min"": 504, ""lookback"": 63, ""overlay"": true, ""static_exposure"": null, ""target"": 0.1, ""threshold"": 0.04, ""trial_id"": ""E5"", ""universe"": [""SPY"", ""TLT"", ""GLD""]}",development+reused_validation,5.0 bp risky purchases+sales; borrow rf+50.0 bp,completed,results/20261004T003009-2f16c796/E5-trigger_low-94e8779096.csv,No OOS retuning; diagnostic not eligible for selection,False
E5-trigger_low_base-52e4148f91,2026-10-04T00:34:48.843077+00:00,f953cc6eadb2efb7f124791a8afd2815663fbf45083f58fe7e4fa892c609676c,26552dd9c109058ba93a75bb8ba5de1f6a85585b,e5f957a2b78b4a08cede2183cd59012f73beaffc38f0821d43bb458df08be222:5eb2ada6d8d007969c111064ae6c5de089e8bd61c0156cb49cc98484cea2b5d9,ensemble,"{""base"": ""erc"", ""borrow_bps"": 50.0, ""cap"": 1.0, ""control"": ""event"", ""covariance_days"": 126, ""diagnostic"": ""trigger_low_base"", ""family"": ""ensemble"", ""har_train_min"": 504, ""lookback"": 63, ""overlay"": false, ""static_exposure"": null, ""target"": 0.1, ""threshold"": 0.04, ""trial_id"": ""E5"", ""universe"": [""SPY"", ""TLT"", ""GLD""]}",development+reused_validation,5.0 bp risky purchases+sales; borrow rf+50.0 bp,started,results/20261004T003009-2f16c796/E5-trigger_low_base-52e4148f91.csv,Attempt retained even if process fails,False
E5-trigger_low_base-52e4148f91,2026-10-04T00:34:48.843077+00:00,f953cc6eadb2efb7f124791a8afd2815663fbf45083f58fe7e4fa892c609676c,26552dd9c109058ba93a75bb8ba5de1f6a85585b,e5f957a2b78b4a08cede2183cd59012f73beaffc38f0821d43bb458df08be222:5eb2ada6d8d007969c111064ae6c5de089e8bd61c0156cb49cc98484cea2b5d9,ensemble,"{""base"": ""erc"", ""borrow_bps"": 50.0, ""cap"": 1.0, ""control"": ""event"", ""covariance_days"": 126, ""diagnostic"": ""trigger_low_base"", ""family"": ""ensemble"", ""har_train_min"": 504, ""lookback"": 63, ""overlay"": false, ""static_exposure"": null, ""target"": 0.1, ""threshold"": 0.04, ""trial_id"": ""E5"", ""universe"": [""SPY"", ""TLT"", ""GLD""]}",development+reused_validation,5.0 bp risky purchases+sales; borrow rf+50.0 bp,completed,results/20261004T003009-2f16c796/E5-trigger_low_base-52e4148f91.csv,No OOS retuning; diagnostic not eligible for selection,False
E5-trigger_high-db95203d74,2026-10-04T00:34:50.552370+00:00,f953cc6eadb2efb7f124791a8afd2815663fbf45083f58fe7e4fa892c609676c,26552dd9c109058ba93a75bb8ba5de1f6a85585b,e5f957a2b78b4a08cede2183cd59012f73beaffc38f0821d43bb458df08be222:5eb2ada6d8d007969c111064ae6c5de089e8bd61c0156cb49cc98484cea2b5d9,ensemble,"{""base"": ""erc"", ""borrow_bps"": 50.0, ""cap"": 1.0, ""control"": ""event"", ""covariance_days"": 126, ""diagnostic"": ""trigger_high"", ""family"": ""ensemble"", ""har_train_min"": 504, ""lookback"": 63, ""overlay"": true, ""static_exposure"": null, ""target"": 0.1, ""threshold"": 0.06, ""trial_id"": ""E5"", ""universe"": [""SPY"", ""TLT"", ""GLD""]}",development+reused_validation,5.0 bp risky purchases+sales; borrow rf+50.0 bp,started,results/20261004T003009-2f16c796/E5-trigger_high-db95203d74.csv,Attempt retained even if process fails,False
E5-trigger_high-db95203d74,2026-10-04T00:34:50.552370+00:00,f953cc6eadb2efb7f124791a8afd2815663fbf45083f58fe7e4fa892c609676c,26552dd9c109058ba93a75bb8ba5de1f6a85585b,e5f957a2b78b4a08cede2183cd59012f73beaffc38f0821d43bb458df08be222:5eb2ada6d8d007969c111064ae6c5de089e8bd61c0156cb49cc98484cea2b5d9,ensemble,"{""base"": ""erc"", ""borrow_bps"": 50.0, ""cap"": 1.0, ""control"": ""event"", ""covariance_days"": 126, ""diagnostic"": ""trigger_high"", ""family"": ""ensemble"", ""har_train_min"": 504, ""lookback"": 63, ""overlay"": true, ""static_exposure"": null, ""target"": 0.1, ""threshold"": 0.06, ""trial_id"": ""E5"", ""universe"": [""SPY"", ""TLT"", ""GLD""]}",development+reused_validation,5.0 bp risky purchases+sales; borrow rf+50.0 bp,completed,results/20261004T003009-2f16c796/E5-trigger_high-db95203d74.csv,No OOS retuning; diagnostic not eligible for selection,False
E5-trigger_high_base-5c56c42f80,2026-10-04T00:34:52.307037+00:00,f953cc6eadb2efb7f124791a8afd2815663fbf45083f58fe7e4fa892c609676c,26552dd9c109058ba93a75bb8ba5de1f6a85585b,e5f957a2b78b4a08cede2183cd59012f73beaffc38f0821d43bb458df08be222:5eb2ada6d8d007969c111064ae6c5de089e8bd61c0156cb49cc98484cea2b5d9,ensemble,"{""base"": ""erc"", ""borrow_bps"": 50.0, ""cap"": 1.0, ""control"": ""event"", ""covariance_days"": 126, ""diagnostic"": ""trigger_high_base"", ""family"": ""ensemble"", ""har_train_min"": 504, ""lookback"": 63, ""overlay"": false, ""static_exposure"": null, ""target"": 0.1, ""threshold"": 0.06, ""trial_id"": ""E5"", ""universe"": [""SPY"", ""TLT"", ""GLD""]}",development+reused_validation,5.0 bp risky purchases+sales; borrow rf+50.0 bp,started,results/20261004T003009-2f16c796/E5-trigger_high_base-5c56c42f80.csv,Attempt retained even if process fails,False
E5-trigger_high_base-5c56c42f80,2026-10-04T00:34:52.307037+00:00,f953cc6eadb2efb7f124791a8afd2815663fbf45083f58fe7e4fa892c609676c,26552dd9c109058ba93a75bb8ba5de1f6a85585b,e5f957a2b78b4a08cede2183cd59012f73beaffc38f0821d43bb458df08be222:5eb2ada6d8d007969c111064ae6c5de089e8bd61c0156cb49cc98484cea2b5d9,ensemble,"{""base"": ""erc"", ""borrow_bps"": 50.0, ""cap"": 1.0, ""control"": ""event"", ""covariance_days"": 126, ""diagnostic"": ""trigger_high_base"", ""family"": ""ensemble"", ""har_train_min"": 504, ""lookback"": 63, ""overlay"": false, ""static_exposure"": null, ""target"": 0.1, ""threshold"": 0.06, ""trial_id"": ""E5"", ""universe"": [""SPY"", ""TLT"", ""GLD""]}",development+reused_validation,5.0 bp risky purchases+sales; borrow rf+50.0 bp,completed,results/20261004T003009-2f16c796/E5-trigger_high_base-5c56c42f80.csv,No OOS retuning; diagnostic not eligible for selection,False
E6-double_cost-7e7dc6667d,2026-10-04T00:34:54.074080+00:00,f953cc6eadb2efb7f124791a8afd2815663fbf45083f58fe7e4fa892c609676c,26552dd9c109058ba93a75bb8ba5de1f6a85585b,e5f957a2b78b4a08cede2183cd59012f73beaffc38f0821d43bb458df08be222:5eb2ada6d8d007969c111064ae6c5de089e8bd61c0156cb49cc98484cea2b5d9,ensemble,"{""base"": ""erc"", ""borrow_bps"": 50.0, ""cap"": 1.0, ""control"": ""event"", ""covariance_days"": 126, ""diagnostic"": ""double_cost"", ""family"": ""ensemble"", ""har_train_min"": 504, ""lookback"": 63, ""overlay"": true, ""static_exposure"": null, ""target"": 0.1, ""threshold"": 0.05, ""trial_id"": ""E6"", ""universe"": [""QQQ"", ""IWM"", ""HYG"", ""TLT"", ""GLD"", ""DBC""]}",development+reused_validation,10 bp risky purchases+sales; borrow rf+50.0 bp,started,results/20261004T003009-2f16c796/E6-double_cost-7e7dc6667d.csv,Attempt retained even if process fails,False
E6-double_cost-7e7dc6667d,2026-10-04T00:34:54.074080+00:00,f953cc6eadb2efb7f124791a8afd2815663fbf45083f58fe7e4fa892c609676c,26552dd9c109058ba93a75bb8ba5de1f6a85585b,e5f957a2b78b4a08cede2183cd59012f73beaffc38f0821d43bb458df08be222:5eb2ada6d8d007969c111064ae6c5de089e8bd61c0156cb49cc98484cea2b5d9,ensemble,"{""base"": ""erc"", ""borrow_bps"": 50.0, ""cap"": 1.0, ""control"": ""event"", ""covariance_days"": 126, ""diagnostic"": ""double_cost"", ""family"": ""ensemble"", ""har_train_min"": 504, ""lookback"": 63, ""overlay"": true, ""static_exposure"": null, ""target"": 0.1, ""threshold"": 0.05, ""trial_id"": ""E6"", ""universe"": [""QQQ"", ""IWM"", ""HYG"", ""TLT"", ""GLD"", ""DBC""]}",development+reused_validation,10 bp risky purchases+sales; borrow rf+50.0 bp,completed,results/20261004T003009-2f16c796/E6-double_cost-7e7dc6667d.csv,No OOS retuning; diagnostic not eligible for selection,False
E6-double_cost_base-8ca70f051f,2026-10-04T00:34:56.508160+00:00,f953cc6eadb2efb7f124791a8afd2815663fbf45083f58fe7e4fa892c609676c,26552dd9c109058ba93a75bb8ba5de1f6a85585b,e5f957a2b78b4a08cede2183cd59012f73beaffc38f0821d43bb458df08be222:5eb2ada6d8d007969c111064ae6c5de089e8bd61c0156cb49cc98484cea2b5d9,ensemble,"{""base"": ""erc"", ""borrow_bps"": 50.0, ""cap"": 1.0, ""control"": ""event"", ""covariance_days"": 126, ""diagnostic"": ""double_cost_base"", ""family"": ""ensemble"", ""har_train_min"": 504, ""lookback"": 63, ""overlay"": false, ""static_exposure"": null, ""target"": 0.1, ""threshold"": 0.05, ""trial_id"": ""E6"", ""universe"": [""QQQ"", ""IWM"", ""HYG"", ""TLT"", ""GLD"", ""DBC""]}",development+reused_validation,10 bp risky purchases+sales; borrow rf+50.0 bp,started,results/20261004T003009-2f16c796/E6-double_cost_base-8ca70f051f.csv,Attempt retained even if process fails,False
E6-double_cost_base-8ca70f051f,2026-10-04T00:34:56.508160+00:00,f953cc6eadb2efb7f124791a8afd2815663fbf45083f58fe7e4fa892c609676c,26552dd9c109058ba93a75bb8ba5de1f6a85585b,e5f957a2b78b4a08cede2183cd59012f73beaffc38f0821d43bb458df08be222:5eb2ada6d8d007969c111064ae6c5de089e8bd61c0156cb49cc98484cea2b5d9,ensemble,"{""base"": ""erc"", ""borrow_bps"": 50.0, ""cap"": 1.0, ""control"": ""event"", ""covariance_days"": 126, ""diagnostic"": ""double_cost_base"", ""family"": ""ensemble"", ""har_train_min"": 504, ""lookback"": 63, ""overlay"": false, ""static_exposure"": null, ""target"": 0.1, ""threshold"": 0.05, ""trial_id"": ""E6"", ""universe"": [""QQQ"", ""IWM"", ""HYG"", ""TLT"", ""GLD"", ""DBC""]}",development+reused_validation,10 bp risky purchases+sales; borrow rf+50.0 bp,completed,results/20261004T003009-2f16c796/E6-double_cost_base-8ca70f051f.csv,No OOS retuning; diagnostic not eligible for selection,False
E6-target_low-88f2ed50b3,2026-10-04T00:34:59.156442+00:00,f953cc6eadb2efb7f124791a8afd2815663fbf45083f58fe7e4fa892c609676c,26552dd9c109058ba93a75bb8ba5de1f6a85585b,e5f957a2b78b4a08cede2183cd59012f73beaffc38f0821d43bb458df08be222:5eb2ada6d8d007969c111064ae6c5de089e8bd61c0156cb49cc98484cea2b5d9,ensemble,"{""base"": ""erc"", ""borrow_bps"": 50.0, ""cap"": 1.0, ""control"": ""event"", ""covariance_days"": 126, ""diagnostic"": ""target_low"", ""family"": ""ensemble"", ""har_train_min"": 504, ""lookback"": 63, ""overlay"": true, ""static_exposure"": null, ""target"": 0.09000000000000001, ""threshold"": 0.05, ""trial_id"": ""E6"", ""universe"": [""QQQ"", ""IWM"", ""HYG"", ""TLT"", ""GLD"", ""DBC""]}",development+reused_validation,5.0 bp risky purchases+sales; borrow rf+50.0 bp,started,results/20261004T003009-2f16c796/E6-target_low-88f2ed50b3.csv,Attempt retained even if process fails,False
E6-target_low-88f2ed50b3,2026-10-04T00:34:59.156442+00:00,f953cc6eadb2efb7f124791a8afd2815663fbf45083f58fe7e4fa892c609676c,26552dd9c109058ba93a75bb8ba5de1f6a85585b,e5f957a2b78b4a08cede2183cd59012f73beaffc38f0821d43bb458df08be222:5eb2ada6d8d007969c111064ae6c5de089e8bd61c0156cb49cc98484cea2b5d9,ensemble,"{""base"": ""erc"", ""borrow_bps"": 50.0, ""cap"": 1.0, ""control"": ""event"", ""covariance_days"": 126, ""diagnostic"": ""target_low"", ""family"": ""ensemble"", ""har_train_min"": 504, ""lookback"": 63, ""overlay"": true, ""static_exposure"": null, ""target"": 0.09000000000000001, ""threshold"": 0.05, ""trial_id"": ""E6"", ""universe"": [""QQQ"", ""IWM"", ""HYG"", ""TLT"", ""GLD"", ""DBC""]}",development+reused_validation,5.0 bp risky purchases+sales; borrow rf+50.0 bp,completed,results/20261004T003009-2f16c796/E6-target_low-88f2ed50b3.csv,No OOS retuning; diagnostic not eligible for selection,False
E6-target_low_base-a25a6d65c6,2026-10-04T00:35:01.732811+00:00,f953cc6eadb2efb7f124791a8afd2815663fbf45083f58fe7e4fa892c609676c,26552dd9c109058ba93a75bb8ba5de1f6a85585b,e5f957a2b78b4a08cede2183cd59012f73beaffc38f0821d43bb458df08be222:5eb2ada6d8d007969c111064ae6c5de089e8bd61c0156cb49cc98484cea2b5d9,ensemble,"{""base"": ""erc"", ""borrow_bps"": 50.0, ""cap"": 1.0, ""control"": ""event"", ""covariance_days"": 126, ""diagnostic"": ""target_low_base"", ""family"": ""ensemble"", ""har_train_min"": 504, ""lookback"": 63, ""overlay"": false, ""static_exposure"": null, ""target"": 0.09000000000000001, ""threshold"": 0.05, ""trial_id"": ""E6"", ""universe"": [""QQQ"", ""IWM"", ""HYG"", ""TLT"", ""GLD"", ""DBC""]}",development+reused_validation,5.0 bp risky purchases+sales; borrow rf+50.0 bp,started,results/20261004T003009-2f16c796/E6-target_low_base-a25a6d65c6.csv,Attempt retained even if process fails,False
E6-target_low_base-a25a6d65c6,2026-10-04T00:35:01.732811+00:00,f953cc6eadb2efb7f124791a8afd2815663fbf45083f58fe7e4fa892c609676c,26552dd9c109058ba93a75bb8ba5de1f6a85585b,e5f957a2b78b4a08cede2183cd59012f73beaffc38f0821d43bb458df08be222:5eb2ada6d8d007969c111064ae6c5de089e8bd61c0156cb49cc98484cea2b5d9,ensemble,"{""base"": ""erc"", ""borrow_bps"": 50.0, ""cap"": 1.0, ""control"": ""event"", ""covariance_days"": 126, ""diagnostic"": ""target_low_base"", ""family"": ""ensemble"", ""har_train_min"": 504, ""lookback"": 63, ""overlay"": false, ""static_exposure"": null, ""target"": 0.09000000000000001, ""threshold"": 0.05, ""trial_id"": ""E6"", ""universe"": [""QQQ"", ""IWM"", ""HYG"", ""TLT"", ""GLD"", ""DBC""]}",development+reused_validation,5.0 bp risky purchases+sales; borrow rf+50.0 bp,completed,results/20261004T003009-2f16c796/E6-target_low_base-a25a6d65c6.csv,No OOS retuning; diagnostic not eligible for selection,False
E6-target_high-50ca6db947,2026-10-04T00:35:04.304005+00:00,f953cc6eadb2efb7f124791a8afd2815663fbf45083f58fe7e4fa892c609676c,26552dd9c109058ba93a75bb8ba5de1f6a85585b,e5f957a2b78b4a08cede2183cd59012f73beaffc38f0821d43bb458df08be222:5eb2ada6d8d007969c111064ae6c5de089e8bd61c0156cb49cc98484cea2b5d9,ensemble,"{""base"": ""erc"", ""borrow_bps"": 50.0, ""cap"": 1.0, ""control"": ""event"", ""covariance_days"": 126, ""diagnostic"": ""target_high"", ""family"": ""ensemble"", ""har_train_min"": 504, ""lookback"": 63, ""overlay"": true, ""static_exposure"": null, ""target"": 0.11, ""threshold"": 0.05, ""trial_id"": ""E6"", ""universe"": [""QQQ"", ""IWM"", ""HYG"", ""TLT"", ""GLD"", ""DBC""]}",development+reused_validation,5.0 bp risky purchases+sales; borrow rf+50.0 bp,started,results/20261004T003009-2f16c796/E6-target_high-50ca6db947.csv,Attempt retained even if process fails,False
E6-target_high-50ca6db947,2026-10-04T00:35:04.304005+00:00,f953cc6eadb2efb7f124791a8afd2815663fbf45083f58fe7e4fa892c609676c,26552dd9c109058ba93a75bb8ba5de1f6a85585b,e5f957a2b78b4a08cede2183cd59012f73beaffc38f0821d43bb458df08be222:5eb2ada6d8d007969c111064ae6c5de089e8bd61c0156cb49cc98484cea2b5d9,ensemble,"{""base"": ""erc"", ""borrow_bps"": 50.0, ""cap"": 1.0, ""control"": ""event"", ""covariance_days"": 126, ""diagnostic"": ""target_high"", ""family"": ""ensemble"", ""har_train_min"": 504, ""lookback"": 63, ""overlay"": true, ""static_exposure"": null, ""target"": 0.11, ""threshold"": 0.05, ""trial_id"": ""E6"", ""universe"": [""QQQ"", ""IWM"", ""HYG"", ""TLT"", ""GLD"", ""DBC""]}",development+reused_validation,5.0 bp risky purchases+sales; borrow rf+50.0 bp,completed,results/20261004T003009-2f16c796/E6-target_high-50ca6db947.csv,No OOS retuning; diagnostic not eligible for selection,False
E6-target_high_base-fa4d620aed,2026-10-04T00:35:06.839863+00:00,f953cc6eadb2efb7f124791a8afd2815663fbf45083f58fe7e4fa892c609676c,26552dd9c109058ba93a75bb8ba5de1f6a85585b,e5f957a2b78b4a08cede2183cd59012f73beaffc38f0821d43bb458df08be222:5eb2ada6d8d007969c111064ae6c5de089e8bd61c0156cb49cc98484cea2b5d9,ensemble,"{""base"": ""erc"", ""borrow_bps"": 50.0, ""cap"": 1.0, ""control"": ""event"", ""covariance_days"": 126, ""diagnostic"": ""target_high_base"", ""family"": ""ensemble"", ""har_train_min"": 504, ""lookback"": 63, ""overlay"": false, ""static_exposure"": null, ""target"": 0.11, ""threshold"": 0.05, ""trial_id"": ""E6"", ""universe"": [""QQQ"", ""IWM"", ""HYG"", ""TLT"", ""GLD"", ""DBC""]}",development+reused_validation,5.0 bp risky purchases+sales; borrow rf+50.0 bp,started,results/20261004T003009-2f16c796/E6-target_high_base-fa4d620aed.csv,Attempt retained even if process fails,False
E6-target_high_base-fa4d620aed,2026-10-04T00:35:06.839863+00:00,f953cc6eadb2efb7f124791a8afd2815663fbf45083f58fe7e4fa892c609676c,26552dd9c109058ba93a75bb8ba5de1f6a85585b,e5f957a2b78b4a08cede2183cd59012f73beaffc38f0821d43bb458df08be222:5eb2ada6d8d007969c111064ae6c5de089e8bd61c0156cb49cc98484cea2b5d9,ensemble,"{""base"": ""erc"", ""borrow_bps"": 50.0, ""cap"": 1.0, ""control"": ""event"", ""covariance_days"": 126, ""diagnostic"": ""target_high_base"", ""family"": ""ensemble"", ""har_train_min"": 504, ""lookback"": 63, ""overlay"": false, ""static_exposure"": null, ""target"": 0.11, ""threshold"": 0.05, ""trial_id"": ""E6"", ""universe"": [""QQQ"", ""IWM"", ""HYG"", ""TLT"", ""GLD"", ""DBC""]}",development+reused_validation,5.0 bp risky purchases+sales; borrow rf+50.0 bp,completed,results/20261004T003009-2f16c796/E6-target_high_base-fa4d620aed.csv,No OOS retuning; diagnostic not eligible for selection,False
E6-lookback_low-9aadccba67,2026-10-04T00:35:09.337428+00:00,f953cc6eadb2efb7f124791a8afd2815663fbf45083f58fe7e4fa892c609676c,26552dd9c109058ba93a75bb8ba5de1f6a85585b,e5f957a2b78b4a08cede2183cd59012f73beaffc38f0821d43bb458df08be222:5eb2ada6d8d007969c111064ae6c5de089e8bd61c0156cb49cc98484cea2b5d9,ensemble,"{""base"": ""erc"", ""borrow_bps"": 50.0, ""cap"": 1.0, ""control"": ""event"", ""covariance_days"": 101, ""diagnostic"": ""lookback_low"", ""family"": ""ensemble"", ""har_train_min"": 403, ""lookback"": 50, ""overlay"": true, ""static_exposure"": null, ""target"": 0.1, ""threshold"": 0.05, ""trial_id"": ""E6"", ""universe"": [""QQQ"", ""IWM"", ""HYG"", ""TLT"", ""GLD"", ""DBC""]}",development+reused_validation,5.0 bp risky purchases+sales; borrow rf+50.0 bp,started,results/20261004T003009-2f16c796/E6-lookback_low-9aadccba67.csv,Attempt retained even if process fails,False
E6-lookback_low-9aadccba67,2026-10-04T00:35:09.337428+00:00,f953cc6eadb2efb7f124791a8afd2815663fbf45083f58fe7e4fa892c609676c,26552dd9c109058ba93a75bb8ba5de1f6a85585b,e5f957a2b78b4a08cede2183cd59012f73beaffc38f0821d43bb458df08be222:5eb2ada6d8d007969c111064ae6c5de089e8bd61c0156cb49cc98484cea2b5d9,ensemble,"{""base"": ""erc"", ""borrow_bps"": 50.0, ""cap"": 1.0, ""control"": ""event"", ""covariance_days"": 101, ""diagnostic"": ""lookback_low"", ""family"": ""ensemble"", ""har_train_min"": 403, ""lookback"": 50, ""overlay"": true, ""static_exposure"": null, ""target"": 0.1, ""threshold"": 0.05, ""trial_id"": ""E6"", ""universe"": [""QQQ"", ""IWM"", ""HYG"", ""TLT"", ""GLD"", ""DBC""]}",development+reused_validation,5.0 bp risky purchases+sales; borrow rf+50.0 bp,completed,results/20261004T003009-2f16c796/E6-lookback_low-9aadccba67.csv,No OOS retuning; diagnostic not eligible for selection,False
E6-lookback_low_base-9afef0e441,2026-10-04T00:35:11.820030+00:00,f953cc6eadb2efb7f124791a8afd2815663fbf45083f58fe7e4fa892c609676c,26552dd9c109058ba93a75bb8ba5de1f6a85585b,e5f957a2b78b4a08cede2183cd59012f73beaffc38f0821d43bb458df08be222:5eb2ada6d8d007969c111064ae6c5de089e8bd61c0156cb49cc98484cea2b5d9,ensemble,"{""base"": ""erc"", ""borrow_bps"": 50.0, ""cap"": 1.0, ""control"": ""event"", ""covariance_days"": 101, ""diagnostic"": ""lookback_low_base"", ""family"": ""ensemble"", ""har_train_min"": 403, ""lookback"": 50, ""overlay"": false, ""static_exposure"": null, ""target"": 0.1, ""threshold"": 0.05, ""trial_id"": ""E6"", ""universe"": [""QQQ"", ""IWM"", ""HYG"", ""TLT"", ""GLD"", ""DBC""]}",development+reused_validation,5.0 bp risky purchases+sales; borrow rf+50.0 bp,started,results/20261004T003009-2f16c796/E6-lookback_low_base-9afef0e441.csv,Attempt retained even if process fails,False
E6-lookback_low_base-9afef0e441,2026-10-04T00:35:11.820030+00:00,f953cc6eadb2efb7f124791a8afd2815663fbf45083f58fe7e4fa892c609676c,26552dd9c109058ba93a75bb8ba5de1f6a85585b,e5f957a2b78b4a08cede2183cd59012f73beaffc38f0821d43bb458df08be222:5eb2ada6d8d007969c111064ae6c5de089e8bd61c0156cb49cc98484cea2b5d9,ensemble,"{""base"": ""erc"", ""borrow_bps"": 50.0, ""cap"": 1.0, ""control"": ""event"", ""covariance_days"": 101, ""diagnostic"": ""lookback_low_base"", ""family"": ""ensemble"", ""har_train_min"": 403, ""lookback"": 50, ""overlay"": false, ""static_exposure"": null, ""target"": 0.1, ""threshold"": 0.05, ""trial_id"": ""E6"", ""universe"": [""QQQ"", ""IWM"", ""HYG"", ""TLT"", ""GLD"", ""DBC""]}",development+reused_validation,5.0 bp risky purchases+sales; borrow rf+50.0 bp,completed,results/20261004T003009-2f16c796/E6-lookback_low_base-9afef0e441.csv,No OOS retuning; diagnostic not eligible for selection,False
E6-lookback_high-e31e42da01,2026-10-04T00:35:14.286892+00:00,f953cc6eadb2efb7f124791a8afd2815663fbf45083f58fe7e4fa892c609676c,26552dd9c109058ba93a75bb8ba5de1f6a85585b,e5f957a2b78b4a08cede2183cd59012f73beaffc38f0821d43bb458df08be222:5eb2ada6d8d007969c111064ae6c5de089e8bd61c0156cb49cc98484cea2b5d9,ensemble,"{""base"": ""erc"", ""borrow_bps"": 50.0, ""cap"": 1.0, ""control"": ""event"", ""covariance_days"": 151, ""diagnostic"": ""lookback_high"", ""family"": ""ensemble"", ""har_train_min"": 605, ""lookback"": 76, ""overlay"": true, ""static_exposure"": null, ""target"": 0.1, ""threshold"": 0.05, ""trial_id"": ""E6"", ""universe"": [""QQQ"", ""IWM"", ""HYG"", ""TLT"", ""GLD"", ""DBC""]}",development+reused_validation,5.0 bp risky purchases+sales; borrow rf+50.0 bp,started,results/20261004T003009-2f16c796/E6-lookback_high-e31e42da01.csv,Attempt retained even if process fails,False
E6-lookback_high-e31e42da01,2026-10-04T00:35:14.286892+00:00,f953cc6eadb2efb7f124791a8afd2815663fbf45083f58fe7e4fa892c609676c,26552dd9c109058ba93a75bb8ba5de1f6a85585b,e5f957a2b78b4a08cede2183cd59012f73beaffc38f0821d43bb458df08be222:5eb2ada6d8d007969c111064ae6c5de089e8bd61c0156cb49cc98484cea2b5d9,ensemble,"{""base"": ""erc"", ""borrow_bps"": 50.0, ""cap"": 1.0, ""control"": ""event"", ""covariance_days"": 151, ""diagnostic"": ""lookback_high"", ""family"": ""ensemble"", ""har_train_min"": 605, ""lookback"": 76, ""overlay"": true, ""static_exposure"": null, ""target"": 0.1, ""threshold"": 0.05, ""trial_id"": ""E6"", ""universe"": [""QQQ"", ""IWM"", ""HYG"", ""TLT"", ""GLD"", ""DBC""]}",development+reused_validation,5.0 bp risky purchases+sales; borrow rf+50.0 bp,completed,results/20261004T003009-2f16c796/E6-lookback_high-e31e42da01.csv,No OOS retuning; diagnostic not eligible for selection,False
E6-lookback_high_base-9f49b3b33c,2026-10-04T00:35:16.744484+00:00,f953cc6eadb2efb7f124791a8afd2815663fbf45083f58fe7e4fa892c609676c,26552dd9c109058ba93a75bb8ba5de1f6a85585b,e5f957a2b78b4a08cede2183cd59012f73beaffc38f0821d43bb458df08be222:5eb2ada6d8d007969c111064ae6c5de089e8bd61c0156cb49cc98484cea2b5d9,ensemble,"{""base"": ""erc"", ""borrow_bps"": 50.0, ""cap"": 1.0, ""control"": ""event"", ""covariance_days"": 151, ""diagnostic"": ""lookback_high_base"", ""family"": ""ensemble"", ""har_train_min"": 605, ""lookback"": 76, ""overlay"": false, ""static_exposure"": null, ""target"": 0.1, ""threshold"": 0.05, ""trial_id"": ""E6"", ""universe"": [""QQQ"", ""IWM"", ""HYG"", ""TLT"", ""GLD"", ""DBC""]}",development+reused_validation,5.0 bp risky purchases+sales; borrow rf+50.0 bp,started,results/20261004T003009-2f16c796/E6-lookback_high_base-9f49b3b33c.csv,Attempt retained even if process fails,False
E6-lookback_high_base-9f49b3b33c,2026-10-04T00:35:16.744484+00:00,f953cc6eadb2efb7f124791a8afd2815663fbf45083f58fe7e4fa892c609676c,26552dd9c109058ba93a75bb8ba5de1f6a85585b,e5f957a2b78b4a08cede2183cd59012f73beaffc38f0821d43bb458df08be222:5eb2ada6d8d007969c111064ae6c5de089e8bd61c0156cb49cc98484cea2b5d9,ensemble,"{""base"": ""erc"", ""borrow_bps"": 50.0, ""cap"": 1.0, ""control"": ""event"", ""covariance_days"": 151, ""diagnostic"": ""lookback_high_base"", ""family"": ""ensemble"", ""har_train_min"": 605, ""lookback"": 76, ""overlay"": false, ""static_exposure"": null, ""target"": 0.1, ""threshold"": 0.05, ""trial_id"": ""E6"", ""universe"": [""QQQ"", ""IWM"", ""HYG"", ""TLT"", ""GLD"", ""DBC""]}",development+reused_validation,5.0 bp risky purchases+sales; borrow rf+50.0 bp,completed,results/20261004T003009-2f16c796/E6-lookback_high_base-9f49b3b33c.csv,No OOS retuning; diagnostic not eligible for selection,False
E6-trigger_low-45234b34c7,2026-10-04T00:35:19.156599+00:00,f953cc6eadb2efb7f124791a8afd2815663fbf45083f58fe7e4fa892c609676c,26552dd9c109058ba93a75bb8ba5de1f6a85585b,e5f957a2b78b4a08cede2183cd59012f73beaffc38f0821d43bb458df08be222:5eb2ada6d8d007969c111064ae6c5de089e8bd61c0156cb49cc98484cea2b5d9,ensemble,"{""base"": ""erc"", ""borrow_bps"": 50.0, ""cap"": 1.0, ""control"": ""event"", ""covariance_days"": 126, ""diagnostic"": ""trigger_low"", ""family"": ""ensemble"", ""har_train_min"": 504, ""lookback"": 63, ""overlay"": true, ""static_exposure"": null, ""target"": 0.1, ""threshold"": 0.04, ""trial_id"": ""E6"", ""universe"": [""QQQ"", ""IWM"", ""HYG"", ""TLT"", ""GLD"", ""DBC""]}",development+reused_validation,5.0 bp risky purchases+sales; borrow rf+50.0 bp,started,results/20261004T003009-2f16c796/E6-trigger_low-45234b34c7.csv,Attempt retained even if process fails,False
E6-trigger_low-45234b34c7,2026-10-04T00:35:19.156599+00:00,f953cc6eadb2efb7f124791a8afd2815663fbf45083f58fe7e4fa892c609676c,26552dd9c109058ba93a75bb8ba5de1f6a85585b,e5f957a2b78b4a08cede2183cd59012f73beaffc38f0821d43bb458df08be222:5eb2ada6d8d007969c111064ae6c5de089e8bd61c0156cb49cc98484cea2b5d9,ensemble,"{""base"": ""erc"", ""borrow_bps"": 50.0, ""cap"": 1.0, ""control"": ""event"", ""covariance_days"": 126, ""diagnostic"": ""trigger_low"", ""family"": ""ensemble"", ""har_train_min"": 504, ""lookback"": 63, ""overlay"": true, ""static_exposure"": null, ""target"": 0.1, ""threshold"": 0.04, ""trial_id"": ""E6"", ""universe"": [""QQQ"", ""IWM"", ""HYG"", ""TLT"", ""GLD"", ""DBC""]}",development+reused_validation,5.0 bp risky purchases+sales; borrow rf+50.0 bp,completed,results/20261004T003009-2f16c796/E6-trigger_low-45234b34c7.csv,No OOS retuning; diagnostic not eligible for selection,False
E6-trigger_low_base-1d25a50583,2026-10-04T00:35:21.588534+00:00,f953cc6eadb2efb7f124791a8afd2815663fbf45083f58fe7e4fa892c609676c,26552dd9c109058ba93a75bb8ba5de1f6a85585b,e5f957a2b78b4a08cede2183cd59012f73beaffc38f0821d43bb458df08be222:5eb2ada6d8d007969c111064ae6c5de089e8bd61c0156cb49cc98484cea2b5d9,ensemble,"{""base"": ""erc"", ""borrow_bps"": 50.0, ""cap"": 1.0, ""control"": ""event"", ""covariance_days"": 126, ""diagnostic"": ""trigger_low_base"", ""family"": ""ensemble"", ""har_train_min"": 504, ""lookback"": 63, ""overlay"": false, ""static_exposure"": null, ""target"": 0.1, ""threshold"": 0.04, ""trial_id"": ""E6"", ""universe"": [""QQQ"", ""IWM"", ""HYG"", ""TLT"", ""GLD"", ""DBC""]}",development+reused_validation,5.0 bp risky purchases+sales; borrow rf+50.0 bp,started,results/20261004T003009-2f16c796/E6-trigger_low_base-1d25a50583.csv,Attempt retained even if process fails,False
E6-trigger_low_base-1d25a50583,2026-10-04T00:35:21.588534+00:00,f953cc6eadb2efb7f124791a8afd2815663fbf45083f58fe7e4fa892c609676c,26552dd9c109058ba93a75bb8ba5de1f6a85585b,e5f957a2b78b4a08cede2183cd59012f73beaffc38f0821d43bb458df08be222:5eb2ada6d8d007969c111064ae6c5de089e8bd61c0156cb49cc98484cea2b5d9,ensemble,"{""base"": ""erc"", ""borrow_bps"": 50.0, ""cap"": 1.0, ""control"": ""event"", ""covariance_days"": 126, ""diagnostic"": ""trigger_low_base"", ""family"": ""ensemble"", ""har_train_min"": 504, ""lookback"": 63, ""overlay"": false, ""static_exposure"": null, ""target"": 0.1, ""threshold"": 0.04, ""trial_id"": ""E6"", ""universe"": [""QQQ"", ""IWM"", ""HYG"", ""TLT"", ""GLD"", ""DBC""]}",development+reused_validation,5.0 bp risky purchases+sales; borrow rf+50.0 bp,completed,results/20261004T003009-2f16c796/E6-trigger_low_base-1d25a50583.csv,No OOS retuning; diagnostic not eligible for selection,False
E6-trigger_high-182dec56b2,2026-10-04T00:35:23.980796+00:00,f953cc6eadb2efb7f124791a8afd2815663fbf45083f58fe7e4fa892c609676c,26552dd9c109058ba93a75bb8ba5de1f6a85585b,e5f957a2b78b4a08cede2183cd59012f73beaffc38f0821d43bb458df08be222:5eb2ada6d8d007969c111064ae6c5de089e8bd61c0156cb49cc98484cea2b5d9,ensemble,"{""base"": ""erc"", ""borrow_bps"": 50.0, ""cap"": 1.0, ""control"": ""event"", ""covariance_days"": 126, ""diagnostic"": ""trigger_high"", ""family"": ""ensemble"", ""har_train_min"": 504, ""lookback"": 63, ""overlay"": true, ""static_exposure"": null, ""target"": 0.1, ""threshold"": 0.06, ""trial_id"": ""E6"", ""universe"": [""QQQ"", ""IWM"", ""HYG"", ""TLT"", ""GLD"", ""DBC""]}",development+reused_validation,5.0 bp risky purchases+sales; borrow rf+50.0 bp,started,results/20261004T003009-2f16c796/E6-trigger_high-182dec56b2.csv,Attempt retained even if process fails,False
E6-trigger_high-182dec56b2,2026-10-04T00:35:23.980796+00:00,f953cc6eadb2efb7f124791a8afd2815663fbf45083f58fe7e4fa892c609676c,26552dd9c109058ba93a75bb8ba5de1f6a85585b,e5f957a2b78b4a08cede2183cd59012f73beaffc38f0821d43bb458df08be222:5eb2ada6d8d007969c111064ae6c5de089e8bd61c0156cb49cc98484cea2b5d9,ensemble,"{""base"": ""erc"", ""borrow_bps"": 50.0, ""cap"": 1.0, ""control"": ""event"", ""covariance_days"": 126, ""diagnostic"": ""trigger_high"", ""family"": ""ensemble"", ""har_train_min"": 504, ""lookback"": 63, ""overlay"": true, ""static_exposure"": null, ""target"": 0.1, ""threshold"": 0.06, ""trial_id"": ""E6"", ""universe"": [""QQQ"", ""IWM"", ""HYG"", ""TLT"", ""GLD"", ""DBC""]}",development+reused_validation,5.0 bp risky purchases+sales; borrow rf+50.0 bp,completed,results/20261004T003009-2f16c796/E6-trigger_high-182dec56b2.csv,No OOS retuning; diagnostic not eligible for selection,False
E6-trigger_high_base-4a3bab87be,2026-10-04T00:35:26.465287+00:00,f953cc6eadb2efb7f124791a8afd2815663fbf45083f58fe7e4fa892c609676c,26552dd9c109058ba93a75bb8ba5de1f6a85585b,e5f957a2b78b4a08cede2183cd59012f73beaffc38f0821d43bb458df08be222:5eb2ada6d8d007969c111064ae6c5de089e8bd61c0156cb49cc98484cea2b5d9,ensemble,"{""base"": ""erc"", ""borrow_bps"": 50.0, ""cap"": 1.0, ""control"": ""event"", ""covariance_days"": 126, ""diagnostic"": ""trigger_high_base"", ""family"": ""ensemble"", ""har_train_min"": 504, ""lookback"": 63, ""overlay"": false, ""static_exposure"": null, ""target"": 0.1, ""threshold"": 0.06, ""trial_id"": ""E6"", ""universe"": [""QQQ"", ""IWM"", ""HYG"", ""TLT"", ""GLD"", ""DBC""]}",development+reused_validation,5.0 bp risky purchases+sales; borrow rf+50.0 bp,started,results/20261004T003009-2f16c796/E6-trigger_high_base-4a3bab87be.csv,Attempt retained even if process fails,False
E6-trigger_high_base-4a3bab87be,2026-10-04T00:35:26.465287+00:00,f953cc6eadb2efb7f124791a8afd2815663fbf45083f58fe7e4fa892c609676c,26552dd9c109058ba93a75bb8ba5de1f6a85585b,e5f957a2b78b4a08cede2183cd59012f73beaffc38f0821d43bb458df08be222:5eb2ada6d8d007969c111064ae6c5de089e8bd61c0156cb49cc98484cea2b5d9,ensemble,"{""base"": ""erc"", ""borrow_bps"": 50.0, ""cap"": 1.0, ""control"": ""event"", ""covariance_days"": 126, ""diagnostic"": ""trigger_high_base"", ""family"": ""ensemble"", ""har_train_min"": 504, ""lookback"": 63, ""overlay"": false, ""static_exposure"": null, ""target"": 0.1, ""threshold"": 0.06, ""trial_id"": ""E6"", ""universe"": [""QQQ"", ""IWM"", ""HYG"", ""TLT"", ""GLD"", ""DBC""]}",development+reused_validation,5.0 bp risky purchases+sales; borrow rf+50.0 bp,completed,results/20261004T003009-2f16c796/E6-trigger_high_base-4a3bab87be.csv,No OOS retuning; diagnostic not eligible for selection,False
E7-double_cost-033dc9ffdf,2026-10-04T00:35:28.899153+00:00,f953cc6eadb2efb7f124791a8afd2815663fbf45083f58fe7e4fa892c609676c,26552dd9c109058ba93a75bb8ba5de1f6a85585b,e5f957a2b78b4a08cede2183cd59012f73beaffc38f0821d43bb458df08be222:5eb2ada6d8d007969c111064ae6c5de089e8bd61c0156cb49cc98484cea2b5d9,ensemble,"{""base"": ""equal"", ""borrow_bps"": 50.0, ""cap"": 1.0, ""control"": ""asymmetric"", ""covariance_days"": 126, ""diagnostic"": ""double_cost"", ""family"": ""ensemble"", ""har_train_min"": 504, ""lookback"": 63, ""overlay"": true, ""static_exposure"": null, ""target"": 0.1, ""threshold"": 0.05, ""trial_id"": ""E7"", ""universe"": [""SPY"", ""TLT"", ""GLD""]}",development+reused_validation,10 bp risky purchases+sales; borrow rf+50.0 bp,started,results/20261004T003009-2f16c796/E7-double_cost-033dc9ffdf.csv,Attempt retained even if process fails,False
E7-double_cost-033dc9ffdf,2026-10-04T00:35:28.899153+00:00,f953cc6eadb2efb7f124791a8afd2815663fbf45083f58fe7e4fa892c609676c,26552dd9c109058ba93a75bb8ba5de1f6a85585b,e5f957a2b78b4a08cede2183cd59012f73beaffc38f0821d43bb458df08be222:5eb2ada6d8d007969c111064ae6c5de089e8bd61c0156cb49cc98484cea2b5d9,ensemble,"{""base"": ""equal"", ""borrow_bps"": 50.0, ""cap"": 1.0, ""control"": ""asymmetric"", ""covariance_days"": 126, ""diagnostic"": ""double_cost"", ""family"": ""ensemble"", ""har_train_min"": 504, ""lookback"": 63, ""overlay"": true, ""static_exposure"": null, ""target"": 0.1, ""threshold"": 0.05, ""trial_id"": ""E7"", ""universe"": [""SPY"", ""TLT"", ""GLD""]}",development+reused_validation,10 bp risky purchases+sales; borrow rf+50.0 bp,completed,results/20261004T003009-2f16c796/E7-double_cost-033dc9ffdf.csv,No OOS retuning; diagnostic not eligible for selection,False
E7-double_cost_base-8eee4ea283,2026-10-04T00:35:30.958921+00:00,f953cc6eadb2efb7f124791a8afd2815663fbf45083f58fe7e4fa892c609676c,26552dd9c109058ba93a75bb8ba5de1f6a85585b,e5f957a2b78b4a08cede2183cd59012f73beaffc38f0821d43bb458df08be222:5eb2ada6d8d007969c111064ae6c5de089e8bd61c0156cb49cc98484cea2b5d9,ensemble,"{""base"": ""equal"", ""borrow_bps"": 50.0, ""cap"": 1.0, ""control"": ""asymmetric"", ""covariance_days"": 126, ""diagnostic"": ""double_cost_base"", ""family"": ""ensemble"", ""har_train_min"": 504, ""lookback"": 63, ""overlay"": false, ""static_exposure"": null, ""target"": 0.1, ""threshold"": 0.05, ""trial_id"": ""E7"", ""universe"": [""SPY"", ""TLT"", ""GLD""]}",development+reused_validation,10 bp risky purchases+sales; borrow rf+50.0 bp,started,results/20261004T003009-2f16c796/E7-double_cost_base-8eee4ea283.csv,Attempt retained even if process fails,False
E7-double_cost_base-8eee4ea283,2026-10-04T00:35:30.958921+00:00,f953cc6eadb2efb7f124791a8afd2815663fbf45083f58fe7e4fa892c609676c,26552dd9c109058ba93a75bb8ba5de1f6a85585b,e5f957a2b78b4a08cede2183cd59012f73beaffc38f0821d43bb458df08be222:5eb2ada6d8d007969c111064ae6c5de089e8bd61c0156cb49cc98484cea2b5d9,ensemble,"{""base"": ""equal"", ""borrow_bps"": 50.0, ""cap"": 1.0, ""control"": ""asymmetric"", ""covariance_days"": 126, ""diagnostic"": ""double_cost_base"", ""family"": ""ensemble"", ""har_train_min"": 504, ""lookback"": 63, ""overlay"": false, ""static_exposure"": null, ""target"": 0.1, ""threshold"": 0.05, ""trial_id"": ""E7"", ""universe"": [""SPY"", ""TLT"", ""GLD""]}",development+reused_validation,10 bp risky purchases+sales; borrow rf+50.0 bp,completed,results/20261004T003009-2f16c796/E7-double_cost_base-8eee4ea283.csv,No OOS retuning; diagnostic not eligible for selection,False
E7-target_low-7e5c75b9ce,2026-10-04T00:35:32.704768+00:00,f953cc6eadb2efb7f124791a8afd2815663fbf45083f58fe7e4fa892c609676c,26552dd9c109058ba93a75bb8ba5de1f6a85585b,e5f957a2b78b4a08cede2183cd59012f73beaffc38f0821d43bb458df08be222:5eb2ada6d8d007969c111064ae6c5de089e8bd61c0156cb49cc98484cea2b5d9,ensemble,"{""base"": ""equal"", ""borrow_bps"": 50.0, ""cap"": 1.0, ""control"": ""asymmetric"", ""covariance_days"": 126, ""diagnostic"": ""target_low"", ""family"": ""ensemble"", ""har_train_min"": 504, ""lookback"": 63, ""overlay"": true, ""static_exposure"": null, ""target"": 0.09000000000000001, ""threshold"": 0.05, ""trial_id"": ""E7"", ""universe"": [""SPY"", ""TLT"", ""GLD""]}",development+reused_validation,5.0 bp risky purchases+sales; borrow rf+50.0 bp,started,results/20261004T003009-2f16c796/E7-target_low-7e5c75b9ce.csv,Attempt retained even if process fails,False
E7-target_low-7e5c75b9ce,2026-10-04T00:35:32.704768+00:00,f953cc6eadb2efb7f124791a8afd2815663fbf45083f58fe7e4fa892c609676c,26552dd9c109058ba93a75bb8ba5de1f6a85585b,e5f957a2b78b4a08cede2183cd59012f73beaffc38f0821d43bb458df08be222:5eb2ada6d8d007969c111064ae6c5de089e8bd61c0156cb49cc98484cea2b5d9,ensemble,"{""base"": ""equal"", ""borrow_bps"": 50.0, ""cap"": 1.0, ""control"": ""asymmetric"", ""covariance_days"": 126, ""diagnostic"": ""target_low"", ""family"": ""ensemble"", ""har_train_min"": 504, ""lookback"": 63, ""overlay"": true, ""static_exposure"": null, ""target"": 0.09000000000000001, ""threshold"": 0.05, ""trial_id"": ""E7"", ""universe"": [""SPY"", ""TLT"", ""GLD""]}",development+reused_validation,5.0 bp risky purchases+sales; borrow rf+50.0 bp,completed,results/20261004T003009-2f16c796/E7-target_low-7e5c75b9ce.csv,No OOS retuning; diagnostic not eligible for selection,False
E7-target_low_base-9b59872e88,2026-10-04T00:35:34.228460+00:00,f953cc6eadb2efb7f124791a8afd2815663fbf45083f58fe7e4fa892c609676c,26552dd9c109058ba93a75bb8ba5de1f6a85585b,e5f957a2b78b4a08cede2183cd59012f73beaffc38f0821d43bb458df08be222:5eb2ada6d8d007969c111064ae6c5de089e8bd61c0156cb49cc98484cea2b5d9,ensemble,"{""base"": ""equal"", ""borrow_bps"": 50.0, ""cap"": 1.0, ""control"": ""asymmetric"", ""covariance_days"": 126, ""diagnostic"": ""target_low_base"", ""family"": ""ensemble"", ""har_train_min"": 504, ""lookback"": 63, ""overlay"": false, ""static_exposure"": null, ""target"": 0.09000000000000001, ""threshold"": 0.05, ""trial_id"": ""E7"", ""universe"": [""SPY"", ""TLT"", ""GLD""]}",development+reused_validation,5.0 bp risky purchases+sales; borrow rf+50.0 bp,started,results/20261004T003009-2f16c796/E7-target_low_base-9b59872e88.csv,Attempt retained even if process fails,False
E7-target_low_base-9b59872e88,2026-10-04T00:35:34.228460+00:00,f953cc6eadb2efb7f124791a8afd2815663fbf45083f58fe7e4fa892c609676c,26552dd9c109058ba93a75bb8ba5de1f6a85585b,e5f957a2b78b4a08cede2183cd59012f73beaffc38f0821d43bb458df08be222:5eb2ada6d8d007969c111064ae6c5de089e8bd61c0156cb49cc98484cea2b5d9,ensemble,"{""base"": ""equal"", ""borrow_bps"": 50.0, ""cap"": 1.0, ""control"": ""asymmetric"", ""covariance_days"": 126, ""diagnostic"": ""target_low_base"", ""family"": ""ensemble"", ""har_train_min"": 504, ""lookback"": 63, ""overlay"": false, ""static_exposure"": null, ""target"": 0.09000000000000001, ""threshold"": 0.05, ""trial_id"": ""E7"", ""universe"": [""SPY"", ""TLT"", ""GLD""]}",development+reused_validation,5.0 bp risky purchases+sales; borrow rf+50.0 bp,completed,results/20261004T003009-2f16c796/E7-target_low_base-9b59872e88.csv,No OOS retuning; diagnostic not eligible for selection,False
E7-target_high-08ea1e7ad9,2026-10-04T00:35:35.708489+00:00,f953cc6eadb2efb7f124791a8afd2815663fbf45083f58fe7e4fa892c609676c,26552dd9c109058ba93a75bb8ba5de1f6a85585b,e5f957a2b78b4a08cede2183cd59012f73beaffc38f0821d43bb458df08be222:5eb2ada6d8d007969c111064ae6c5de089e8bd61c0156cb49cc98484cea2b5d9,ensemble,"{""base"": ""equal"", ""borrow_bps"": 50.0, ""cap"": 1.0, ""control"": ""asymmetric"", ""covariance_days"": 126, ""diagnostic"": ""target_high"", ""family"": ""ensemble"", ""har_train_min"": 504, ""lookback"": 63, ""overlay"": true, ""static_exposure"": null, ""target"": 0.11, ""threshold"": 0.05, ""trial_id"": ""E7"", ""universe"": [""SPY"", ""TLT"", ""GLD""]}",development+reused_validation,5.0 bp risky purchases+sales; borrow rf+50.0 bp,started,results/20261004T003009-2f16c796/E7-target_high-08ea1e7ad9.csv,Attempt retained even if process fails,False
E7-target_high-08ea1e7ad9,2026-10-04T00:35:35.708489+00:00,f953cc6eadb2efb7f124791a8afd2815663fbf45083f58fe7e4fa892c609676c,26552dd9c109058ba93a75bb8ba5de1f6a85585b,e5f957a2b78b4a08cede2183cd59012f73beaffc38f0821d43bb458df08be222:5eb2ada6d8d007969c111064ae6c5de089e8bd61c0156cb49cc98484cea2b5d9,ensemble,"{""base"": ""equal"", ""borrow_bps"": 50.0, ""cap"": 1.0, ""control"": ""asymmetric"", ""covariance_days"": 126, ""diagnostic"": ""target_high"", ""family"": ""ensemble"", ""har_train_min"": 504, ""lookback"": 63, ""overlay"": true, ""static_exposure"": null, ""target"": 0.11, ""threshold"": 0.05, ""trial_id"": ""E7"", ""universe"": [""SPY"", ""TLT"", ""GLD""]}",development+reused_validation,5.0 bp risky purchases+sales; borrow rf+50.0 bp,completed,results/20261004T003009-2f16c796/E7-target_high-08ea1e7ad9.csv,No OOS retuning; diagnostic not eligible for selection,False
E7-target_high_base-2a550e323f,2026-10-04T00:35:37.184735+00:00,f953cc6eadb2efb7f124791a8afd2815663fbf45083f58fe7e4fa892c609676c,26552dd9c109058ba93a75bb8ba5de1f6a85585b,e5f957a2b78b4a08cede2183cd59012f73beaffc38f0821d43bb458df08be222:5eb2ada6d8d007969c111064ae6c5de089e8bd61c0156cb49cc98484cea2b5d9,ensemble,"{""base"": ""equal"", ""borrow_bps"": 50.0, ""cap"": 1.0, ""control"": ""asymmetric"", ""covariance_days"": 126, ""diagnostic"": ""target_high_base"", ""family"": ""ensemble"", ""har_train_min"": 504, ""lookback"": 63, ""overlay"": false, ""static_exposure"": null, ""target"": 0.11, ""threshold"": 0.05, ""trial_id"": ""E7"", ""universe"": [""SPY"", ""TLT"", ""GLD""]}",development+reused_validation,5.0 bp risky purchases+sales; borrow rf+50.0 bp,started,results/20261004T003009-2f16c796/E7-target_high_base-2a550e323f.csv,Attempt retained even if process fails,False
E7-target_high_base-2a550e323f,2026-10-04T00:35:37.184735+00:00,f953cc6eadb2efb7f124791a8afd2815663fbf45083f58fe7e4fa892c609676c,26552dd9c109058ba93a75bb8ba5de1f6a85585b,e5f957a2b78b4a08cede2183cd59012f73beaffc38f0821d43bb458df08be222:5eb2ada6d8d007969c111064ae6c5de089e8bd61c0156cb49cc98484cea2b5d9,ensemble,"{""base"": ""equal"", ""borrow_bps"": 50.0, ""cap"": 1.0, ""control"": ""asymmetric"", ""covariance_days"": 126, ""diagnostic"": ""target_high_base"", ""family"": ""ensemble"", ""har_train_min"": 504, ""lookback"": 63, ""overlay"": false, ""static_exposure"": null, ""target"": 0.11, ""threshold"": 0.05, ""trial_id"": ""E7"", ""universe"": [""SPY"", ""TLT"", ""GLD""]}",development+reused_validation,5.0 bp risky purchases+sales; borrow rf+50.0 bp,completed,results/20261004T003009-2f16c796/E7-target_high_base-2a550e323f.csv,No OOS retuning; diagnostic not eligible for selection,False
E7-lookback_low-77d3f8a109,2026-10-04T00:35:38.764371+00:00,f953cc6eadb2efb7f124791a8afd2815663fbf45083f58fe7e4fa892c609676c,26552dd9c109058ba93a75bb8ba5de1f6a85585b,e5f957a2b78b4a08cede2183cd59012f73beaffc38f0821d43bb458df08be222:5eb2ada6d8d007969c111064ae6c5de089e8bd61c0156cb49cc98484cea2b5d9,ensemble,"{""base"": ""equal"", ""borrow_bps"": 50.0, ""cap"": 1.0, ""control"": ""asymmetric"", ""covariance_days"": 101, ""diagnostic"": ""lookback_low"", ""family"": ""ensemble"", ""har_train_min"": 403, ""lookback"": 50, ""overlay"": true, ""static_exposure"": null, ""target"": 0.1, ""threshold"": 0.05, ""trial_id"": ""E7"", ""universe"": [""SPY"", ""TLT"", ""GLD""]}",development+reused_validation,5.0 bp risky purchases+sales; borrow rf+50.0 bp,started,results/20261004T003009-2f16c796/E7-lookback_low-77d3f8a109.csv,Attempt retained even if process fails,False
E7-lookback_low-77d3f8a109,2026-10-04T00:35:38.764371+00:00,f953cc6eadb2efb7f124791a8afd2815663fbf45083f58fe7e4fa892c609676c,26552dd9c109058ba93a75bb8ba5de1f6a85585b,e5f957a2b78b4a08cede2183cd59012f73beaffc38f0821d43bb458df08be222:5eb2ada6d8d007969c111064ae6c5de089e8bd61c0156cb49cc98484cea2b5d9,ensemble,"{""base"": ""equal"", ""borrow_bps"": 50.0, ""cap"": 1.0, ""control"": ""asymmetric"", ""covariance_days"": 101, ""diagnostic"": ""lookback_low"", ""family"": ""ensemble"", ""har_train_min"": 403, ""lookback"": 50, ""overlay"": true, ""static_exposure"": null, ""target"": 0.1, ""threshold"": 0.05, ""trial_id"": ""E7"", ""universe"": [""SPY"", ""TLT"", ""GLD""]}",development+reused_validation,5.0 bp risky purchases+sales; borrow rf+50.0 bp,completed,results/20261004T003009-2f16c796/E7-lookback_low-77d3f8a109.csv,No OOS retuning; diagnostic not eligible for selection,False
E7-lookback_low_base-8e3ea7da25,2026-10-04T00:35:40.359491+00:00,f953cc6eadb2efb7f124791a8afd2815663fbf45083f58fe7e4fa892c609676c,26552dd9c109058ba93a75bb8ba5de1f6a85585b,e5f957a2b78b4a08cede2183cd59012f73beaffc38f0821d43bb458df08be222:5eb2ada6d8d007969c111064ae6c5de089e8bd61c0156cb49cc98484cea2b5d9,ensemble,"{""base"": ""equal"", ""borrow_bps"": 50.0, ""cap"": 1.0, ""control"": ""asymmetric"", ""covariance_days"": 101, ""diagnostic"": ""lookback_low_base"", ""family"": ""ensemble"", ""har_train_min"": 403, ""lookback"": 50, ""overlay"": false, ""static_exposure"": null, ""target"": 0.1, ""threshold"": 0.05, ""trial_id"": ""E7"", ""universe"": [""SPY"", ""TLT"", ""GLD""]}",development+reused_validation,5.0 bp risky purchases+sales; borrow rf+50.0 bp,started,results/20261004T003009-2f16c796/E7-lookback_low_base-8e3ea7da25.csv,Attempt retained even if process fails,False
E7-lookback_low_base-8e3ea7da25,2026-10-04T00:35:40.359491+00:00,f953cc6eadb2efb7f124791a8afd2815663fbf45083f58fe7e4fa892c609676c,26552dd9c109058ba93a75bb8ba5de1f6a85585b,e5f957a2b78b4a08cede2183cd59012f73beaffc38f0821d43bb458df08be222:5eb2ada6d8d007969c111064ae6c5de089e8bd61c0156cb49cc98484cea2b5d9,ensemble,"{""base"": ""equal"", ""borrow_bps"": 50.0, ""cap"": 1.0, ""control"": ""asymmetric"", ""covariance_days"": 101, ""diagnostic"": ""lookback_low_base"", ""family"": ""ensemble"", ""har_train_min"": 403, ""lookback"": 50, ""overlay"": false, ""static_exposure"": null, ""target"": 0.1, ""threshold"": 0.05, ""trial_id"": ""E7"", ""universe"": [""SPY"", ""TLT"", ""GLD""]}",development+reused_validation,5.0 bp risky purchases+sales; borrow rf+50.0 bp,completed,results/20261004T003009-2f16c796/E7-lookback_low_base-8e3ea7da25.csv,No OOS retuning; diagnostic not eligible for selection,False
E7-lookback_high-20d4e67f13,2026-10-04T00:35:41.846001+00:00,f953cc6eadb2efb7f124791a8afd2815663fbf45083f58fe7e4fa892c609676c,26552dd9c109058ba93a75bb8ba5de1f6a85585b,e5f957a2b78b4a08cede2183cd59012f73beaffc38f0821d43bb458df08be222:5eb2ada6d8d007969c111064ae6c5de089e8bd61c0156cb49cc98484cea2b5d9,ensemble,"{""base"": ""equal"", ""borrow_bps"": 50.0, ""cap"": 1.0, ""control"": ""asymmetric"", ""covariance_days"": 151, ""diagnostic"": ""lookback_high"", ""family"": ""ensemble"", ""har_train_min"": 605, ""lookback"": 76, ""overlay"": true, ""static_exposure"": null, ""target"": 0.1, ""threshold"": 0.05, ""trial_id"": ""E7"", ""universe"": [""SPY"", ""TLT"", ""GLD""]}",development+reused_validation,5.0 bp risky purchases+sales; borrow rf+50.0 bp,started,results/20261004T003009-2f16c796/E7-lookback_high-20d4e67f13.csv,Attempt retained even if process fails,False
E7-lookback_high-20d4e67f13,2026-10-04T00:35:41.846001+00:00,f953cc6eadb2efb7f124791a8afd2815663fbf45083f58fe7e4fa892c609676c,26552dd9c109058ba93a75bb8ba5de1f6a85585b,e5f957a2b78b4a08cede2183cd59012f73beaffc38f0821d43bb458df08be222:5eb2ada6d8d007969c111064ae6c5de089e8bd61c0156cb49cc98484cea2b5d9,ensemble,"{""base"": ""equal"", ""borrow_bps"": 50.0, ""cap"": 1.0, ""control"": ""asymmetric"", ""covariance_days"": 151, ""diagnostic"": ""lookback_high"", ""family"": ""ensemble"", ""har_train_min"": 605, ""lookback"": 76, ""overlay"": true, ""static_exposure"": null, ""target"": 0.1, ""threshold"": 0.05, ""trial_id"": ""E7"", ""universe"": [""SPY"", ""TLT"", ""GLD""]}",development+reused_validation,5.0 bp risky purchases+sales; borrow rf+50.0 bp,completed,results/20261004T003009-2f16c796/E7-lookback_high-20d4e67f13.csv,No OOS retuning; diagnostic not eligible for selection,False
E7-lookback_high_base-500d618cae,2026-10-04T00:35:43.366728+00:00,f953cc6eadb2efb7f124791a8afd2815663fbf45083f58fe7e4fa892c609676c,26552dd9c109058ba93a75bb8ba5de1f6a85585b,e5f957a2b78b4a08cede2183cd59012f73beaffc38f0821d43bb458df08be222:5eb2ada6d8d007969c111064ae6c5de089e8bd61c0156cb49cc98484cea2b5d9,ensemble,"{""base"": ""equal"", ""borrow_bps"": 50.0, ""cap"": 1.0, ""control"": ""asymmetric"", ""covariance_days"": 151, ""diagnostic"": ""lookback_high_base"", ""family"": ""ensemble"", ""har_train_min"": 605, ""lookback"": 76, ""overlay"": false, ""static_exposure"": null, ""target"": 0.1, ""threshold"": 0.05, ""trial_id"": ""E7"", ""universe"": [""SPY"", ""TLT"", ""GLD""]}",development+reused_validation,5.0 bp risky purchases+sales; borrow rf+50.0 bp,started,results/20261004T003009-2f16c796/E7-lookback_high_base-500d618cae.csv,Attempt retained even if process fails,False
E7-lookback_high_base-500d618cae,2026-10-04T00:35:43.366728+00:00,f953cc6eadb2efb7f124791a8afd2815663fbf45083f58fe7e4fa892c609676c,26552dd9c109058ba93a75bb8ba5de1f6a85585b,e5f957a2b78b4a08cede2183cd59012f73beaffc38f0821d43bb458df08be222:5eb2ada6d8d007969c111064ae6c5de089e8bd61c0156cb49cc98484cea2b5d9,ensemble,"{""base"": ""equal"", ""borrow_bps"": 50.0, ""cap"": 1.0, ""control"": ""asymmetric"", ""covariance_days"": 151, ""diagnostic"": ""lookback_high_base"", ""family"": ""ensemble"", ""har_train_min"": 605, ""lookback"": 76, ""overlay"": false, ""static_exposure"": null, ""target"": 0.1, ""threshold"": 0.05, ""trial_id"": ""E7"", ""universe"": [""SPY"", ""TLT"", ""GLD""]}",development+reused_validation,5.0 bp risky purchases+sales; borrow rf+50.0 bp,completed,results/20261004T003009-2f16c796/E7-lookback_high_base-500d618cae.csv,No OOS retuning; diagnostic not eligible for selection,False
E7-trigger_low-17f8678997,2026-10-04T00:35:44.930473+00:00,f953cc6eadb2efb7f124791a8afd2815663fbf45083f58fe7e4fa892c609676c,26552dd9c109058ba93a75bb8ba5de1f6a85585b,e5f957a2b78b4a08cede2183cd59012f73beaffc38f0821d43bb458df08be222:5eb2ada6d8d007969c111064ae6c5de089e8bd61c0156cb49cc98484cea2b5d9,ensemble,"{""base"": ""equal"", ""borrow_bps"": 50.0, ""cap"": 1.0, ""control"": ""asymmetric"", ""covariance_days"": 126, ""diagnostic"": ""trigger_low"", ""family"": ""ensemble"", ""har_train_min"": 504, ""lookback"": 63, ""overlay"": true, ""static_exposure"": null, ""target"": 0.1, ""threshold"": 0.04, ""trial_id"": ""E7"", ""universe"": [""SPY"", ""TLT"", ""GLD""]}",development+reused_validation,5.0 bp risky purchases+sales; borrow rf+50.0 bp,started,results/20261004T003009-2f16c796/E7-trigger_low-17f8678997.csv,Attempt retained even if process fails,False
E7-trigger_low-17f8678997,2026-10-04T00:35:44.930473+00:00,f953cc6eadb2efb7f124791a8afd2815663fbf45083f58fe7e4fa892c609676c,26552dd9c109058ba93a75bb8ba5de1f6a85585b,e5f957a2b78b4a08cede2183cd59012f73beaffc38f0821d43bb458df08be222:5eb2ada6d8d007969c111064ae6c5de089e8bd61c0156cb49cc98484cea2b5d9,ensemble,"{""base"": ""equal"", ""borrow_bps"": 50.0, ""cap"": 1.0, ""control"": ""asymmetric"", ""covariance_days"": 126, ""diagnostic"": ""trigger_low"", ""family"": ""ensemble"", ""har_train_min"": 504, ""lookback"": 63, ""overlay"": true, ""static_exposure"": null, ""target"": 0.1, ""threshold"": 0.04, ""trial_id"": ""E7"", ""universe"": [""SPY"", ""TLT"", ""GLD""]}",development+reused_validation,5.0 bp risky purchases+sales; borrow rf+50.0 bp,completed,results/20261004T003009-2f16c796/E7-trigger_low-17f8678997.csv,No OOS retuning; diagnostic not eligible for selection,False
E7-trigger_low_base-ad86a363c2,2026-10-04T00:35:46.447387+00:00,f953cc6eadb2efb7f124791a8afd2815663fbf45083f58fe7e4fa892c609676c,26552dd9c109058ba93a75bb8ba5de1f6a85585b,e5f957a2b78b4a08cede2183cd59012f73beaffc38f0821d43bb458df08be222:5eb2ada6d8d007969c111064ae6c5de089e8bd61c0156cb49cc98484cea2b5d9,ensemble,"{""base"": ""equal"", ""borrow_bps"": 50.0, ""cap"": 1.0, ""control"": ""asymmetric"", ""covariance_days"": 126, ""diagnostic"": ""trigger_low_base"", ""family"": ""ensemble"", ""har_train_min"": 504, ""lookback"": 63, ""overlay"": false, ""static_exposure"": null, ""target"": 0.1, ""threshold"": 0.04, ""trial_id"": ""E7"", ""universe"": [""SPY"", ""TLT"", ""GLD""]}",development+reused_validation,5.0 bp risky purchases+sales; borrow rf+50.0 bp,started,results/20261004T003009-2f16c796/E7-trigger_low_base-ad86a363c2.csv,Attempt retained even if process fails,False
E7-trigger_low_base-ad86a363c2,2026-10-04T00:35:46.447387+00:00,f953cc6eadb2efb7f124791a8afd2815663fbf45083f58fe7e4fa892c609676c,26552dd9c109058ba93a75bb8ba5de1f6a85585b,e5f957a2b78b4a08cede2183cd59012f73beaffc38f0821d43bb458df08be222:5eb2ada6d8d007969c111064ae6c5de089e8bd61c0156cb49cc98484cea2b5d9,ensemble,"{""base"": ""equal"", ""borrow_bps"": 50.0, ""cap"": 1.0, ""control"": ""asymmetric"", ""covariance_days"": 126, ""diagnostic"": ""trigger_low_base"", ""family"": ""ensemble"", ""har_train_min"": 504, ""lookback"": 63, ""overlay"": false, ""static_exposure"": null, ""target"": 0.1, ""threshold"": 0.04, ""trial_id"": ""E7"", ""universe"": [""SPY"", ""TLT"", ""GLD""]}",development+reused_validation,5.0 bp risky purchases+sales; borrow rf+50.0 bp,completed,results/20261004T003009-2f16c796/E7-trigger_low_base-ad86a363c2.csv,No OOS retuning; diagnostic not eligible for selection,False
E7-trigger_high-412f094926,2026-10-04T00:35:47.976929+00:00,f953cc6eadb2efb7f124791a8afd2815663fbf45083f58fe7e4fa892c609676c,26552dd9c109058ba93a75bb8ba5de1f6a85585b,e5f957a2b78b4a08cede2183cd59012f73beaffc38f0821d43bb458df08be222:5eb2ada6d8d007969c111064ae6c5de089e8bd61c0156cb49cc98484cea2b5d9,ensemble,"{""base"": ""equal"", ""borrow_bps"": 50.0, ""cap"": 1.0, ""control"": ""asymmetric"", ""covariance_days"": 126, ""diagnostic"": ""trigger_high"", ""family"": ""ensemble"", ""har_train_min"": 504, ""lookback"": 63, ""overlay"": true, ""static_exposure"": null, ""target"": 0.1, ""threshold"": 0.06, ""trial_id"": ""E7"", ""universe"": [""SPY"", ""TLT"", ""GLD""]}",development+reused_validation,5.0 bp risky purchases+sales; borrow rf+50.0 bp,started,results/20261004T003009-2f16c796/E7-trigger_high-412f094926.csv,Attempt retained even if process fails,False
E7-trigger_high-412f094926,2026-10-04T00:35:47.976929+00:00,f953cc6eadb2efb7f124791a8afd2815663fbf45083f58fe7e4fa892c609676c,26552dd9c109058ba93a75bb8ba5de1f6a85585b,e5f957a2b78b4a08cede2183cd59012f73beaffc38f0821d43bb458df08be222:5eb2ada6d8d007969c111064ae6c5de089e8bd61c0156cb49cc98484cea2b5d9,ensemble,"{""base"": ""equal"", ""borrow_bps"": 50.0, ""cap"": 1.0, ""control"": ""asymmetric"", ""covariance_days"": 126, ""diagnostic"": ""trigger_high"", ""family"": ""ensemble"", ""har_train_min"": 504, ""lookback"": 63, ""overlay"": true, ""static_exposure"": null, ""target"": 0.1, ""threshold"": 0.06, ""trial_id"": ""E7"", ""universe"": [""SPY"", ""TLT"", ""GLD""]}",development+reused_validation,5.0 bp risky purchases+sales; borrow rf+50.0 bp,completed,results/20261004T003009-2f16c796/E7-trigger_high-412f094926.csv,No OOS retuning; diagnostic not eligible for selection,False
E7-trigger_high_base-09f6ce38d6,2026-10-04T00:35:49.454374+00:00,f953cc6eadb2efb7f124791a8afd2815663fbf45083f58fe7e4fa892c609676c,26552dd9c109058ba93a75bb8ba5de1f6a85585b,e5f957a2b78b4a08cede2183cd59012f73beaffc38f0821d43bb458df08be222:5eb2ada6d8d007969c111064ae6c5de089e8bd61c0156cb49cc98484cea2b5d9,ensemble,"{""base"": ""equal"", ""borrow_bps"": 50.0, ""cap"": 1.0, ""control"": ""asymmetric"", ""covariance_days"": 126, ""diagnostic"": ""trigger_high_base"", ""family"": ""ensemble"", ""har_train_min"": 504, ""lookback"": 63, ""overlay"": false, ""static_exposure"": null, ""target"": 0.1, ""threshold"": 0.06, ""trial_id"": ""E7"", ""universe"": [""SPY"", ""TLT"", ""GLD""]}",development+reused_validation,5.0 bp risky purchases+sales; borrow rf+50.0 bp,started,results/20261004T003009-2f16c796/E7-trigger_high_base-09f6ce38d6.csv,Attempt retained even if process fails,False
E7-trigger_high_base-09f6ce38d6,2026-10-04T00:35:49.454374+00:00,f953cc6eadb2efb7f124791a8afd2815663fbf45083f58fe7e4fa892c609676c,26552dd9c109058ba93a75bb8ba5de1f6a85585b,e5f957a2b78b4a08cede2183cd59012f73beaffc38f0821d43bb458df08be222:5eb2ada6d8d007969c111064ae6c5de089e8bd61c0156cb49cc98484cea2b5d9,ensemble,"{""base"": ""equal"", ""borrow_bps"": 50.0, ""cap"": 1.0, ""control"": ""asymmetric"", ""covariance_days"": 126, ""diagnostic"": ""trigger_high_base"", ""family"": ""ensemble"", ""har_train_min"": 504, ""lookback"": 63, ""overlay"": false, ""static_exposure"": null, ""target"": 0.1, ""threshold"": 0.06, ""trial_id"": ""E7"", ""universe"": [""SPY"", ""TLT"", ""GLD""]}",development+reused_validation,5.0 bp risky purchases+sales; borrow rf+50.0 bp,completed,results/20261004T003009-2f16c796/E7-trigger_high_base-09f6ce38d6.csv,No OOS retuning; diagnostic not eligible for selection,False
E8-double_cost-325ae007de,2026-10-04T00:35:50.964934+00:00,f953cc6eadb2efb7f124791a8afd2815663fbf45083f58fe7e4fa892c609676c,26552dd9c109058ba93a75bb8ba5de1f6a85585b,e5f957a2b78b4a08cede2183cd59012f73beaffc38f0821d43bb458df08be222:5eb2ada6d8d007969c111064ae6c5de089e8bd61c0156cb49cc98484cea2b5d9,ensemble,"{""base"": ""equal"", ""borrow_bps"": 50.0, ""cap"": 1.25, ""control"": ""asymmetric"", ""covariance_days"": 126, ""diagnostic"": ""double_cost"", ""family"": ""ensemble"", ""har_train_min"": 504, ""lookback"": 63, ""overlay"": true, ""static_exposure"": null, ""target"": 0.1, ""threshold"": 0.05, ""trial_id"": ""E8"", ""universe"": [""SPY"", ""TLT"", ""GLD""]}",development+reused_validation,10 bp risky purchases+sales; borrow rf+50.0 bp,started,results/20261004T003009-2f16c796/E8-double_cost-325ae007de.csv,Attempt retained even if process fails,False
E8-double_cost-325ae007de,2026-10-04T00:35:50.964934+00:00,f953cc6eadb2efb7f124791a8afd2815663fbf45083f58fe7e4fa892c609676c,26552dd9c109058ba93a75bb8ba5de1f6a85585b,e5f957a2b78b4a08cede2183cd59012f73beaffc38f0821d43bb458df08be222:5eb2ada6d8d007969c111064ae6c5de089e8bd61c0156cb49cc98484cea2b5d9,ensemble,"{""base"": ""equal"", ""borrow_bps"": 50.0, ""cap"": 1.25, ""control"": ""asymmetric"", ""covariance_days"": 126, ""diagnostic"": ""double_cost"", ""family"": ""ensemble"", ""har_train_min"": 504, ""lookback"": 63, ""overlay"": true, ""static_exposure"": null, ""target"": 0.1, ""threshold"": 0.05, ""trial_id"": ""E8"", ""universe"": [""SPY"", ""TLT"", ""GLD""]}",development+reused_validation,10 bp risky purchases+sales; borrow rf+50.0 bp,completed,results/20261004T003009-2f16c796/E8-double_cost-325ae007de.csv,No OOS retuning; diagnostic not eligible for selection,False
E8-double_cost_base-d8085df5df,2026-10-04T00:35:53.220936+00:00,f953cc6eadb2efb7f124791a8afd2815663fbf45083f58fe7e4fa892c609676c,26552dd9c109058ba93a75bb8ba5de1f6a85585b,e5f957a2b78b4a08cede2183cd59012f73beaffc38f0821d43bb458df08be222:5eb2ada6d8d007969c111064ae6c5de089e8bd61c0156cb49cc98484cea2b5d9,ensemble,"{""base"": ""equal"", ""borrow_bps"": 50.0, ""cap"": 1.25, ""control"": ""asymmetric"", ""covariance_days"": 126, ""diagnostic"": ""double_cost_base"", ""family"": ""ensemble"", ""har_train_min"": 504, ""lookback"": 63, ""overlay"": false, ""static_exposure"": null, ""target"": 0.1, ""threshold"": 0.05, ""trial_id"": ""E8"", ""universe"": [""SPY"", ""TLT"", ""GLD""]}",development+reused_validation,10 bp risky purchases+sales; borrow rf+50.0 bp,started,results/20261004T003009-2f16c796/E8-double_cost_base-d8085df5df.csv,Attempt retained even if process fails,False
E8-double_cost_base-d8085df5df,2026-10-04T00:35:53.220936+00:00,f953cc6eadb2efb7f124791a8afd2815663fbf45083f58fe7e4fa892c609676c,26552dd9c109058ba93a75bb8ba5de1f6a85585b,e5f957a2b78b4a08cede2183cd59012f73beaffc38f0821d43bb458df08be222:5eb2ada6d8d007969c111064ae6c5de089e8bd61c0156cb49cc98484cea2b5d9,ensemble,"{""base"": ""equal"", ""borrow_bps"": 50.0, ""cap"": 1.25, ""control"": ""asymmetric"", ""covariance_days"": 126, ""diagnostic"": ""double_cost_base"", ""family"": ""ensemble"", ""har_train_min"": 504, ""lookback"": 63, ""overlay"": false, ""static_exposure"": null, ""target"": 0.1, ""threshold"": 0.05, ""trial_id"": ""E8"", ""universe"": [""SPY"", ""TLT"", ""GLD""]}",development+reused_validation,10 bp risky purchases+sales; borrow rf+50.0 bp,completed,results/20261004T003009-2f16c796/E8-double_cost_base-d8085df5df.csv,No OOS retuning; diagnostic not eligible for selection,False
E8-target_low-c16380ea39,2026-10-04T00:35:54.977923+00:00,f953cc6eadb2efb7f124791a8afd2815663fbf45083f58fe7e4fa892c609676c,26552dd9c109058ba93a75bb8ba5de1f6a85585b,e5f957a2b78b4a08cede2183cd59012f73beaffc38f0821d43bb458df08be222:5eb2ada6d8d007969c111064ae6c5de089e8bd61c0156cb49cc98484cea2b5d9,ensemble,"{""base"": ""equal"", ""borrow_bps"": 50.0, ""cap"": 1.25, ""control"": ""asymmetric"", ""covariance_days"": 126, ""diagnostic"": ""target_low"", ""family"": ""ensemble"", ""har_train_min"": 504, ""lookback"": 63, ""overlay"": true, ""static_exposure"": null, ""target"": 0.09000000000000001, ""threshold"": 0.05, ""trial_id"": ""E8"", ""universe"": [""SPY"", ""TLT"", ""GLD""]}",development+reused_validation,5.0 bp risky purchases+sales; borrow rf+50.0 bp,started,results/20261004T003009-2f16c796/E8-target_low-c16380ea39.csv,Attempt retained even if process fails,False
E8-target_low-c16380ea39,2026-10-04T00:35:54.977923+00:00,f953cc6eadb2efb7f124791a8afd2815663fbf45083f58fe7e4fa892c609676c,26552dd9c109058ba93a75bb8ba5de1f6a85585b,e5f957a2b78b4a08cede2183cd59012f73beaffc38f0821d43bb458df08be222:5eb2ada6d8d007969c111064ae6c5de089e8bd61c0156cb49cc98484cea2b5d9,ensemble,"{""base"": ""equal"", ""borrow_bps"": 50.0, ""cap"": 1.25, ""control"": ""asymmetric"", ""covariance_days"": 126, ""diagnostic"": ""target_low"", ""family"": ""ensemble"", ""har_train_min"": 504, ""lookback"": 63, ""overlay"": true, ""static_exposure"": null, ""target"": 0.09000000000000001, ""threshold"": 0.05, ""trial_id"": ""E8"", ""universe"": [""SPY"", ""TLT"", ""GLD""]}",development+reused_validation,5.0 bp risky purchases+sales; borrow rf+50.0 bp,completed,results/20261004T003009-2f16c796/E8-target_low-c16380ea39.csv,No OOS retuning; diagnostic not eligible for selection,False
E8-target_low_base-1cef4637f7,2026-10-04T00:35:57.314467+00:00,f953cc6eadb2efb7f124791a8afd2815663fbf45083f58fe7e4fa892c609676c,26552dd9c109058ba93a75bb8ba5de1f6a85585b,e5f957a2b78b4a08cede2183cd59012f73beaffc38f0821d43bb458df08be222:5eb2ada6d8d007969c111064ae6c5de089e8bd61c0156cb49cc98484cea2b5d9,ensemble,"{""base"": ""equal"", ""borrow_bps"": 50.0, ""cap"": 1.25, ""control"": ""asymmetric"", ""covariance_days"": 126, ""diagnostic"": ""target_low_base"", ""family"": ""ensemble"", ""har_train_min"": 504, ""lookback"": 63, ""overlay"": false, ""static_exposure"": null, ""target"": 0.09000000000000001, ""threshold"": 0.05, ""trial_id"": ""E8"", ""universe"": [""SPY"", ""TLT"", ""GLD""]}",development+reused_validation,5.0 bp risky purchases+sales; borrow rf+50.0 bp,started,results/20261004T003009-2f16c796/E8-target_low_base-1cef4637f7.csv,Attempt retained even if process fails,False
E8-target_low_base-1cef4637f7,2026-10-04T00:35:57.314467+00:00,f953cc6eadb2efb7f124791a8afd2815663fbf45083f58fe7e4fa892c609676c,26552dd9c109058ba93a75bb8ba5de1f6a85585b,e5f957a2b78b4a08cede2183cd59012f73beaffc38f0821d43bb458df08be222:5eb2ada6d8d007969c111064ae6c5de089e8bd61c0156cb49cc98484cea2b5d9,ensemble,"{""base"": ""equal"", ""borrow_bps"": 50.0, ""cap"": 1.25, ""control"": ""asymmetric"", ""covariance_days"": 126, ""diagnostic"": ""target_low_base"", ""family"": ""ensemble"", ""har_train_min"": 504, ""lookback"": 63, ""overlay"": false, ""static_exposure"": null, ""target"": 0.09000000000000001, ""threshold"": 0.05, ""trial_id"": ""E8"", ""universe"": [""SPY"", ""TLT"", ""GLD""]}",development+reused_validation,5.0 bp risky purchases+sales; borrow rf+50.0 bp,completed,results/20261004T003009-2f16c796/E8-target_low_base-1cef4637f7.csv,No OOS retuning; diagnostic not eligible for selection,False
E8-target_high-c2fb26fb6b,2026-10-04T00:35:58.847755+00:00,f953cc6eadb2efb7f124791a8afd2815663fbf45083f58fe7e4fa892c609676c,26552dd9c109058ba93a75bb8ba5de1f6a85585b,e5f957a2b78b4a08cede2183cd59012f73beaffc38f0821d43bb458df08be222:5eb2ada6d8d007969c111064ae6c5de089e8bd61c0156cb49cc98484cea2b5d9,ensemble,"{""base"": ""equal"", ""borrow_bps"": 50.0, ""cap"": 1.25, ""control"": ""asymmetric"", ""covariance_days"": 126, ""diagnostic"": ""target_high"", ""family"": ""ensemble"", ""har_train_min"": 504, ""lookback"": 63, ""overlay"": true, ""static_exposure"": null, ""target"": 0.11, ""threshold"": 0.05, ""trial_id"": ""E8"", ""universe"": [""SPY"", ""TLT"", ""GLD""]}",development+reused_validation,5.0 bp risky purchases+sales; borrow rf+50.0 bp,started,results/20261004T003009-2f16c796/E8-target_high-c2fb26fb6b.csv,Attempt retained even if process fails,False
E8-target_high-c2fb26fb6b,2026-10-04T00:35:58.847755+00:00,f953cc6eadb2efb7f124791a8afd2815663fbf45083f58fe7e4fa892c609676c,26552dd9c109058ba93a75bb8ba5de1f6a85585b,e5f957a2b78b4a08cede2183cd59012f73beaffc38f0821d43bb458df08be222:5eb2ada6d8d007969c111064ae6c5de089e8bd61c0156cb49cc98484cea2b5d9,ensemble,"{""base"": ""equal"", ""borrow_bps"": 50.0, ""cap"": 1.25, ""control"": ""asymmetric"", ""covariance_days"": 126, ""diagnostic"": ""target_high"", ""family"": ""ensemble"", ""har_train_min"": 504, ""lookback"": 63, ""overlay"": true, ""static_exposure"": null, ""target"": 0.11, ""threshold"": 0.05, ""trial_id"": ""E8"", ""universe"": [""SPY"", ""TLT"", ""GLD""]}",development+reused_validation,5.0 bp risky purchases+sales; borrow rf+50.0 bp,completed,results/20261004T003009-2f16c796/E8-target_high-c2fb26fb6b.csv,No OOS retuning; diagnostic not eligible for selection,False
E8-target_high_base-fb401619f6,2026-10-04T00:36:01.090886+00:00,f953cc6eadb2efb7f124791a8afd2815663fbf45083f58fe7e4fa892c609676c,26552dd9c109058ba93a75bb8ba5de1f6a85585b,e5f957a2b78b4a08cede2183cd59012f73beaffc38f0821d43bb458df08be222:5eb2ada6d8d007969c111064ae6c5de089e8bd61c0156cb49cc98484cea2b5d9,ensemble,"{""base"": ""equal"", ""borrow_bps"": 50.0, ""cap"": 1.25, ""control"": ""asymmetric"", ""covariance_days"": 126, ""diagnostic"": ""target_high_base"", ""family"": ""ensemble"", ""har_train_min"": 504, ""lookback"": 63, ""overlay"": false, ""static_exposure"": null, ""target"": 0.11, ""threshold"": 0.05, ""trial_id"": ""E8"", ""universe"": [""SPY"", ""TLT"", ""GLD""]}",development+reused_validation,5.0 bp risky purchases+sales; borrow rf+50.0 bp,started,results/20261004T003009-2f16c796/E8-target_high_base-fb401619f6.csv,Attempt retained even if process fails,False
E8-target_high_base-fb401619f6,2026-10-04T00:36:01.090886+00:00,f953cc6eadb2efb7f124791a8afd2815663fbf45083f58fe7e4fa892c609676c,26552dd9c109058ba93a75bb8ba5de1f6a85585b,e5f957a2b78b4a08cede2183cd59012f73beaffc38f0821d43bb458df08be222:5eb2ada6d8d007969c111064ae6c5de089e8bd61c0156cb49cc98484cea2b5d9,ensemble,"{""base"": ""equal"", ""borrow_bps"": 50.0, ""cap"": 1.25, ""control"": ""asymmetric"", ""covariance_days"": 126, ""diagnostic"": ""target_high_base"", ""family"": ""ensemble"", ""har_train_min"": 504, ""lookback"": 63, ""overlay"": false, ""static_exposure"": null, ""target"": 0.11, ""threshold"": 0.05, ""trial_id"": ""E8"", ""universe"": [""SPY"", ""TLT"", ""GLD""]}",development+reused_validation,5.0 bp risky purchases+sales; borrow rf+50.0 bp,completed,results/20261004T003009-2f16c796/E8-target_high_base-fb401619f6.csv,No OOS retuning; diagnostic not eligible for selection,False
E8-lookback_low-b779a2bcac,2026-10-04T00:36:02.623167+00:00,f953cc6eadb2efb7f124791a8afd2815663fbf45083f58fe7e4fa892c609676c,26552dd9c109058ba93a75bb8ba5de1f6a85585b,e5f957a2b78b4a08cede2183cd59012f73beaffc38f0821d43bb458df08be222:5eb2ada6d8d007969c111064ae6c5de089e8bd61c0156cb49cc98484cea2b5d9,ensemble,"{""base"": ""equal"", ""borrow_bps"": 50.0, ""cap"": 1.25, ""control"": ""asymmetric"", ""covariance_days"": 101, ""diagnostic"": ""lookback_low"", ""family"": ""ensemble"", ""har_train_min"": 403, ""lookback"": 50, ""overlay"": true, ""static_exposure"": null, ""target"": 0.1, ""threshold"": 0.05, ""trial_id"": ""E8"", ""universe"": [""SPY"", ""TLT"", ""GLD""]}",development+reused_validation,5.0 bp risky purchases+sales; borrow rf+50.0 bp,started,results/20261004T003009-2f16c796/E8-lookback_low-b779a2bcac.csv,Attempt retained even if process fails,False
E8-lookback_low-b779a2bcac,2026-10-04T00:36:02.623167+00:00,f953cc6eadb2efb7f124791a8afd2815663fbf45083f58fe7e4fa892c609676c,26552dd9c109058ba93a75bb8ba5de1f6a85585b,e5f957a2b78b4a08cede2183cd59012f73beaffc38f0821d43bb458df08be222:5eb2ada6d8d007969c111064ae6c5de089e8bd61c0156cb49cc98484cea2b5d9,ensemble,"{""base"": ""equal"", ""borrow_bps"": 50.0, ""cap"": 1.25, ""control"": ""asymmetric"", ""covariance_days"": 101, ""diagnostic"": ""lookback_low"", ""family"": ""ensemble"", ""har_train_min"": 403, ""lookback"": 50, ""overlay"": true, ""static_exposure"": null, ""target"": 0.1, ""threshold"": 0.05, ""trial_id"": ""E8"", ""universe"": [""SPY"", ""TLT"", ""GLD""]}",development+reused_validation,5.0 bp risky purchases+sales; borrow rf+50.0 bp,completed,results/20261004T003009-2f16c796/E8-lookback_low-b779a2bcac.csv,No OOS retuning; diagnostic not eligible for selection,False
E8-lookback_low_base-cab6ce1f4b,2026-10-04T00:36:04.883269+00:00,f953cc6eadb2efb7f124791a8afd2815663fbf45083f58fe7e4fa892c609676c,26552dd9c109058ba93a75bb8ba5de1f6a85585b,e5f957a2b78b4a08cede2183cd59012f73beaffc38f0821d43bb458df08be222:5eb2ada6d8d007969c111064ae6c5de089e8bd61c0156cb49cc98484cea2b5d9,ensemble,"{""base"": ""equal"", ""borrow_bps"": 50.0, ""cap"": 1.25, ""control"": ""asymmetric"", ""covariance_days"": 101, ""diagnostic"": ""lookback_low_base"", ""family"": ""ensemble"", ""har_train_min"": 403, ""lookback"": 50, ""overlay"": false, ""static_exposure"": null, ""target"": 0.1, ""threshold"": 0.05, ""trial_id"": ""E8"", ""universe"": [""SPY"", ""TLT"", ""GLD""]}",development+reused_validation,5.0 bp risky purchases+sales; borrow rf+50.0 bp,started,results/20261004T003009-2f16c796/E8-lookback_low_base-cab6ce1f4b.csv,Attempt retained even if process fails,False
E8-lookback_low_base-cab6ce1f4b,2026-10-04T00:36:04.883269+00:00,f953cc6eadb2efb7f124791a8afd2815663fbf45083f58fe7e4fa892c609676c,26552dd9c109058ba93a75bb8ba5de1f6a85585b,e5f957a2b78b4a08cede2183cd59012f73beaffc38f0821d43bb458df08be222:5eb2ada6d8d007969c111064ae6c5de089e8bd61c0156cb49cc98484cea2b5d9,ensemble,"{""base"": ""equal"", ""borrow_bps"": 50.0, ""cap"": 1.25, ""control"": ""asymmetric"", ""covariance_days"": 101, ""diagnostic"": ""lookback_low_base"", ""family"": ""ensemble"", ""har_train_min"": 403, ""lookback"": 50, ""overlay"": false, ""static_exposure"": null, ""target"": 0.1, ""threshold"": 0.05, ""trial_id"": ""E8"", ""universe"": [""SPY"", ""TLT"", ""GLD""]}",development+reused_validation,5.0 bp risky purchases+sales; borrow rf+50.0 bp,completed,results/20261004T003009-2f16c796/E8-lookback_low_base-cab6ce1f4b.csv,No OOS retuning; diagnostic not eligible for selection,False
E8-lookback_high-46a2f19f4f,2026-10-04T00:36:06.370969+00:00,f953cc6eadb2efb7f124791a8afd2815663fbf45083f58fe7e4fa892c609676c,26552dd9c109058ba93a75bb8ba5de1f6a85585b,e5f957a2b78b4a08cede2183cd59012f73beaffc38f0821d43bb458df08be222:5eb2ada6d8d007969c111064ae6c5de089e8bd61c0156cb49cc98484cea2b5d9,ensemble,"{""base"": ""equal"", ""borrow_bps"": 50.0, ""cap"": 1.25, ""control"": ""asymmetric"", ""covariance_days"": 151, ""diagnostic"": ""lookback_high"", ""family"": ""ensemble"", ""har_train_min"": 605, ""lookback"": 76, ""overlay"": true, ""static_exposure"": null, ""target"": 0.1, ""threshold"": 0.05, ""trial_id"": ""E8"", ""universe"": [""SPY"", ""TLT"", ""GLD""]}",development+reused_validation,5.0 bp risky purchases+sales; borrow rf+50.0 bp,started,results/20261004T003009-2f16c796/E8-lookback_high-46a2f19f4f.csv,Attempt retained even if process fails,False
E8-lookback_high-46a2f19f4f,2026-10-04T00:36:06.370969+00:00,f953cc6eadb2efb7f124791a8afd2815663fbf45083f58fe7e4fa892c609676c,26552dd9c109058ba93a75bb8ba5de1f6a85585b,e5f957a2b78b4a08cede2183cd59012f73beaffc38f0821d43bb458df08be222:5eb2ada6d8d007969c111064ae6c5de089e8bd61c0156cb49cc98484cea2b5d9,ensemble,"{""base"": ""equal"", ""borrow_bps"": 50.0, ""cap"": 1.25, ""control"": ""asymmetric"", ""covariance_days"": 151, ""diagnostic"": ""lookback_high"", ""family"": ""ensemble"", ""har_train_min"": 605, ""lookback"": 76, ""overlay"": true, ""static_exposure"": null, ""target"": 0.1, ""threshold"": 0.05, ""trial_id"": ""E8"", ""universe"": [""SPY"", ""TLT"", ""GLD""]}",development+reused_validation,5.0 bp risky purchases+sales; borrow rf+50.0 bp,completed,results/20261004T003009-2f16c796/E8-lookback_high-46a2f19f4f.csv,No OOS retuning; diagnostic not eligible for selection,False
E8-lookback_high_base-f8c58be168,2026-10-04T00:36:08.623459+00:00,f953cc6eadb2efb7f124791a8afd2815663fbf45083f58fe7e4fa892c609676c,26552dd9c109058ba93a75bb8ba5de1f6a85585b,e5f957a2b78b4a08cede2183cd59012f73beaffc38f0821d43bb458df08be222:5eb2ada6d8d007969c111064ae6c5de089e8bd61c0156cb49cc98484cea2b5d9,ensemble,"{""base"": ""equal"", ""borrow_bps"": 50.0, ""cap"": 1.25, ""control"": ""asymmetric"", ""covariance_days"": 151, ""diagnostic"": ""lookback_high_base"", ""family"": ""ensemble"", ""har_train_min"": 605, ""lookback"": 76, ""overlay"": false, ""static_exposure"": null, ""target"": 0.1, ""threshold"": 0.05, ""trial_id"": ""E8"", ""universe"": [""SPY"", ""TLT"", ""GLD""]}",development+reused_validation,5.0 bp risky purchases+sales; borrow rf+50.0 bp,started,results/20261004T003009-2f16c796/E8-lookback_high_base-f8c58be168.csv,Attempt retained even if process fails,False
E8-lookback_high_base-f8c58be168,2026-10-04T00:36:08.623459+00:00,f953cc6eadb2efb7f124791a8afd2815663fbf45083f58fe7e4fa892c609676c,26552dd9c109058ba93a75bb8ba5de1f6a85585b,e5f957a2b78b4a08cede2183cd59012f73beaffc38f0821d43bb458df08be222:5eb2ada6d8d007969c111064ae6c5de089e8bd61c0156cb49cc98484cea2b5d9,ensemble,"{""base"": ""equal"", ""borrow_bps"": 50.0, ""cap"": 1.25, ""control"": ""asymmetric"", ""covariance_days"": 151, ""diagnostic"": ""lookback_high_base"", ""family"": ""ensemble"", ""har_train_min"": 605, ""lookback"": 76, ""overlay"": false, ""static_exposure"": null, ""target"": 0.1, ""threshold"": 0.05, ""trial_id"": ""E8"", ""universe"": [""SPY"", ""TLT"", ""GLD""]}",development+reused_validation,5.0 bp risky purchases+sales; borrow rf+50.0 bp,completed,results/20261004T003009-2f16c796/E8-lookback_high_base-f8c58be168.csv,No OOS retuning; diagnostic not eligible for selection,False
E8-trigger_low-766497b671,2026-10-04T00:36:10.113922+00:00,f953cc6eadb2efb7f124791a8afd2815663fbf45083f58fe7e4fa892c609676c,26552dd9c109058ba93a75bb8ba5de1f6a85585b,e5f957a2b78b4a08cede2183cd59012f73beaffc38f0821d43bb458df08be222:5eb2ada6d8d007969c111064ae6c5de089e8bd61c0156cb49cc98484cea2b5d9,ensemble,"{""base"": ""equal"", ""borrow_bps"": 50.0, ""cap"": 1.25, ""control"": ""asymmetric"", ""covariance_days"": 126, ""diagnostic"": ""trigger_low"", ""family"": ""ensemble"", ""har_train_min"": 504, ""lookback"": 63, ""overlay"": true, ""static_exposure"": null, ""target"": 0.1, ""threshold"": 0.04, ""trial_id"": ""E8"", ""universe"": [""SPY"", ""TLT"", ""GLD""]}",development+reused_validation,5.0 bp risky purchases+sales; borrow rf+50.0 bp,started,results/20261004T003009-2f16c796/E8-trigger_low-766497b671.csv,Attempt retained even if process fails,False
E8-trigger_low-766497b671,2026-10-04T00:36:10.113922+00:00,f953cc6eadb2efb7f124791a8afd2815663fbf45083f58fe7e4fa892c609676c,26552dd9c109058ba93a75bb8ba5de1f6a85585b,e5f957a2b78b4a08cede2183cd59012f73beaffc38f0821d43bb458df08be222:5eb2ada6d8d007969c111064ae6c5de089e8bd61c0156cb49cc98484cea2b5d9,ensemble,"{""base"": ""equal"", ""borrow_bps"": 50.0, ""cap"": 1.25, ""control"": ""asymmetric"", ""covariance_days"": 126, ""diagnostic"": ""trigger_low"", ""family"": ""ensemble"", ""har_train_min"": 504, ""lookback"": 63, ""overlay"": true, ""static_exposure"": null, ""target"": 0.1, ""threshold"": 0.04, ""trial_id"": ""E8"", ""universe"": [""SPY"", ""TLT"", ""GLD""]}",development+reused_validation,5.0 bp risky purchases+sales; borrow rf+50.0 bp,completed,results/20261004T003009-2f16c796/E8-trigger_low-766497b671.csv,No OOS retuning; diagnostic not eligible for selection,False
E8-trigger_low_base-1cc39cad4e,2026-10-04T00:36:12.398064+00:00,f953cc6eadb2efb7f124791a8afd2815663fbf45083f58fe7e4fa892c609676c,26552dd9c109058ba93a75bb8ba5de1f6a85585b,e5f957a2b78b4a08cede2183cd59012f73beaffc38f0821d43bb458df08be222:5eb2ada6d8d007969c111064ae6c5de089e8bd61c0156cb49cc98484cea2b5d9,ensemble,"{""base"": ""equal"", ""borrow_bps"": 50.0, ""cap"": 1.25, ""control"": ""asymmetric"", ""covariance_days"": 126, ""diagnostic"": ""trigger_low_base"", ""family"": ""ensemble"", ""har_train_min"": 504, ""lookback"": 63, ""overlay"": false, ""static_exposure"": null, ""target"": 0.1, ""threshold"": 0.04, ""trial_id"": ""E8"", ""universe"": [""SPY"", ""TLT"", ""GLD""]}",development+reused_validation,5.0 bp risky purchases+sales; borrow rf+50.0 bp,started,results/20261004T003009-2f16c796/E8-trigger_low_base-1cc39cad4e.csv,Attempt retained even if process fails,False
E8-trigger_low_base-1cc39cad4e,2026-10-04T00:36:12.398064+00:00,f953cc6eadb2efb7f124791a8afd2815663fbf45083f58fe7e4fa892c609676c,26552dd9c109058ba93a75bb8ba5de1f6a85585b,e5f957a2b78b4a08cede2183cd59012f73beaffc38f0821d43bb458df08be222:5eb2ada6d8d007969c111064ae6c5de089e8bd61c0156cb49cc98484cea2b5d9,ensemble,"{""base"": ""equal"", ""borrow_bps"": 50.0, ""cap"": 1.25, ""control"": ""asymmetric"", ""covariance_days"": 126, ""diagnostic"": ""trigger_low_base"", ""family"": ""ensemble"", ""har_train_min"": 504, ""lookback"": 63, ""overlay"": false, ""static_exposure"": null, ""target"": 0.1, ""threshold"": 0.04, ""trial_id"": ""E8"", ""universe"": [""SPY"", ""TLT"", ""GLD""]}",development+reused_validation,5.0 bp risky purchases+sales; borrow rf+50.0 bp,completed,results/20261004T003009-2f16c796/E8-trigger_low_base-1cc39cad4e.csv,No OOS retuning; diagnostic not eligible for selection,False
E8-trigger_high-90f920997d,2026-10-04T00:36:13.878899+00:00,f953cc6eadb2efb7f124791a8afd2815663fbf45083f58fe7e4fa892c609676c,26552dd9c109058ba93a75bb8ba5de1f6a85585b,e5f957a2b78b4a08cede2183cd59012f73beaffc38f0821d43bb458df08be222:5eb2ada6d8d007969c111064ae6c5de089e8bd61c0156cb49cc98484cea2b5d9,ensemble,"{""base"": ""equal"", ""borrow_bps"": 50.0, ""cap"": 1.25, ""control"": ""asymmetric"", ""covariance_days"": 126, ""diagnostic"": ""trigger_high"", ""family"": ""ensemble"", ""har_train_min"": 504, ""lookback"": 63, ""overlay"": true, ""static_exposure"": null, ""target"": 0.1, ""threshold"": 0.06, ""trial_id"": ""E8"", ""universe"": [""SPY"", ""TLT"", ""GLD""]}",development+reused_validation,5.0 bp risky purchases+sales; borrow rf+50.0 bp,started,results/20261004T003009-2f16c796/E8-trigger_high-90f920997d.csv,Attempt retained even if process fails,False
E8-trigger_high-90f920997d,2026-10-04T00:36:13.878899+00:00,f953cc6eadb2efb7f124791a8afd2815663fbf45083f58fe7e4fa892c609676c,26552dd9c109058ba93a75bb8ba5de1f6a85585b,e5f957a2b78b4a08cede2183cd59012f73beaffc38f0821d43bb458df08be222:5eb2ada6d8d007969c111064ae6c5de089e8bd61c0156cb49cc98484cea2b5d9,ensemble,"{""base"": ""equal"", ""borrow_bps"": 50.0, ""cap"": 1.25, ""control"": ""asymmetric"", ""covariance_days"": 126, ""diagnostic"": ""trigger_high"", ""family"": ""ensemble"", ""har_train_min"": 504, ""lookback"": 63, ""overlay"": true, ""static_exposure"": null, ""target"": 0.1, ""threshold"": 0.06, ""trial_id"": ""E8"", ""universe"": [""SPY"", ""TLT"", ""GLD""]}",development+reused_validation,5.0 bp risky purchases+sales; borrow rf+50.0 bp,completed,results/20261004T003009-2f16c796/E8-trigger_high-90f920997d.csv,No OOS retuning; diagnostic not eligible for selection,False
E8-trigger_high_base-0c29a56556,2026-10-04T00:36:16.136156+00:00,f953cc6eadb2efb7f124791a8afd2815663fbf45083f58fe7e4fa892c609676c,26552dd9c109058ba93a75bb8ba5de1f6a85585b,e5f957a2b78b4a08cede2183cd59012f73beaffc38f0821d43bb458df08be222:5eb2ada6d8d007969c111064ae6c5de089e8bd61c0156cb49cc98484cea2b5d9,ensemble,"{""base"": ""equal"", ""borrow_bps"": 50.0, ""cap"": 1.25, ""control"": ""asymmetric"", ""covariance_days"": 126, ""diagnostic"": ""trigger_high_base"", ""family"": ""ensemble"", ""har_train_min"": 504, ""lookback"": 63, ""overlay"": false, ""static_exposure"": null, ""target"": 0.1, ""threshold"": 0.06, ""trial_id"": ""E8"", ""universe"": [""SPY"", ""TLT"", ""GLD""]}",development+reused_validation,5.0 bp risky purchases+sales; borrow rf+50.0 bp,started,results/20261004T003009-2f16c796/E8-trigger_high_base-0c29a56556.csv,Attempt retained even if process fails,False
E8-trigger_high_base-0c29a56556,2026-10-04T00:36:16.136156+00:00,f953cc6eadb2efb7f124791a8afd2815663fbf45083f58fe7e4fa892c609676c,26552dd9c109058ba93a75bb8ba5de1f6a85585b,e5f957a2b78b4a08cede2183cd59012f73beaffc38f0821d43bb458df08be222:5eb2ada6d8d007969c111064ae6c5de089e8bd61c0156cb49cc98484cea2b5d9,ensemble,"{""base"": ""equal"", ""borrow_bps"": 50.0, ""cap"": 1.25, ""control"": ""asymmetric"", ""covariance_days"": 126, ""diagnostic"": ""trigger_high_base"", ""family"": ""ensemble"", ""har_train_min"": 504, ""lookback"": 63, ""overlay"": false, ""static_exposure"": null, ""target"": 0.1, ""threshold"": 0.06, ""trial_id"": ""E8"", ""universe"": [""SPY"", ""TLT"", ""GLD""]}",development+reused_validation,5.0 bp risky purchases+sales; borrow rf+50.0 bp,completed,results/20261004T003009-2f16c796/E8-trigger_high_base-0c29a56556.csv,No OOS retuning; diagnostic not eligible for selection,False
E7-cost_0-b28b619844,2026-10-04T00:36:19.720405+00:00,f953cc6eadb2efb7f124791a8afd2815663fbf45083f58fe7e4fa892c609676c,26552dd9c109058ba93a75bb8ba5de1f6a85585b,e5f957a2b78b4a08cede2183cd59012f73beaffc38f0821d43bb458df08be222:5eb2ada6d8d007969c111064ae6c5de089e8bd61c0156cb49cc98484cea2b5d9,ensemble,"{""base"": ""equal"", ""borrow_bps"": 50.0, ""cap"": 1.0, ""control"": ""asymmetric"", ""covariance_days"": 126, ""diagnostic"": ""cost_0"", ""family"": ""ensemble"", ""har_train_min"": 504, ""lookback"": 63, ""overlay"": true, ""static_exposure"": null, ""target"": 0.1, ""threshold"": 0.05, ""trial_id"": ""E7"", ""universe"": [""SPY"", ""TLT"", ""GLD""]}",development+reused_validation,0 bp risky purchases+sales; borrow rf+50.0 bp,started,results/20261004T003009-2f16c796/E7-cost_0-b28b619844.csv,Attempt retained even if process fails,False
E7-cost_0-b28b619844,2026-10-04T00:36:19.720405+00:00,f953cc6eadb2efb7f124791a8afd2815663fbf45083f58fe7e4fa892c609676c,26552dd9c109058ba93a75bb8ba5de1f6a85585b,e5f957a2b78b4a08cede2183cd59012f73beaffc38f0821d43bb458df08be222:5eb2ada6d8d007969c111064ae6c5de089e8bd61c0156cb49cc98484cea2b5d9,ensemble,"{""base"": ""equal"", ""borrow_bps"": 50.0, ""cap"": 1.0, ""control"": ""asymmetric"", ""covariance_days"": 126, ""diagnostic"": ""cost_0"", ""family"": ""ensemble"", ""har_train_min"": 504, ""lookback"": 63, ""overlay"": true, ""static_exposure"": null, ""target"": 0.1, ""threshold"": 0.05, ""trial_id"": ""E7"", ""universe"": [""SPY"", ""TLT"", ""GLD""]}",development+reused_validation,0 bp risky purchases+sales; borrow rf+50.0 bp,completed,results/20261004T003009-2f16c796/E7-cost_0-b28b619844.csv,No OOS retuning; diagnostic not eligible for selection,False
E7-cost_2-1f18bb5572,2026-10-04T00:36:21.223832+00:00,f953cc6eadb2efb7f124791a8afd2815663fbf45083f58fe7e4fa892c609676c,26552dd9c109058ba93a75bb8ba5de1f6a85585b,e5f957a2b78b4a08cede2183cd59012f73beaffc38f0821d43bb458df08be222:5eb2ada6d8d007969c111064ae6c5de089e8bd61c0156cb49cc98484cea2b5d9,ensemble,"{""base"": ""equal"", ""borrow_bps"": 50.0, ""cap"": 1.0, ""control"": ""asymmetric"", ""covariance_days"": 126, ""diagnostic"": ""cost_2"", ""family"": ""ensemble"", ""har_train_min"": 504, ""lookback"": 63, ""overlay"": true, ""static_exposure"": null, ""target"": 0.1, ""threshold"": 0.05, ""trial_id"": ""E7"", ""universe"": [""SPY"", ""TLT"", ""GLD""]}",development+reused_validation,2 bp risky purchases+sales; borrow rf+50.0 bp,started,results/20261004T003009-2f16c796/E7-cost_2-1f18bb5572.csv,Attempt retained even if process fails,False
E7-cost_2-1f18bb5572,2026-10-04T00:36:21.223832+00:00,f953cc6eadb2efb7f124791a8afd2815663fbf45083f58fe7e4fa892c609676c,26552dd9c109058ba93a75bb8ba5de1f6a85585b,e5f957a2b78b4a08cede2183cd59012f73beaffc38f0821d43bb458df08be222:5eb2ada6d8d007969c111064ae6c5de089e8bd61c0156cb49cc98484cea2b5d9,ensemble,"{""base"": ""equal"", ""borrow_bps"": 50.0, ""cap"": 1.0, ""control"": ""asymmetric"", ""covariance_days"": 126, ""diagnostic"": ""cost_2"", ""family"": ""ensemble"", ""har_train_min"": 504, ""lookback"": 63, ""overlay"": true, ""static_exposure"": null, ""target"": 0.1, ""threshold"": 0.05, ""trial_id"": ""E7"", ""universe"": [""SPY"", ""TLT"", ""GLD""]}",development+reused_validation,2 bp risky purchases+sales; borrow rf+50.0 bp,completed,results/20261004T003009-2f16c796/E7-cost_2-1f18bb5572.csv,No OOS retuning; diagnostic not eligible for selection,False
E7-cost_5-d0f949bb17,2026-10-04T00:36:22.744437+00:00,f953cc6eadb2efb7f124791a8afd2815663fbf45083f58fe7e4fa892c609676c,26552dd9c109058ba93a75bb8ba5de1f6a85585b,e5f957a2b78b4a08cede2183cd59012f73beaffc38f0821d43bb458df08be222:5eb2ada6d8d007969c111064ae6c5de089e8bd61c0156cb49cc98484cea2b5d9,ensemble,"{""base"": ""equal"", ""borrow_bps"": 50.0, ""cap"": 1.0, ""control"": ""asymmetric"", ""covariance_days"": 126, ""diagnostic"": ""cost_5"", ""family"": ""ensemble"", ""har_train_min"": 504, ""lookback"": 63, ""overlay"": true, ""static_exposure"": null, ""target"": 0.1, ""threshold"": 0.05, ""trial_id"": ""E7"", ""universe"": [""SPY"", ""TLT"", ""GLD""]}",development+reused_validation,5 bp risky purchases+sales; borrow rf+50.0 bp,started,results/20261004T003009-2f16c796/E7-cost_5-d0f949bb17.csv,Attempt retained even if process fails,False
E7-cost_5-d0f949bb17,2026-10-04T00:36:22.744437+00:00,f953cc6eadb2efb7f124791a8afd2815663fbf45083f58fe7e4fa892c609676c,26552dd9c109058ba93a75bb8ba5de1f6a85585b,e5f957a2b78b4a08cede2183cd59012f73beaffc38f0821d43bb458df08be222:5eb2ada6d8d007969c111064ae6c5de089e8bd61c0156cb49cc98484cea2b5d9,ensemble,"{""base"": ""equal"", ""borrow_bps"": 50.0, ""cap"": 1.0, ""control"": ""asymmetric"", ""covariance_days"": 126, ""diagnostic"": ""cost_5"", ""family"": ""ensemble"", ""har_train_min"": 504, ""lookback"": 63, ""overlay"": true, ""static_exposure"": null, ""target"": 0.1, ""threshold"": 0.05, ""trial_id"": ""E7"", ""universe"": [""SPY"", ""TLT"", ""GLD""]}",development+reused_validation,5 bp risky purchases+sales; borrow rf+50.0 bp,completed,results/20261004T003009-2f16c796/E7-cost_5-d0f949bb17.csv,No OOS retuning; diagnostic not eligible for selection,False
E7-cost_10-1399807865,2026-10-04T00:36:24.293320+00:00,f953cc6eadb2efb7f124791a8afd2815663fbf45083f58fe7e4fa892c609676c,26552dd9c109058ba93a75bb8ba5de1f6a85585b,e5f957a2b78b4a08cede2183cd59012f73beaffc38f0821d43bb458df08be222:5eb2ada6d8d007969c111064ae6c5de089e8bd61c0156cb49cc98484cea2b5d9,ensemble,"{""base"": ""equal"", ""borrow_bps"": 50.0, ""cap"": 1.0, ""control"": ""asymmetric"", ""covariance_days"": 126, ""diagnostic"": ""cost_10"", ""family"": ""ensemble"", ""har_train_min"": 504, ""lookback"": 63, ""overlay"": true, ""static_exposure"": null, ""target"": 0.1, ""threshold"": 0.05, ""trial_id"": ""E7"", ""universe"": [""SPY"", ""TLT"", ""GLD""]}",development+reused_validation,10 bp risky purchases+sales; borrow rf+50.0 bp,started,results/20261004T003009-2f16c796/E7-cost_10-1399807865.csv,Attempt retained even if process fails,False
E7-cost_10-1399807865,2026-10-04T00:36:24.293320+00:00,f953cc6eadb2efb7f124791a8afd2815663fbf45083f58fe7e4fa892c609676c,26552dd9c109058ba93a75bb8ba5de1f6a85585b,e5f957a2b78b4a08cede2183cd59012f73beaffc38f0821d43bb458df08be222:5eb2ada6d8d007969c111064ae6c5de089e8bd61c0156cb49cc98484cea2b5d9,ensemble,"{""base"": ""equal"", ""borrow_bps"": 50.0, ""cap"": 1.0, ""control"": ""asymmetric"", ""covariance_days"": 126, ""diagnostic"": ""cost_10"", ""family"": ""ensemble"", ""har_train_min"": 504, ""lookback"": 63, ""overlay"": true, ""static_exposure"": null, ""target"": 0.1, ""threshold"": 0.05, ""trial_id"": ""E7"", ""universe"": [""SPY"", ""TLT"", ""GLD""]}",development+reused_validation,10 bp risky purchases+sales; borrow rf+50.0 bp,completed,results/20261004T003009-2f16c796/E7-cost_10-1399807865.csv,No OOS retuning; diagnostic not eligible for selection,False
E7-static_equivalent-536acc992c,2026-10-04T00:36:25.840668+00:00,f953cc6eadb2efb7f124791a8afd2815663fbf45083f58fe7e4fa892c609676c,26552dd9c109058ba93a75bb8ba5de1f6a85585b,e5f957a2b78b4a08cede2183cd59012f73beaffc38f0821d43bb458df08be222:5eb2ada6d8d007969c111064ae6c5de089e8bd61c0156cb49cc98484cea2b5d9,ensemble,"{""base"": ""equal"", ""borrow_bps"": 50.0, ""cap"": 1.0, ""control"": ""asymmetric"", ""covariance_days"": 126, ""diagnostic"": ""static_equivalent"", ""family"": ""ensemble"", ""har_train_min"": 504, ""lookback"": 63, ""overlay"": true, ""static_exposure"": 0.9112911171279586, ""target"": 0.1, ""threshold"": 0.05, ""trial_id"": ""E7"", ""universe"": [""SPY"", ""TLT"", ""GLD""]}",development+reused_validation,5.0 bp risky purchases+sales; borrow rf+50.0 bp,started,results/20261004T003009-2f16c796/E7-static_equivalent-536acc992c.csv,Attempt retained even if process fails,False
E7-static_equivalent-536acc992c,2026-10-04T00:36:25.840668+00:00,f953cc6eadb2efb7f124791a8afd2815663fbf45083f58fe7e4fa892c609676c,26552dd9c109058ba93a75bb8ba5de1f6a85585b,e5f957a2b78b4a08cede2183cd59012f73beaffc38f0821d43bb458df08be222:5eb2ada6d8d007969c111064ae6c5de089e8bd61c0156cb49cc98484cea2b5d9,ensemble,"{""base"": ""equal"", ""borrow_bps"": 50.0, ""cap"": 1.0, ""control"": ""asymmetric"", ""covariance_days"": 126, ""diagnostic"": ""static_equivalent"", ""family"": ""ensemble"", ""har_train_min"": 504, ""lookback"": 63, ""overlay"": true, ""static_exposure"": 0.9112911171279586, ""target"": 0.1, ""threshold"": 0.05, ""trial_id"": ""E7"", ""universe"": [""SPY"", ""TLT"", ""GLD""]}",development+reused_validation,5.0 bp risky purchases+sales; borrow rf+50.0 bp,completed,results/20261004T003009-2f16c796/E7-static_equivalent-536acc992c.csv,No OOS retuning; diagnostic not eligible for selection,False
E7-static_equivalent-7b829f5e81,2026-10-04T00:36:28.055458+00:00,f953cc6eadb2efb7f124791a8afd2815663fbf45083f58fe7e4fa892c609676c,26552dd9c109058ba93a75bb8ba5de1f6a85585b,e5f957a2b78b4a08cede2183cd59012f73beaffc38f0821d43bb458df08be222:5eb2ada6d8d007969c111064ae6c5de089e8bd61c0156cb49cc98484cea2b5d9,ensemble,"{""base"": ""equal"", ""borrow_bps"": 50.0, ""cap"": 1.0, ""control"": ""asymmetric"", ""covariance_days"": 126, ""diagnostic"": ""static_equivalent"", ""family"": ""ensemble"", ""har_train_min"": 504, ""lookback"": 63, ""overlay"": true, ""static_exposure"": 0.9112911171279586, ""target"": 0.1, ""threshold"": 0.05, ""trial_id"": ""E7"", ""universe"": [""SPY"", ""TLT"", ""GLD""]}",development+reused_validation,5.0 bp risky purchases+sales; borrow rf+50.0 bp,started,results/20261004T003009-2f16c796/E7-static_equivalent-7b829f5e81.csv,Attempt retained even if process fails,False
E7-static_equivalent-7b829f5e81,2026-10-04T00:36:28.055458+00:00,f953cc6eadb2efb7f124791a8afd2815663fbf45083f58fe7e4fa892c609676c,26552dd9c109058ba93a75bb8ba5de1f6a85585b,e5f957a2b78b4a08cede2183cd59012f73beaffc38f0821d43bb458df08be222:5eb2ada6d8d007969c111064ae6c5de089e8bd61c0156cb49cc98484cea2b5d9,ensemble,"{""base"": ""equal"", ""borrow_bps"": 50.0, ""cap"": 1.0, ""control"": ""asymmetric"", ""covariance_days"": 126, ""diagnostic"": ""static_equivalent"", ""family"": ""ensemble"", ""har_train_min"": 504, ""lookback"": 63, ""overlay"": true, ""static_exposure"": 0.9112911171279586, ""target"": 0.1, ""threshold"": 0.05, ""trial_id"": ""E7"", ""universe"": [""SPY"", ""TLT"", ""GLD""]}",development+reused_validation,5.0 bp risky purchases+sales; borrow rf+50.0 bp,completed,results/20261004T003009-2f16c796/E7-static_equivalent-7b829f5e81.csv,No OOS retuning; diagnostic not eligible for selection,False
E7-cost_0-40b61e13c7,2026-10-04T00:36:33.057174+00:00,f953cc6eadb2efb7f124791a8afd2815663fbf45083f58fe7e4fa892c609676c,26552dd9c109058ba93a75bb8ba5de1f6a85585b,e5f957a2b78b4a08cede2183cd59012f73beaffc38f0821d43bb458df08be222:5eb2ada6d8d007969c111064ae6c5de089e8bd61c0156cb49cc98484cea2b5d9,ensemble,"{""base"": ""equal"", ""borrow_bps"": 50.0, ""cap"": 1.0, ""control"": ""asymmetric"", ""covariance_days"": 126, ""diagnostic"": ""cost_0"", ""family"": ""ensemble"", ""har_train_min"": 504, ""lookback"": 63, ""overlay"": true, ""static_exposure"": null, ""target"": 0.1, ""threshold"": 0.05, ""trial_id"": ""E7"", ""universe"": [""SPY"", ""TLT"", ""GLD""]}",development+reused_validation,0 bp risky purchases+sales; borrow rf+50.0 bp,started,results/20261004T003009-2f16c796/E7-cost_0-40b61e13c7.csv,Attempt retained even if process fails,False
E7-cost_0-40b61e13c7,2026-10-04T00:36:33.057174+00:00,f953cc6eadb2efb7f124791a8afd2815663fbf45083f58fe7e4fa892c609676c,26552dd9c109058ba93a75bb8ba5de1f6a85585b,e5f957a2b78b4a08cede2183cd59012f73beaffc38f0821d43bb458df08be222:5eb2ada6d8d007969c111064ae6c5de089e8bd61c0156cb49cc98484cea2b5d9,ensemble,"{""base"": ""equal"", ""borrow_bps"": 50.0, ""cap"": 1.0, ""control"": ""asymmetric"", ""covariance_days"": 126, ""diagnostic"": ""cost_0"", ""family"": ""ensemble"", ""har_train_min"": 504, ""lookback"": 63, ""overlay"": true, ""static_exposure"": null, ""target"": 0.1, ""threshold"": 0.05, ""trial_id"": ""E7"", ""universe"": [""SPY"", ""TLT"", ""GLD""]}",development+reused_validation,0 bp risky purchases+sales; borrow rf+50.0 bp,completed,results/20261004T003009-2f16c796/E7-cost_0-40b61e13c7.csv,No OOS retuning; diagnostic not eligible for selection,False
E7-cost_2-016cfc8ec2,2026-10-04T00:36:34.566097+00:00,f953cc6eadb2efb7f124791a8afd2815663fbf45083f58fe7e4fa892c609676c,26552dd9c109058ba93a75bb8ba5de1f6a85585b,e5f957a2b78b4a08cede2183cd59012f73beaffc38f0821d43bb458df08be222:5eb2ada6d8d007969c111064ae6c5de089e8bd61c0156cb49cc98484cea2b5d9,ensemble,"{""base"": ""equal"", ""borrow_bps"": 50.0, ""cap"": 1.0, ""control"": ""asymmetric"", ""covariance_days"": 126, ""diagnostic"": ""cost_2"", ""family"": ""ensemble"", ""har_train_min"": 504, ""lookback"": 63, ""overlay"": true, ""static_exposure"": null, ""target"": 0.1, ""threshold"": 0.05, ""trial_id"": ""E7"", ""universe"": [""SPY"", ""TLT"", ""GLD""]}",development+reused_validation,2 bp risky purchases+sales; borrow rf+50.0 bp,started,results/20261004T003009-2f16c796/E7-cost_2-016cfc8ec2.csv,Attempt retained even if process fails,False
E7-cost_2-016cfc8ec2,2026-10-04T00:36:34.566097+00:00,f953cc6eadb2efb7f124791a8afd2815663fbf45083f58fe7e4fa892c609676c,26552dd9c109058ba93a75bb8ba5de1f6a85585b,e5f957a2b78b4a08cede2183cd59012f73beaffc38f0821d43bb458df08be222:5eb2ada6d8d007969c111064ae6c5de089e8bd61c0156cb49cc98484cea2b5d9,ensemble,"{""base"": ""equal"", ""borrow_bps"": 50.0, ""cap"": 1.0, ""control"": ""asymmetric"", ""covariance_days"": 126, ""diagnostic"": ""cost_2"", ""family"": ""ensemble"", ""har_train_min"": 504, ""lookback"": 63, ""overlay"": true, ""static_exposure"": null, ""target"": 0.1, ""threshold"": 0.05, ""trial_id"": ""E7"", ""universe"": [""SPY"", ""TLT"", ""GLD""]}",development+reused_validation,2 bp risky purchases+sales; borrow rf+50.0 bp,completed,results/20261004T003009-2f16c796/E7-cost_2-016cfc8ec2.csv,No OOS retuning; diagnostic not eligible for selection,False
E7-cost_5-c768a5c45e,2026-10-04T00:36:36.173231+00:00,f953cc6eadb2efb7f124791a8afd2815663fbf45083f58fe7e4fa892c609676c,26552dd9c109058ba93a75bb8ba5de1f6a85585b,e5f957a2b78b4a08cede2183cd59012f73beaffc38f0821d43bb458df08be222:5eb2ada6d8d007969c111064ae6c5de089e8bd61c0156cb49cc98484cea2b5d9,ensemble,"{""base"": ""equal"", ""borrow_bps"": 50.0, ""cap"": 1.0, ""control"": ""asymmetric"", ""covariance_days"": 126, ""diagnostic"": ""cost_5"", ""family"": ""ensemble"", ""har_train_min"": 504, ""lookback"": 63, ""overlay"": true, ""static_exposure"": null, ""target"": 0.1, ""threshold"": 0.05, ""trial_id"": ""E7"", ""universe"": [""SPY"", ""TLT"", ""GLD""]}",development+reused_validation,5 bp risky purchases+sales; borrow rf+50.0 bp,started,results/20261004T003009-2f16c796/E7-cost_5-c768a5c45e.csv,Attempt retained even if process fails,False
E7-cost_5-c768a5c45e,2026-10-04T00:36:36.173231+00:00,f953cc6eadb2efb7f124791a8afd2815663fbf45083f58fe7e4fa892c609676c,26552dd9c109058ba93a75bb8ba5de1f6a85585b,e5f957a2b78b4a08cede2183cd59012f73beaffc38f0821d43bb458df08be222:5eb2ada6d8d007969c111064ae6c5de089e8bd61c0156cb49cc98484cea2b5d9,ensemble,"{""base"": ""equal"", ""borrow_bps"": 50.0, ""cap"": 1.0, ""control"": ""asymmetric"", ""covariance_days"": 126, ""diagnostic"": ""cost_5"", ""family"": ""ensemble"", ""har_train_min"": 504, ""lookback"": 63, ""overlay"": true, ""static_exposure"": null, ""target"": 0.1, ""threshold"": 0.05, ""trial_id"": ""E7"", ""universe"": [""SPY"", ""TLT"", ""GLD""]}",development+reused_validation,5 bp risky purchases+sales; borrow rf+50.0 bp,completed,results/20261004T003009-2f16c796/E7-cost_5-c768a5c45e.csv,No OOS retuning; diagnostic not eligible for selection,False
E7-cost_10-5e4c5106b8,2026-10-04T00:36:37.690533+00:00,f953cc6eadb2efb7f124791a8afd2815663fbf45083f58fe7e4fa892c609676c,26552dd9c109058ba93a75bb8ba5de1f6a85585b,e5f957a2b78b4a08cede2183cd59012f73beaffc38f0821d43bb458df08be222:5eb2ada6d8d007969c111064ae6c5de089e8bd61c0156cb49cc98484cea2b5d9,ensemble,"{""base"": ""equal"", ""borrow_bps"": 50.0, ""cap"": 1.0, ""control"": ""asymmetric"", ""covariance_days"": 126, ""diagnostic"": ""cost_10"", ""family"": ""ensemble"", ""har_train_min"": 504, ""lookback"": 63, ""overlay"": true, ""static_exposure"": null, ""target"": 0.1, ""threshold"": 0.05, ""trial_id"": ""E7"", ""universe"": [""SPY"", ""TLT"", ""GLD""]}",development+reused_validation,10 bp risky purchases+sales; borrow rf+50.0 bp,started,results/20261004T003009-2f16c796/E7-cost_10-5e4c5106b8.csv,Attempt retained even if process fails,False
E7-cost_10-5e4c5106b8,2026-10-04T00:36:37.690533+00:00,f953cc6eadb2efb7f124791a8afd2815663fbf45083f58fe7e4fa892c609676c,26552dd9c109058ba93a75bb8ba5de1f6a85585b,e5f957a2b78b4a08cede2183cd59012f73beaffc38f0821d43bb458df08be222:5eb2ada6d8d007969c111064ae6c5de089e8bd61c0156cb49cc98484cea2b5d9,ensemble,"{""base"": ""equal"", ""borrow_bps"": 50.0, ""cap"": 1.0, ""control"": ""asymmetric"", ""covariance_days"": 126, ""diagnostic"": ""cost_10"", ""family"": ""ensemble"", ""har_train_min"": 504, ""lookback"": 63, ""overlay"": true, ""static_exposure"": null, ""target"": 0.1, ""threshold"": 0.05, ""trial_id"": ""E7"", ""universe"": [""SPY"", ""TLT"", ""GLD""]}",development+reused_validation,10 bp risky purchases+sales; borrow rf+50.0 bp,completed,results/20261004T003009-2f16c796/E7-cost_10-5e4c5106b8.csv,No OOS retuning; diagnostic not eligible for selection,False
E0-primary-99669efff2,2026-10-04T00:38:34.717867+00:00,f953cc6eadb2efb7f124791a8afd2815663fbf45083f58fe7e4fa892c609676c,26552dd9c109058ba93a75bb8ba5de1f6a85585b,e5f957a2b78b4a08cede2183cd59012f73beaffc38f0821d43bb458df08be222:5eb2ada6d8d007969c111064ae6c5de089e8bd61c0156cb49cc98484cea2b5d9,trailing,"{""base"": ""equal"", ""borrow_bps"": 50.0, ""cap"": 1.0, ""control"": ""monthly"", ""covariance_days"": 126, ""diagnostic"": ""primary"", ""family"": ""trailing"", ""har_train_min"": 504, ""lookback"": 63, ""overlay"": true, ""static_exposure"": null, ""target"": 0.08, ""threshold"": 0.05, ""trial_id"": ""E0"", ""universe"": [""SPY"", ""TLT"", ""GLD""]}",development+reused_validation,5.0 bp risky purchases+sales; borrow rf+50.0 bp,started,results/20261004T003708-e3127963/E0-primary-99669efff2.csv,Attempt retained even if process fails,False
E0-primary-99669efff2,2026-10-04T00:38:34.717867+00:00,f953cc6eadb2efb7f124791a8afd2815663fbf45083f58fe7e4fa892c609676c,26552dd9c109058ba93a75bb8ba5de1f6a85585b,e5f957a2b78b4a08cede2183cd59012f73beaffc38f0821d43bb458df08be222:5eb2ada6d8d007969c111064ae6c5de089e8bd61c0156cb49cc98484cea2b5d9,trailing,"{""base"": ""equal"", ""borrow_bps"": 50.0, ""cap"": 1.0, ""control"": ""monthly"", ""covariance_days"": 126, ""diagnostic"": ""primary"", ""family"": ""trailing"", ""har_train_min"": 504, ""lookback"": 63, ""overlay"": true, ""static_exposure"": null, ""target"": 0.08, ""threshold"": 0.05, ""trial_id"": ""E0"", ""universe"": [""SPY"", ""TLT"", ""GLD""]}",development+reused_validation,5.0 bp risky purchases+sales; borrow rf+50.0 bp,completed,results/20261004T003708-e3127963/E0-primary-99669efff2.csv,Await validation,False
E0-matched_base-8e8f109419,2026-10-04T00:38:35.969854+00:00,f953cc6eadb2efb7f124791a8afd2815663fbf45083f58fe7e4fa892c609676c,26552dd9c109058ba93a75bb8ba5de1f6a85585b,e5f957a2b78b4a08cede2183cd59012f73beaffc38f0821d43bb458df08be222:5eb2ada6d8d007969c111064ae6c5de089e8bd61c0156cb49cc98484cea2b5d9,trailing,"{""base"": ""equal"", ""borrow_bps"": 50.0, ""cap"": 1.0, ""control"": ""monthly"", ""covariance_days"": 126, ""diagnostic"": ""matched_base"", ""family"": ""trailing"", ""har_train_min"": 504, ""lookback"": 63, ""overlay"": false, ""static_exposure"": null, ""target"": 0.08, ""threshold"": 0.05, ""trial_id"": ""E0"", ""universe"": [""SPY"", ""TLT"", ""GLD""]}",development+reused_validation,5.0 bp risky purchases+sales; borrow rf+50.0 bp,started,results/20261004T003708-e3127963/E0-matched_base-8e8f109419.csv,Attempt retained even if process fails,False
E0-matched_base-8e8f109419,2026-10-04T00:38:35.969854+00:00,f953cc6eadb2efb7f124791a8afd2815663fbf45083f58fe7e4fa892c609676c,26552dd9c109058ba93a75bb8ba5de1f6a85585b,e5f957a2b78b4a08cede2183cd59012f73beaffc38f0821d43bb458df08be222:5eb2ada6d8d007969c111064ae6c5de089e8bd61c0156cb49cc98484cea2b5d9,trailing,"{""base"": ""equal"", ""borrow_bps"": 50.0, ""cap"": 1.0, ""control"": ""monthly"", ""covariance_days"": 126, ""diagnostic"": ""matched_base"", ""family"": ""trailing"", ""har_train_min"": 504, ""lookback"": 63, ""overlay"": false, ""static_exposure"": null, ""target"": 0.08, ""threshold"": 0.05, ""trial_id"": ""E0"", ""universe"": [""SPY"", ""TLT"", ""GLD""]}",development+reused_validation,5.0 bp risky purchases+sales; borrow rf+50.0 bp,completed,results/20261004T003708-e3127963/E0-matched_base-8e8f109419.csv,No OOS retuning; diagnostic not eligible for selection,False
E1-9-primary-39b98ce44c,2026-10-04T00:39:11.496097+00:00,f953cc6eadb2efb7f124791a8afd2815663fbf45083f58fe7e4fa892c609676c,26552dd9c109058ba93a75bb8ba5de1f6a85585b,e5f957a2b78b4a08cede2183cd59012f73beaffc38f0821d43bb458df08be222:5eb2ada6d8d007969c111064ae6c5de089e8bd61c0156cb49cc98484cea2b5d9,ensemble,"{""base"": ""equal"", ""borrow_bps"": 50.0, ""cap"": 1.0, ""control"": ""event"", ""covariance_days"": 126, ""diagnostic"": ""primary"", ""family"": ""ensemble"", ""har_train_min"": 504, ""lookback"": 63, ""overlay"": true, ""static_exposure"": null, ""target"": 0.09, ""threshold"": 0.05, ""trial_id"": ""E1-9"", ""universe"": [""SPY"", ""TLT"", ""GLD""]}",development+reused_validation,5.0 bp risky purchases+sales; borrow rf+50.0 bp,started,results/20261004T003708-e3127963/E1-9-primary-39b98ce44c.csv,Attempt retained even if process fails,False
E1-9-primary-39b98ce44c,2026-10-04T00:39:11.496097+00:00,f953cc6eadb2efb7f124791a8afd2815663fbf45083f58fe7e4fa892c609676c,26552dd9c109058ba93a75bb8ba5de1f6a85585b,e5f957a2b78b4a08cede2183cd59012f73beaffc38f0821d43bb458df08be222:5eb2ada6d8d007969c111064ae6c5de089e8bd61c0156cb49cc98484cea2b5d9,ensemble,"{""base"": ""equal"", ""borrow_bps"": 50.0, ""cap"": 1.0, ""control"": ""event"", ""covariance_days"": 126, ""diagnostic"": ""primary"", ""family"": ""ensemble"", ""har_train_min"": 504, ""lookback"": 63, ""overlay"": true, ""static_exposure"": null, ""target"": 0.09, ""threshold"": 0.05, ""trial_id"": ""E1-9"", ""universe"": [""SPY"", ""TLT"", ""GLD""]}",development+reused_validation,5.0 bp risky purchases+sales; borrow rf+50.0 bp,completed,results/20261004T003708-e3127963/E1-9-primary-39b98ce44c.csv,Await validation,False
E1-9-matched_base-c320da273b,2026-10-04T00:39:12.995797+00:00,f953cc6eadb2efb7f124791a8afd2815663fbf45083f58fe7e4fa892c609676c,26552dd9c109058ba93a75bb8ba5de1f6a85585b,e5f957a2b78b4a08cede2183cd59012f73beaffc38f0821d43bb458df08be222:5eb2ada6d8d007969c111064ae6c5de089e8bd61c0156cb49cc98484cea2b5d9,ensemble,"{""base"": ""equal"", ""borrow_bps"": 50.0, ""cap"": 1.0, ""control"": ""event"", ""covariance_days"": 126, ""diagnostic"": ""matched_base"", ""family"": ""ensemble"", ""har_train_min"": 504, ""lookback"": 63, ""overlay"": false, ""static_exposure"": null, ""target"": 0.09, ""threshold"": 0.05, ""trial_id"": ""E1-9"", ""universe"": [""SPY"", ""TLT"", ""GLD""]}",development+reused_validation,5.0 bp risky purchases+sales; borrow rf+50.0 bp,started,results/20261004T003708-e3127963/E1-9-matched_base-c320da273b.csv,Attempt retained even if process fails,False
E1-9-matched_base-c320da273b,2026-10-04T00:39:12.995797+00:00,f953cc6eadb2efb7f124791a8afd2815663fbf45083f58fe7e4fa892c609676c,26552dd9c109058ba93a75bb8ba5de1f6a85585b,e5f957a2b78b4a08cede2183cd59012f73beaffc38f0821d43bb458df08be222:5eb2ada6d8d007969c111064ae6c5de089e8bd61c0156cb49cc98484cea2b5d9,ensemble,"{""base"": ""equal"", ""borrow_bps"": 50.0, ""cap"": 1.0, ""control"": ""event"", ""covariance_days"": 126, ""diagnostic"": ""matched_base"", ""family"": ""ensemble"", ""har_train_min"": 504, ""lookback"": 63, ""overlay"": false, ""static_exposure"": null, ""target"": 0.09, ""threshold"": 0.05, ""trial_id"": ""E1-9"", ""universe"": [""SPY"", ""TLT"", ""GLD""]}",development+reused_validation,5.0 bp risky purchases+sales; borrow rf+50.0 bp,completed,results/20261004T003708-e3127963/E1-9-matched_base-c320da273b.csv,No OOS retuning; diagnostic not eligible for selection,False
E1-10-primary-f1ba0c3a79,2026-10-04T00:39:14.530024+00:00,f953cc6eadb2efb7f124791a8afd2815663fbf45083f58fe7e4fa892c609676c,26552dd9c109058ba93a75bb8ba5de1f6a85585b,e5f957a2b78b4a08cede2183cd59012f73beaffc38f0821d43bb458df08be222:5eb2ada6d8d007969c111064ae6c5de089e8bd61c0156cb49cc98484cea2b5d9,ensemble,"{""base"": ""equal"", ""borrow_bps"": 50.0, ""cap"": 1.0, ""control"": ""event"", ""covariance_days"": 126, ""diagnostic"": ""primary"", ""family"": ""ensemble"", ""har_train_min"": 504, ""lookback"": 63, ""overlay"": true, ""static_exposure"": null, ""target"": 0.1, ""threshold"": 0.05, ""trial_id"": ""E1-10"", ""universe"": [""SPY"", ""TLT"", ""GLD""]}",development+reused_validation,5.0 bp risky purchases+sales; borrow rf+50.0 bp,started,results/20261004T003708-e3127963/E1-10-primary-f1ba0c3a79.csv,Attempt retained even if process fails,False
E1-10-primary-f1ba0c3a79,2026-10-04T00:39:14.530024+00:00,f953cc6eadb2efb7f124791a8afd2815663fbf45083f58fe7e4fa892c609676c,26552dd9c109058ba93a75bb8ba5de1f6a85585b,e5f957a2b78b4a08cede2183cd59012f73beaffc38f0821d43bb458df08be222:5eb2ada6d8d007969c111064ae6c5de089e8bd61c0156cb49cc98484cea2b5d9,ensemble,"{""base"": ""equal"", ""borrow_bps"": 50.0, ""cap"": 1.0, ""control"": ""event"", ""covariance_days"": 126, ""diagnostic"": ""primary"", ""family"": ""ensemble"", ""har_train_min"": 504, ""lookback"": 63, ""overlay"": true, ""static_exposure"": null, ""target"": 0.1, ""threshold"": 0.05, ""trial_id"": ""E1-10"", ""universe"": [""SPY"", ""TLT"", ""GLD""]}",development+reused_validation,5.0 bp risky purchases+sales; borrow rf+50.0 bp,completed,results/20261004T003708-e3127963/E1-10-primary-f1ba0c3a79.csv,Await validation,False
E1-10-matched_base-19115a27cc,2026-10-04T00:39:16.008495+00:00,f953cc6eadb2efb7f124791a8afd2815663fbf45083f58fe7e4fa892c609676c,26552dd9c109058ba93a75bb8ba5de1f6a85585b,e5f957a2b78b4a08cede2183cd59012f73beaffc38f0821d43bb458df08be222:5eb2ada6d8d007969c111064ae6c5de089e8bd61c0156cb49cc98484cea2b5d9,ensemble,"{""base"": ""equal"", ""borrow_bps"": 50.0, ""cap"": 1.0, ""control"": ""event"", ""covariance_days"": 126, ""diagnostic"": ""matched_base"", ""family"": ""ensemble"", ""har_train_min"": 504, ""lookback"": 63, ""overlay"": false, ""static_exposure"": null, ""target"": 0.1, ""threshold"": 0.05, ""trial_id"": ""E1-10"", ""universe"": [""SPY"", ""TLT"", ""GLD""]}",development+reused_validation,5.0 bp risky purchases+sales; borrow rf+50.0 bp,started,results/20261004T003708-e3127963/E1-10-matched_base-19115a27cc.csv,Attempt retained even if process fails,False
E1-10-matched_base-19115a27cc,2026-10-04T00:39:16.008495+00:00,f953cc6eadb2efb7f124791a8afd2815663fbf45083f58fe7e4fa892c609676c,26552dd9c109058ba93a75bb8ba5de1f6a85585b,e5f957a2b78b4a08cede2183cd59012f73beaffc38f0821d43bb458df08be222:5eb2ada6d8d007969c111064ae6c5de089e8bd61c0156cb49cc98484cea2b5d9,ensemble,"{""base"": ""equal"", ""borrow_bps"": 50.0, ""cap"": 1.0, ""control"": ""event"", ""covariance_days"": 126, ""diagnostic"": ""matched_base"", ""family"": ""ensemble"", ""har_train_min"": 504, ""lookback"": 63, ""overlay"": false, ""static_exposure"": null, ""target"": 0.1, ""threshold"": 0.05, ""trial_id"": ""E1-10"", ""universe"": [""SPY"", ""TLT"", ""GLD""]}",development+reused_validation,5.0 bp risky purchases+sales; borrow rf+50.0 bp,completed,results/20261004T003708-e3127963/E1-10-matched_base-19115a27cc.csv,No OOS retuning; diagnostic not eligible for selection,False
E1-11-primary-42a763e388,2026-10-04T00:39:17.457781+00:00,f953cc6eadb2efb7f124791a8afd2815663fbf45083f58fe7e4fa892c609676c,26552dd9c109058ba93a75bb8ba5de1f6a85585b,e5f957a2b78b4a08cede2183cd59012f73beaffc38f0821d43bb458df08be222:5eb2ada6d8d007969c111064ae6c5de089e8bd61c0156cb49cc98484cea2b5d9,ensemble,"{""base"": ""equal"", ""borrow_bps"": 50.0, ""cap"": 1.0, ""control"": ""event"", ""covariance_days"": 126, ""diagnostic"": ""primary"", ""family"": ""ensemble"", ""har_train_min"": 504, ""lookback"": 63, ""overlay"": true, ""static_exposure"": null, ""target"": 0.11, ""threshold"": 0.05, ""trial_id"": ""E1-11"", ""universe"": [""SPY"", ""TLT"", ""GLD""]}",development+reused_validation,5.0 bp risky purchases+sales; borrow rf+50.0 bp,started,results/20261004T003708-e3127963/E1-11-primary-42a763e388.csv,Attempt retained even if process fails,False
E1-11-primary-42a763e388,2026-10-04T00:39:17.457781+00:00,f953cc6eadb2efb7f124791a8afd2815663fbf45083f58fe7e4fa892c609676c,26552dd9c109058ba93a75bb8ba5de1f6a85585b,e5f957a2b78b4a08cede2183cd59012f73beaffc38f0821d43bb458df08be222:5eb2ada6d8d007969c111064ae6c5de089e8bd61c0156cb49cc98484cea2b5d9,ensemble,"{""base"": ""equal"", ""borrow_bps"": 50.0, ""cap"": 1.0, ""control"": ""event"", ""covariance_days"": 126, ""diagnostic"": ""primary"", ""family"": ""ensemble"", ""har_train_min"": 504, ""lookback"": 63, ""overlay"": true, ""static_exposure"": null, ""target"": 0.11, ""threshold"": 0.05, ""trial_id"": ""E1-11"", ""universe"": [""SPY"", ""TLT"", ""GLD""]}",development+reused_validation,5.0 bp risky purchases+sales; borrow rf+50.0 bp,completed,results/20261004T003708-e3127963/E1-11-primary-42a763e388.csv,Await validation,False
E1-11-matched_base-5f521cf35e,2026-10-04T00:39:18.959668+00:00,f953cc6eadb2efb7f124791a8afd2815663fbf45083f58fe7e4fa892c609676c,26552dd9c109058ba93a75bb8ba5de1f6a85585b,e5f957a2b78b4a08cede2183cd59012f73beaffc38f0821d43bb458df08be222:5eb2ada6d8d007969c111064ae6c5de089e8bd61c0156cb49cc98484cea2b5d9,ensemble,"{""base"": ""equal"", ""borrow_bps"": 50.0, ""cap"": 1.0, ""control"": ""event"", ""covariance_days"": 126, ""diagnostic"": ""matched_base"", ""family"": ""ensemble"", ""har_train_min"": 504, ""lookback"": 63, ""overlay"": false, ""static_exposure"": null, ""target"": 0.11, ""threshold"": 0.05, ""trial_id"": ""E1-11"", ""universe"": [""SPY"", ""TLT"", ""GLD""]}",development+reused_validation,5.0 bp risky purchases+sales; borrow rf+50.0 bp,started,results/20261004T003708-e3127963/E1-11-matched_base-5f521cf35e.csv,Attempt retained even if process fails,False
E1-11-matched_base-5f521cf35e,2026-10-04T00:39:18.959668+00:00,f953cc6eadb2efb7f124791a8afd2815663fbf45083f58fe7e4fa892c609676c,26552dd9c109058ba93a75bb8ba5de1f6a85585b,e5f957a2b78b4a08cede2183cd59012f73beaffc38f0821d43bb458df08be222:5eb2ada6d8d007969c111064ae6c5de089e8bd61c0156cb49cc98484cea2b5d9,ensemble,"{""base"": ""equal"", ""borrow_bps"": 50.0, ""cap"": 1.0, ""control"": ""event"", ""covariance_days"": 126, ""diagnostic"": ""matched_base"", ""family"": ""ensemble"", ""har_train_min"": 504, ""lookback"": 63, ""overlay"": false, ""static_exposure"": null, ""target"": 0.11, ""threshold"": 0.05, ""trial_id"": ""E1-11"", ""universe"": [""SPY"", ""TLT"", ""GLD""]}",development+reused_validation,5.0 bp risky purchases+sales; borrow rf+50.0 bp,completed,results/20261004T003708-e3127963/E1-11-matched_base-5f521cf35e.csv,No OOS retuning; diagnostic not eligible for selection,False
E2-primary-8f104096c9,2026-10-04T00:39:20.417541+00:00,f953cc6eadb2efb7f124791a8afd2815663fbf45083f58fe7e4fa892c609676c,26552dd9c109058ba93a75bb8ba5de1f6a85585b,e5f957a2b78b4a08cede2183cd59012f73beaffc38f0821d43bb458df08be222:5eb2ada6d8d007969c111064ae6c5de089e8bd61c0156cb49cc98484cea2b5d9,har,"{""base"": ""equal"", ""borrow_bps"": 50.0, ""cap"": 1.0, ""control"": ""event"", ""covariance_days"": 126, ""diagnostic"": ""primary"", ""family"": ""har"", ""har_train_min"": 504, ""lookback"": 63, ""overlay"": true, ""static_exposure"": null, ""target"": 0.1, ""threshold"": 0.05, ""trial_id"": ""E2"", ""universe"": [""SPY"", ""TLT"", ""GLD""]}",development+reused_validation,5.0 bp risky purchases+sales; borrow rf+50.0 bp,started,results/20261004T003708-e3127963/E2-primary-8f104096c9.csv,Attempt retained even if process fails,False
E2-primary-8f104096c9,2026-10-04T00:39:20.417541+00:00,f953cc6eadb2efb7f124791a8afd2815663fbf45083f58fe7e4fa892c609676c,26552dd9c109058ba93a75bb8ba5de1f6a85585b,e5f957a2b78b4a08cede2183cd59012f73beaffc38f0821d43bb458df08be222:5eb2ada6d8d007969c111064ae6c5de089e8bd61c0156cb49cc98484cea2b5d9,har,"{""base"": ""equal"", ""borrow_bps"": 50.0, ""cap"": 1.0, ""control"": ""event"", ""covariance_days"": 126, ""diagnostic"": ""primary"", ""family"": ""har"", ""har_train_min"": 504, ""lookback"": 63, ""overlay"": true, ""static_exposure"": null, ""target"": 0.1, ""threshold"": 0.05, ""trial_id"": ""E2"", ""universe"": [""SPY"", ""TLT"", ""GLD""]}",development+reused_validation,5.0 bp risky purchases+sales; borrow rf+50.0 bp,completed,results/20261004T003708-e3127963/E2-primary-8f104096c9.csv,Await validation,False
E2-matched_base-30ac4419ed,2026-10-04T00:39:23.348166+00:00,f953cc6eadb2efb7f124791a8afd2815663fbf45083f58fe7e4fa892c609676c,26552dd9c109058ba93a75bb8ba5de1f6a85585b,e5f957a2b78b4a08cede2183cd59012f73beaffc38f0821d43bb458df08be222:5eb2ada6d8d007969c111064ae6c5de089e8bd61c0156cb49cc98484cea2b5d9,har,"{""base"": ""equal"", ""borrow_bps"": 50.0, ""cap"": 1.0, ""control"": ""event"", ""covariance_days"": 126, ""diagnostic"": ""matched_base"", ""family"": ""har"", ""har_train_min"": 504, ""lookback"": 63, ""overlay"": false, ""static_exposure"": null, ""target"": 0.1, ""threshold"": 0.05, ""trial_id"": ""E2"", ""universe"": [""SPY"", ""TLT"", ""GLD""]}",development+reused_validation,5.0 bp risky purchases+sales; borrow rf+50.0 bp,started,results/20261004T003708-e3127963/E2-matched_base-30ac4419ed.csv,Attempt retained even if process fails,False
E2-matched_base-30ac4419ed,2026-10-04T00:39:23.348166+00:00,f953cc6eadb2efb7f124791a8afd2815663fbf45083f58fe7e4fa892c609676c,26552dd9c109058ba93a75bb8ba5de1f6a85585b,e5f957a2b78b4a08cede2183cd59012f73beaffc38f0821d43bb458df08be222:5eb2ada6d8d007969c111064ae6c5de089e8bd61c0156cb49cc98484cea2b5d9,har,"{""base"": ""equal"", ""borrow_bps"": 50.0, ""cap"": 1.0, ""control"": ""event"", ""covariance_days"": 126, ""diagnostic"": ""matched_base"", ""family"": ""har"", ""har_train_min"": 504, ""lookback"": 63, ""overlay"": false, ""static_exposure"": null, ""target"": 0.1, ""threshold"": 0.05, ""trial_id"": ""E2"", ""universe"": [""SPY"", ""TLT"", ""GLD""]}",development+reused_validation,5.0 bp risky purchases+sales; borrow rf+50.0 bp,completed,results/20261004T003708-e3127963/E2-matched_base-30ac4419ed.csv,No OOS retuning; diagnostic not eligible for selection,False
E3-20-primary-319c5eb907,2026-10-04T00:39:26.240432+00:00,f953cc6eadb2efb7f124791a8afd2815663fbf45083f58fe7e4fa892c609676c,26552dd9c109058ba93a75bb8ba5de1f6a85585b,e5f957a2b78b4a08cede2183cd59012f73beaffc38f0821d43bb458df08be222:5eb2ada6d8d007969c111064ae6c5de089e8bd61c0156cb49cc98484cea2b5d9,range,"{""base"": ""equal"", ""borrow_bps"": 50.0, ""cap"": 1.0, ""control"": ""event"", ""covariance_days"": 126, ""diagnostic"": ""primary"", ""family"": ""range"", ""har_train_min"": 504, ""lookback"": 20, ""overlay"": true, ""static_exposure"": null, ""target"": 0.1, ""threshold"": 0.05, ""trial_id"": ""E3-20"", ""universe"": [""SPY"", ""TLT"", ""GLD""]}",development+reused_validation,5.0 bp risky purchases+sales; borrow rf+50.0 bp,started,results/20261004T003708-e3127963/E3-20-primary-319c5eb907.csv,Attempt retained even if process fails,False
E3-20-primary-319c5eb907,2026-10-04T00:39:26.240432+00:00,f953cc6eadb2efb7f124791a8afd2815663fbf45083f58fe7e4fa892c609676c,26552dd9c109058ba93a75bb8ba5de1f6a85585b,e5f957a2b78b4a08cede2183cd59012f73beaffc38f0821d43bb458df08be222:5eb2ada6d8d007969c111064ae6c5de089e8bd61c0156cb49cc98484cea2b5d9,range,"{""base"": ""equal"", ""borrow_bps"": 50.0, ""cap"": 1.0, ""control"": ""event"", ""covariance_days"": 126, ""diagnostic"": ""primary"", ""family"": ""range"", ""har_train_min"": 504, ""lookback"": 20, ""overlay"": true, ""static_exposure"": null, ""target"": 0.1, ""threshold"": 0.05, ""trial_id"": ""E3-20"", ""universe"": [""SPY"", ""TLT"", ""GLD""]}",development+reused_validation,5.0 bp risky purchases+sales; borrow rf+50.0 bp,completed,results/20261004T003708-e3127963/E3-20-primary-319c5eb907.csv,Await validation,False
E3-20-matched_base-912783309f,2026-10-04T00:39:28.427313+00:00,f953cc6eadb2efb7f124791a8afd2815663fbf45083f58fe7e4fa892c609676c,26552dd9c109058ba93a75bb8ba5de1f6a85585b,e5f957a2b78b4a08cede2183cd59012f73beaffc38f0821d43bb458df08be222:5eb2ada6d8d007969c111064ae6c5de089e8bd61c0156cb49cc98484cea2b5d9,range,"{""base"": ""equal"", ""borrow_bps"": 50.0, ""cap"": 1.0, ""control"": ""event"", ""covariance_days"": 126, ""diagnostic"": ""matched_base"", ""family"": ""range"", ""har_train_min"": 504, ""lookback"": 20, ""overlay"": false, ""static_exposure"": null, ""target"": 0.1, ""threshold"": 0.05, ""trial_id"": ""E3-20"", ""universe"": [""SPY"", ""TLT"", ""GLD""]}",development+reused_validation,5.0 bp risky purchases+sales; borrow rf+50.0 bp,started,results/20261004T003708-e3127963/E3-20-matched_base-912783309f.csv,Attempt retained even if process fails,False
E3-20-matched_base-912783309f,2026-10-04T00:39:28.427313+00:00,f953cc6eadb2efb7f124791a8afd2815663fbf45083f58fe7e4fa892c609676c,26552dd9c109058ba93a75bb8ba5de1f6a85585b,e5f957a2b78b4a08cede2183cd59012f73beaffc38f0821d43bb458df08be222:5eb2ada6d8d007969c111064ae6c5de089e8bd61c0156cb49cc98484cea2b5d9,range,"{""base"": ""equal"", ""borrow_bps"": 50.0, ""cap"": 1.0, ""control"": ""event"", ""covariance_days"": 126, ""diagnostic"": ""matched_base"", ""family"": ""range"", ""har_train_min"": 504, ""lookback"": 20, ""overlay"": false, ""static_exposure"": null, ""target"": 0.1, ""threshold"": 0.05, ""trial_id"": ""E3-20"", ""universe"": [""SPY"", ""TLT"", ""GLD""]}",development+reused_validation,5.0 bp risky purchases+sales; borrow rf+50.0 bp,completed,results/20261004T003708-e3127963/E3-20-matched_base-912783309f.csv,No OOS retuning; diagnostic not eligible for selection,False
E3-63-primary-5e4edbb4d6,2026-10-04T00:39:30.578476+00:00,f953cc6eadb2efb7f124791a8afd2815663fbf45083f58fe7e4fa892c609676c,26552dd9c109058ba93a75bb8ba5de1f6a85585b,e5f957a2b78b4a08cede2183cd59012f73beaffc38f0821d43bb458df08be222:5eb2ada6d8d007969c111064ae6c5de089e8bd61c0156cb49cc98484cea2b5d9,range,"{""base"": ""equal"", ""borrow_bps"": 50.0, ""cap"": 1.0, ""control"": ""event"", ""covariance_days"": 126, ""diagnostic"": ""primary"", ""family"": ""range"", ""har_train_min"": 504, ""lookback"": 63, ""overlay"": true, ""static_exposure"": null, ""target"": 0.1, ""threshold"": 0.05, ""trial_id"": ""E3-63"", ""universe"": [""SPY"", ""TLT"", ""GLD""]}",development+reused_validation,5.0 bp risky purchases+sales; borrow rf+50.0 bp,started,results/20261004T003708-e3127963/E3-63-primary-5e4edbb4d6.csv,Attempt retained even if process fails,False
E3-63-primary-5e4edbb4d6,2026-10-04T00:39:30.578476+00:00,f953cc6eadb2efb7f124791a8afd2815663fbf45083f58fe7e4fa892c609676c,26552dd9c109058ba93a75bb8ba5de1f6a85585b,e5f957a2b78b4a08cede2183cd59012f73beaffc38f0821d43bb458df08be222:5eb2ada6d8d007969c111064ae6c5de089e8bd61c0156cb49cc98484cea2b5d9,range,"{""base"": ""equal"", ""borrow_bps"": 50.0, ""cap"": 1.0, ""control"": ""event"", ""covariance_days"": 126, ""diagnostic"": ""primary"", ""family"": ""range"", ""har_train_min"": 504, ""lookback"": 63, ""overlay"": true, ""static_exposure"": null, ""target"": 0.1, ""threshold"": 0.05, ""trial_id"": ""E3-63"", ""universe"": [""SPY"", ""TLT"", ""GLD""]}",development+reused_validation,5.0 bp risky purchases+sales; borrow rf+50.0 bp,completed,results/20261004T003708-e3127963/E3-63-primary-5e4edbb4d6.csv,Await validation,False
E3-63-matched_base-39f59a7fe8,2026-10-04T00:39:32.708583+00:00,f953cc6eadb2efb7f124791a8afd2815663fbf45083f58fe7e4fa892c609676c,26552dd9c109058ba93a75bb8ba5de1f6a85585b,e5f957a2b78b4a08cede2183cd59012f73beaffc38f0821d43bb458df08be222:5eb2ada6d8d007969c111064ae6c5de089e8bd61c0156cb49cc98484cea2b5d9,range,"{""base"": ""equal"", ""borrow_bps"": 50.0, ""cap"": 1.0, ""control"": ""event"", ""covariance_days"": 126, ""diagnostic"": ""matched_base"", ""family"": ""range"", ""har_train_min"": 504, ""lookback"": 63, ""overlay"": false, ""static_exposure"": null, ""target"": 0.1, ""threshold"": 0.05, ""trial_id"": ""E3-63"", ""universe"": [""SPY"", ""TLT"", ""GLD""]}",development+reused_validation,5.0 bp risky purchases+sales; borrow rf+50.0 bp,started,results/20261004T003708-e3127963/E3-63-matched_base-39f59a7fe8.csv,Attempt retained even if process fails,False
E3-63-matched_base-39f59a7fe8,2026-10-04T00:39:32.708583+00:00,f953cc6eadb2efb7f124791a8afd2815663fbf45083f58fe7e4fa892c609676c,26552dd9c109058ba93a75bb8ba5de1f6a85585b,e5f957a2b78b4a08cede2183cd59012f73beaffc38f0821d43bb458df08be222:5eb2ada6d8d007969c111064ae6c5de089e8bd61c0156cb49cc98484cea2b5d9,range,"{""base"": ""equal"", ""borrow_bps"": 50.0, ""cap"": 1.0, ""control"": ""event"", ""covariance_days"": 126, ""diagnostic"": ""matched_base"", ""family"": ""range"", ""har_train_min"": 504, ""lookback"": 63, ""overlay"": false, ""static_exposure"": null, ""target"": 0.1, ""threshold"": 0.05, ""trial_id"": ""E3-63"", ""universe"": [""SPY"", ""TLT"", ""GLD""]}",development+reused_validation,5.0 bp risky purchases+sales; borrow rf+50.0 bp,completed,results/20261004T003708-e3127963/E3-63-matched_base-39f59a7fe8.csv,No OOS retuning; diagnostic not eligible for selection,False
E4-primary-a6b4164d6d,2026-10-04T00:39:34.912825+00:00,f953cc6eadb2efb7f124791a8afd2815663fbf45083f58fe7e4fa892c609676c,26552dd9c109058ba93a75bb8ba5de1f6a85585b,e5f957a2b78b4a08cede2183cd59012f73beaffc38f0821d43bb458df08be222:5eb2ada6d8d007969c111064ae6c5de089e8bd61c0156cb49cc98484cea2b5d9,ensemble,"{""base"": ""minvar"", ""borrow_bps"": 50.0, ""cap"": 1.0, ""control"": ""event"", ""covariance_days"": 126, ""diagnostic"": ""primary"", ""family"": ""ensemble"", ""har_train_min"": 504, ""lookback"": 63, ""overlay"": true, ""static_exposure"": null, ""target"": 0.1, ""threshold"": 0.05, ""trial_id"": ""E4"", ""universe"": [""SPY"", ""TLT"", ""GLD""]}",development+reused_validation,5.0 bp risky purchases+sales; borrow rf+50.0 bp,started,results/20261004T003708-e3127963/E4-primary-a6b4164d6d.csv,Attempt retained even if process fails,False
E4-primary-a6b4164d6d,2026-10-04T00:39:34.912825+00:00,f953cc6eadb2efb7f124791a8afd2815663fbf45083f58fe7e4fa892c609676c,26552dd9c109058ba93a75bb8ba5de1f6a85585b,e5f957a2b78b4a08cede2183cd59012f73beaffc38f0821d43bb458df08be222:5eb2ada6d8d007969c111064ae6c5de089e8bd61c0156cb49cc98484cea2b5d9,ensemble,"{""base"": ""minvar"", ""borrow_bps"": 50.0, ""cap"": 1.0, ""control"": ""event"", ""covariance_days"": 126, ""diagnostic"": ""primary"", ""family"": ""ensemble"", ""har_train_min"": 504, ""lookback"": 63, ""overlay"": true, ""static_exposure"": null, ""target"": 0.1, ""threshold"": 0.05, ""trial_id"": ""E4"", ""universe"": [""SPY"", ""TLT"", ""GLD""]}",development+reused_validation,5.0 bp risky purchases+sales; borrow rf+50.0 bp,completed,results/20261004T003708-e3127963/E4-primary-a6b4164d6d.csv,Await validation,False
E4-matched_base-75494c2b51,2026-10-04T00:39:36.545465+00:00,f953cc6eadb2efb7f124791a8afd2815663fbf45083f58fe7e4fa892c609676c,26552dd9c109058ba93a75bb8ba5de1f6a85585b,e5f957a2b78b4a08cede2183cd59012f73beaffc38f0821d43bb458df08be222:5eb2ada6d8d007969c111064ae6c5de089e8bd61c0156cb49cc98484cea2b5d9,ensemble,"{""base"": ""minvar"", ""borrow_bps"": 50.0, ""cap"": 1.0, ""control"": ""event"", ""covariance_days"": 126, ""diagnostic"": ""matched_base"", ""family"": ""ensemble"", ""har_train_min"": 504, ""lookback"": 63, ""overlay"": false, ""static_exposure"": null, ""target"": 0.1, ""threshold"": 0.05, ""trial_id"": ""E4"", ""universe"": [""SPY"", ""TLT"", ""GLD""]}",development+reused_validation,5.0 bp risky purchases+sales; borrow rf+50.0 bp,started,results/20261004T003708-e3127963/E4-matched_base-75494c2b51.csv,Attempt retained even if process fails,False
E4-matched_base-75494c2b51,2026-10-04T00:39:36.545465+00:00,f953cc6eadb2efb7f124791a8afd2815663fbf45083f58fe7e4fa892c609676c,26552dd9c109058ba93a75bb8ba5de1f6a85585b,e5f957a2b78b4a08cede2183cd59012f73beaffc38f0821d43bb458df08be222:5eb2ada6d8d007969c111064ae6c5de089e8bd61c0156cb49cc98484cea2b5d9,ensemble,"{""base"": ""minvar"", ""borrow_bps"": 50.0, ""cap"": 1.0, ""control"": ""event"", ""covariance_days"": 126, ""diagnostic"": ""matched_base"", ""family"": ""ensemble"", ""har_train_min"": 504, ""lookback"": 63, ""overlay"": false, ""static_exposure"": null, ""target"": 0.1, ""threshold"": 0.05, ""trial_id"": ""E4"", ""universe"": [""SPY"", ""TLT"", ""GLD""]}",development+reused_validation,5.0 bp risky purchases+sales; borrow rf+50.0 bp,completed,results/20261004T003708-e3127963/E4-matched_base-75494c2b51.csv,No OOS retuning; diagnostic not eligible for selection,False
E5-primary-a32ef04f38,2026-10-04T00:39:38.148197+00:00,f953cc6eadb2efb7f124791a8afd2815663fbf45083f58fe7e4fa892c609676c,26552dd9c109058ba93a75bb8ba5de1f6a85585b,e5f957a2b78b4a08cede2183cd59012f73beaffc38f0821d43bb458df08be222:5eb2ada6d8d007969c111064ae6c5de089e8bd61c0156cb49cc98484cea2b5d9,ensemble,"{""base"": ""erc"", ""borrow_bps"": 50.0, ""cap"": 1.0, ""control"": ""event"", ""covariance_days"": 126, ""diagnostic"": ""primary"", ""family"": ""ensemble"", ""har_train_min"": 504, ""lookback"": 63, ""overlay"": true, ""static_exposure"": null, ""target"": 0.1, ""threshold"": 0.05, ""trial_id"": ""E5"", ""universe"": [""SPY"", ""TLT"", ""GLD""]}",development+reused_validation,5.0 bp risky purchases+sales; borrow rf+50.0 bp,started,results/20261004T003708-e3127963/E5-primary-a32ef04f38.csv,Attempt retained even if process fails,False
E5-primary-a32ef04f38,2026-10-04T00:39:38.148197+00:00,f953cc6eadb2efb7f124791a8afd2815663fbf45083f58fe7e4fa892c609676c,26552dd9c109058ba93a75bb8ba5de1f6a85585b,e5f957a2b78b4a08cede2183cd59012f73beaffc38f0821d43bb458df08be222:5eb2ada6d8d007969c111064ae6c5de089e8bd61c0156cb49cc98484cea2b5d9,ensemble,"{""base"": ""erc"", ""borrow_bps"": 50.0, ""cap"": 1.0, ""control"": ""event"", ""covariance_days"": 126, ""diagnostic"": ""primary"", ""family"": ""ensemble"", ""har_train_min"": 504, ""lookback"": 63, ""overlay"": true, ""static_exposure"": null, ""target"": 0.1, ""threshold"": 0.05, ""trial_id"": ""E5"", ""universe"": [""SPY"", ""TLT"", ""GLD""]}",development+reused_validation,5.0 bp risky purchases+sales; borrow rf+50.0 bp,completed,results/20261004T003708-e3127963/E5-primary-a32ef04f38.csv,Await validation,False
E5-matched_base-9466dad5f8,2026-10-04T00:39:39.888844+00:00,f953cc6eadb2efb7f124791a8afd2815663fbf45083f58fe7e4fa892c609676c,5f04159f52c645b6503f8744058f5d8b248158d9,e5f957a2b78b4a08cede2183cd59012f73beaffc38f0821d43bb458df08be222:5eb2ada6d8d007969c111064ae6c5de089e8bd61c0156cb49cc98484cea2b5d9,ensemble,"{""base"": ""erc"", ""borrow_bps"": 50.0, ""cap"": 1.0, ""control"": ""event"", ""covariance_days"": 126, ""diagnostic"": ""matched_base"", ""family"": ""ensemble"", ""har_train_min"": 504, ""lookback"": 63, ""overlay"": false, ""static_exposure"": null, ""target"": 0.1, ""threshold"": 0.05, ""trial_id"": ""E5"", ""universe"": [""SPY"", ""TLT"", ""GLD""]}",development+reused_validation,5.0 bp risky purchases+sales; borrow rf+50.0 bp,started,results/20261004T003708-e3127963/E5-matched_base-9466dad5f8.csv,Attempt retained even if process fails,False
E5-matched_base-9466dad5f8,2026-10-04T00:39:39.888844+00:00,f953cc6eadb2efb7f124791a8afd2815663fbf45083f58fe7e4fa892c609676c,5f04159f52c645b6503f8744058f5d8b248158d9,e5f957a2b78b4a08cede2183cd59012f73beaffc38f0821d43bb458df08be222:5eb2ada6d8d007969c111064ae6c5de089e8bd61c0156cb49cc98484cea2b5d9,ensemble,"{""base"": ""erc"", ""borrow_bps"": 50.0, ""cap"": 1.0, ""control"": ""event"", ""covariance_days"": 126, ""diagnostic"": ""matched_base"", ""family"": ""ensemble"", ""har_train_min"": 504, ""lookback"": 63, ""overlay"": false, ""static_exposure"": null, ""target"": 0.1, ""threshold"": 0.05, ""trial_id"": ""E5"", ""universe"": [""SPY"", ""TLT"", ""GLD""]}",development+reused_validation,5.0 bp risky purchases+sales; borrow rf+50.0 bp,completed,results/20261004T003708-e3127963/E5-matched_base-9466dad5f8.csv,No OOS retuning; diagnostic not eligible for selection,False
E6-primary-999ee59803,2026-10-04T00:39:41.589499+00:00,f953cc6eadb2efb7f124791a8afd2815663fbf45083f58fe7e4fa892c609676c,5f04159f52c645b6503f8744058f5d8b248158d9,e5f957a2b78b4a08cede2183cd59012f73beaffc38f0821d43bb458df08be222:5eb2ada6d8d007969c111064ae6c5de089e8bd61c0156cb49cc98484cea2b5d9,ensemble,"{""base"": ""erc"", ""borrow_bps"": 50.0, ""cap"": 1.0, ""control"": ""event"", ""covariance_days"": 126, ""diagnostic"": ""primary"", ""family"": ""ensemble"", ""har_train_min"": 504, ""lookback"": 63, ""overlay"": true, ""static_exposure"": null, ""target"": 0.1, ""threshold"": 0.05, ""trial_id"": ""E6"", ""universe"": [""QQQ"", ""IWM"", ""HYG"", ""TLT"", ""GLD"", ""DBC""]}",development+reused_validation,5.0 bp risky purchases+sales; borrow rf+50.0 bp,started,results/20261004T003708-e3127963/E6-primary-999ee59803.csv,Attempt retained even if process fails,False
E6-primary-999ee59803,2026-10-04T00:39:41.589499+00:00,f953cc6eadb2efb7f124791a8afd2815663fbf45083f58fe7e4fa892c609676c,5f04159f52c645b6503f8744058f5d8b248158d9,e5f957a2b78b4a08cede2183cd59012f73beaffc38f0821d43bb458df08be222:5eb2ada6d8d007969c111064ae6c5de089e8bd61c0156cb49cc98484cea2b5d9,ensemble,"{""base"": ""erc"", ""borrow_bps"": 50.0, ""cap"": 1.0, ""control"": ""event"", ""covariance_days"": 126, ""diagnostic"": ""primary"", ""family"": ""ensemble"", ""har_train_min"": 504, ""lookback"": 63, ""overlay"": true, ""static_exposure"": null, ""target"": 0.1, ""threshold"": 0.05, ""trial_id"": ""E6"", ""universe"": [""QQQ"", ""IWM"", ""HYG"", ""TLT"", ""GLD"", ""DBC""]}",development+reused_validation,5.0 bp risky purchases+sales; borrow rf+50.0 bp,completed,results/20261004T003708-e3127963/E6-primary-999ee59803.csv,Await validation,False
E6-matched_base-b88ea5cdfd,2026-10-04T00:39:44.010756+00:00,f953cc6eadb2efb7f124791a8afd2815663fbf45083f58fe7e4fa892c609676c,5f04159f52c645b6503f8744058f5d8b248158d9,e5f957a2b78b4a08cede2183cd59012f73beaffc38f0821d43bb458df08be222:5eb2ada6d8d007969c111064ae6c5de089e8bd61c0156cb49cc98484cea2b5d9,ensemble,"{""base"": ""erc"", ""borrow_bps"": 50.0, ""cap"": 1.0, ""control"": ""event"", ""covariance_days"": 126, ""diagnostic"": ""matched_base"", ""family"": ""ensemble"", ""har_train_min"": 504, ""lookback"": 63, ""overlay"": false, ""static_exposure"": null, ""target"": 0.1, ""threshold"": 0.05, ""trial_id"": ""E6"", ""universe"": [""QQQ"", ""IWM"", ""HYG"", ""TLT"", ""GLD"", ""DBC""]}",development+reused_validation,5.0 bp risky purchases+sales; borrow rf+50.0 bp,started,results/20261004T003708-e3127963/E6-matched_base-b88ea5cdfd.csv,Attempt retained even if process fails,False
E6-matched_base-b88ea5cdfd,2026-10-04T00:39:44.010756+00:00,f953cc6eadb2efb7f124791a8afd2815663fbf45083f58fe7e4fa892c609676c,5f04159f52c645b6503f8744058f5d8b248158d9,e5f957a2b78b4a08cede2183cd59012f73beaffc38f0821d43bb458df08be222:5eb2ada6d8d007969c111064ae6c5de089e8bd61c0156cb49cc98484cea2b5d9,ensemble,"{""base"": ""erc"", ""borrow_bps"": 50.0, ""cap"": 1.0, ""control"": ""event"", ""covariance_days"": 126, ""diagnostic"": ""matched_base"", ""family"": ""ensemble"", ""har_train_min"": 504, ""lookback"": 63, ""overlay"": false, ""static_exposure"": null, ""target"": 0.1, ""threshold"": 0.05, ""trial_id"": ""E6"", ""universe"": [""QQQ"", ""IWM"", ""HYG"", ""TLT"", ""GLD"", ""DBC""]}",development+reused_validation,5.0 bp risky purchases+sales; borrow rf+50.0 bp,completed,results/20261004T003708-e3127963/E6-matched_base-b88ea5cdfd.csv,No OOS retuning; diagnostic not eligible for selection,False
E7-primary-dc9dde1861,2026-10-04T00:39:46.382470+00:00,f953cc6eadb2efb7f124791a8afd2815663fbf45083f58fe7e4fa892c609676c,5f04159f52c645b6503f8744058f5d8b248158d9,e5f957a2b78b4a08cede2183cd59012f73beaffc38f0821d43bb458df08be222:5eb2ada6d8d007969c111064ae6c5de089e8bd61c0156cb49cc98484cea2b5d9,ensemble,"{""base"": ""equal"", ""borrow_bps"": 50.0, ""cap"": 1.0, ""control"": ""asymmetric"", ""covariance_days"": 126, ""diagnostic"": ""primary"", ""family"": ""ensemble"", ""har_train_min"": 504, ""lookback"": 63, ""overlay"": true, ""static_exposure"": null, ""target"": 0.1, ""threshold"": 0.05, ""trial_id"": ""E7"", ""universe"": [""SPY"", ""TLT"", ""GLD""]}",development+reused_validation,5.0 bp risky purchases+sales; borrow rf+50.0 bp,started,results/20261004T003708-e3127963/E7-primary-dc9dde1861.csv,Attempt retained even if process fails,False
E7-primary-dc9dde1861,2026-10-04T00:39:46.382470+00:00,f953cc6eadb2efb7f124791a8afd2815663fbf45083f58fe7e4fa892c609676c,5f04159f52c645b6503f8744058f5d8b248158d9,e5f957a2b78b4a08cede2183cd59012f73beaffc38f0821d43bb458df08be222:5eb2ada6d8d007969c111064ae6c5de089e8bd61c0156cb49cc98484cea2b5d9,ensemble,"{""base"": ""equal"", ""borrow_bps"": 50.0, ""cap"": 1.0, ""control"": ""asymmetric"", ""covariance_days"": 126, ""diagnostic"": ""primary"", ""family"": ""ensemble"", ""har_train_min"": 504, ""lookback"": 63, ""overlay"": true, ""static_exposure"": null, ""target"": 0.1, ""threshold"": 0.05, ""trial_id"": ""E7"", ""universe"": [""SPY"", ""TLT"", ""GLD""]}",development+reused_validation,5.0 bp risky purchases+sales; borrow rf+50.0 bp,completed,results/20261004T003708-e3127963/E7-primary-dc9dde1861.csv,Await validation,False
E7-matched_base-677c667eb5,2026-10-04T00:39:47.853324+00:00,f953cc6eadb2efb7f124791a8afd2815663fbf45083f58fe7e4fa892c609676c,5f04159f52c645b6503f8744058f5d8b248158d9,e5f957a2b78b4a08cede2183cd59012f73beaffc38f0821d43bb458df08be222:5eb2ada6d8d007969c111064ae6c5de089e8bd61c0156cb49cc98484cea2b5d9,ensemble,"{""base"": ""equal"", ""borrow_bps"": 50.0, ""cap"": 1.0, ""control"": ""asymmetric"", ""covariance_days"": 126, ""diagnostic"": ""matched_base"", ""family"": ""ensemble"", ""har_train_min"": 504, ""lookback"": 63, ""overlay"": false, ""static_exposure"": null, ""target"": 0.1, ""threshold"": 0.05, ""trial_id"": ""E7"", ""universe"": [""SPY"", ""TLT"", ""GLD""]}",development+reused_validation,5.0 bp risky purchases+sales; borrow rf+50.0 bp,started,results/20261004T003708-e3127963/E7-matched_base-677c667eb5.csv,Attempt retained even if process fails,False
E7-matched_base-677c667eb5,2026-10-04T00:39:47.853324+00:00,f953cc6eadb2efb7f124791a8afd2815663fbf45083f58fe7e4fa892c609676c,5f04159f52c645b6503f8744058f5d8b248158d9,e5f957a2b78b4a08cede2183cd59012f73beaffc38f0821d43bb458df08be222:5eb2ada6d8d007969c111064ae6c5de089e8bd61c0156cb49cc98484cea2b5d9,ensemble,"{""base"": ""equal"", ""borrow_bps"": 50.0, ""cap"": 1.0, ""control"": ""asymmetric"", ""covariance_days"": 126, ""diagnostic"": ""matched_base"", ""family"": ""ensemble"", ""har_train_min"": 504, ""lookback"": 63, ""overlay"": false, ""static_exposure"": null, ""target"": 0.1, ""threshold"": 0.05, ""trial_id"": ""E7"", ""universe"": [""SPY"", ""TLT"", ""GLD""]}",development+reused_validation,5.0 bp risky purchases+sales; borrow rf+50.0 bp,completed,results/20261004T003708-e3127963/E7-matched_base-677c667eb5.csv,No OOS retuning; diagnostic not eligible for selection,False
E8-primary-2f63b6fc2d,2026-10-04T00:39:49.318386+00:00,f953cc6eadb2efb7f124791a8afd2815663fbf45083f58fe7e4fa892c609676c,5f04159f52c645b6503f8744058f5d8b248158d9,e5f957a2b78b4a08cede2183cd59012f73beaffc38f0821d43bb458df08be222:5eb2ada6d8d007969c111064ae6c5de089e8bd61c0156cb49cc98484cea2b5d9,ensemble,"{""base"": ""equal"", ""borrow_bps"": 50.0, ""cap"": 1.25, ""control"": ""asymmetric"", ""covariance_days"": 126, ""diagnostic"": ""primary"", ""family"": ""ensemble"", ""har_train_min"": 504, ""lookback"": 63, ""overlay"": true, ""static_exposure"": null, ""target"": 0.1, ""threshold"": 0.05, ""trial_id"": ""E8"", ""universe"": [""SPY"", ""TLT"", ""GLD""]}",development+reused_validation,5.0 bp risky purchases+sales; borrow rf+50.0 bp,started,results/20261004T003708-e3127963/E8-primary-2f63b6fc2d.csv,Attempt retained even if process fails,False
E8-primary-2f63b6fc2d,2026-10-04T00:39:49.318386+00:00,f953cc6eadb2efb7f124791a8afd2815663fbf45083f58fe7e4fa892c609676c,5f04159f52c645b6503f8744058f5d8b248158d9,e5f957a2b78b4a08cede2183cd59012f73beaffc38f0821d43bb458df08be222:5eb2ada6d8d007969c111064ae6c5de089e8bd61c0156cb49cc98484cea2b5d9,ensemble,"{""base"": ""equal"", ""borrow_bps"": 50.0, ""cap"": 1.25, ""control"": ""asymmetric"", ""covariance_days"": 126, ""diagnostic"": ""primary"", ""family"": ""ensemble"", ""har_train_min"": 504, ""lookback"": 63, ""overlay"": true, ""static_exposure"": null, ""target"": 0.1, ""threshold"": 0.05, ""trial_id"": ""E8"", ""universe"": [""SPY"", ""TLT"", ""GLD""]}",development+reused_validation,5.0 bp risky purchases+sales; borrow rf+50.0 bp,completed,results/20261004T003708-e3127963/E8-primary-2f63b6fc2d.csv,Await validation,False
E8-matched_base-48337dab71,2026-10-04T00:39:51.562165+00:00,f953cc6eadb2efb7f124791a8afd2815663fbf45083f58fe7e4fa892c609676c,5f04159f52c645b6503f8744058f5d8b248158d9,e5f957a2b78b4a08cede2183cd59012f73beaffc38f0821d43bb458df08be222:5eb2ada6d8d007969c111064ae6c5de089e8bd61c0156cb49cc98484cea2b5d9,ensemble,"{""base"": ""equal"", ""borrow_bps"": 50.0, ""cap"": 1.25, ""control"": ""asymmetric"", ""covariance_days"": 126, ""diagnostic"": ""matched_base"", ""family"": ""ensemble"", ""har_train_min"": 504, ""lookback"": 63, ""overlay"": false, ""static_exposure"": null, ""target"": 0.1, ""threshold"": 0.05, ""trial_id"": ""E8"", ""universe"": [""SPY"", ""TLT"", ""GLD""]}",development+reused_validation,5.0 bp risky purchases+sales; borrow rf+50.0 bp,started,results/20261004T003708-e3127963/E8-matched_base-48337dab71.csv,Attempt retained even if process fails,False
E8-matched_base-48337dab71,2026-10-04T00:39:51.562165+00:00,f953cc6eadb2efb7f124791a8afd2815663fbf45083f58fe7e4fa892c609676c,5f04159f52c645b6503f8744058f5d8b248158d9,e5f957a2b78b4a08cede2183cd59012f73beaffc38f0821d43bb458df08be222:5eb2ada6d8d007969c111064ae6c5de089e8bd61c0156cb49cc98484cea2b5d9,ensemble,"{""base"": ""equal"", ""borrow_bps"": 50.0, ""cap"": 1.25, ""control"": ""asymmetric"", ""covariance_days"": 126, ""diagnostic"": ""matched_base"", ""family"": ""ensemble"", ""har_train_min"": 504, ""lookback"": 63, ""overlay"": false, ""static_exposure"": null, ""target"": 0.1, ""threshold"": 0.05, ""trial_id"": ""E8"", ""universe"": [""SPY"", ""TLT"", ""GLD""]}",development+reused_validation,5.0 bp risky purchases+sales; borrow rf+50.0 bp,completed,results/20261004T003708-e3127963/E8-matched_base-48337dab71.csv,No OOS retuning; diagnostic not eligible for selection,False
E0-double_cost-a737353b25,2026-10-04T00:39:53.120634+00:00,f953cc6eadb2efb7f124791a8afd2815663fbf45083f58fe7e4fa892c609676c,5f04159f52c645b6503f8744058f5d8b248158d9,e5f957a2b78b4a08cede2183cd59012f73beaffc38f0821d43bb458df08be222:5eb2ada6d8d007969c111064ae6c5de089e8bd61c0156cb49cc98484cea2b5d9,trailing,"{""base"": ""equal"", ""borrow_bps"": 50.0, ""cap"": 1.0, ""control"": ""monthly"", ""covariance_days"": 126, ""diagnostic"": ""double_cost"", ""family"": ""trailing"", ""har_train_min"": 504, ""lookback"": 63, ""overlay"": true, ""static_exposure"": null, ""target"": 0.08, ""threshold"": 0.05, ""trial_id"": ""E0"", ""universe"": [""SPY"", ""TLT"", ""GLD""]}",development+reused_validation,10 bp risky purchases+sales; borrow rf+50.0 bp,started,results/20261004T003708-e3127963/E0-double_cost-a737353b25.csv,Attempt retained even if process fails,False
E0-double_cost-a737353b25,2026-10-04T00:39:53.120634+00:00,f953cc6eadb2efb7f124791a8afd2815663fbf45083f58fe7e4fa892c609676c,5f04159f52c645b6503f8744058f5d8b248158d9,e5f957a2b78b4a08cede2183cd59012f73beaffc38f0821d43bb458df08be222:5eb2ada6d8d007969c111064ae6c5de089e8bd61c0156cb49cc98484cea2b5d9,trailing,"{""base"": ""equal"", ""borrow_bps"": 50.0, ""cap"": 1.0, ""control"": ""monthly"", ""covariance_days"": 126, ""diagnostic"": ""double_cost"", ""family"": ""trailing"", ""har_train_min"": 504, ""lookback"": 63, ""overlay"": true, ""static_exposure"": null, ""target"": 0.08, ""threshold"": 0.05, ""trial_id"": ""E0"", ""universe"": [""SPY"", ""TLT"", ""GLD""]}",development+reused_validation,10 bp risky purchases+sales; borrow rf+50.0 bp,completed,results/20261004T003708-e3127963/E0-double_cost-a737353b25.csv,No OOS retuning; diagnostic not eligible for selection,False
E0-double_cost_base-7a1059bd34,2026-10-04T00:39:54.354935+00:00,f953cc6eadb2efb7f124791a8afd2815663fbf45083f58fe7e4fa892c609676c,5f04159f52c645b6503f8744058f5d8b248158d9,e5f957a2b78b4a08cede2183cd59012f73beaffc38f0821d43bb458df08be222:5eb2ada6d8d007969c111064ae6c5de089e8bd61c0156cb49cc98484cea2b5d9,trailing,"{""base"": ""equal"", ""borrow_bps"": 50.0, ""cap"": 1.0, ""control"": ""monthly"", ""covariance_days"": 126, ""diagnostic"": ""double_cost_base"", ""family"": ""trailing"", ""har_train_min"": 504, ""lookback"": 63, ""overlay"": false, ""static_exposure"": null, ""target"": 0.08, ""threshold"": 0.05, ""trial_id"": ""E0"", ""universe"": [""SPY"", ""TLT"", ""GLD""]}",development+reused_validation,10 bp risky purchases+sales; borrow rf+50.0 bp,started,results/20261004T003708-e3127963/E0-double_cost_base-7a1059bd34.csv,Attempt retained even if process fails,False
E0-double_cost_base-7a1059bd34,2026-10-04T00:39:54.354935+00:00,f953cc6eadb2efb7f124791a8afd2815663fbf45083f58fe7e4fa892c609676c,5f04159f52c645b6503f8744058f5d8b248158d9,e5f957a2b78b4a08cede2183cd59012f73beaffc38f0821d43bb458df08be222:5eb2ada6d8d007969c111064ae6c5de089e8bd61c0156cb49cc98484cea2b5d9,trailing,"{""base"": ""equal"", ""borrow_bps"": 50.0, ""cap"": 1.0, ""control"": ""monthly"", ""covariance_days"": 126, ""diagnostic"": ""double_cost_base"", ""family"": ""trailing"", ""har_train_min"": 504, ""lookback"": 63, ""overlay"": false, ""static_exposure"": null, ""target"": 0.08, ""threshold"": 0.05, ""trial_id"": ""E0"", ""universe"": [""SPY"", ""TLT"", ""GLD""]}",development+reused_validation,10 bp risky purchases+sales; borrow rf+50.0 bp,completed,results/20261004T003708-e3127963/E0-double_cost_base-7a1059bd34.csv,No OOS retuning; diagnostic not eligible for selection,False
E0-target_low-dfdda98624,2026-10-04T00:39:55.780428+00:00,f953cc6eadb2efb7f124791a8afd2815663fbf45083f58fe7e4fa892c609676c,5f04159f52c645b6503f8744058f5d8b248158d9,e5f957a2b78b4a08cede2183cd59012f73beaffc38f0821d43bb458df08be222:5eb2ada6d8d007969c111064ae6c5de089e8bd61c0156cb49cc98484cea2b5d9,trailing,"{""base"": ""equal"", ""borrow_bps"": 50.0, ""cap"": 1.0, ""control"": ""monthly"", ""covariance_days"": 126, ""diagnostic"": ""target_low"", ""family"": ""trailing"", ""har_train_min"": 504, ""lookback"": 63, ""overlay"": true, ""static_exposure"": null, ""target"": 0.07, ""threshold"": 0.05, ""trial_id"": ""E0"", ""universe"": [""SPY"", ""TLT"", ""GLD""]}",development+reused_validation,5.0 bp risky purchases+sales; borrow rf+50.0 bp,started,results/20261004T003708-e3127963/E0-target_low-dfdda98624.csv,Attempt retained even if process fails,False
E0-target_low-dfdda98624,2026-10-04T00:39:55.780428+00:00,f953cc6eadb2efb7f124791a8afd2815663fbf45083f58fe7e4fa892c609676c,5f04159f52c645b6503f8744058f5d8b248158d9,e5f957a2b78b4a08cede2183cd59012f73beaffc38f0821d43bb458df08be222:5eb2ada6d8d007969c111064ae6c5de089e8bd61c0156cb49cc98484cea2b5d9,trailing,"{""base"": ""equal"", ""borrow_bps"": 50.0, ""cap"": 1.0, ""control"": ""monthly"", ""covariance_days"": 126, ""diagnostic"": ""target_low"", ""family"": ""trailing"", ""har_train_min"": 504, ""lookback"": 63, ""overlay"": true, ""static_exposure"": null, ""target"": 0.07, ""threshold"": 0.05, ""trial_id"": ""E0"", ""universe"": [""SPY"", ""TLT"", ""GLD""]}",development+reused_validation,5.0 bp risky purchases+sales; borrow rf+50.0 bp,completed,results/20261004T003708-e3127963/E0-target_low-dfdda98624.csv,No OOS retuning; diagnostic not eligible for selection,False
E0-target_low_base-c96060361e,2026-10-04T00:39:57.022102+00:00,f953cc6eadb2efb7f124791a8afd2815663fbf45083f58fe7e4fa892c609676c,5f04159f52c645b6503f8744058f5d8b248158d9,e5f957a2b78b4a08cede2183cd59012f73beaffc38f0821d43bb458df08be222:5eb2ada6d8d007969c111064ae6c5de089e8bd61c0156cb49cc98484cea2b5d9,trailing,"{""base"": ""equal"", ""borrow_bps"": 50.0, ""cap"": 1.0, ""control"": ""monthly"", ""covariance_days"": 126, ""diagnostic"": ""target_low_base"", ""family"": ""trailing"", ""har_train_min"": 504, ""lookback"": 63, ""overlay"": false, ""static_exposure"": null, ""target"": 0.07, ""threshold"": 0.05, ""trial_id"": ""E0"", ""universe"": [""SPY"", ""TLT"", ""GLD""]}",development+reused_validation,5.0 bp risky purchases+sales; borrow rf+50.0 bp,started,results/20261004T003708-e3127963/E0-target_low_base-c96060361e.csv,Attempt retained even if process fails,False
E0-target_low_base-c96060361e,2026-10-04T00:39:57.022102+00:00,f953cc6eadb2efb7f124791a8afd2815663fbf45083f58fe7e4fa892c609676c,5f04159f52c645b6503f8744058f5d8b248158d9,e5f957a2b78b4a08cede2183cd59012f73beaffc38f0821d43bb458df08be222:5eb2ada6d8d007969c111064ae6c5de089e8bd61c0156cb49cc98484cea2b5d9,trailing,"{""base"": ""equal"", ""borrow_bps"": 50.0, ""cap"": 1.0, ""control"": ""monthly"", ""covariance_days"": 126, ""diagnostic"": ""target_low_base"", ""family"": ""trailing"", ""har_train_min"": 504, ""lookback"": 63, ""overlay"": false, ""static_exposure"": null, ""target"": 0.07, ""threshold"": 0.05, ""trial_id"": ""E0"", ""universe"": [""SPY"", ""TLT"", ""GLD""]}",development+reused_validation,5.0 bp risky purchases+sales; borrow rf+50.0 bp,completed,results/20261004T003708-e3127963/E0-target_low_base-c96060361e.csv,No OOS retuning; diagnostic not eligible for selection,False
E0-target_high-ffff1bb798,2026-10-04T00:39:58.285345+00:00,f953cc6eadb2efb7f124791a8afd2815663fbf45083f58fe7e4fa892c609676c,5f04159f52c645b6503f8744058f5d8b248158d9,e5f957a2b78b4a08cede2183cd59012f73beaffc38f0821d43bb458df08be222:5eb2ada6d8d007969c111064ae6c5de089e8bd61c0156cb49cc98484cea2b5d9,trailing,"{""base"": ""equal"", ""borrow_bps"": 50.0, ""cap"": 1.0, ""control"": ""monthly"", ""covariance_days"": 126, ""diagnostic"": ""target_high"", ""family"": ""trailing"", ""har_train_min"": 504, ""lookback"": 63, ""overlay"": true, ""static_exposure"": null, ""target"": 0.09, ""threshold"": 0.05, ""trial_id"": ""E0"", ""universe"": [""SPY"", ""TLT"", ""GLD""]}",development+reused_validation,5.0 bp risky purchases+sales; borrow rf+50.0 bp,started,results/20261004T003708-e3127963/E0-target_high-ffff1bb798.csv,Attempt retained even if process fails,False
E0-target_high-ffff1bb798,2026-10-04T00:39:58.285345+00:00,f953cc6eadb2efb7f124791a8afd2815663fbf45083f58fe7e4fa892c609676c,5f04159f52c645b6503f8744058f5d8b248158d9,e5f957a2b78b4a08cede2183cd59012f73beaffc38f0821d43bb458df08be222:5eb2ada6d8d007969c111064ae6c5de089e8bd61c0156cb49cc98484cea2b5d9,trailing,"{""base"": ""equal"", ""borrow_bps"": 50.0, ""cap"": 1.0, ""control"": ""monthly"", ""covariance_days"": 126, ""diagnostic"": ""target_high"", ""family"": ""trailing"", ""har_train_min"": 504, ""lookback"": 63, ""overlay"": true, ""static_exposure"": null, ""target"": 0.09, ""threshold"": 0.05, ""trial_id"": ""E0"", ""universe"": [""SPY"", ""TLT"", ""GLD""]}",development+reused_validation,5.0 bp risky purchases+sales; borrow rf+50.0 bp,completed,results/20261004T003708-e3127963/E0-target_high-ffff1bb798.csv,No OOS retuning; diagnostic not eligible for selection,False
E0-target_high_base-129a9d164b,2026-10-04T00:39:59.514568+00:00,f953cc6eadb2efb7f124791a8afd2815663fbf45083f58fe7e4fa892c609676c,5f04159f52c645b6503f8744058f5d8b248158d9,e5f957a2b78b4a08cede2183cd59012f73beaffc38f0821d43bb458df08be222:5eb2ada6d8d007969c111064ae6c5de089e8bd61c0156cb49cc98484cea2b5d9,trailing,"{""base"": ""equal"", ""borrow_bps"": 50.0, ""cap"": 1.0, ""control"": ""monthly"", ""covariance_days"": 126, ""diagnostic"": ""target_high_base"", ""family"": ""trailing"", ""har_train_min"": 504, ""lookback"": 63, ""overlay"": false, ""static_exposure"": null, ""target"": 0.09, ""threshold"": 0.05, ""trial_id"": ""E0"", ""universe"": [""SPY"", ""TLT"", ""GLD""]}",development+reused_validation,5.0 bp risky purchases+sales; borrow rf+50.0 bp,started,results/20261004T003708-e3127963/E0-target_high_base-129a9d164b.csv,Attempt retained even if process fails,False
E0-target_high_base-129a9d164b,2026-10-04T00:39:59.514568+00:00,f953cc6eadb2efb7f124791a8afd2815663fbf45083f58fe7e4fa892c609676c,5f04159f52c645b6503f8744058f5d8b248158d9,e5f957a2b78b4a08cede2183cd59012f73beaffc38f0821d43bb458df08be222:5eb2ada6d8d007969c111064ae6c5de089e8bd61c0156cb49cc98484cea2b5d9,trailing,"{""base"": ""equal"", ""borrow_bps"": 50.0, ""cap"": 1.0, ""control"": ""monthly"", ""covariance_days"": 126, ""diagnostic"": ""target_high_base"", ""family"": ""trailing"", ""har_train_min"": 504, ""lookback"": 63, ""overlay"": false, ""static_exposure"": null, ""target"": 0.09, ""threshold"": 0.05, ""trial_id"": ""E0"", ""universe"": [""SPY"", ""TLT"", ""GLD""]}",development+reused_validation,5.0 bp risky purchases+sales; borrow rf+50.0 bp,completed,results/20261004T003708-e3127963/E0-target_high_base-129a9d164b.csv,No OOS retuning; diagnostic not eligible for selection,False
E0-lookback_low-aa94546bd6,2026-10-04T00:40:00.737637+00:00,f953cc6eadb2efb7f124791a8afd2815663fbf45083f58fe7e4fa892c609676c,5f04159f52c645b6503f8744058f5d8b248158d9,e5f957a2b78b4a08cede2183cd59012f73beaffc38f0821d43bb458df08be222:5eb2ada6d8d007969c111064ae6c5de089e8bd61c0156cb49cc98484cea2b5d9,trailing,"{""base"": ""equal"", ""borrow_bps"": 50.0, ""cap"": 1.0, ""control"": ""monthly"", ""covariance_days"": 101, ""diagnostic"": ""lookback_low"", ""family"": ""trailing"", ""har_train_min"": 403, ""lookback"": 50, ""overlay"": true, ""static_exposure"": null, ""target"": 0.08, ""threshold"": 0.05, ""trial_id"": ""E0"", ""universe"": [""SPY"", ""TLT"", ""GLD""]}",development+reused_validation,5.0 bp risky purchases+sales; borrow rf+50.0 bp,started,results/20261004T003708-e3127963/E0-lookback_low-aa94546bd6.csv,Attempt retained even if process fails,False
E0-lookback_low-aa94546bd6,2026-10-04T00:40:00.737637+00:00,f953cc6eadb2efb7f124791a8afd2815663fbf45083f58fe7e4fa892c609676c,5f04159f52c645b6503f8744058f5d8b248158d9,e5f957a2b78b4a08cede2183cd59012f73beaffc38f0821d43bb458df08be222:5eb2ada6d8d007969c111064ae6c5de089e8bd61c0156cb49cc98484cea2b5d9,trailing,"{""base"": ""equal"", ""borrow_bps"": 50.0, ""cap"": 1.0, ""control"": ""monthly"", ""covariance_days"": 101, ""diagnostic"": ""lookback_low"", ""family"": ""trailing"", ""har_train_min"": 403, ""lookback"": 50, ""overlay"": true, ""static_exposure"": null, ""target"": 0.08, ""threshold"": 0.05, ""trial_id"": ""E0"", ""universe"": [""SPY"", ""TLT"", ""GLD""]}",development+reused_validation,5.0 bp risky purchases+sales; borrow rf+50.0 bp,completed,results/20261004T003708-e3127963/E0-lookback_low-aa94546bd6.csv,No OOS retuning; diagnostic not eligible for selection,False
E0-lookback_low_base-30f20f1fba,2026-10-04T00:40:01.958287+00:00,f953cc6eadb2efb7f124791a8afd2815663fbf45083f58fe7e4fa892c609676c,5f04159f52c645b6503f8744058f5d8b248158d9,e5f957a2b78b4a08cede2183cd59012f73beaffc38f0821d43bb458df08be222:5eb2ada6d8d007969c111064ae6c5de089e8bd61c0156cb49cc98484cea2b5d9,trailing,"{""base"": ""equal"", ""borrow_bps"": 50.0, ""cap"": 1.0, ""control"": ""monthly"", ""covariance_days"": 101, ""diagnostic"": ""lookback_low_base"", ""family"": ""trailing"", ""har_train_min"": 403, ""lookback"": 50, ""overlay"": false, ""static_exposure"": null, ""target"": 0.08, ""threshold"": 0.05, ""trial_id"": ""E0"", ""universe"": [""SPY"", ""TLT"", ""GLD""]}",development+reused_validation,5.0 bp risky purchases+sales; borrow rf+50.0 bp,started,results/20261004T003708-e3127963/E0-lookback_low_base-30f20f1fba.csv,Attempt retained even if process fails,False
E0-lookback_low_base-30f20f1fba,2026-10-04T00:40:01.958287+00:00,f953cc6eadb2efb7f124791a8afd2815663fbf45083f58fe7e4fa892c609676c,5f04159f52c645b6503f8744058f5d8b248158d9,e5f957a2b78b4a08cede2183cd59012f73beaffc38f0821d43bb458df08be222:5eb2ada6d8d007969c111064ae6c5de089e8bd61c0156cb49cc98484cea2b5d9,trailing,"{""base"": ""equal"", ""borrow_bps"": 50.0, ""cap"": 1.0, ""control"": ""monthly"", ""covariance_days"": 101, ""diagnostic"": ""lookback_low_base"", ""family"": ""trailing"", ""har_train_min"": 403, ""lookback"": 50, ""overlay"": false, ""static_exposure"": null, ""target"": 0.08, ""threshold"": 0.05, ""trial_id"": ""E0"", ""universe"": [""SPY"", ""TLT"", ""GLD""]}",development+reused_validation,5.0 bp risky purchases+sales; borrow rf+50.0 bp,completed,results/20261004T003708-e3127963/E0-lookback_low_base-30f20f1fba.csv,No OOS retuning; diagnostic not eligible for selection,False
E0-lookback_high-57d17e8a48,2026-10-04T00:40:03.192140+00:00,f953cc6eadb2efb7f124791a8afd2815663fbf45083f58fe7e4fa892c609676c,5f04159f52c645b6503f8744058f5d8b248158d9,e5f957a2b78b4a08cede2183cd59012f73beaffc38f0821d43bb458df08be222:5eb2ada6d8d007969c111064ae6c5de089e8bd61c0156cb49cc98484cea2b5d9,trailing,"{""base"": ""equal"", ""borrow_bps"": 50.0, ""cap"": 1.0, ""control"": ""monthly"", ""covariance_days"": 151, ""diagnostic"": ""lookback_high"", ""family"": ""trailing"", ""har_train_min"": 605, ""lookback"": 76, ""overlay"": true, ""static_exposure"": null, ""target"": 0.08, ""threshold"": 0.05, ""trial_id"": ""E0"", ""universe"": [""SPY"", ""TLT"", ""GLD""]}",development+reused_validation,5.0 bp risky purchases+sales; borrow rf+50.0 bp,started,results/20261004T003708-e3127963/E0-lookback_high-57d17e8a48.csv,Attempt retained even if process fails,False
E0-lookback_high-57d17e8a48,2026-10-04T00:40:03.192140+00:00,f953cc6eadb2efb7f124791a8afd2815663fbf45083f58fe7e4fa892c609676c,5f04159f52c645b6503f8744058f5d8b248158d9,e5f957a2b78b4a08cede2183cd59012f73beaffc38f0821d43bb458df08be222:5eb2ada6d8d007969c111064ae6c5de089e8bd61c0156cb49cc98484cea2b5d9,trailing,"{""base"": ""equal"", ""borrow_bps"": 50.0, ""cap"": 1.0, ""control"": ""monthly"", ""covariance_days"": 151, ""diagnostic"": ""lookback_high"", ""family"": ""trailing"", ""har_train_min"": 605, ""lookback"": 76, ""overlay"": true, ""static_exposure"": null, ""target"": 0.08, ""threshold"": 0.05, ""trial_id"": ""E0"", ""universe"": [""SPY"", ""TLT"", ""GLD""]}",development+reused_validation,5.0 bp risky purchases+sales; borrow rf+50.0 bp,completed,results/20261004T003708-e3127963/E0-lookback_high-57d17e8a48.csv,No OOS retuning; diagnostic not eligible for selection,False
E0-lookback_high_base-8b449c3695,2026-10-04T00:40:04.446705+00:00,f953cc6eadb2efb7f124791a8afd2815663fbf45083f58fe7e4fa892c609676c,5f04159f52c645b6503f8744058f5d8b248158d9,e5f957a2b78b4a08cede2183cd59012f73beaffc38f0821d43bb458df08be222:5eb2ada6d8d007969c111064ae6c5de089e8bd61c0156cb49cc98484cea2b5d9,trailing,"{""base"": ""equal"", ""borrow_bps"": 50.0, ""cap"": 1.0, ""control"": ""monthly"", ""covariance_days"": 151, ""diagnostic"": ""lookback_high_base"", ""family"": ""trailing"", ""har_train_min"": 605, ""lookback"": 76, ""overlay"": false, ""static_exposure"": null, ""target"": 0.08, ""threshold"": 0.05, ""trial_id"": ""E0"", ""universe"": [""SPY"", ""TLT"", ""GLD""]}",development+reused_validation,5.0 bp risky purchases+sales; borrow rf+50.0 bp,started,results/20261004T003708-e3127963/E0-lookback_high_base-8b449c3695.csv,Attempt retained even if process fails,False
E0-lookback_high_base-8b449c3695,2026-10-04T00:40:04.446705+00:00,f953cc6eadb2efb7f124791a8afd2815663fbf45083f58fe7e4fa892c609676c,5f04159f52c645b6503f8744058f5d8b248158d9,e5f957a2b78b4a08cede2183cd59012f73beaffc38f0821d43bb458df08be222:5eb2ada6d8d007969c111064ae6c5de089e8bd61c0156cb49cc98484cea2b5d9,trailing,"{""base"": ""equal"", ""borrow_bps"": 50.0, ""cap"": 1.0, ""control"": ""monthly"", ""covariance_days"": 151, ""diagnostic"": ""lookback_high_base"", ""family"": ""trailing"", ""har_train_min"": 605, ""lookback"": 76, ""overlay"": false, ""static_exposure"": null, ""target"": 0.08, ""threshold"": 0.05, ""trial_id"": ""E0"", ""universe"": [""SPY"", ""TLT"", ""GLD""]}",development+reused_validation,5.0 bp risky purchases+sales; borrow rf+50.0 bp,completed,results/20261004T003708-e3127963/E0-lookback_high_base-8b449c3695.csv,No OOS retuning; diagnostic not eligible for selection,False
E0-trigger_low-3a8e631cd4,2026-10-04T00:40:05.678144+00:00,f953cc6eadb2efb7f124791a8afd2815663fbf45083f58fe7e4fa892c609676c,5f04159f52c645b6503f8744058f5d8b248158d9,e5f957a2b78b4a08cede2183cd59012f73beaffc38f0821d43bb458df08be222:5eb2ada6d8d007969c111064ae6c5de089e8bd61c0156cb49cc98484cea2b5d9,trailing,"{""base"": ""equal"", ""borrow_bps"": 50.0, ""cap"": 1.0, ""control"": ""monthly"", ""covariance_days"": 126, ""diagnostic"": ""trigger_low"", ""family"": ""trailing"", ""har_train_min"": 504, ""lookback"": 63, ""overlay"": true, ""static_exposure"": null, ""target"": 0.08, ""threshold"": 0.04, ""trial_id"": ""E0"", ""universe"": [""SPY"", ""TLT"", ""GLD""]}",development+reused_validation,5.0 bp risky purchases+sales; borrow rf+50.0 bp,started,results/20261004T003708-e3127963/E0-trigger_low-3a8e631cd4.csv,Attempt retained even if process fails,False
E0-trigger_low-3a8e631cd4,2026-10-04T00:40:05.678144+00:00,f953cc6eadb2efb7f124791a8afd2815663fbf45083f58fe7e4fa892c609676c,5f04159f52c645b6503f8744058f5d8b248158d9,e5f957a2b78b4a08cede2183cd59012f73beaffc38f0821d43bb458df08be222:5eb2ada6d8d007969c111064ae6c5de089e8bd61c0156cb49cc98484cea2b5d9,trailing,"{""base"": ""equal"", ""borrow_bps"": 50.0, ""cap"": 1.0, ""control"": ""monthly"", ""covariance_days"": 126, ""diagnostic"": ""trigger_low"", ""family"": ""trailing"", ""har_train_min"": 504, ""lookback"": 63, ""overlay"": true, ""static_exposure"": null, ""target"": 0.08, ""threshold"": 0.04, ""trial_id"": ""E0"", ""universe"": [""SPY"", ""TLT"", ""GLD""]}",development+reused_validation,5.0 bp risky purchases+sales; borrow rf+50.0 bp,completed,results/20261004T003708-e3127963/E0-trigger_low-3a8e631cd4.csv,No OOS retuning; diagnostic not eligible for selection,False
E0-trigger_low_base-7c498228df,2026-10-04T00:40:06.911210+00:00,f953cc6eadb2efb7f124791a8afd2815663fbf45083f58fe7e4fa892c609676c,5f04159f52c645b6503f8744058f5d8b248158d9,e5f957a2b78b4a08cede2183cd59012f73beaffc38f0821d43bb458df08be222:5eb2ada6d8d007969c111064ae6c5de089e8bd61c0156cb49cc98484cea2b5d9,trailing,"{""base"": ""equal"", ""borrow_bps"": 50.0, ""cap"": 1.0, ""control"": ""monthly"", ""covariance_days"": 126, ""diagnostic"": ""trigger_low_base"", ""family"": ""trailing"", ""har_train_min"": 504, ""lookback"": 63, ""overlay"": false, ""static_exposure"": null, ""target"": 0.08, ""threshold"": 0.04, ""trial_id"": ""E0"", ""universe"": [""SPY"", ""TLT"", ""GLD""]}",development+reused_validation,5.0 bp risky purchases+sales; borrow rf+50.0 bp,started,results/20261004T003708-e3127963/E0-trigger_low_base-7c498228df.csv,Attempt retained even if process fails,False
E0-trigger_low_base-7c498228df,2026-10-04T00:40:06.911210+00:00,f953cc6eadb2efb7f124791a8afd2815663fbf45083f58fe7e4fa892c609676c,5f04159f52c645b6503f8744058f5d8b248158d9,e5f957a2b78b4a08cede2183cd59012f73beaffc38f0821d43bb458df08be222:5eb2ada6d8d007969c111064ae6c5de089e8bd61c0156cb49cc98484cea2b5d9,trailing,"{""base"": ""equal"", ""borrow_bps"": 50.0, ""cap"": 1.0, ""control"": ""monthly"", ""covariance_days"": 126, ""diagnostic"": ""trigger_low_base"", ""family"": ""trailing"", ""har_train_min"": 504, ""lookback"": 63, ""overlay"": false, ""static_exposure"": null, ""target"": 0.08, ""threshold"": 0.04, ""trial_id"": ""E0"", ""universe"": [""SPY"", ""TLT"", ""GLD""]}",development+reused_validation,5.0 bp risky purchases+sales; borrow rf+50.0 bp,completed,results/20261004T003708-e3127963/E0-trigger_low_base-7c498228df.csv,No OOS retuning; diagnostic not eligible for selection,False
E0-trigger_high-5d895fe3e2,2026-10-04T00:40:08.189002+00:00,f953cc6eadb2efb7f124791a8afd2815663fbf45083f58fe7e4fa892c609676c,5f04159f52c645b6503f8744058f5d8b248158d9,e5f957a2b78b4a08cede2183cd59012f73beaffc38f0821d43bb458df08be222:5eb2ada6d8d007969c111064ae6c5de089e8bd61c0156cb49cc98484cea2b5d9,trailing,"{""base"": ""equal"", ""borrow_bps"": 50.0, ""cap"": 1.0, ""control"": ""monthly"", ""covariance_days"": 126, ""diagnostic"": ""trigger_high"", ""family"": ""trailing"", ""har_train_min"": 504, ""lookback"": 63, ""overlay"": true, ""static_exposure"": null, ""target"": 0.08, ""threshold"": 0.06, ""trial_id"": ""E0"", ""universe"": [""SPY"", ""TLT"", ""GLD""]}",development+reused_validation,5.0 bp risky purchases+sales; borrow rf+50.0 bp,started,results/20261004T003708-e3127963/E0-trigger_high-5d895fe3e2.csv,Attempt retained even if process fails,False
E0-trigger_high-5d895fe3e2,2026-10-04T00:40:08.189002+00:00,f953cc6eadb2efb7f124791a8afd2815663fbf45083f58fe7e4fa892c609676c,5f04159f52c645b6503f8744058f5d8b248158d9,e5f957a2b78b4a08cede2183cd59012f73beaffc38f0821d43bb458df08be222:5eb2ada6d8d007969c111064ae6c5de089e8bd61c0156cb49cc98484cea2b5d9,trailing,"{""base"": ""equal"", ""borrow_bps"": 50.0, ""cap"": 1.0, ""control"": ""monthly"", ""covariance_days"": 126, ""diagnostic"": ""trigger_high"", ""family"": ""trailing"", ""har_train_min"": 504, ""lookback"": 63, ""overlay"": true, ""static_exposure"": null, ""target"": 0.08, ""threshold"": 0.06, ""trial_id"": ""E0"", ""universe"": [""SPY"", ""TLT"", ""GLD""]}",development+reused_validation,5.0 bp risky purchases+sales; borrow rf+50.0 bp,completed,results/20261004T003708-e3127963/E0-trigger_high-5d895fe3e2.csv,No OOS retuning; diagnostic not eligible for selection,False
E0-trigger_high_base-696d4cf2cc,2026-10-04T00:40:09.437444+00:00,f953cc6eadb2efb7f124791a8afd2815663fbf45083f58fe7e4fa892c609676c,5f04159f52c645b6503f8744058f5d8b248158d9,e5f957a2b78b4a08cede2183cd59012f73beaffc38f0821d43bb458df08be222:5eb2ada6d8d007969c111064ae6c5de089e8bd61c0156cb49cc98484cea2b5d9,trailing,"{""base"": ""equal"", ""borrow_bps"": 50.0, ""cap"": 1.0, ""control"": ""monthly"", ""covariance_days"": 126, ""diagnostic"": ""trigger_high_base"", ""family"": ""trailing"", ""har_train_min"": 504, ""lookback"": 63, ""overlay"": false, ""static_exposure"": null, ""target"": 0.08, ""threshold"": 0.06, ""trial_id"": ""E0"", ""universe"": [""SPY"", ""TLT"", ""GLD""]}",development+reused_validation,5.0 bp risky purchases+sales; borrow rf+50.0 bp,started,results/20261004T003708-e3127963/E0-trigger_high_base-696d4cf2cc.csv,Attempt retained even if process fails,False
E0-trigger_high_base-696d4cf2cc,2026-10-04T00:40:09.437444+00:00,f953cc6eadb2efb7f124791a8afd2815663fbf45083f58fe7e4fa892c609676c,5f04159f52c645b6503f8744058f5d8b248158d9,e5f957a2b78b4a08cede2183cd59012f73beaffc38f0821d43bb458df08be222:5eb2ada6d8d007969c111064ae6c5de089e8bd61c0156cb49cc98484cea2b5d9,trailing,"{""base"": ""equal"", ""borrow_bps"": 50.0, ""cap"": 1.0, ""control"": ""monthly"", ""covariance_days"": 126, ""diagnostic"": ""trigger_high_base"", ""family"": ""trailing"", ""har_train_min"": 504, ""lookback"": 63, ""overlay"": false, ""static_exposure"": null, ""target"": 0.08, ""threshold"": 0.06, ""trial_id"": ""E0"", ""universe"": [""SPY"", ""TLT"", ""GLD""]}",development+reused_validation,5.0 bp risky purchases+sales; borrow rf+50.0 bp,completed,results/20261004T003708-e3127963/E0-trigger_high_base-696d4cf2cc.csv,No OOS retuning; diagnostic not eligible for selection,False
E1-9-double_cost-238d97906a,2026-10-04T00:40:10.756034+00:00,f953cc6eadb2efb7f124791a8afd2815663fbf45083f58fe7e4fa892c609676c,5f04159f52c645b6503f8744058f5d8b248158d9,e5f957a2b78b4a08cede2183cd59012f73beaffc38f0821d43bb458df08be222:5eb2ada6d8d007969c111064ae6c5de089e8bd61c0156cb49cc98484cea2b5d9,ensemble,"{""base"": ""equal"", ""borrow_bps"": 50.0, ""cap"": 1.0, ""control"": ""event"", ""covariance_days"": 126, ""diagnostic"": ""double_cost"", ""family"": ""ensemble"", ""har_train_min"": 504, ""lookback"": 63, ""overlay"": true, ""static_exposure"": null, ""target"": 0.09, ""threshold"": 0.05, ""trial_id"": ""E1-9"", ""universe"": [""SPY"", ""TLT"", ""GLD""]}",development+reused_validation,10 bp risky purchases+sales; borrow rf+50.0 bp,started,results/20261004T003708-e3127963/E1-9-double_cost-238d97906a.csv,Attempt retained even if process fails,False
E1-9-double_cost-238d97906a,2026-10-04T00:40:10.756034+00:00,f953cc6eadb2efb7f124791a8afd2815663fbf45083f58fe7e4fa892c609676c,5f04159f52c645b6503f8744058f5d8b248158d9,e5f957a2b78b4a08cede2183cd59012f73beaffc38f0821d43bb458df08be222:5eb2ada6d8d007969c111064ae6c5de089e8bd61c0156cb49cc98484cea2b5d9,ensemble,"{""base"": ""equal"", ""borrow_bps"": 50.0, ""cap"": 1.0, ""control"": ""event"", ""covariance_days"": 126, ""diagnostic"": ""double_cost"", ""family"": ""ensemble"", ""har_train_min"": 504, ""lookback"": 63, ""overlay"": true, ""static_exposure"": null, ""target"": 0.09, ""threshold"": 0.05, ""trial_id"": ""E1-9"", ""universe"": [""SPY"", ""TLT"", ""GLD""]}",development+reused_validation,10 bp risky purchases+sales; borrow rf+50.0 bp,completed,results/20261004T003708-e3127963/E1-9-double_cost-238d97906a.csv,No OOS retuning; diagnostic not eligible for selection,False
E1-9-double_cost_base-c20e079785,2026-10-04T00:40:12.260341+00:00,f953cc6eadb2efb7f124791a8afd2815663fbf45083f58fe7e4fa892c609676c,5f04159f52c645b6503f8744058f5d8b248158d9,e5f957a2b78b4a08cede2183cd59012f73beaffc38f0821d43bb458df08be222:5eb2ada6d8d007969c111064ae6c5de089e8bd61c0156cb49cc98484cea2b5d9,ensemble,"{""base"": ""equal"", ""borrow_bps"": 50.0, ""cap"": 1.0, ""control"": ""event"", ""covariance_days"": 126, ""diagnostic"": ""double_cost_base"", ""family"": ""ensemble"", ""har_train_min"": 504, ""lookback"": 63, ""overlay"": false, ""static_exposure"": null, ""target"": 0.09, ""threshold"": 0.05, ""trial_id"": ""E1-9"", ""universe"": [""SPY"", ""TLT"", ""GLD""]}",development+reused_validation,10 bp risky purchases+sales; borrow rf+50.0 bp,started,results/20261004T003708-e3127963/E1-9-double_cost_base-c20e079785.csv,Attempt retained even if process fails,False
E1-9-double_cost_base-c20e079785,2026-10-04T00:40:12.260341+00:00,f953cc6eadb2efb7f124791a8afd2815663fbf45083f58fe7e4fa892c609676c,5f04159f52c645b6503f8744058f5d8b248158d9,e5f957a2b78b4a08cede2183cd59012f73beaffc38f0821d43bb458df08be222:5eb2ada6d8d007969c111064ae6c5de089e8bd61c0156cb49cc98484cea2b5d9,ensemble,"{""base"": ""equal"", ""borrow_bps"": 50.0, ""cap"": 1.0, ""control"": ""event"", ""covariance_days"": 126, ""diagnostic"": ""double_cost_base"", ""family"": ""ensemble"", ""har_train_min"": 504, ""lookback"": 63, ""overlay"": false, ""static_exposure"": null, ""target"": 0.09, ""threshold"": 0.05, ""trial_id"": ""E1-9"", ""universe"": [""SPY"", ""TLT"", ""GLD""]}",development+reused_validation,10 bp risky purchases+sales; borrow rf+50.0 bp,completed,results/20261004T003708-e3127963/E1-9-double_cost_base-c20e079785.csv,No OOS retuning; diagnostic not eligible for selection,False
E1-9-target_low-71748b23de,2026-10-04T00:40:13.913768+00:00,f953cc6eadb2efb7f124791a8afd2815663fbf45083f58fe7e4fa892c609676c,5f04159f52c645b6503f8744058f5d8b248158d9,e5f957a2b78b4a08cede2183cd59012f73beaffc38f0821d43bb458df08be222:5eb2ada6d8d007969c111064ae6c5de089e8bd61c0156cb49cc98484cea2b5d9,ensemble,"{""base"": ""equal"", ""borrow_bps"": 50.0, ""cap"": 1.0, ""control"": ""event"", ""covariance_days"": 126, ""diagnostic"": ""target_low"", ""family"": ""ensemble"", ""har_train_min"": 504, ""lookback"": 63, ""overlay"": true, ""static_exposure"": null, ""target"": 0.08, ""threshold"": 0.05, ""trial_id"": ""E1-9"", ""universe"": [""SPY"", ""TLT"", ""GLD""]}",development+reused_validation,5.0 bp risky purchases+sales; borrow rf+50.0 bp,started,results/20261004T003708-e3127963/E1-9-target_low-71748b23de.csv,Attempt retained even if process fails,False
E1-9-target_low-71748b23de,2026-10-04T00:40:13.913768+00:00,f953cc6eadb2efb7f124791a8afd2815663fbf45083f58fe7e4fa892c609676c,5f04159f52c645b6503f8744058f5d8b248158d9,e5f957a2b78b4a08cede2183cd59012f73beaffc38f0821d43bb458df08be222:5eb2ada6d8d007969c111064ae6c5de089e8bd61c0156cb49cc98484cea2b5d9,ensemble,"{""base"": ""equal"", ""borrow_bps"": 50.0, ""cap"": 1.0, ""control"": ""event"", ""covariance_days"": 126, ""diagnostic"": ""target_low"", ""family"": ""ensemble"", ""har_train_min"": 504, ""lookback"": 63, ""overlay"": true, ""static_exposure"": null, ""target"": 0.08, ""threshold"": 0.05, ""trial_id"": ""E1-9"", ""universe"": [""SPY"", ""TLT"", ""GLD""]}",development+reused_validation,5.0 bp risky purchases+sales; borrow rf+50.0 bp,completed,results/20261004T003708-e3127963/E1-9-target_low-71748b23de.csv,No OOS retuning; diagnostic not eligible for selection,False
E1-9-target_low_base-b30c08eeb8,2026-10-04T00:40:15.412873+00:00,f953cc6eadb2efb7f124791a8afd2815663fbf45083f58fe7e4fa892c609676c,5f04159f52c645b6503f8744058f5d8b248158d9,e5f957a2b78b4a08cede2183cd59012f73beaffc38f0821d43bb458df08be222:5eb2ada6d8d007969c111064ae6c5de089e8bd61c0156cb49cc98484cea2b5d9,ensemble,"{""base"": ""equal"", ""borrow_bps"": 50.0, ""cap"": 1.0, ""control"": ""event"", ""covariance_days"": 126, ""diagnostic"": ""target_low_base"", ""family"": ""ensemble"", ""har_train_min"": 504, ""lookback"": 63, ""overlay"": false, ""static_exposure"": null, ""target"": 0.08, ""threshold"": 0.05, ""trial_id"": ""E1-9"", ""universe"": [""SPY"", ""TLT"", ""GLD""]}",development+reused_validation,5.0 bp risky purchases+sales; borrow rf+50.0 bp,started,results/20261004T003708-e3127963/E1-9-target_low_base-b30c08eeb8.csv,Attempt retained even if process fails,False
E1-9-target_low_base-b30c08eeb8,2026-10-04T00:40:15.412873+00:00,f953cc6eadb2efb7f124791a8afd2815663fbf45083f58fe7e4fa892c609676c,5f04159f52c645b6503f8744058f5d8b248158d9,e5f957a2b78b4a08cede2183cd59012f73beaffc38f0821d43bb458df08be222:5eb2ada6d8d007969c111064ae6c5de089e8bd61c0156cb49cc98484cea2b5d9,ensemble,"{""base"": ""equal"", ""borrow_bps"": 50.0, ""cap"": 1.0, ""control"": ""event"", ""covariance_days"": 126, ""diagnostic"": ""target_low_base"", ""family"": ""ensemble"", ""har_train_min"": 504, ""lookback"": 63, ""overlay"": false, ""static_exposure"": null, ""target"": 0.08, ""threshold"": 0.05, ""trial_id"": ""E1-9"", ""universe"": [""SPY"", ""TLT"", ""GLD""]}",development+reused_validation,5.0 bp risky purchases+sales; borrow rf+50.0 bp,completed,results/20261004T003708-e3127963/E1-9-target_low_base-b30c08eeb8.csv,No OOS retuning; diagnostic not eligible for selection,False
E1-9-target_high-dd8fa0756d,2026-10-04T00:40:16.897920+00:00,f953cc6eadb2efb7f124791a8afd2815663fbf45083f58fe7e4fa892c609676c,5f04159f52c645b6503f8744058f5d8b248158d9,e5f957a2b78b4a08cede2183cd59012f73beaffc38f0821d43bb458df08be222:5eb2ada6d8d007969c111064ae6c5de089e8bd61c0156cb49cc98484cea2b5d9,ensemble,"{""base"": ""equal"", ""borrow_bps"": 50.0, ""cap"": 1.0, ""control"": ""event"", ""covariance_days"": 126, ""diagnostic"": ""target_high"", ""family"": ""ensemble"", ""har_train_min"": 504, ""lookback"": 63, ""overlay"": true, ""static_exposure"": null, ""target"": 0.09999999999999999, ""threshold"": 0.05, ""trial_id"": ""E1-9"", ""universe"": [""SPY"", ""TLT"", ""GLD""]}",development+reused_validation,5.0 bp risky purchases+sales; borrow rf+50.0 bp,started,results/20261004T003708-e3127963/E1-9-target_high-dd8fa0756d.csv,Attempt retained even if process fails,False
E1-9-target_high-dd8fa0756d,2026-10-04T00:40:16.897920+00:00,f953cc6eadb2efb7f124791a8afd2815663fbf45083f58fe7e4fa892c609676c,5f04159f52c645b6503f8744058f5d8b248158d9,e5f957a2b78b4a08cede2183cd59012f73beaffc38f0821d43bb458df08be222:5eb2ada6d8d007969c111064ae6c5de089e8bd61c0156cb49cc98484cea2b5d9,ensemble,"{""base"": ""equal"", ""borrow_bps"": 50.0, ""cap"": 1.0, ""control"": ""event"", ""covariance_days"": 126, ""diagnostic"": ""target_high"", ""family"": ""ensemble"", ""har_train_min"": 504, ""lookback"": 63, ""overlay"": true, ""static_exposure"": null, ""target"": 0.09999999999999999, ""threshold"": 0.05, ""trial_id"": ""E1-9"", ""universe"": [""SPY"", ""TLT"", ""GLD""]}",development+reused_validation,5.0 bp risky purchases+sales; borrow rf+50.0 bp,completed,results/20261004T003708-e3127963/E1-9-target_high-dd8fa0756d.csv,No OOS retuning; diagnostic not eligible for selection,False
E1-9-target_high_base-0bf0bca8ff,2026-10-04T00:40:18.422055+00:00,f953cc6eadb2efb7f124791a8afd2815663fbf45083f58fe7e4fa892c609676c,5f04159f52c645b6503f8744058f5d8b248158d9,e5f957a2b78b4a08cede2183cd59012f73beaffc38f0821d43bb458df08be222:5eb2ada6d8d007969c111064ae6c5de089e8bd61c0156cb49cc98484cea2b5d9,ensemble,"{""base"": ""equal"", ""borrow_bps"": 50.0, ""cap"": 1.0, ""control"": ""event"", ""covariance_days"": 126, ""diagnostic"": ""target_high_base"", ""family"": ""ensemble"", ""har_train_min"": 504, ""lookback"": 63, ""overlay"": false, ""static_exposure"": null, ""target"": 0.09999999999999999, ""threshold"": 0.05, ""trial_id"": ""E1-9"", ""universe"": [""SPY"", ""TLT"", ""GLD""]}",development+reused_validation,5.0 bp risky purchases+sales; borrow rf+50.0 bp,started,results/20261004T003708-e3127963/E1-9-target_high_base-0bf0bca8ff.csv,Attempt retained even if process fails,False
E1-9-target_high_base-0bf0bca8ff,2026-10-04T00:40:18.422055+00:00,f953cc6eadb2efb7f124791a8afd2815663fbf45083f58fe7e4fa892c609676c,5f04159f52c645b6503f8744058f5d8b248158d9,e5f957a2b78b4a08cede2183cd59012f73beaffc38f0821d43bb458df08be222:5eb2ada6d8d007969c111064ae6c5de089e8bd61c0156cb49cc98484cea2b5d9,ensemble,"{""base"": ""equal"", ""borrow_bps"": 50.0, ""cap"": 1.0, ""control"": ""event"", ""covariance_days"": 126, ""diagnostic"": ""target_high_base"", ""family"": ""ensemble"", ""har_train_min"": 504, ""lookback"": 63, ""overlay"": false, ""static_exposure"": null, ""target"": 0.09999999999999999, ""threshold"": 0.05, ""trial_id"": ""E1-9"", ""universe"": [""SPY"", ""TLT"", ""GLD""]}",development+reused_validation,5.0 bp risky purchases+sales; borrow rf+50.0 bp,completed,results/20261004T003708-e3127963/E1-9-target_high_base-0bf0bca8ff.csv,No OOS retuning; diagnostic not eligible for selection,False
E1-9-lookback_low-03656d06d2,2026-10-04T00:40:19.900963+00:00,f953cc6eadb2efb7f124791a8afd2815663fbf45083f58fe7e4fa892c609676c,5f04159f52c645b6503f8744058f5d8b248158d9,e5f957a2b78b4a08cede2183cd59012f73beaffc38f0821d43bb458df08be222:5eb2ada6d8d007969c111064ae6c5de089e8bd61c0156cb49cc98484cea2b5d9,ensemble,"{""base"": ""equal"", ""borrow_bps"": 50.0, ""cap"": 1.0, ""control"": ""event"", ""covariance_days"": 101, ""diagnostic"": ""lookback_low"", ""family"": ""ensemble"", ""har_train_min"": 403, ""lookback"": 50, ""overlay"": true, ""static_exposure"": null, ""target"": 0.09, ""threshold"": 0.05, ""trial_id"": ""E1-9"", ""universe"": [""SPY"", ""TLT"", ""GLD""]}",development+reused_validation,5.0 bp risky purchases+sales; borrow rf+50.0 bp,started,results/20261004T003708-e3127963/E1-9-lookback_low-03656d06d2.csv,Attempt retained even if process fails,False
E1-9-lookback_low-03656d06d2,2026-10-04T00:40:19.900963+00:00,f953cc6eadb2efb7f124791a8afd2815663fbf45083f58fe7e4fa892c609676c,5f04159f52c645b6503f8744058f5d8b248158d9,e5f957a2b78b4a08cede2183cd59012f73beaffc38f0821d43bb458df08be222:5eb2ada6d8d007969c111064ae6c5de089e8bd61c0156cb49cc98484cea2b5d9,ensemble,"{""base"": ""equal"", ""borrow_bps"": 50.0, ""cap"": 1.0, ""control"": ""event"", ""covariance_days"": 101, ""diagnostic"": ""lookback_low"", ""family"": ""ensemble"", ""har_train_min"": 403, ""lookback"": 50, ""overlay"": true, ""static_exposure"": null, ""target"": 0.09, ""threshold"": 0.05, ""trial_id"": ""E1-9"", ""universe"": [""SPY"", ""TLT"", ""GLD""]}",development+reused_validation,5.0 bp risky purchases+sales; borrow rf+50.0 bp,completed,results/20261004T003708-e3127963/E1-9-lookback_low-03656d06d2.csv,No OOS retuning; diagnostic not eligible for selection,False
E1-9-lookback_low_base-8467edbdef,2026-10-04T00:40:21.391782+00:00,f953cc6eadb2efb7f124791a8afd2815663fbf45083f58fe7e4fa892c609676c,5f04159f52c645b6503f8744058f5d8b248158d9,e5f957a2b78b4a08cede2183cd59012f73beaffc38f0821d43bb458df08be222:5eb2ada6d8d007969c111064ae6c5de089e8bd61c0156cb49cc98484cea2b5d9,ensemble,"{""base"": ""equal"", ""borrow_bps"": 50.0, ""cap"": 1.0, ""control"": ""event"", ""covariance_days"": 101, ""diagnostic"": ""lookback_low_base"", ""family"": ""ensemble"", ""har_train_min"": 403, ""lookback"": 50, ""overlay"": false, ""static_exposure"": null, ""target"": 0.09, ""threshold"": 0.05, ""trial_id"": ""E1-9"", ""universe"": [""SPY"", ""TLT"", ""GLD""]}",development+reused_validation,5.0 bp risky purchases+sales; borrow rf+50.0 bp,started,results/20261004T003708-e3127963/E1-9-lookback_low_base-8467edbdef.csv,Attempt retained even if process fails,False
E1-9-lookback_low_base-8467edbdef,2026-10-04T00:40:21.391782+00:00,f953cc6eadb2efb7f124791a8afd2815663fbf45083f58fe7e4fa892c609676c,5f04159f52c645b6503f8744058f5d8b248158d9,e5f957a2b78b4a08cede2183cd59012f73beaffc38f0821d43bb458df08be222:5eb2ada6d8d007969c111064ae6c5de089e8bd61c0156cb49cc98484cea2b5d9,ensemble,"{""base"": ""equal"", ""borrow_bps"": 50.0, ""cap"": 1.0, ""control"": ""event"", ""covariance_days"": 101, ""diagnostic"": ""lookback_low_base"", ""family"": ""ensemble"", ""har_train_min"": 403, ""lookback"": 50, ""overlay"": false, ""static_exposure"": null, ""target"": 0.09, ""threshold"": 0.05, ""trial_id"": ""E1-9"", ""universe"": [""SPY"", ""TLT"", ""GLD""]}",development+reused_validation,5.0 bp risky purchases+sales; borrow rf+50.0 bp,completed,results/20261004T003708-e3127963/E1-9-lookback_low_base-8467edbdef.csv,No OOS retuning; diagnostic not eligible for selection,False
E1-9-lookback_high-c4e480738f,2026-10-04T00:40:22.851047+00:00,f953cc6eadb2efb7f124791a8afd2815663fbf45083f58fe7e4fa892c609676c,5f04159f52c645b6503f8744058f5d8b248158d9,e5f957a2b78b4a08cede2183cd59012f73beaffc38f0821d43bb458df08be222:5eb2ada6d8d007969c111064ae6c5de089e8bd61c0156cb49cc98484cea2b5d9,ensemble,"{""base"": ""equal"", ""borrow_bps"": 50.0, ""cap"": 1.0, ""control"": ""event"", ""covariance_days"": 151, ""diagnostic"": ""lookback_high"", ""family"": ""ensemble"", ""har_train_min"": 605, ""lookback"": 76, ""overlay"": true, ""static_exposure"": null, ""target"": 0.09, ""threshold"": 0.05, ""trial_id"": ""E1-9"", ""universe"": [""SPY"", ""TLT"", ""GLD""]}",development+reused_validation,5.0 bp risky purchases+sales; borrow rf+50.0 bp,started,results/20261004T003708-e3127963/E1-9-lookback_high-c4e480738f.csv,Attempt retained even if process fails,False
E1-9-lookback_high-c4e480738f,2026-10-04T00:40:22.851047+00:00,f953cc6eadb2efb7f124791a8afd2815663fbf45083f58fe7e4fa892c609676c,5f04159f52c645b6503f8744058f5d8b248158d9,e5f957a2b78b4a08cede2183cd59012f73beaffc38f0821d43bb458df08be222:5eb2ada6d8d007969c111064ae6c5de089e8bd61c0156cb49cc98484cea2b5d9,ensemble,"{""base"": ""equal"", ""borrow_bps"": 50.0, ""cap"": 1.0, ""control"": ""event"", ""covariance_days"": 151, ""diagnostic"": ""lookback_high"", ""family"": ""ensemble"", ""har_train_min"": 605, ""lookback"": 76, ""overlay"": true, ""static_exposure"": null, ""target"": 0.09, ""threshold"": 0.05, ""trial_id"": ""E1-9"", ""universe"": [""SPY"", ""TLT"", ""GLD""]}",development+reused_validation,5.0 bp risky purchases+sales; borrow rf+50.0 bp,completed,results/20261004T003708-e3127963/E1-9-lookback_high-c4e480738f.csv,No OOS retuning; diagnostic not eligible for selection,False
E1-9-lookback_high_base-8ca90ea3d2,2026-10-04T00:40:24.324214+00:00,f953cc6eadb2efb7f124791a8afd2815663fbf45083f58fe7e4fa892c609676c,5f04159f52c645b6503f8744058f5d8b248158d9,e5f957a2b78b4a08cede2183cd59012f73beaffc38f0821d43bb458df08be222:5eb2ada6d8d007969c111064ae6c5de089e8bd61c0156cb49cc98484cea2b5d9,ensemble,"{""base"": ""equal"", ""borrow_bps"": 50.0, ""cap"": 1.0, ""control"": ""event"", ""covariance_days"": 151, ""diagnostic"": ""lookback_high_base"", ""family"": ""ensemble"", ""har_train_min"": 605, ""lookback"": 76, ""overlay"": false, ""static_exposure"": null, ""target"": 0.09, ""threshold"": 0.05, ""trial_id"": ""E1-9"", ""universe"": [""SPY"", ""TLT"", ""GLD""]}",development+reused_validation,5.0 bp risky purchases+sales; borrow rf+50.0 bp,started,results/20261004T003708-e3127963/E1-9-lookback_high_base-8ca90ea3d2.csv,Attempt retained even if process fails,False
E1-9-lookback_high_base-8ca90ea3d2,2026-10-04T00:40:24.324214+00:00,f953cc6eadb2efb7f124791a8afd2815663fbf45083f58fe7e4fa892c609676c,5f04159f52c645b6503f8744058f5d8b248158d9,e5f957a2b78b4a08cede2183cd59012f73beaffc38f0821d43bb458df08be222:5eb2ada6d8d007969c111064ae6c5de089e8bd61c0156cb49cc98484cea2b5d9,ensemble,"{""base"": ""equal"", ""borrow_bps"": 50.0, ""cap"": 1.0, ""control"": ""event"", ""covariance_days"": 151, ""diagnostic"": ""lookback_high_base"", ""family"": ""ensemble"", ""har_train_min"": 605, ""lookback"": 76, ""overlay"": false, ""static_exposure"": null, ""target"": 0.09, ""threshold"": 0.05, ""trial_id"": ""E1-9"", ""universe"": [""SPY"", ""TLT"", ""GLD""]}",development+reused_validation,5.0 bp risky purchases+sales; borrow rf+50.0 bp,completed,results/20261004T003708-e3127963/E1-9-lookback_high_base-8ca90ea3d2.csv,No OOS retuning; diagnostic not eligible for selection,False
E1-9-trigger_low-d5f5b0c170,2026-10-04T00:40:25.826024+00:00,f953cc6eadb2efb7f124791a8afd2815663fbf45083f58fe7e4fa892c609676c,5f04159f52c645b6503f8744058f5d8b248158d9,e5f957a2b78b4a08cede2183cd59012f73beaffc38f0821d43bb458df08be222:5eb2ada6d8d007969c111064ae6c5de089e8bd61c0156cb49cc98484cea2b5d9,ensemble,"{""base"": ""equal"", ""borrow_bps"": 50.0, ""cap"": 1.0, ""control"": ""event"", ""covariance_days"": 126, ""diagnostic"": ""trigger_low"", ""family"": ""ensemble"", ""har_train_min"": 504, ""lookback"": 63, ""overlay"": true, ""static_exposure"": null, ""target"": 0.09, ""threshold"": 0.04, ""trial_id"": ""E1-9"", ""universe"": [""SPY"", ""TLT"", ""GLD""]}",development+reused_validation,5.0 bp risky purchases+sales; borrow rf+50.0 bp,started,results/20261004T003708-e3127963/E1-9-trigger_low-d5f5b0c170.csv,Attempt retained even if process fails,False
E1-9-trigger_low-d5f5b0c170,2026-10-04T00:40:25.826024+00:00,f953cc6eadb2efb7f124791a8afd2815663fbf45083f58fe7e4fa892c609676c,5f04159f52c645b6503f8744058f5d8b248158d9,e5f957a2b78b4a08cede2183cd59012f73beaffc38f0821d43bb458df08be222:5eb2ada6d8d007969c111064ae6c5de089e8bd61c0156cb49cc98484cea2b5d9,ensemble,"{""base"": ""equal"", ""borrow_bps"": 50.0, ""cap"": 1.0, ""control"": ""event"", ""covariance_days"": 126, ""diagnostic"": ""trigger_low"", ""family"": ""ensemble"", ""har_train_min"": 504, ""lookback"": 63, ""overlay"": true, ""static_exposure"": null, ""target"": 0.09, ""threshold"": 0.04, ""trial_id"": ""E1-9"", ""universe"": [""SPY"", ""TLT"", ""GLD""]}",development+reused_validation,5.0 bp risky purchases+sales; borrow rf+50.0 bp,completed,results/20261004T003708-e3127963/E1-9-trigger_low-d5f5b0c170.csv,No OOS retuning; diagnostic not eligible for selection,False
E1-9-trigger_low_base-5d0c974f4a,2026-10-04T00:40:27.311689+00:00,f953cc6eadb2efb7f124791a8afd2815663fbf45083f58fe7e4fa892c609676c,5f04159f52c645b6503f8744058f5d8b248158d9,e5f957a2b78b4a08cede2183cd59012f73beaffc38f0821d43bb458df08be222:5eb2ada6d8d007969c111064ae6c5de089e8bd61c0156cb49cc98484cea2b5d9,ensemble,"{""base"": ""equal"", ""borrow_bps"": 50.0, ""cap"": 1.0, ""control"": ""event"", ""covariance_days"": 126, ""diagnostic"": ""trigger_low_base"", ""family"": ""ensemble"", ""har_train_min"": 504, ""lookback"": 63, ""overlay"": false, ""static_exposure"": null, ""target"": 0.09, ""threshold"": 0.04, ""trial_id"": ""E1-9"", ""universe"": [""SPY"", ""TLT"", ""GLD""]}",development+reused_validation,5.0 bp risky purchases+sales; borrow rf+50.0 bp,started,results/20261004T003708-e3127963/E1-9-trigger_low_base-5d0c974f4a.csv,Attempt retained even if process fails,False
E1-9-trigger_low_base-5d0c974f4a,2026-10-04T00:40:27.311689+00:00,f953cc6eadb2efb7f124791a8afd2815663fbf45083f58fe7e4fa892c609676c,5f04159f52c645b6503f8744058f5d8b248158d9,e5f957a2b78b4a08cede2183cd59012f73beaffc38f0821d43bb458df08be222:5eb2ada6d8d007969c111064ae6c5de089e8bd61c0156cb49cc98484cea2b5d9,ensemble,"{""base"": ""equal"", ""borrow_bps"": 50.0, ""cap"": 1.0, ""control"": ""event"", ""covariance_days"": 126, ""diagnostic"": ""trigger_low_base"", ""family"": ""ensemble"", ""har_train_min"": 504, ""lookback"": 63, ""overlay"": false, ""static_exposure"": null, ""target"": 0.09, ""threshold"": 0.04, ""trial_id"": ""E1-9"", ""universe"": [""SPY"", ""TLT"", ""GLD""]}",development+reused_validation,5.0 bp risky purchases+sales; borrow rf+50.0 bp,completed,results/20261004T003708-e3127963/E1-9-trigger_low_base-5d0c974f4a.csv,No OOS retuning; diagnostic not eligible for selection,False
E1-9-trigger_high-e478f1ed12,2026-10-04T00:40:28.779276+00:00,f953cc6eadb2efb7f124791a8afd2815663fbf45083f58fe7e4fa892c609676c,5f04159f52c645b6503f8744058f5d8b248158d9,e5f957a2b78b4a08cede2183cd59012f73beaffc38f0821d43bb458df08be222:5eb2ada6d8d007969c111064ae6c5de089e8bd61c0156cb49cc98484cea2b5d9,ensemble,"{""base"": ""equal"", ""borrow_bps"": 50.0, ""cap"": 1.0, ""control"": ""event"", ""covariance_days"": 126, ""diagnostic"": ""trigger_high"", ""family"": ""ensemble"", ""har_train_min"": 504, ""lookback"": 63, ""overlay"": true, ""static_exposure"": null, ""target"": 0.09, ""threshold"": 0.06, ""trial_id"": ""E1-9"", ""universe"": [""SPY"", ""TLT"", ""GLD""]}",development+reused_validation,5.0 bp risky purchases+sales; borrow rf+50.0 bp,started,results/20261004T003708-e3127963/E1-9-trigger_high-e478f1ed12.csv,Attempt retained even if process fails,False
E1-9-trigger_high-e478f1ed12,2026-10-04T00:40:28.779276+00:00,f953cc6eadb2efb7f124791a8afd2815663fbf45083f58fe7e4fa892c609676c,5f04159f52c645b6503f8744058f5d8b248158d9,e5f957a2b78b4a08cede2183cd59012f73beaffc38f0821d43bb458df08be222:5eb2ada6d8d007969c111064ae6c5de089e8bd61c0156cb49cc98484cea2b5d9,ensemble,"{""base"": ""equal"", ""borrow_bps"": 50.0, ""cap"": 1.0, ""control"": ""event"", ""covariance_days"": 126, ""diagnostic"": ""trigger_high"", ""family"": ""ensemble"", ""har_train_min"": 504, ""lookback"": 63, ""overlay"": true, ""static_exposure"": null, ""target"": 0.09, ""threshold"": 0.06, ""trial_id"": ""E1-9"", ""universe"": [""SPY"", ""TLT"", ""GLD""]}",development+reused_validation,5.0 bp risky purchases+sales; borrow rf+50.0 bp,completed,results/20261004T003708-e3127963/E1-9-trigger_high-e478f1ed12.csv,No OOS retuning; diagnostic not eligible for selection,False
E1-9-trigger_high_base-ffddc9c1c6,2026-10-04T00:40:30.251831+00:00,f953cc6eadb2efb7f124791a8afd2815663fbf45083f58fe7e4fa892c609676c,5f04159f52c645b6503f8744058f5d8b248158d9,e5f957a2b78b4a08cede2183cd59012f73beaffc38f0821d43bb458df08be222:5eb2ada6d8d007969c111064ae6c5de089e8bd61c0156cb49cc98484cea2b5d9,ensemble,"{""base"": ""equal"", ""borrow_bps"": 50.0, ""cap"": 1.0, ""control"": ""event"", ""covariance_days"": 126, ""diagnostic"": ""trigger_high_base"", ""family"": ""ensemble"", ""har_train_min"": 504, ""lookback"": 63, ""overlay"": false, ""static_exposure"": null, ""target"": 0.09, ""threshold"": 0.06, ""trial_id"": ""E1-9"", ""universe"": [""SPY"", ""TLT"", ""GLD""]}",development+reused_validation,5.0 bp risky purchases+sales; borrow rf+50.0 bp,started,results/20261004T003708-e3127963/E1-9-trigger_high_base-ffddc9c1c6.csv,Attempt retained even if process fails,False
E1-9-trigger_high_base-ffddc9c1c6,2026-10-04T00:40:30.251831+00:00,f953cc6eadb2efb7f124791a8afd2815663fbf45083f58fe7e4fa892c609676c,5f04159f52c645b6503f8744058f5d8b248158d9,e5f957a2b78b4a08cede2183cd59012f73beaffc38f0821d43bb458df08be222:5eb2ada6d8d007969c111064ae6c5de089e8bd61c0156cb49cc98484cea2b5d9,ensemble,"{""base"": ""equal"", ""borrow_bps"": 50.0, ""cap"": 1.0, ""control"": ""event"", ""covariance_days"": 126, ""diagnostic"": ""trigger_high_base"", ""family"": ""ensemble"", ""har_train_min"": 504, ""lookback"": 63, ""overlay"": false, ""static_exposure"": null, ""target"": 0.09, ""threshold"": 0.06, ""trial_id"": ""E1-9"", ""universe"": [""SPY"", ""TLT"", ""GLD""]}",development+reused_validation,5.0 bp risky purchases+sales; borrow rf+50.0 bp,completed,results/20261004T003708-e3127963/E1-9-trigger_high_base-ffddc9c1c6.csv,No OOS retuning; diagnostic not eligible for selection,False
E1-10-double_cost-5d70087376,2026-10-04T00:40:31.761594+00:00,f953cc6eadb2efb7f124791a8afd2815663fbf45083f58fe7e4fa892c609676c,5f04159f52c645b6503f8744058f5d8b248158d9,e5f957a2b78b4a08cede2183cd59012f73beaffc38f0821d43bb458df08be222:5eb2ada6d8d007969c111064ae6c5de089e8bd61c0156cb49cc98484cea2b5d9,ensemble,"{""base"": ""equal"", ""borrow_bps"": 50.0, ""cap"": 1.0, ""control"": ""event"", ""covariance_days"": 126, ""diagnostic"": ""double_cost"", ""family"": ""ensemble"", ""har_train_min"": 504, ""lookback"": 63, ""overlay"": true, ""static_exposure"": null, ""target"": 0.1, ""threshold"": 0.05, ""trial_id"": ""E1-10"", ""universe"": [""SPY"", ""TLT"", ""GLD""]}",development+reused_validation,10 bp risky purchases+sales; borrow rf+50.0 bp,started,results/20261004T003708-e3127963/E1-10-double_cost-5d70087376.csv,Attempt retained even if process fails,False
E1-10-double_cost-5d70087376,2026-10-04T00:40:31.761594+00:00,f953cc6eadb2efb7f124791a8afd2815663fbf45083f58fe7e4fa892c609676c,5f04159f52c645b6503f8744058f5d8b248158d9,e5f957a2b78b4a08cede2183cd59012f73beaffc38f0821d43bb458df08be222:5eb2ada6d8d007969c111064ae6c5de089e8bd61c0156cb49cc98484cea2b5d9,ensemble,"{""base"": ""equal"", ""borrow_bps"": 50.0, ""cap"": 1.0, ""control"": ""event"", ""covariance_days"": 126, ""diagnostic"": ""double_cost"", ""family"": ""ensemble"", ""har_train_min"": 504, ""lookback"": 63, ""overlay"": true, ""static_exposure"": null, ""target"": 0.1, ""threshold"": 0.05, ""trial_id"": ""E1-10"", ""universe"": [""SPY"", ""TLT"", ""GLD""]}",development+reused_validation,10 bp risky purchases+sales; borrow rf+50.0 bp,completed,results/20261004T003708-e3127963/E1-10-double_cost-5d70087376.csv,No OOS retuning; diagnostic not eligible for selection,False
E1-10-double_cost_base-0a4803f345,2026-10-04T00:40:33.270760+00:00,f953cc6eadb2efb7f124791a8afd2815663fbf45083f58fe7e4fa892c609676c,5f04159f52c645b6503f8744058f5d8b248158d9,e5f957a2b78b4a08cede2183cd59012f73beaffc38f0821d43bb458df08be222:5eb2ada6d8d007969c111064ae6c5de089e8bd61c0156cb49cc98484cea2b5d9,ensemble,"{""base"": ""equal"", ""borrow_bps"": 50.0, ""cap"": 1.0, ""control"": ""event"", ""covariance_days"": 126, ""diagnostic"": ""double_cost_base"", ""family"": ""ensemble"", ""har_train_min"": 504, ""lookback"": 63, ""overlay"": false, ""static_exposure"": null, ""target"": 0.1, ""threshold"": 0.05, ""trial_id"": ""E1-10"", ""universe"": [""SPY"", ""TLT"", ""GLD""]}",development+reused_validation,10 bp risky purchases+sales; borrow rf+50.0 bp,started,results/20261004T003708-e3127963/E1-10-double_cost_base-0a4803f345.csv,Attempt retained even if process fails,False
E1-10-double_cost_base-0a4803f345,2026-10-04T00:40:33.270760+00:00,f953cc6eadb2efb7f124791a8afd2815663fbf45083f58fe7e4fa892c609676c,5f04159f52c645b6503f8744058f5d8b248158d9,e5f957a2b78b4a08cede2183cd59012f73beaffc38f0821d43bb458df08be222:5eb2ada6d8d007969c111064ae6c5de089e8bd61c0156cb49cc98484cea2b5d9,ensemble,"{""base"": ""equal"", ""borrow_bps"": 50.0, ""cap"": 1.0, ""control"": ""event"", ""covariance_days"": 126, ""diagnostic"": ""double_cost_base"", ""family"": ""ensemble"", ""har_train_min"": 504, ""lookback"": 63, ""overlay"": false, ""static_exposure"": null, ""target"": 0.1, ""threshold"": 0.05, ""trial_id"": ""E1-10"", ""universe"": [""SPY"", ""TLT"", ""GLD""]}",development+reused_validation,10 bp risky purchases+sales; borrow rf+50.0 bp,completed,results/20261004T003708-e3127963/E1-10-double_cost_base-0a4803f345.csv,No OOS retuning; diagnostic not eligible for selection,False
E1-10-target_low-59875724d7,2026-10-04T00:40:35.020259+00:00,f953cc6eadb2efb7f124791a8afd2815663fbf45083f58fe7e4fa892c609676c,5f04159f52c645b6503f8744058f5d8b248158d9,e5f957a2b78b4a08cede2183cd59012f73beaffc38f0821d43bb458df08be222:5eb2ada6d8d007969c111064ae6c5de089e8bd61c0156cb49cc98484cea2b5d9,ensemble,"{""base"": ""equal"", ""borrow_bps"": 50.0, ""cap"": 1.0, ""control"": ""event"", ""covariance_days"": 126, ""diagnostic"": ""target_low"", ""family"": ""ensemble"", ""har_train_min"": 504, ""lookback"": 63, ""overlay"": true, ""static_exposure"": null, ""target"": 0.09000000000000001, ""threshold"": 0.05, ""trial_id"": ""E1-10"", ""universe"": [""SPY"", ""TLT"", ""GLD""]}",development+reused_validation,5.0 bp risky purchases+sales; borrow rf+50.0 bp,started,results/20261004T003708-e3127963/E1-10-target_low-59875724d7.csv,Attempt retained even if process fails,False
E1-10-target_low-59875724d7,2026-10-04T00:40:35.020259+00:00,f953cc6eadb2efb7f124791a8afd2815663fbf45083f58fe7e4fa892c609676c,5f04159f52c645b6503f8744058f5d8b248158d9,e5f957a2b78b4a08cede2183cd59012f73beaffc38f0821d43bb458df08be222:5eb2ada6d8d007969c111064ae6c5de089e8bd61c0156cb49cc98484cea2b5d9,ensemble,"{""base"": ""equal"", ""borrow_bps"": 50.0, ""cap"": 1.0, ""control"": ""event"", ""covariance_days"": 126, ""diagnostic"": ""target_low"", ""family"": ""ensemble"", ""har_train_min"": 504, ""lookback"": 63, ""overlay"": true, ""static_exposure"": null, ""target"": 0.09000000000000001, ""threshold"": 0.05, ""trial_id"": ""E1-10"", ""universe"": [""SPY"", ""TLT"", ""GLD""]}",development+reused_validation,5.0 bp risky purchases+sales; borrow rf+50.0 bp,completed,results/20261004T003708-e3127963/E1-10-target_low-59875724d7.csv,No OOS retuning; diagnostic not eligible for selection,False
E1-10-target_low_base-f2e3622cd1,2026-10-04T00:40:36.570982+00:00,f953cc6eadb2efb7f124791a8afd2815663fbf45083f58fe7e4fa892c609676c,5f04159f52c645b6503f8744058f5d8b248158d9,e5f957a2b78b4a08cede2183cd59012f73beaffc38f0821d43bb458df08be222:5eb2ada6d8d007969c111064ae6c5de089e8bd61c0156cb49cc98484cea2b5d9,ensemble,"{""base"": ""equal"", ""borrow_bps"": 50.0, ""cap"": 1.0, ""control"": ""event"", ""covariance_days"": 126, ""diagnostic"": ""target_low_base"", ""family"": ""ensemble"", ""har_train_min"": 504, ""lookback"": 63, ""overlay"": false, ""static_exposure"": null, ""target"": 0.09000000000000001, ""threshold"": 0.05, ""trial_id"": ""E1-10"", ""universe"": [""SPY"", ""TLT"", ""GLD""]}",development+reused_validation,5.0 bp risky purchases+sales; borrow rf+50.0 bp,started,results/20261004T003708-e3127963/E1-10-target_low_base-f2e3622cd1.csv,Attempt retained even if process fails,False
E1-10-target_low_base-f2e3622cd1,2026-10-04T00:40:36.570982+00:00,f953cc6eadb2efb7f124791a8afd2815663fbf45083f58fe7e4fa892c609676c,5f04159f52c645b6503f8744058f5d8b248158d9,e5f957a2b78b4a08cede2183cd59012f73beaffc38f0821d43bb458df08be222:5eb2ada6d8d007969c111064ae6c5de089e8bd61c0156cb49cc98484cea2b5d9,ensemble,"{""base"": ""equal"", ""borrow_bps"": 50.0, ""cap"": 1.0, ""control"": ""event"", ""covariance_days"": 126, ""diagnostic"": ""target_low_base"", ""family"": ""ensemble"", ""har_train_min"": 504, ""lookback"": 63, ""overlay"": false, ""static_exposure"": null, ""target"": 0.09000000000000001, ""threshold"": 0.05, ""trial_id"": ""E1-10"", ""universe"": [""SPY"", ""TLT"", ""GLD""]}",development+reused_validation,5.0 bp risky purchases+sales; borrow rf+50.0 bp,completed,results/20261004T003708-e3127963/E1-10-target_low_base-f2e3622cd1.csv,No OOS retuning; diagnostic not eligible for selection,False
E1-10-target_high-f14e2f2d0a,2026-10-04T00:40:38.059299+00:00,f953cc6eadb2efb7f124791a8afd2815663fbf45083f58fe7e4fa892c609676c,5f04159f52c645b6503f8744058f5d8b248158d9,e5f957a2b78b4a08cede2183cd59012f73beaffc38f0821d43bb458df08be222:5eb2ada6d8d007969c111064ae6c5de089e8bd61c0156cb49cc98484cea2b5d9,ensemble,"{""base"": ""equal"", ""borrow_bps"": 50.0, ""cap"": 1.0, ""control"": ""event"", ""covariance_days"": 126, ""diagnostic"": ""target_high"", ""family"": ""ensemble"", ""har_train_min"": 504, ""lookback"": 63, ""overlay"": true, ""static_exposure"": null, ""target"": 0.11, ""threshold"": 0.05, ""trial_id"": ""E1-10"", ""universe"": [""SPY"", ""TLT"", ""GLD""]}",development+reused_validation,5.0 bp risky purchases+sales; borrow rf+50.0 bp,started,results/20261004T003708-e3127963/E1-10-target_high-f14e2f2d0a.csv,Attempt retained even if process fails,False
E1-10-target_high-f14e2f2d0a,2026-10-04T00:40:38.059299+00:00,f953cc6eadb2efb7f124791a8afd2815663fbf45083f58fe7e4fa892c609676c,5f04159f52c645b6503f8744058f5d8b248158d9,e5f957a2b78b4a08cede2183cd59012f73beaffc38f0821d43bb458df08be222:5eb2ada6d8d007969c111064ae6c5de089e8bd61c0156cb49cc98484cea2b5d9,ensemble,"{""base"": ""equal"", ""borrow_bps"": 50.0, ""cap"": 1.0, ""control"": ""event"", ""covariance_days"": 126, ""diagnostic"": ""target_high"", ""family"": ""ensemble"", ""har_train_min"": 504, ""lookback"": 63, ""overlay"": true, ""static_exposure"": null, ""target"": 0.11, ""threshold"": 0.05, ""trial_id"": ""E1-10"", ""universe"": [""SPY"", ""TLT"", ""GLD""]}",development+reused_validation,5.0 bp risky purchases+sales; borrow rf+50.0 bp,completed,results/20261004T003708-e3127963/E1-10-target_high-f14e2f2d0a.csv,No OOS retuning; diagnostic not eligible for selection,False
E1-10-target_high_base-dd21323a67,2026-10-04T00:40:39.622052+00:00,f953cc6eadb2efb7f124791a8afd2815663fbf45083f58fe7e4fa892c609676c,5f04159f52c645b6503f8744058f5d8b248158d9,e5f957a2b78b4a08cede2183cd59012f73beaffc38f0821d43bb458df08be222:5eb2ada6d8d007969c111064ae6c5de089e8bd61c0156cb49cc98484cea2b5d9,ensemble,"{""base"": ""equal"", ""borrow_bps"": 50.0, ""cap"": 1.0, ""control"": ""event"", ""covariance_days"": 126, ""diagnostic"": ""target_high_base"", ""family"": ""ensemble"", ""har_train_min"": 504, ""lookback"": 63, ""overlay"": false, ""static_exposure"": null, ""target"": 0.11, ""threshold"": 0.05, ""trial_id"": ""E1-10"", ""universe"": [""SPY"", ""TLT"", ""GLD""]}",development+reused_validation,5.0 bp risky purchases+sales; borrow rf+50.0 bp,started,results/20261004T003708-e3127963/E1-10-target_high_base-dd21323a67.csv,Attempt retained even if process fails,False
E1-10-target_high_base-dd21323a67,2026-10-04T00:40:39.622052+00:00,f953cc6eadb2efb7f124791a8afd2815663fbf45083f58fe7e4fa892c609676c,5f04159f52c645b6503f8744058f5d8b248158d9,e5f957a2b78b4a08cede2183cd59012f73beaffc38f0821d43bb458df08be222:5eb2ada6d8d007969c111064ae6c5de089e8bd61c0156cb49cc98484cea2b5d9,ensemble,"{""base"": ""equal"", ""borrow_bps"": 50.0, ""cap"": 1.0, ""control"": ""event"", ""covariance_days"": 126, ""diagnostic"": ""target_high_base"", ""family"": ""ensemble"", ""har_train_min"": 504, ""lookback"": 63, ""overlay"": false, ""static_exposure"": null, ""target"": 0.11, ""threshold"": 0.05, ""trial_id"": ""E1-10"", ""universe"": [""SPY"", ""TLT"", ""GLD""]}",development+reused_validation,5.0 bp risky purchases+sales; borrow rf+50.0 bp,completed,results/20261004T003708-e3127963/E1-10-target_high_base-dd21323a67.csv,No OOS retuning; diagnostic not eligible for selection,False
E1-10-lookback_low-8c0238b8fc,2026-10-04T00:40:41.155617+00:00,f953cc6eadb2efb7f124791a8afd2815663fbf45083f58fe7e4fa892c609676c,5f04159f52c645b6503f8744058f5d8b248158d9,e5f957a2b78b4a08cede2183cd59012f73beaffc38f0821d43bb458df08be222:5eb2ada6d8d007969c111064ae6c5de089e8bd61c0156cb49cc98484cea2b5d9,ensemble,"{""base"": ""equal"", ""borrow_bps"": 50.0, ""cap"": 1.0, ""control"": ""event"", ""covariance_days"": 101, ""diagnostic"": ""lookback_low"", ""family"": ""ensemble"", ""har_train_min"": 403, ""lookback"": 50, ""overlay"": true, ""static_exposure"": null, ""target"": 0.1, ""threshold"": 0.05, ""trial_id"": ""E1-10"", ""universe"": [""SPY"", ""TLT"", ""GLD""]}",development+reused_validation,5.0 bp risky purchases+sales; borrow rf+50.0 bp,started,results/20261004T003708-e3127963/E1-10-lookback_low-8c0238b8fc.csv,Attempt retained even if process fails,False
E1-10-lookback_low-8c0238b8fc,2026-10-04T00:40:41.155617+00:00,f953cc6eadb2efb7f124791a8afd2815663fbf45083f58fe7e4fa892c609676c,5f04159f52c645b6503f8744058f5d8b248158d9,e5f957a2b78b4a08cede2183cd59012f73beaffc38f0821d43bb458df08be222:5eb2ada6d8d007969c111064ae6c5de089e8bd61c0156cb49cc98484cea2b5d9,ensemble,"{""base"": ""equal"", ""borrow_bps"": 50.0, ""cap"": 1.0, ""control"": ""event"", ""covariance_days"": 101, ""diagnostic"": ""lookback_low"", ""family"": ""ensemble"", ""har_train_min"": 403, ""lookback"": 50, ""overlay"": true, ""static_exposure"": null, ""target"": 0.1, ""threshold"": 0.05, ""trial_id"": ""E1-10"", ""universe"": [""SPY"", ""TLT"", ""GLD""]}",development+reused_validation,5.0 bp risky purchases+sales; borrow rf+50.0 bp,completed,results/20261004T003708-e3127963/E1-10-lookback_low-8c0238b8fc.csv,No OOS retuning; diagnostic not eligible for selection,False
E1-10-lookback_low_base-82b4ab4d04,2026-10-04T00:40:42.677757+00:00,f953cc6eadb2efb7f124791a8afd2815663fbf45083f58fe7e4fa892c609676c,5f04159f52c645b6503f8744058f5d8b248158d9,e5f957a2b78b4a08cede2183cd59012f73beaffc38f0821d43bb458df08be222:5eb2ada6d8d007969c111064ae6c5de089e8bd61c0156cb49cc98484cea2b5d9,ensemble,"{""base"": ""equal"", ""borrow_bps"": 50.0, ""cap"": 1.0, ""control"": ""event"", ""covariance_days"": 101, ""diagnostic"": ""lookback_low_base"", ""family"": ""ensemble"", ""har_train_min"": 403, ""lookback"": 50, ""overlay"": false, ""static_exposure"": null, ""target"": 0.1, ""threshold"": 0.05, ""trial_id"": ""E1-10"", ""universe"": [""SPY"", ""TLT"", ""GLD""]}",development+reused_validation,5.0 bp risky purchases+sales; borrow rf+50.0 bp,started,results/20261004T003708-e3127963/E1-10-lookback_low_base-82b4ab4d04.csv,Attempt retained even if process fails,False
E1-10-lookback_low_base-82b4ab4d04,2026-10-04T00:40:42.677757+00:00,f953cc6eadb2efb7f124791a8afd2815663fbf45083f58fe7e4fa892c609676c,5f04159f52c645b6503f8744058f5d8b248158d9,e5f957a2b78b4a08cede2183cd59012f73beaffc38f0821d43bb458df08be222:5eb2ada6d8d007969c111064ae6c5de089e8bd61c0156cb49cc98484cea2b5d9,ensemble,"{""base"": ""equal"", ""borrow_bps"": 50.0, ""cap"": 1.0, ""control"": ""event"", ""covariance_days"": 101, ""diagnostic"": ""lookback_low_base"", ""family"": ""ensemble"", ""har_train_min"": 403, ""lookback"": 50, ""overlay"": false, ""static_exposure"": null, ""target"": 0.1, ""threshold"": 0.05, ""trial_id"": ""E1-10"", ""universe"": [""SPY"", ""TLT"", ""GLD""]}",development+reused_validation,5.0 bp risky purchases+sales; borrow rf+50.0 bp,completed,results/20261004T003708-e3127963/E1-10-lookback_low_base-82b4ab4d04.csv,No OOS retuning; diagnostic not eligible for selection,False
E1-10-lookback_high-965b584134,2026-10-04T00:40:44.140537+00:00,f953cc6eadb2efb7f124791a8afd2815663fbf45083f58fe7e4fa892c609676c,5f04159f52c645b6503f8744058f5d8b248158d9,e5f957a2b78b4a08cede2183cd59012f73beaffc38f0821d43bb458df08be222:5eb2ada6d8d007969c111064ae6c5de089e8bd61c0156cb49cc98484cea2b5d9,ensemble,"{""base"": ""equal"", ""borrow_bps"": 50.0, ""cap"": 1.0, ""control"": ""event"", ""covariance_days"": 151, ""diagnostic"": ""lookback_high"", ""family"": ""ensemble"", ""har_train_min"": 605, ""lookback"": 76, ""overlay"": true, ""static_exposure"": null, ""target"": 0.1, ""threshold"": 0.05, ""trial_id"": ""E1-10"", ""universe"": [""SPY"", ""TLT"", ""GLD""]}",development+reused_validation,5.0 bp risky purchases+sales; borrow rf+50.0 bp,started,results/20261004T003708-e3127963/E1-10-lookback_high-965b584134.csv,Attempt retained even if process fails,False
E1-10-lookback_high-965b584134,2026-10-04T00:40:44.140537+00:00,f953cc6eadb2efb7f124791a8afd2815663fbf45083f58fe7e4fa892c609676c,5f04159f52c645b6503f8744058f5d8b248158d9,e5f957a2b78b4a08cede2183cd59012f73beaffc38f0821d43bb458df08be222:5eb2ada6d8d007969c111064ae6c5de089e8bd61c0156cb49cc98484cea2b5d9,ensemble,"{""base"": ""equal"", ""borrow_bps"": 50.0, ""cap"": 1.0, ""control"": ""event"", ""covariance_days"": 151, ""diagnostic"": ""lookback_high"", ""family"": ""ensemble"", ""har_train_min"": 605, ""lookback"": 76, ""overlay"": true, ""static_exposure"": null, ""target"": 0.1, ""threshold"": 0.05, ""trial_id"": ""E1-10"", ""universe"": [""SPY"", ""TLT"", ""GLD""]}",development+reused_validation,5.0 bp risky purchases+sales; borrow rf+50.0 bp,completed,results/20261004T003708-e3127963/E1-10-lookback_high-965b584134.csv,No OOS retuning; diagnostic not eligible for selection,False
E1-10-lookback_high_base-488bbca70d,2026-10-04T00:40:45.621601+00:00,f953cc6eadb2efb7f124791a8afd2815663fbf45083f58fe7e4fa892c609676c,5f04159f52c645b6503f8744058f5d8b248158d9,e5f957a2b78b4a08cede2183cd59012f73beaffc38f0821d43bb458df08be222:5eb2ada6d8d007969c111064ae6c5de089e8bd61c0156cb49cc98484cea2b5d9,ensemble,"{""base"": ""equal"", ""borrow_bps"": 50.0, ""cap"": 1.0, ""control"": ""event"", ""covariance_days"": 151, ""diagnostic"": ""lookback_high_base"", ""family"": ""ensemble"", ""har_train_min"": 605, ""lookback"": 76, ""overlay"": false, ""static_exposure"": null, ""target"": 0.1, ""threshold"": 0.05, ""trial_id"": ""E1-10"", ""universe"": [""SPY"", ""TLT"", ""GLD""]}",development+reused_validation,5.0 bp risky purchases+sales; borrow rf+50.0 bp,started,results/20261004T003708-e3127963/E1-10-lookback_high_base-488bbca70d.csv,Attempt retained even if process fails,False
E1-10-lookback_high_base-488bbca70d,2026-10-04T00:40:45.621601+00:00,f953cc6eadb2efb7f124791a8afd2815663fbf45083f58fe7e4fa892c609676c,5f04159f52c645b6503f8744058f5d8b248158d9,e5f957a2b78b4a08cede2183cd59012f73beaffc38f0821d43bb458df08be222:5eb2ada6d8d007969c111064ae6c5de089e8bd61c0156cb49cc98484cea2b5d9,ensemble,"{""base"": ""equal"", ""borrow_bps"": 50.0, ""cap"": 1.0, ""control"": ""event"", ""covariance_days"": 151, ""diagnostic"": ""lookback_high_base"", ""family"": ""ensemble"", ""har_train_min"": 605, ""lookback"": 76, ""overlay"": false, ""static_exposure"": null, ""target"": 0.1, ""threshold"": 0.05, ""trial_id"": ""E1-10"", ""universe"": [""SPY"", ""TLT"", ""GLD""]}",development+reused_validation,5.0 bp risky purchases+sales; borrow rf+50.0 bp,completed,results/20261004T003708-e3127963/E1-10-lookback_high_base-488bbca70d.csv,No OOS retuning; diagnostic not eligible for selection,False
E1-10-trigger_low-e54e3b59f9,2026-10-04T00:40:47.171938+00:00,f953cc6eadb2efb7f124791a8afd2815663fbf45083f58fe7e4fa892c609676c,5f04159f52c645b6503f8744058f5d8b248158d9,e5f957a2b78b4a08cede2183cd59012f73beaffc38f0821d43bb458df08be222:5eb2ada6d8d007969c111064ae6c5de089e8bd61c0156cb49cc98484cea2b5d9,ensemble,"{""base"": ""equal"", ""borrow_bps"": 50.0, ""cap"": 1.0, ""control"": ""event"", ""covariance_days"": 126, ""diagnostic"": ""trigger_low"", ""family"": ""ensemble"", ""har_train_min"": 504, ""lookback"": 63, ""overlay"": true, ""static_exposure"": null, ""target"": 0.1, ""threshold"": 0.04, ""trial_id"": ""E1-10"", ""universe"": [""SPY"", ""TLT"", ""GLD""]}",development+reused_validation,5.0 bp risky purchases+sales; borrow rf+50.0 bp,started,results/20261004T003708-e3127963/E1-10-trigger_low-e54e3b59f9.csv,Attempt retained even if process fails,False
E1-10-trigger_low-e54e3b59f9,2026-10-04T00:40:47.171938+00:00,f953cc6eadb2efb7f124791a8afd2815663fbf45083f58fe7e4fa892c609676c,5f04159f52c645b6503f8744058f5d8b248158d9,e5f957a2b78b4a08cede2183cd59012f73beaffc38f0821d43bb458df08be222:5eb2ada6d8d007969c111064ae6c5de089e8bd61c0156cb49cc98484cea2b5d9,ensemble,"{""base"": ""equal"", ""borrow_bps"": 50.0, ""cap"": 1.0, ""control"": ""event"", ""covariance_days"": 126, ""diagnostic"": ""trigger_low"", ""family"": ""ensemble"", ""har_train_min"": 504, ""lookback"": 63, ""overlay"": true, ""static_exposure"": null, ""target"": 0.1, ""threshold"": 0.04, ""trial_id"": ""E1-10"", ""universe"": [""SPY"", ""TLT"", ""GLD""]}",development+reused_validation,5.0 bp risky purchases+sales; borrow rf+50.0 bp,completed,results/20261004T003708-e3127963/E1-10-trigger_low-e54e3b59f9.csv,No OOS retuning; diagnostic not eligible for selection,False
E1-10-trigger_low_base-3614a33869,2026-10-04T00:40:48.662123+00:00,f953cc6eadb2efb7f124791a8afd2815663fbf45083f58fe7e4fa892c609676c,5f04159f52c645b6503f8744058f5d8b248158d9,e5f957a2b78b4a08cede2183cd59012f73beaffc38f0821d43bb458df08be222:5eb2ada6d8d007969c111064ae6c5de089e8bd61c0156cb49cc98484cea2b5d9,ensemble,"{""base"": ""equal"", ""borrow_bps"": 50.0, ""cap"": 1.0, ""control"": ""event"", ""covariance_days"": 126, ""diagnostic"": ""trigger_low_base"", ""family"": ""ensemble"", ""har_train_min"": 504, ""lookback"": 63, ""overlay"": false, ""static_exposure"": null, ""target"": 0.1, ""threshold"": 0.04, ""trial_id"": ""E1-10"", ""universe"": [""SPY"", ""TLT"", ""GLD""]}",development+reused_validation,5.0 bp risky purchases+sales; borrow rf+50.0 bp,started,results/20261004T003708-e3127963/E1-10-trigger_low_base-3614a33869.csv,Attempt retained even if process fails,False
E1-10-trigger_low_base-3614a33869,2026-10-04T00:40:48.662123+00:00,f953cc6eadb2efb7f124791a8afd2815663fbf45083f58fe7e4fa892c609676c,5f04159f52c645b6503f8744058f5d8b248158d9,e5f957a2b78b4a08cede2183cd59012f73beaffc38f0821d43bb458df08be222:5eb2ada6d8d007969c111064ae6c5de089e8bd61c0156cb49cc98484cea2b5d9,ensemble,"{""base"": ""equal"", ""borrow_bps"": 50.0, ""cap"": 1.0, ""control"": ""event"", ""covariance_days"": 126, ""diagnostic"": ""trigger_low_base"", ""family"": ""ensemble"", ""har_train_min"": 504, ""lookback"": 63, ""overlay"": false, ""static_exposure"": null, ""target"": 0.1, ""threshold"": 0.04, ""trial_id"": ""E1-10"", ""universe"": [""SPY"", ""TLT"", ""GLD""]}",development+reused_validation,5.0 bp risky purchases+sales; borrow rf+50.0 bp,completed,results/20261004T003708-e3127963/E1-10-trigger_low_base-3614a33869.csv,No OOS retuning; diagnostic not eligible for selection,False
E1-10-trigger_high-06feee33ca,2026-10-04T00:40:50.125399+00:00,f953cc6eadb2efb7f124791a8afd2815663fbf45083f58fe7e4fa892c609676c,5f04159f52c645b6503f8744058f5d8b248158d9,e5f957a2b78b4a08cede2183cd59012f73beaffc38f0821d43bb458df08be222:5eb2ada6d8d007969c111064ae6c5de089e8bd61c0156cb49cc98484cea2b5d9,ensemble,"{""base"": ""equal"", ""borrow_bps"": 50.0, ""cap"": 1.0, ""control"": ""event"", ""covariance_days"": 126, ""diagnostic"": ""trigger_high"", ""family"": ""ensemble"", ""har_train_min"": 504, ""lookback"": 63, ""overlay"": true, ""static_exposure"": null, ""target"": 0.1, ""threshold"": 0.06, ""trial_id"": ""E1-10"", ""universe"": [""SPY"", ""TLT"", ""GLD""]}",development+reused_validation,5.0 bp risky purchases+sales; borrow rf+50.0 bp,started,results/20261004T003708-e3127963/E1-10-trigger_high-06feee33ca.csv,Attempt retained even if process fails,False
E1-10-trigger_high-06feee33ca,2026-10-04T00:40:50.125399+00:00,f953cc6eadb2efb7f124791a8afd2815663fbf45083f58fe7e4fa892c609676c,5f04159f52c645b6503f8744058f5d8b248158d9,e5f957a2b78b4a08cede2183cd59012f73beaffc38f0821d43bb458df08be222:5eb2ada6d8d007969c111064ae6c5de089e8bd61c0156cb49cc98484cea2b5d9,ensemble,"{""base"": ""equal"", ""borrow_bps"": 50.0, ""cap"": 1.0, ""control"": ""event"", ""covariance_days"": 126, ""diagnostic"": ""trigger_high"", ""family"": ""ensemble"", ""har_train_min"": 504, ""lookback"": 63, ""overlay"": true, ""static_exposure"": null, ""target"": 0.1, ""threshold"": 0.06, ""trial_id"": ""E1-10"", ""universe"": [""SPY"", ""TLT"", ""GLD""]}",development+reused_validation,5.0 bp risky purchases+sales; borrow rf+50.0 bp,completed,results/20261004T003708-e3127963/E1-10-trigger_high-06feee33ca.csv,No OOS retuning; diagnostic not eligible for selection,False
E1-10-trigger_high_base-75651234e8,2026-10-04T00:40:51.611500+00:00,f953cc6eadb2efb7f124791a8afd2815663fbf45083f58fe7e4fa892c609676c,5f04159f52c645b6503f8744058f5d8b248158d9,e5f957a2b78b4a08cede2183cd59012f73beaffc38f0821d43bb458df08be222:5eb2ada6d8d007969c111064ae6c5de089e8bd61c0156cb49cc98484cea2b5d9,ensemble,"{""base"": ""equal"", ""borrow_bps"": 50.0, ""cap"": 1.0, ""control"": ""event"", ""covariance_days"": 126, ""diagnostic"": ""trigger_high_base"", ""family"": ""ensemble"", ""har_train_min"": 504, ""lookback"": 63, ""overlay"": false, ""static_exposure"": null, ""target"": 0.1, ""threshold"": 0.06, ""trial_id"": ""E1-10"", ""universe"": [""SPY"", ""TLT"", ""GLD""]}",development+reused_validation,5.0 bp risky purchases+sales; borrow rf+50.0 bp,started,results/20261004T003708-e3127963/E1-10-trigger_high_base-75651234e8.csv,Attempt retained even if process fails,False
E1-10-trigger_high_base-75651234e8,2026-10-04T00:40:51.611500+00:00,f953cc6eadb2efb7f124791a8afd2815663fbf45083f58fe7e4fa892c609676c,5f04159f52c645b6503f8744058f5d8b248158d9,e5f957a2b78b4a08cede2183cd59012f73beaffc38f0821d43bb458df08be222:5eb2ada6d8d007969c111064ae6c5de089e8bd61c0156cb49cc98484cea2b5d9,ensemble,"{""base"": ""equal"", ""borrow_bps"": 50.0, ""cap"": 1.0, ""control"": ""event"", ""covariance_days"": 126, ""diagnostic"": ""trigger_high_base"", ""family"": ""ensemble"", ""har_train_min"": 504, ""lookback"": 63, ""overlay"": false, ""static_exposure"": null, ""target"": 0.1, ""threshold"": 0.06, ""trial_id"": ""E1-10"", ""universe"": [""SPY"", ""TLT"", ""GLD""]}",development+reused_validation,5.0 bp risky purchases+sales; borrow rf+50.0 bp,completed,results/20261004T003708-e3127963/E1-10-trigger_high_base-75651234e8.csv,No OOS retuning; diagnostic not eligible for selection,False
E1-11-double_cost-1c9e3b7438,2026-10-04T00:40:53.122444+00:00,f953cc6eadb2efb7f124791a8afd2815663fbf45083f58fe7e4fa892c609676c,5f04159f52c645b6503f8744058f5d8b248158d9,e5f957a2b78b4a08cede2183cd59012f73beaffc38f0821d43bb458df08be222:5eb2ada6d8d007969c111064ae6c5de089e8bd61c0156cb49cc98484cea2b5d9,ensemble,"{""base"": ""equal"", ""borrow_bps"": 50.0, ""cap"": 1.0, ""control"": ""event"", ""covariance_days"": 126, ""diagnostic"": ""double_cost"", ""family"": ""ensemble"", ""har_train_min"": 504, ""lookback"": 63, ""overlay"": true, ""static_exposure"": null, ""target"": 0.11, ""threshold"": 0.05, ""trial_id"": ""E1-11"", ""universe"": [""SPY"", ""TLT"", ""GLD""]}",development+reused_validation,10 bp risky purchases+sales; borrow rf+50.0 bp,started,results/20261004T003708-e3127963/E1-11-double_cost-1c9e3b7438.csv,Attempt retained even if process fails,False
E1-11-double_cost-1c9e3b7438,2026-10-04T00:40:53.122444+00:00,f953cc6eadb2efb7f124791a8afd2815663fbf45083f58fe7e4fa892c609676c,5f04159f52c645b6503f8744058f5d8b248158d9,e5f957a2b78b4a08cede2183cd59012f73beaffc38f0821d43bb458df08be222:5eb2ada6d8d007969c111064ae6c5de089e8bd61c0156cb49cc98484cea2b5d9,ensemble,"{""base"": ""equal"", ""borrow_bps"": 50.0, ""cap"": 1.0, ""control"": ""event"", ""covariance_days"": 126, ""diagnostic"": ""double_cost"", ""family"": ""ensemble"", ""har_train_min"": 504, ""lookback"": 63, ""overlay"": true, ""static_exposure"": null, ""target"": 0.11, ""threshold"": 0.05, ""trial_id"": ""E1-11"", ""universe"": [""SPY"", ""TLT"", ""GLD""]}",development+reused_validation,10 bp risky purchases+sales; borrow rf+50.0 bp,completed,results/20261004T003708-e3127963/E1-11-double_cost-1c9e3b7438.csv,No OOS retuning; diagnostic not eligible for selection,False
E1-11-double_cost_base-1fb988fc49,2026-10-04T00:40:54.635621+00:00,f953cc6eadb2efb7f124791a8afd2815663fbf45083f58fe7e4fa892c609676c,5f04159f52c645b6503f8744058f5d8b248158d9,e5f957a2b78b4a08cede2183cd59012f73beaffc38f0821d43bb458df08be222:5eb2ada6d8d007969c111064ae6c5de089e8bd61c0156cb49cc98484cea2b5d9,ensemble,"{""base"": ""equal"", ""borrow_bps"": 50.0, ""cap"": 1.0, ""control"": ""event"", ""covariance_days"": 126, ""diagnostic"": ""double_cost_base"", ""family"": ""ensemble"", ""har_train_min"": 504, ""lookback"": 63, ""overlay"": false, ""static_exposure"": null, ""target"": 0.11, ""threshold"": 0.05, ""trial_id"": ""E1-11"", ""universe"": [""SPY"", ""TLT"", ""GLD""]}",development+reused_validation,10 bp risky purchases+sales; borrow rf+50.0 bp,started,results/20261004T003708-e3127963/E1-11-double_cost_base-1fb988fc49.csv,Attempt retained even if process fails,False
E1-11-double_cost_base-1fb988fc49,2026-10-04T00:40:54.635621+00:00,f953cc6eadb2efb7f124791a8afd2815663fbf45083f58fe7e4fa892c609676c,5f04159f52c645b6503f8744058f5d8b248158d9,e5f957a2b78b4a08cede2183cd59012f73beaffc38f0821d43bb458df08be222:5eb2ada6d8d007969c111064ae6c5de089e8bd61c0156cb49cc98484cea2b5d9,ensemble,"{""base"": ""equal"", ""borrow_bps"": 50.0, ""cap"": 1.0, ""control"": ""event"", ""covariance_days"": 126, ""diagnostic"": ""double_cost_base"", ""family"": ""ensemble"", ""har_train_min"": 504, ""lookback"": 63, ""overlay"": false, ""static_exposure"": null, ""target"": 0.11, ""threshold"": 0.05, ""trial_id"": ""E1-11"", ""universe"": [""SPY"", ""TLT"", ""GLD""]}",development+reused_validation,10 bp risky purchases+sales; borrow rf+50.0 bp,completed,results/20261004T003708-e3127963/E1-11-double_cost_base-1fb988fc49.csv,No OOS retuning; diagnostic not eligible for selection,False
E1-11-target_low-b60e82fc6a,2026-10-04T00:40:56.282588+00:00,f953cc6eadb2efb7f124791a8afd2815663fbf45083f58fe7e4fa892c609676c,5f04159f52c645b6503f8744058f5d8b248158d9,e5f957a2b78b4a08cede2183cd59012f73beaffc38f0821d43bb458df08be222:5eb2ada6d8d007969c111064ae6c5de089e8bd61c0156cb49cc98484cea2b5d9,ensemble,"{""base"": ""equal"", ""borrow_bps"": 50.0, ""cap"": 1.0, ""control"": ""event"", ""covariance_days"": 126, ""diagnostic"": ""target_low"", ""family"": ""ensemble"", ""har_train_min"": 504, ""lookback"": 63, ""overlay"": true, ""static_exposure"": null, ""target"": 0.1, ""threshold"": 0.05, ""trial_id"": ""E1-11"", ""universe"": [""SPY"", ""TLT"", ""GLD""]}",development+reused_validation,5.0 bp risky purchases+sales; borrow rf+50.0 bp,started,results/20261004T003708-e3127963/E1-11-target_low-b60e82fc6a.csv,Attempt retained even if process fails,False
E1-11-target_low-b60e82fc6a,2026-10-04T00:40:56.282588+00:00,f953cc6eadb2efb7f124791a8afd2815663fbf45083f58fe7e4fa892c609676c,5f04159f52c645b6503f8744058f5d8b248158d9,e5f957a2b78b4a08cede2183cd59012f73beaffc38f0821d43bb458df08be222:5eb2ada6d8d007969c111064ae6c5de089e8bd61c0156cb49cc98484cea2b5d9,ensemble,"{""base"": ""equal"", ""borrow_bps"": 50.0, ""cap"": 1.0, ""control"": ""event"", ""covariance_days"": 126, ""diagnostic"": ""target_low"", ""family"": ""ensemble"", ""har_train_min"": 504, ""lookback"": 63, ""overlay"": true, ""static_exposure"": null, ""target"": 0.1, ""threshold"": 0.05, ""trial_id"": ""E1-11"", ""universe"": [""SPY"", ""TLT"", ""GLD""]}",development+reused_validation,5.0 bp risky purchases+sales; borrow rf+50.0 bp,completed,results/20261004T003708-e3127963/E1-11-target_low-b60e82fc6a.csv,No OOS retuning; diagnostic not eligible for selection,False
E1-11-target_low_base-77f8a71d29,2026-10-04T00:40:57.772726+00:00,f953cc6eadb2efb7f124791a8afd2815663fbf45083f58fe7e4fa892c609676c,5f04159f52c645b6503f8744058f5d8b248158d9,e5f957a2b78b4a08cede2183cd59012f73beaffc38f0821d43bb458df08be222:5eb2ada6d8d007969c111064ae6c5de089e8bd61c0156cb49cc98484cea2b5d9,ensemble,"{""base"": ""equal"", ""borrow_bps"": 50.0, ""cap"": 1.0, ""control"": ""event"", ""covariance_days"": 126, ""diagnostic"": ""target_low_base"", ""family"": ""ensemble"", ""har_train_min"": 504, ""lookback"": 63, ""overlay"": false, ""static_exposure"": null, ""target"": 0.1, ""threshold"": 0.05, ""trial_id"": ""E1-11"", ""universe"": [""SPY"", ""TLT"", ""GLD""]}",development+reused_validation,5.0 bp risky purchases+sales; borrow rf+50.0 bp,started,results/20261004T003708-e3127963/E1-11-target_low_base-77f8a71d29.csv,Attempt retained even if process fails,False
E1-11-target_low_base-77f8a71d29,2026-10-04T00:40:57.772726+00:00,f953cc6eadb2efb7f124791a8afd2815663fbf45083f58fe7e4fa892c609676c,5f04159f52c645b6503f8744058f5d8b248158d9,e5f957a2b78b4a08cede2183cd59012f73beaffc38f0821d43bb458df08be222:5eb2ada6d8d007969c111064ae6c5de089e8bd61c0156cb49cc98484cea2b5d9,ensemble,"{""base"": ""equal"", ""borrow_bps"": 50.0, ""cap"": 1.0, ""control"": ""event"", ""covariance_days"": 126, ""diagnostic"": ""target_low_base"", ""family"": ""ensemble"", ""har_train_min"": 504, ""lookback"": 63, ""overlay"": false, ""static_exposure"": null, ""target"": 0.1, ""threshold"": 0.05, ""trial_id"": ""E1-11"", ""universe"": [""SPY"", ""TLT"", ""GLD""]}",development+reused_validation,5.0 bp risky purchases+sales; borrow rf+50.0 bp,completed,results/20261004T003708-e3127963/E1-11-target_low_base-77f8a71d29.csv,No OOS retuning; diagnostic not eligible for selection,False
E1-11-target_high-da6823ab1d,2026-10-04T00:40:59.234134+00:00,f953cc6eadb2efb7f124791a8afd2815663fbf45083f58fe7e4fa892c609676c,5f04159f52c645b6503f8744058f5d8b248158d9,e5f957a2b78b4a08cede2183cd59012f73beaffc38f0821d43bb458df08be222:5eb2ada6d8d007969c111064ae6c5de089e8bd61c0156cb49cc98484cea2b5d9,ensemble,"{""base"": ""equal"", ""borrow_bps"": 50.0, ""cap"": 1.0, ""control"": ""event"", ""covariance_days"": 126, ""diagnostic"": ""target_high"", ""family"": ""ensemble"", ""har_train_min"": 504, ""lookback"": 63, ""overlay"": true, ""static_exposure"": null, ""target"": 0.12, ""threshold"": 0.05, ""trial_id"": ""E1-11"", ""universe"": [""SPY"", ""TLT"", ""GLD""]}",development+reused_validation,5.0 bp risky purchases+sales; borrow rf+50.0 bp,started,results/20261004T003708-e3127963/E1-11-target_high-da6823ab1d.csv,Attempt retained even if process fails,False
E1-11-target_high-da6823ab1d,2026-10-04T00:40:59.234134+00:00,f953cc6eadb2efb7f124791a8afd2815663fbf45083f58fe7e4fa892c609676c,5f04159f52c645b6503f8744058f5d8b248158d9,e5f957a2b78b4a08cede2183cd59012f73beaffc38f0821d43bb458df08be222:5eb2ada6d8d007969c111064ae6c5de089e8bd61c0156cb49cc98484cea2b5d9,ensemble,"{""base"": ""equal"", ""borrow_bps"": 50.0, ""cap"": 1.0, ""control"": ""event"", ""covariance_days"": 126, ""diagnostic"": ""target_high"", ""family"": ""ensemble"", ""har_train_min"": 504, ""lookback"": 63, ""overlay"": true, ""static_exposure"": null, ""target"": 0.12, ""threshold"": 0.05, ""trial_id"": ""E1-11"", ""universe"": [""SPY"", ""TLT"", ""GLD""]}",development+reused_validation,5.0 bp risky purchases+sales; borrow rf+50.0 bp,completed,results/20261004T003708-e3127963/E1-11-target_high-da6823ab1d.csv,No OOS retuning; diagnostic not eligible for selection,False
E1-11-target_high_base-c1aaf23e1b,2026-10-04T00:41:00.705938+00:00,f953cc6eadb2efb7f124791a8afd2815663fbf45083f58fe7e4fa892c609676c,5f04159f52c645b6503f8744058f5d8b248158d9,e5f957a2b78b4a08cede2183cd59012f73beaffc38f0821d43bb458df08be222:5eb2ada6d8d007969c111064ae6c5de089e8bd61c0156cb49cc98484cea2b5d9,ensemble,"{""base"": ""equal"", ""borrow_bps"": 50.0, ""cap"": 1.0, ""control"": ""event"", ""covariance_days"": 126, ""diagnostic"": ""target_high_base"", ""family"": ""ensemble"", ""har_train_min"": 504, ""lookback"": 63, ""overlay"": false, ""static_exposure"": null, ""target"": 0.12, ""threshold"": 0.05, ""trial_id"": ""E1-11"", ""universe"": [""SPY"", ""TLT"", ""GLD""]}",development+reused_validation,5.0 bp risky purchases+sales; borrow rf+50.0 bp,started,results/20261004T003708-e3127963/E1-11-target_high_base-c1aaf23e1b.csv,Attempt retained even if process fails,False
E1-11-target_high_base-c1aaf23e1b,2026-10-04T00:41:00.705938+00:00,f953cc6eadb2efb7f124791a8afd2815663fbf45083f58fe7e4fa892c609676c,5f04159f52c645b6503f8744058f5d8b248158d9,e5f957a2b78b4a08cede2183cd59012f73beaffc38f0821d43bb458df08be222:5eb2ada6d8d007969c111064ae6c5de089e8bd61c0156cb49cc98484cea2b5d9,ensemble,"{""base"": ""equal"", ""borrow_bps"": 50.0, ""cap"": 1.0, ""control"": ""event"", ""covariance_days"": 126, ""diagnostic"": ""target_high_base"", ""family"": ""ensemble"", ""har_train_min"": 504, ""lookback"": 63, ""overlay"": false, ""static_exposure"": null, ""target"": 0.12, ""threshold"": 0.05, ""trial_id"": ""E1-11"", ""universe"": [""SPY"", ""TLT"", ""GLD""]}",development+reused_validation,5.0 bp risky purchases+sales; borrow rf+50.0 bp,completed,results/20261004T003708-e3127963/E1-11-target_high_base-c1aaf23e1b.csv,No OOS retuning; diagnostic not eligible for selection,False
E1-11-lookback_low-a924f2866d,2026-10-04T00:41:02.203884+00:00,f953cc6eadb2efb7f124791a8afd2815663fbf45083f58fe7e4fa892c609676c,5f04159f52c645b6503f8744058f5d8b248158d9,e5f957a2b78b4a08cede2183cd59012f73beaffc38f0821d43bb458df08be222:5eb2ada6d8d007969c111064ae6c5de089e8bd61c0156cb49cc98484cea2b5d9,ensemble,"{""base"": ""equal"", ""borrow_bps"": 50.0, ""cap"": 1.0, ""control"": ""event"", ""covariance_days"": 101, ""diagnostic"": ""lookback_low"", ""family"": ""ensemble"", ""har_train_min"": 403, ""lookback"": 50, ""overlay"": true, ""static_exposure"": null, ""target"": 0.11, ""threshold"": 0.05, ""trial_id"": ""E1-11"", ""universe"": [""SPY"", ""TLT"", ""GLD""]}",development+reused_validation,5.0 bp risky purchases+sales; borrow rf+50.0 bp,started,results/20261004T003708-e3127963/E1-11-lookback_low-a924f2866d.csv,Attempt retained even if process fails,False
E1-11-lookback_low-a924f2866d,2026-10-04T00:41:02.203884+00:00,f953cc6eadb2efb7f124791a8afd2815663fbf45083f58fe7e4fa892c609676c,5f04159f52c645b6503f8744058f5d8b248158d9,e5f957a2b78b4a08cede2183cd59012f73beaffc38f0821d43bb458df08be222:5eb2ada6d8d007969c111064ae6c5de089e8bd61c0156cb49cc98484cea2b5d9,ensemble,"{""base"": ""equal"", ""borrow_bps"": 50.0, ""cap"": 1.0, ""control"": ""event"", ""covariance_days"": 101, ""diagnostic"": ""lookback_low"", ""family"": ""ensemble"", ""har_train_min"": 403, ""lookback"": 50, ""overlay"": true, ""static_exposure"": null, ""target"": 0.11, ""threshold"": 0.05, ""trial_id"": ""E1-11"", ""universe"": [""SPY"", ""TLT"", ""GLD""]}",development+reused_validation,5.0 bp risky purchases+sales; borrow rf+50.0 bp,completed,results/20261004T003708-e3127963/E1-11-lookback_low-a924f2866d.csv,No OOS retuning; diagnostic not eligible for selection,False
E1-11-lookback_low_base-6f00e0c9ff,2026-10-04T00:41:03.683518+00:00,f953cc6eadb2efb7f124791a8afd2815663fbf45083f58fe7e4fa892c609676c,5f04159f52c645b6503f8744058f5d8b248158d9,e5f957a2b78b4a08cede2183cd59012f73beaffc38f0821d43bb458df08be222:5eb2ada6d8d007969c111064ae6c5de089e8bd61c0156cb49cc98484cea2b5d9,ensemble,"{""base"": ""equal"", ""borrow_bps"": 50.0, ""cap"": 1.0, ""control"": ""event"", ""covariance_days"": 101, ""diagnostic"": ""lookback_low_base"", ""family"": ""ensemble"", ""har_train_min"": 403, ""lookback"": 50, ""overlay"": false, ""static_exposure"": null, ""target"": 0.11, ""threshold"": 0.05, ""trial_id"": ""E1-11"", ""universe"": [""SPY"", ""TLT"", ""GLD""]}",development+reused_validation,5.0 bp risky purchases+sales; borrow rf+50.0 bp,started,results/20261004T003708-e3127963/E1-11-lookback_low_base-6f00e0c9ff.csv,Attempt retained even if process fails,False
E1-11-lookback_low_base-6f00e0c9ff,2026-10-04T00:41:03.683518+00:00,f953cc6eadb2efb7f124791a8afd2815663fbf45083f58fe7e4fa892c609676c,5f04159f52c645b6503f8744058f5d8b248158d9,e5f957a2b78b4a08cede2183cd59012f73beaffc38f0821d43bb458df08be222:5eb2ada6d8d007969c111064ae6c5de089e8bd61c0156cb49cc98484cea2b5d9,ensemble,"{""base"": ""equal"", ""borrow_bps"": 50.0, ""cap"": 1.0, ""control"": ""event"", ""covariance_days"": 101, ""diagnostic"": ""lookback_low_base"", ""family"": ""ensemble"", ""har_train_min"": 403, ""lookback"": 50, ""overlay"": false, ""static_exposure"": null, ""target"": 0.11, ""threshold"": 0.05, ""trial_id"": ""E1-11"", ""universe"": [""SPY"", ""TLT"", ""GLD""]}",development+reused_validation,5.0 bp risky purchases+sales; borrow rf+50.0 bp,completed,results/20261004T003708-e3127963/E1-11-lookback_low_base-6f00e0c9ff.csv,No OOS retuning; diagnostic not eligible for selection,False
E1-11-lookback_high-ca4d368513,2026-10-04T00:41:05.134367+00:00,f953cc6eadb2efb7f124791a8afd2815663fbf45083f58fe7e4fa892c609676c,5f04159f52c645b6503f8744058f5d8b248158d9,e5f957a2b78b4a08cede2183cd59012f73beaffc38f0821d43bb458df08be222:5eb2ada6d8d007969c111064ae6c5de089e8bd61c0156cb49cc98484cea2b5d9,ensemble,"{""base"": ""equal"", ""borrow_bps"": 50.0, ""cap"": 1.0, ""control"": ""event"", ""covariance_days"": 151, ""diagnostic"": ""lookback_high"", ""family"": ""ensemble"", ""har_train_min"": 605, ""lookback"": 76, ""overlay"": true, ""static_exposure"": null, ""target"": 0.11, ""threshold"": 0.05, ""trial_id"": ""E1-11"", ""universe"": [""SPY"", ""TLT"", ""GLD""]}",development+reused_validation,5.0 bp risky purchases+sales; borrow rf+50.0 bp,started,results/20261004T003708-e3127963/E1-11-lookback_high-ca4d368513.csv,Attempt retained even if process fails,False
E1-11-lookback_high-ca4d368513,2026-10-04T00:41:05.134367+00:00,f953cc6eadb2efb7f124791a8afd2815663fbf45083f58fe7e4fa892c609676c,5f04159f52c645b6503f8744058f5d8b248158d9,e5f957a2b78b4a08cede2183cd59012f73beaffc38f0821d43bb458df08be222:5eb2ada6d8d007969c111064ae6c5de089e8bd61c0156cb49cc98484cea2b5d9,ensemble,"{""base"": ""equal"", ""borrow_bps"": 50.0, ""cap"": 1.0, ""control"": ""event"", ""covariance_days"": 151, ""diagnostic"": ""lookback_high"", ""family"": ""ensemble"", ""har_train_min"": 605, ""lookback"": 76, ""overlay"": true, ""static_exposure"": null, ""target"": 0.11, ""threshold"": 0.05, ""trial_id"": ""E1-11"", ""universe"": [""SPY"", ""TLT"", ""GLD""]}",development+reused_validation,5.0 bp risky purchases+sales; borrow rf+50.0 bp,completed,results/20261004T003708-e3127963/E1-11-lookback_high-ca4d368513.csv,No OOS retuning; diagnostic not eligible for selection,False
E1-11-lookback_high_base-6d7d6bbdc4,2026-10-04T00:41:06.595892+00:00,f953cc6eadb2efb7f124791a8afd2815663fbf45083f58fe7e4fa892c609676c,5f04159f52c645b6503f8744058f5d8b248158d9,e5f957a2b78b4a08cede2183cd59012f73beaffc38f0821d43bb458df08be222:5eb2ada6d8d007969c111064ae6c5de089e8bd61c0156cb49cc98484cea2b5d9,ensemble,"{""base"": ""equal"", ""borrow_bps"": 50.0, ""cap"": 1.0, ""control"": ""event"", ""covariance_days"": 151, ""diagnostic"": ""lookback_high_base"", ""family"": ""ensemble"", ""har_train_min"": 605, ""lookback"": 76, ""overlay"": false, ""static_exposure"": null, ""target"": 0.11, ""threshold"": 0.05, ""trial_id"": ""E1-11"", ""universe"": [""SPY"", ""TLT"", ""GLD""]}",development+reused_validation,5.0 bp risky purchases+sales; borrow rf+50.0 bp,started,results/20261004T003708-e3127963/E1-11-lookback_high_base-6d7d6bbdc4.csv,Attempt retained even if process fails,False
E1-11-lookback_high_base-6d7d6bbdc4,2026-10-04T00:41:06.595892+00:00,f953cc6eadb2efb7f124791a8afd2815663fbf45083f58fe7e4fa892c609676c,5f04159f52c645b6503f8744058f5d8b248158d9,e5f957a2b78b4a08cede2183cd59012f73beaffc38f0821d43bb458df08be222:5eb2ada6d8d007969c111064ae6c5de089e8bd61c0156cb49cc98484cea2b5d9,ensemble,"{""base"": ""equal"", ""borrow_bps"": 50.0, ""cap"": 1.0, ""control"": ""event"", ""covariance_days"": 151, ""diagnostic"": ""lookback_high_base"", ""family"": ""ensemble"", ""har_train_min"": 605, ""lookback"": 76, ""overlay"": false, ""static_exposure"": null, ""target"": 0.11, ""threshold"": 0.05, ""trial_id"": ""E1-11"", ""universe"": [""SPY"", ""TLT"", ""GLD""]}",development+reused_validation,5.0 bp risky purchases+sales; borrow rf+50.0 bp,completed,results/20261004T003708-e3127963/E1-11-lookback_high_base-6d7d6bbdc4.csv,No OOS retuning; diagnostic not eligible for selection,False
E1-11-trigger_low-5af3fd8012,2026-10-04T00:41:08.049226+00:00,f953cc6eadb2efb7f124791a8afd2815663fbf45083f58fe7e4fa892c609676c,5f04159f52c645b6503f8744058f5d8b248158d9,e5f957a2b78b4a08cede2183cd59012f73beaffc38f0821d43bb458df08be222:5eb2ada6d8d007969c111064ae6c5de089e8bd61c0156cb49cc98484cea2b5d9,ensemble,"{""base"": ""equal"", ""borrow_bps"": 50.0, ""cap"": 1.0, ""control"": ""event"", ""covariance_days"": 126, ""diagnostic"": ""trigger_low"", ""family"": ""ensemble"", ""har_train_min"": 504, ""lookback"": 63, ""overlay"": true, ""static_exposure"": null, ""target"": 0.11, ""threshold"": 0.04, ""trial_id"": ""E1-11"", ""universe"": [""SPY"", ""TLT"", ""GLD""]}",development+reused_validation,5.0 bp risky purchases+sales; borrow rf+50.0 bp,started,results/20261004T003708-e3127963/E1-11-trigger_low-5af3fd8012.csv,Attempt retained even if process fails,False
E1-11-trigger_low-5af3fd8012,2026-10-04T00:41:08.049226+00:00,f953cc6eadb2efb7f124791a8afd2815663fbf45083f58fe7e4fa892c609676c,5f04159f52c645b6503f8744058f5d8b248158d9,e5f957a2b78b4a08cede2183cd59012f73beaffc38f0821d43bb458df08be222:5eb2ada6d8d007969c111064ae6c5de089e8bd61c0156cb49cc98484cea2b5d9,ensemble,"{""base"": ""equal"", ""borrow_bps"": 50.0, ""cap"": 1.0, ""control"": ""event"", ""covariance_days"": 126, ""diagnostic"": ""trigger_low"", ""family"": ""ensemble"", ""har_train_min"": 504, ""lookback"": 63, ""overlay"": true, ""static_exposure"": null, ""target"": 0.11, ""threshold"": 0.04, ""trial_id"": ""E1-11"", ""universe"": [""SPY"", ""TLT"", ""GLD""]}",development+reused_validation,5.0 bp risky purchases+sales; borrow rf+50.0 bp,completed,results/20261004T003708-e3127963/E1-11-trigger_low-5af3fd8012.csv,No OOS retuning; diagnostic not eligible for selection,False
E1-11-trigger_low_base-b7d058fd2f,2026-10-04T00:41:09.546358+00:00,f953cc6eadb2efb7f124791a8afd2815663fbf45083f58fe7e4fa892c609676c,5f04159f52c645b6503f8744058f5d8b248158d9,e5f957a2b78b4a08cede2183cd59012f73beaffc38f0821d43bb458df08be222:5eb2ada6d8d007969c111064ae6c5de089e8bd61c0156cb49cc98484cea2b5d9,ensemble,"{""base"": ""equal"", ""borrow_bps"": 50.0, ""cap"": 1.0, ""control"": ""event"", ""covariance_days"": 126, ""diagnostic"": ""trigger_low_base"", ""family"": ""ensemble"", ""har_train_min"": 504, ""lookback"": 63, ""overlay"": false, ""static_exposure"": null, ""target"": 0.11, ""threshold"": 0.04, ""trial_id"": ""E1-11"", ""universe"": [""SPY"", ""TLT"", ""GLD""]}",development+reused_validation,5.0 bp risky purchases+sales; borrow rf+50.0 bp,started,results/20261004T003708-e3127963/E1-11-trigger_low_base-b7d058fd2f.csv,Attempt retained even if process fails,False
E1-11-trigger_low_base-b7d058fd2f,2026-10-04T00:41:09.546358+00:00,f953cc6eadb2efb7f124791a8afd2815663fbf45083f58fe7e4fa892c609676c,5f04159f52c645b6503f8744058f5d8b248158d9,e5f957a2b78b4a08cede2183cd59012f73beaffc38f0821d43bb458df08be222:5eb2ada6d8d007969c111064ae6c5de089e8bd61c0156cb49cc98484cea2b5d9,ensemble,"{""base"": ""equal"", ""borrow_bps"": 50.0, ""cap"": 1.0, ""control"": ""event"", ""covariance_days"": 126, ""diagnostic"": ""trigger_low_base"", ""family"": ""ensemble"", ""har_train_min"": 504, ""lookback"": 63, ""overlay"": false, ""static_exposure"": null, ""target"": 0.11, ""threshold"": 0.04, ""trial_id"": ""E1-11"", ""universe"": [""SPY"", ""TLT"", ""GLD""]}",development+reused_validation,5.0 bp risky purchases+sales; borrow rf+50.0 bp,completed,results/20261004T003708-e3127963/E1-11-trigger_low_base-b7d058fd2f.csv,No OOS retuning; diagnostic not eligible for selection,False
E1-11-trigger_high-de84794568,2026-10-04T00:41:11.001413+00:00,f953cc6eadb2efb7f124791a8afd2815663fbf45083f58fe7e4fa892c609676c,5f04159f52c645b6503f8744058f5d8b248158d9,e5f957a2b78b4a08cede2183cd59012f73beaffc38f0821d43bb458df08be222:5eb2ada6d8d007969c111064ae6c5de089e8bd61c0156cb49cc98484cea2b5d9,ensemble,"{""base"": ""equal"", ""borrow_bps"": 50.0, ""cap"": 1.0, ""control"": ""event"", ""covariance_days"": 126, ""diagnostic"": ""trigger_high"", ""family"": ""ensemble"", ""har_train_min"": 504, ""lookback"": 63, ""overlay"": true, ""static_exposure"": null, ""target"": 0.11, ""threshold"": 0.06, ""trial_id"": ""E1-11"", ""universe"": [""SPY"", ""TLT"", ""GLD""]}",development+reused_validation,5.0 bp risky purchases+sales; borrow rf+50.0 bp,started,results/20261004T003708-e3127963/E1-11-trigger_high-de84794568.csv,Attempt retained even if process fails,False
E1-11-trigger_high-de84794568,2026-10-04T00:41:11.001413+00:00,f953cc6eadb2efb7f124791a8afd2815663fbf45083f58fe7e4fa892c609676c,5f04159f52c645b6503f8744058f5d8b248158d9,e5f957a2b78b4a08cede2183cd59012f73beaffc38f0821d43bb458df08be222:5eb2ada6d8d007969c111064ae6c5de089e8bd61c0156cb49cc98484cea2b5d9,ensemble,"{""base"": ""equal"", ""borrow_bps"": 50.0, ""cap"": 1.0, ""control"": ""event"", ""covariance_days"": 126, ""diagnostic"": ""trigger_high"", ""family"": ""ensemble"", ""har_train_min"": 504, ""lookback"": 63, ""overlay"": true, ""static_exposure"": null, ""target"": 0.11, ""threshold"": 0.06, ""trial_id"": ""E1-11"", ""universe"": [""SPY"", ""TLT"", ""GLD""]}",development+reused_validation,5.0 bp risky purchases+sales; borrow rf+50.0 bp,completed,results/20261004T003708-e3127963/E1-11-trigger_high-de84794568.csv,No OOS retuning; diagnostic not eligible for selection,False
E1-11-trigger_high_base-9bf5745949,2026-10-04T00:41:12.472775+00:00,f953cc6eadb2efb7f124791a8afd2815663fbf45083f58fe7e4fa892c609676c,5f04159f52c645b6503f8744058f5d8b248158d9,e5f957a2b78b4a08cede2183cd59012f73beaffc38f0821d43bb458df08be222:5eb2ada6d8d007969c111064ae6c5de089e8bd61c0156cb49cc98484cea2b5d9,ensemble,"{""base"": ""equal"", ""borrow_bps"": 50.0, ""cap"": 1.0, ""control"": ""event"", ""covariance_days"": 126, ""diagnostic"": ""trigger_high_base"", ""family"": ""ensemble"", ""har_train_min"": 504, ""lookback"": 63, ""overlay"": false, ""static_exposure"": null, ""target"": 0.11, ""threshold"": 0.06, ""trial_id"": ""E1-11"", ""universe"": [""SPY"", ""TLT"", ""GLD""]}",development+reused_validation,5.0 bp risky purchases+sales; borrow rf+50.0 bp,started,results/20261004T003708-e3127963/E1-11-trigger_high_base-9bf5745949.csv,Attempt retained even if process fails,False
E1-11-trigger_high_base-9bf5745949,2026-10-04T00:41:12.472775+00:00,f953cc6eadb2efb7f124791a8afd2815663fbf45083f58fe7e4fa892c609676c,5f04159f52c645b6503f8744058f5d8b248158d9,e5f957a2b78b4a08cede2183cd59012f73beaffc38f0821d43bb458df08be222:5eb2ada6d8d007969c111064ae6c5de089e8bd61c0156cb49cc98484cea2b5d9,ensemble,"{""base"": ""equal"", ""borrow_bps"": 50.0, ""cap"": 1.0, ""control"": ""event"", ""covariance_days"": 126, ""diagnostic"": ""trigger_high_base"", ""family"": ""ensemble"", ""har_train_min"": 504, ""lookback"": 63, ""overlay"": false, ""static_exposure"": null, ""target"": 0.11, ""threshold"": 0.06, ""trial_id"": ""E1-11"", ""universe"": [""SPY"", ""TLT"", ""GLD""]}",development+reused_validation,5.0 bp risky purchases+sales; borrow rf+50.0 bp,completed,results/20261004T003708-e3127963/E1-11-trigger_high_base-9bf5745949.csv,No OOS retuning; diagnostic not eligible for selection,False
E2-double_cost-5f360e713d,2026-10-04T00:41:14.165883+00:00,f953cc6eadb2efb7f124791a8afd2815663fbf45083f58fe7e4fa892c609676c,5f04159f52c645b6503f8744058f5d8b248158d9,e5f957a2b78b4a08cede2183cd59012f73beaffc38f0821d43bb458df08be222:5eb2ada6d8d007969c111064ae6c5de089e8bd61c0156cb49cc98484cea2b5d9,har,"{""base"": ""equal"", ""borrow_bps"": 50.0, ""cap"": 1.0, ""control"": ""event"", ""covariance_days"": 126, ""diagnostic"": ""double_cost"", ""family"": ""har"", ""har_train_min"": 504, ""lookback"": 63, ""overlay"": true, ""static_exposure"": null, ""target"": 0.1, ""threshold"": 0.05, ""trial_id"": ""E2"", ""universe"": [""SPY"", ""TLT"", ""GLD""]}",development+reused_validation,10 bp risky purchases+sales; borrow rf+50.0 bp,started,results/20261004T003708-e3127963/E2-double_cost-5f360e713d.csv,Attempt retained even if process fails,False
E2-double_cost-5f360e713d,2026-10-04T00:41:14.165883+00:00,f953cc6eadb2efb7f124791a8afd2815663fbf45083f58fe7e4fa892c609676c,5f04159f52c645b6503f8744058f5d8b248158d9,e5f957a2b78b4a08cede2183cd59012f73beaffc38f0821d43bb458df08be222:5eb2ada6d8d007969c111064ae6c5de089e8bd61c0156cb49cc98484cea2b5d9,har,"{""base"": ""equal"", ""borrow_bps"": 50.0, ""cap"": 1.0, ""control"": ""event"", ""covariance_days"": 126, ""diagnostic"": ""double_cost"", ""family"": ""har"", ""har_train_min"": 504, ""lookback"": 63, ""overlay"": true, ""static_exposure"": null, ""target"": 0.1, ""threshold"": 0.05, ""trial_id"": ""E2"", ""universe"": [""SPY"", ""TLT"", ""GLD""]}",development+reused_validation,10 bp risky purchases+sales; borrow rf+50.0 bp,completed,results/20261004T003708-e3127963/E2-double_cost-5f360e713d.csv,No OOS retuning; diagnostic not eligible for selection,False
E2-double_cost_base-891285e839,2026-10-04T00:41:17.163479+00:00,f953cc6eadb2efb7f124791a8afd2815663fbf45083f58fe7e4fa892c609676c,5f04159f52c645b6503f8744058f5d8b248158d9,e5f957a2b78b4a08cede2183cd59012f73beaffc38f0821d43bb458df08be222:5eb2ada6d8d007969c111064ae6c5de089e8bd61c0156cb49cc98484cea2b5d9,har,"{""base"": ""equal"", ""borrow_bps"": 50.0, ""cap"": 1.0, ""control"": ""event"", ""covariance_days"": 126, ""diagnostic"": ""double_cost_base"", ""family"": ""har"", ""har_train_min"": 504, ""lookback"": 63, ""overlay"": false, ""static_exposure"": null, ""target"": 0.1, ""threshold"": 0.05, ""trial_id"": ""E2"", ""universe"": [""SPY"", ""TLT"", ""GLD""]}",development+reused_validation,10 bp risky purchases+sales; borrow rf+50.0 bp,started,results/20261004T003708-e3127963/E2-double_cost_base-891285e839.csv,Attempt retained even if process fails,False
E2-double_cost_base-891285e839,2026-10-04T00:41:17.163479+00:00,f953cc6eadb2efb7f124791a8afd2815663fbf45083f58fe7e4fa892c609676c,5f04159f52c645b6503f8744058f5d8b248158d9,e5f957a2b78b4a08cede2183cd59012f73beaffc38f0821d43bb458df08be222:5eb2ada6d8d007969c111064ae6c5de089e8bd61c0156cb49cc98484cea2b5d9,har,"{""base"": ""equal"", ""borrow_bps"": 50.0, ""cap"": 1.0, ""control"": ""event"", ""covariance_days"": 126, ""diagnostic"": ""double_cost_base"", ""family"": ""har"", ""har_train_min"": 504, ""lookback"": 63, ""overlay"": false, ""static_exposure"": null, ""target"": 0.1, ""threshold"": 0.05, ""trial_id"": ""E2"", ""universe"": [""SPY"", ""TLT"", ""GLD""]}",development+reused_validation,10 bp risky purchases+sales; borrow rf+50.0 bp,completed,results/20261004T003708-e3127963/E2-double_cost_base-891285e839.csv,No OOS retuning; diagnostic not eligible for selection,False
E2-target_low-d57bb8247b,2026-10-04T00:41:20.491843+00:00,f953cc6eadb2efb7f124791a8afd2815663fbf45083f58fe7e4fa892c609676c,5f04159f52c645b6503f8744058f5d8b248158d9,e5f957a2b78b4a08cede2183cd59012f73beaffc38f0821d43bb458df08be222:5eb2ada6d8d007969c111064ae6c5de089e8bd61c0156cb49cc98484cea2b5d9,har,"{""base"": ""equal"", ""borrow_bps"": 50.0, ""cap"": 1.0, ""control"": ""event"", ""covariance_days"": 126, ""diagnostic"": ""target_low"", ""family"": ""har"", ""har_train_min"": 504, ""lookback"": 63, ""overlay"": true, ""static_exposure"": null, ""target"": 0.09000000000000001, ""threshold"": 0.05, ""trial_id"": ""E2"", ""universe"": [""SPY"", ""TLT"", ""GLD""]}",development+reused_validation,5.0 bp risky purchases+sales; borrow rf+50.0 bp,started,results/20261004T003708-e3127963/E2-target_low-d57bb8247b.csv,Attempt retained even if process fails,False
E2-target_low-d57bb8247b,2026-10-04T00:41:20.491843+00:00,f953cc6eadb2efb7f124791a8afd2815663fbf45083f58fe7e4fa892c609676c,5f04159f52c645b6503f8744058f5d8b248158d9,e5f957a2b78b4a08cede2183cd59012f73beaffc38f0821d43bb458df08be222:5eb2ada6d8d007969c111064ae6c5de089e8bd61c0156cb49cc98484cea2b5d9,har,"{""base"": ""equal"", ""borrow_bps"": 50.0, ""cap"": 1.0, ""control"": ""event"", ""covariance_days"": 126, ""diagnostic"": ""target_low"", ""family"": ""har"", ""har_train_min"": 504, ""lookback"": 63, ""overlay"": true, ""static_exposure"": null, ""target"": 0.09000000000000001, ""threshold"": 0.05, ""trial_id"": ""E2"", ""universe"": [""SPY"", ""TLT"", ""GLD""]}",development+reused_validation,5.0 bp risky purchases+sales; borrow rf+50.0 bp,completed,results/20261004T003708-e3127963/E2-target_low-d57bb8247b.csv,No OOS retuning; diagnostic not eligible for selection,False
E2-target_low_base-d46100834d,2026-10-04T00:41:23.506695+00:00,f953cc6eadb2efb7f124791a8afd2815663fbf45083f58fe7e4fa892c609676c,5f04159f52c645b6503f8744058f5d8b248158d9,e5f957a2b78b4a08cede2183cd59012f73beaffc38f0821d43bb458df08be222:5eb2ada6d8d007969c111064ae6c5de089e8bd61c0156cb49cc98484cea2b5d9,har,"{""base"": ""equal"", ""borrow_bps"": 50.0, ""cap"": 1.0, ""control"": ""event"", ""covariance_days"": 126, ""diagnostic"": ""target_low_base"", ""family"": ""har"", ""har_train_min"": 504, ""lookback"": 63, ""overlay"": false, ""static_exposure"": null, ""target"": 0.09000000000000001, ""threshold"": 0.05, ""trial_id"": ""E2"", ""universe"": [""SPY"", ""TLT"", ""GLD""]}",development+reused_validation,5.0 bp risky purchases+sales; borrow rf+50.0 bp,started,results/20261004T003708-e3127963/E2-target_low_base-d46100834d.csv,Attempt retained even if process fails,False
E2-target_low_base-d46100834d,2026-10-04T00:41:23.506695+00:00,f953cc6eadb2efb7f124791a8afd2815663fbf45083f58fe7e4fa892c609676c,5f04159f52c645b6503f8744058f5d8b248158d9,e5f957a2b78b4a08cede2183cd59012f73beaffc38f0821d43bb458df08be222:5eb2ada6d8d007969c111064ae6c5de089e8bd61c0156cb49cc98484cea2b5d9,har,"{""base"": ""equal"", ""borrow_bps"": 50.0, ""cap"": 1.0, ""control"": ""event"", ""covariance_days"": 126, ""diagnostic"": ""target_low_base"", ""family"": ""har"", ""har_train_min"": 504, ""lookback"": 63, ""overlay"": false, ""static_exposure"": null, ""target"": 0.09000000000000001, ""threshold"": 0.05, ""trial_id"": ""E2"", ""universe"": [""SPY"", ""TLT"", ""GLD""]}",development+reused_validation,5.0 bp risky purchases+sales; borrow rf+50.0 bp,completed,results/20261004T003708-e3127963/E2-target_low_base-d46100834d.csv,No OOS retuning; diagnostic not eligible for selection,False
E2-target_high-628e8216ce,2026-10-04T00:41:26.475453+00:00,f953cc6eadb2efb7f124791a8afd2815663fbf45083f58fe7e4fa892c609676c,5f04159f52c645b6503f8744058f5d8b248158d9,e5f957a2b78b4a08cede2183cd59012f73beaffc38f0821d43bb458df08be222:5eb2ada6d8d007969c111064ae6c5de089e8bd61c0156cb49cc98484cea2b5d9,har,"{""base"": ""equal"", ""borrow_bps"": 50.0, ""cap"": 1.0, ""control"": ""event"", ""covariance_days"": 126, ""diagnostic"": ""target_high"", ""family"": ""har"", ""har_train_min"": 504, ""lookback"": 63, ""overlay"": true, ""static_exposure"": null, ""target"": 0.11, ""threshold"": 0.05, ""trial_id"": ""E2"", ""universe"": [""SPY"", ""TLT"", ""GLD""]}",development+reused_validation,5.0 bp risky purchases+sales; borrow rf+50.0 bp,started,results/20261004T003708-e3127963/E2-target_high-628e8216ce.csv,Attempt retained even if process fails,False
E2-target_high-628e8216ce,2026-10-04T00:41:26.475453+00:00,f953cc6eadb2efb7f124791a8afd2815663fbf45083f58fe7e4fa892c609676c,5f04159f52c645b6503f8744058f5d8b248158d9,e5f957a2b78b4a08cede2183cd59012f73beaffc38f0821d43bb458df08be222:5eb2ada6d8d007969c111064ae6c5de089e8bd61c0156cb49cc98484cea2b5d9,har,"{""base"": ""equal"", ""borrow_bps"": 50.0, ""cap"": 1.0, ""control"": ""event"", ""covariance_days"": 126, ""diagnostic"": ""target_high"", ""family"": ""har"", ""har_train_min"": 504, ""lookback"": 63, ""overlay"": true, ""static_exposure"": null, ""target"": 0.11, ""threshold"": 0.05, ""trial_id"": ""E2"", ""universe"": [""SPY"", ""TLT"", ""GLD""]}",development+reused_validation,5.0 bp risky purchases+sales; borrow rf+50.0 bp,completed,results/20261004T003708-e3127963/E2-target_high-628e8216ce.csv,No OOS retuning; diagnostic not eligible for selection,False
E2-target_high_base-9a026c40e9,2026-10-04T00:41:29.542590+00:00,f953cc6eadb2efb7f124791a8afd2815663fbf45083f58fe7e4fa892c609676c,5f04159f52c645b6503f8744058f5d8b248158d9,e5f957a2b78b4a08cede2183cd59012f73beaffc38f0821d43bb458df08be222:5eb2ada6d8d007969c111064ae6c5de089e8bd61c0156cb49cc98484cea2b5d9,har,"{""base"": ""equal"", ""borrow_bps"": 50.0, ""cap"": 1.0, ""control"": ""event"", ""covariance_days"": 126, ""diagnostic"": ""target_high_base"", ""family"": ""har"", ""har_train_min"": 504, ""lookback"": 63, ""overlay"": false, ""static_exposure"": null, ""target"": 0.11, ""threshold"": 0.05, ""trial_id"": ""E2"", ""universe"": [""SPY"", ""TLT"", ""GLD""]}",development+reused_validation,5.0 bp risky purchases+sales; borrow rf+50.0 bp,started,results/20261004T003708-e3127963/E2-target_high_base-9a026c40e9.csv,Attempt retained even if process fails,False
E2-target_high_base-9a026c40e9,2026-10-04T00:41:29.542590+00:00,f953cc6eadb2efb7f124791a8afd2815663fbf45083f58fe7e4fa892c609676c,5f04159f52c645b6503f8744058f5d8b248158d9,e5f957a2b78b4a08cede2183cd59012f73beaffc38f0821d43bb458df08be222:5eb2ada6d8d007969c111064ae6c5de089e8bd61c0156cb49cc98484cea2b5d9,har,"{""base"": ""equal"", ""borrow_bps"": 50.0, ""cap"": 1.0, ""control"": ""event"", ""covariance_days"": 126, ""diagnostic"": ""target_high_base"", ""family"": ""har"", ""har_train_min"": 504, ""lookback"": 63, ""overlay"": false, ""static_exposure"": null, ""target"": 0.11, ""threshold"": 0.05, ""trial_id"": ""E2"", ""universe"": [""SPY"", ""TLT"", ""GLD""]}",development+reused_validation,5.0 bp risky purchases+sales; borrow rf+50.0 bp,completed,results/20261004T003708-e3127963/E2-target_high_base-9a026c40e9.csv,No OOS retuning; diagnostic not eligible for selection,False
E2-lookback_low-1cb455d4cf,2026-10-04T00:41:32.551738+00:00,f953cc6eadb2efb7f124791a8afd2815663fbf45083f58fe7e4fa892c609676c,5f04159f52c645b6503f8744058f5d8b248158d9,e5f957a2b78b4a08cede2183cd59012f73beaffc38f0821d43bb458df08be222:5eb2ada6d8d007969c111064ae6c5de089e8bd61c0156cb49cc98484cea2b5d9,har,"{""base"": ""equal"", ""borrow_bps"": 50.0, ""cap"": 1.0, ""control"": ""event"", ""covariance_days"": 101, ""diagnostic"": ""lookback_low"", ""family"": ""har"", ""har_train_min"": 403, ""lookback"": 50, ""overlay"": true, ""static_exposure"": null, ""target"": 0.1, ""threshold"": 0.05, ""trial_id"": ""E2"", ""universe"": [""SPY"", ""TLT"", ""GLD""]}",development+reused_validation,5.0 bp risky purchases+sales; borrow rf+50.0 bp,started,results/20261004T003708-e3127963/E2-lookback_low-1cb455d4cf.csv,Attempt retained even if process fails,False
E2-lookback_low-1cb455d4cf,2026-10-04T00:41:32.551738+00:00,f953cc6eadb2efb7f124791a8afd2815663fbf45083f58fe7e4fa892c609676c,5f04159f52c645b6503f8744058f5d8b248158d9,e5f957a2b78b4a08cede2183cd59012f73beaffc38f0821d43bb458df08be222:5eb2ada6d8d007969c111064ae6c5de089e8bd61c0156cb49cc98484cea2b5d9,har,"{""base"": ""equal"", ""borrow_bps"": 50.0, ""cap"": 1.0, ""control"": ""event"", ""covariance_days"": 101, ""diagnostic"": ""lookback_low"", ""family"": ""har"", ""har_train_min"": 403, ""lookback"": 50, ""overlay"": true, ""static_exposure"": null, ""target"": 0.1, ""threshold"": 0.05, ""trial_id"": ""E2"", ""universe"": [""SPY"", ""TLT"", ""GLD""]}",development+reused_validation,5.0 bp risky purchases+sales; borrow rf+50.0 bp,completed,results/20261004T003708-e3127963/E2-lookback_low-1cb455d4cf.csv,No OOS retuning; diagnostic not eligible for selection,False
E2-lookback_low_base-274c647b35,2026-10-04T00:41:35.542246+00:00,f953cc6eadb2efb7f124791a8afd2815663fbf45083f58fe7e4fa892c609676c,5f04159f52c645b6503f8744058f5d8b248158d9,e5f957a2b78b4a08cede2183cd59012f73beaffc38f0821d43bb458df08be222:5eb2ada6d8d007969c111064ae6c5de089e8bd61c0156cb49cc98484cea2b5d9,har,"{""base"": ""equal"", ""borrow_bps"": 50.0, ""cap"": 1.0, ""control"": ""event"", ""covariance_days"": 101, ""diagnostic"": ""lookback_low_base"", ""family"": ""har"", ""har_train_min"": 403, ""lookback"": 50, ""overlay"": false, ""static_exposure"": null, ""target"": 0.1, ""threshold"": 0.05, ""trial_id"": ""E2"", ""universe"": [""SPY"", ""TLT"", ""GLD""]}",development+reused_validation,5.0 bp risky purchases+sales; borrow rf+50.0 bp,started,results/20261004T003708-e3127963/E2-lookback_low_base-274c647b35.csv,Attempt retained even if process fails,False
E2-lookback_low_base-274c647b35,2026-10-04T00:41:35.542246+00:00,f953cc6eadb2efb7f124791a8afd2815663fbf45083f58fe7e4fa892c609676c,5f04159f52c645b6503f8744058f5d8b248158d9,e5f957a2b78b4a08cede2183cd59012f73beaffc38f0821d43bb458df08be222:5eb2ada6d8d007969c111064ae6c5de089e8bd61c0156cb49cc98484cea2b5d9,har,"{""base"": ""equal"", ""borrow_bps"": 50.0, ""cap"": 1.0, ""control"": ""event"", ""covariance_days"": 101, ""diagnostic"": ""lookback_low_base"", ""family"": ""har"", ""har_train_min"": 403, ""lookback"": 50, ""overlay"": false, ""static_exposure"": null, ""target"": 0.1, ""threshold"": 0.05, ""trial_id"": ""E2"", ""universe"": [""SPY"", ""TLT"", ""GLD""]}",development+reused_validation,5.0 bp risky purchases+sales; borrow rf+50.0 bp,completed,results/20261004T003708-e3127963/E2-lookback_low_base-274c647b35.csv,No OOS retuning; diagnostic not eligible for selection,False
E2-lookback_high-6aff1adbef,2026-10-04T00:41:38.479975+00:00,f953cc6eadb2efb7f124791a8afd2815663fbf45083f58fe7e4fa892c609676c,5f04159f52c645b6503f8744058f5d8b248158d9,e5f957a2b78b4a08cede2183cd59012f73beaffc38f0821d43bb458df08be222:5eb2ada6d8d007969c111064ae6c5de089e8bd61c0156cb49cc98484cea2b5d9,har,"{""base"": ""equal"", ""borrow_bps"": 50.0, ""cap"": 1.0, ""control"": ""event"", ""covariance_days"": 151, ""diagnostic"": ""lookback_high"", ""family"": ""har"", ""har_train_min"": 605, ""lookback"": 76, ""overlay"": true, ""static_exposure"": null, ""target"": 0.1, ""threshold"": 0.05, ""trial_id"": ""E2"", ""universe"": [""SPY"", ""TLT"", ""GLD""]}",development+reused_validation,5.0 bp risky purchases+sales; borrow rf+50.0 bp,started,results/20261004T003708-e3127963/E2-lookback_high-6aff1adbef.csv,Attempt retained even if process fails,False
E2-lookback_high-6aff1adbef,2026-10-04T00:41:38.479975+00:00,f953cc6eadb2efb7f124791a8afd2815663fbf45083f58fe7e4fa892c609676c,5f04159f52c645b6503f8744058f5d8b248158d9,e5f957a2b78b4a08cede2183cd59012f73beaffc38f0821d43bb458df08be222:5eb2ada6d8d007969c111064ae6c5de089e8bd61c0156cb49cc98484cea2b5d9,har,"{""base"": ""equal"", ""borrow_bps"": 50.0, ""cap"": 1.0, ""control"": ""event"", ""covariance_days"": 151, ""diagnostic"": ""lookback_high"", ""family"": ""har"", ""har_train_min"": 605, ""lookback"": 76, ""overlay"": true, ""static_exposure"": null, ""target"": 0.1, ""threshold"": 0.05, ""trial_id"": ""E2"", ""universe"": [""SPY"", ""TLT"", ""GLD""]}",development+reused_validation,5.0 bp risky purchases+sales; borrow rf+50.0 bp,completed,results/20261004T003708-e3127963/E2-lookback_high-6aff1adbef.csv,No OOS retuning; diagnostic not eligible for selection,False
E2-lookback_high_base-905cbe2a47,2026-10-04T00:41:41.576552+00:00,f953cc6eadb2efb7f124791a8afd2815663fbf45083f58fe7e4fa892c609676c,5f04159f52c645b6503f8744058f5d8b248158d9,e5f957a2b78b4a08cede2183cd59012f73beaffc38f0821d43bb458df08be222:5eb2ada6d8d007969c111064ae6c5de089e8bd61c0156cb49cc98484cea2b5d9,har,"{""base"": ""equal"", ""borrow_bps"": 50.0, ""cap"": 1.0, ""control"": ""event"", ""covariance_days"": 151, ""diagnostic"": ""lookback_high_base"", ""family"": ""har"", ""har_train_min"": 605, ""lookback"": 76, ""overlay"": false, ""static_exposure"": null, ""target"": 0.1, ""threshold"": 0.05, ""trial_id"": ""E2"", ""universe"": [""SPY"", ""TLT"", ""GLD""]}",development+reused_validation,5.0 bp risky purchases+sales; borrow rf+50.0 bp,started,results/20261004T003708-e3127963/E2-lookback_high_base-905cbe2a47.csv,Attempt retained even if process fails,False
E2-lookback_high_base-905cbe2a47,2026-10-04T00:41:41.576552+00:00,f953cc6eadb2efb7f124791a8afd2815663fbf45083f58fe7e4fa892c609676c,5f04159f52c645b6503f8744058f5d8b248158d9,e5f957a2b78b4a08cede2183cd59012f73beaffc38f0821d43bb458df08be222:5eb2ada6d8d007969c111064ae6c5de089e8bd61c0156cb49cc98484cea2b5d9,har,"{""base"": ""equal"", ""borrow_bps"": 50.0, ""cap"": 1.0, ""control"": ""event"", ""covariance_days"": 151, ""diagnostic"": ""lookback_high_base"", ""family"": ""har"", ""har_train_min"": 605, ""lookback"": 76, ""overlay"": false, ""static_exposure"": null, ""target"": 0.1, ""threshold"": 0.05, ""trial_id"": ""E2"", ""universe"": [""SPY"", ""TLT"", ""GLD""]}",development+reused_validation,5.0 bp risky purchases+sales; borrow rf+50.0 bp,completed,results/20261004T003708-e3127963/E2-lookback_high_base-905cbe2a47.csv,No OOS retuning; diagnostic not eligible for selection,False
E2-trigger_low-b05d41e7f1,2026-10-04T00:41:44.581752+00:00,f953cc6eadb2efb7f124791a8afd2815663fbf45083f58fe7e4fa892c609676c,5f04159f52c645b6503f8744058f5d8b248158d9,e5f957a2b78b4a08cede2183cd59012f73beaffc38f0821d43bb458df08be222:5eb2ada6d8d007969c111064ae6c5de089e8bd61c0156cb49cc98484cea2b5d9,har,"{""base"": ""equal"", ""borrow_bps"": 50.0, ""cap"": 1.0, ""control"": ""event"", ""covariance_days"": 126, ""diagnostic"": ""trigger_low"", ""family"": ""har"", ""har_train_min"": 504, ""lookback"": 63, ""overlay"": true, ""static_exposure"": null, ""target"": 0.1, ""threshold"": 0.04, ""trial_id"": ""E2"", ""universe"": [""SPY"", ""TLT"", ""GLD""]}",development+reused_validation,5.0 bp risky purchases+sales; borrow rf+50.0 bp,started,results/20261004T003708-e3127963/E2-trigger_low-b05d41e7f1.csv,Attempt retained even if process fails,False
E2-trigger_low-b05d41e7f1,2026-10-04T00:41:44.581752+00:00,f953cc6eadb2efb7f124791a8afd2815663fbf45083f58fe7e4fa892c609676c,5f04159f52c645b6503f8744058f5d8b248158d9,e5f957a2b78b4a08cede2183cd59012f73beaffc38f0821d43bb458df08be222:5eb2ada6d8d007969c111064ae6c5de089e8bd61c0156cb49cc98484cea2b5d9,har,"{""base"": ""equal"", ""borrow_bps"": 50.0, ""cap"": 1.0, ""control"": ""event"", ""covariance_days"": 126, ""diagnostic"": ""trigger_low"", ""family"": ""har"", ""har_train_min"": 504, ""lookback"": 63, ""overlay"": true, ""static_exposure"": null, ""target"": 0.1, ""threshold"": 0.04, ""trial_id"": ""E2"", ""universe"": [""SPY"", ""TLT"", ""GLD""]}",development+reused_validation,5.0 bp risky purchases+sales; borrow rf+50.0 bp,completed,results/20261004T003708-e3127963/E2-trigger_low-b05d41e7f1.csv,No OOS retuning; diagnostic not eligible for selection,False
E2-trigger_low_base-1784abdcd1,2026-10-04T00:41:47.558729+00:00,f953cc6eadb2efb7f124791a8afd2815663fbf45083f58fe7e4fa892c609676c,5f04159f52c645b6503f8744058f5d8b248158d9,e5f957a2b78b4a08cede2183cd59012f73beaffc38f0821d43bb458df08be222:5eb2ada6d8d007969c111064ae6c5de089e8bd61c0156cb49cc98484cea2b5d9,har,"{""base"": ""equal"", ""borrow_bps"": 50.0, ""cap"": 1.0, ""control"": ""event"", ""covariance_days"": 126, ""diagnostic"": ""trigger_low_base"", ""family"": ""har"", ""har_train_min"": 504, ""lookback"": 63, ""overlay"": false, ""static_exposure"": null, ""target"": 0.1, ""threshold"": 0.04, ""trial_id"": ""E2"", ""universe"": [""SPY"", ""TLT"", ""GLD""]}",development+reused_validation,5.0 bp risky purchases+sales; borrow rf+50.0 bp,started,results/20261004T003708-e3127963/E2-trigger_low_base-1784abdcd1.csv,Attempt retained even if process fails,False
E2-trigger_low_base-1784abdcd1,2026-10-04T00:41:47.558729+00:00,f953cc6eadb2efb7f124791a8afd2815663fbf45083f58fe7e4fa892c609676c,5f04159f52c645b6503f8744058f5d8b248158d9,e5f957a2b78b4a08cede2183cd59012f73beaffc38f0821d43bb458df08be222:5eb2ada6d8d007969c111064ae6c5de089e8bd61c0156cb49cc98484cea2b5d9,har,"{""base"": ""equal"", ""borrow_bps"": 50.0, ""cap"": 1.0, ""control"": ""event"", ""covariance_days"": 126, ""diagnostic"": ""trigger_low_base"", ""family"": ""har"", ""har_train_min"": 504, ""lookback"": 63, ""overlay"": false, ""static_exposure"": null, ""target"": 0.1, ""threshold"": 0.04, ""trial_id"": ""E2"", ""universe"": [""SPY"", ""TLT"", ""GLD""]}",development+reused_validation,5.0 bp risky purchases+sales; borrow rf+50.0 bp,completed,results/20261004T003708-e3127963/E2-trigger_low_base-1784abdcd1.csv,No OOS retuning; diagnostic not eligible for selection,False
E2-trigger_high-e82383a8da,2026-10-04T00:41:50.553463+00:00,f953cc6eadb2efb7f124791a8afd2815663fbf45083f58fe7e4fa892c609676c,5f04159f52c645b6503f8744058f5d8b248158d9,e5f957a2b78b4a08cede2183cd59012f73beaffc38f0821d43bb458df08be222:5eb2ada6d8d007969c111064ae6c5de089e8bd61c0156cb49cc98484cea2b5d9,har,"{""base"": ""equal"", ""borrow_bps"": 50.0, ""cap"": 1.0, ""control"": ""event"", ""covariance_days"": 126, ""diagnostic"": ""trigger_high"", ""family"": ""har"", ""har_train_min"": 504, ""lookback"": 63, ""overlay"": true, ""static_exposure"": null, ""target"": 0.1, ""threshold"": 0.06, ""trial_id"": ""E2"", ""universe"": [""SPY"", ""TLT"", ""GLD""]}",development+reused_validation,5.0 bp risky purchases+sales; borrow rf+50.0 bp,started,results/20261004T003708-e3127963/E2-trigger_high-e82383a8da.csv,Attempt retained even if process fails,False
E2-trigger_high-e82383a8da,2026-10-04T00:41:50.553463+00:00,f953cc6eadb2efb7f124791a8afd2815663fbf45083f58fe7e4fa892c609676c,5f04159f52c645b6503f8744058f5d8b248158d9,e5f957a2b78b4a08cede2183cd59012f73beaffc38f0821d43bb458df08be222:5eb2ada6d8d007969c111064ae6c5de089e8bd61c0156cb49cc98484cea2b5d9,har,"{""base"": ""equal"", ""borrow_bps"": 50.0, ""cap"": 1.0, ""control"": ""event"", ""covariance_days"": 126, ""diagnostic"": ""trigger_high"", ""family"": ""har"", ""har_train_min"": 504, ""lookback"": 63, ""overlay"": true, ""static_exposure"": null, ""target"": 0.1, ""threshold"": 0.06, ""trial_id"": ""E2"", ""universe"": [""SPY"", ""TLT"", ""GLD""]}",development+reused_validation,5.0 bp risky purchases+sales; borrow rf+50.0 bp,completed,results/20261004T003708-e3127963/E2-trigger_high-e82383a8da.csv,No OOS retuning; diagnostic not eligible for selection,False
E2-trigger_high_base-9024fc65a5,2026-10-04T00:41:53.589189+00:00,f953cc6eadb2efb7f124791a8afd2815663fbf45083f58fe7e4fa892c609676c,5f04159f52c645b6503f8744058f5d8b248158d9,e5f957a2b78b4a08cede2183cd59012f73beaffc38f0821d43bb458df08be222:5eb2ada6d8d007969c111064ae6c5de089e8bd61c0156cb49cc98484cea2b5d9,har,"{""base"": ""equal"", ""borrow_bps"": 50.0, ""cap"": 1.0, ""control"": ""event"", ""covariance_days"": 126, ""diagnostic"": ""trigger_high_base"", ""family"": ""har"", ""har_train_min"": 504, ""lookback"": 63, ""overlay"": false, ""static_exposure"": null, ""target"": 0.1, ""threshold"": 0.06, ""trial_id"": ""E2"", ""universe"": [""SPY"", ""TLT"", ""GLD""]}",development+reused_validation,5.0 bp risky purchases+sales; borrow rf+50.0 bp,started,results/20261004T003708-e3127963/E2-trigger_high_base-9024fc65a5.csv,Attempt retained even if process fails,False
E2-trigger_high_base-9024fc65a5,2026-10-04T00:41:53.589189+00:00,f953cc6eadb2efb7f124791a8afd2815663fbf45083f58fe7e4fa892c609676c,5f04159f52c645b6503f8744058f5d8b248158d9,e5f957a2b78b4a08cede2183cd59012f73beaffc38f0821d43bb458df08be222:5eb2ada6d8d007969c111064ae6c5de089e8bd61c0156cb49cc98484cea2b5d9,har,"{""base"": ""equal"", ""borrow_bps"": 50.0, ""cap"": 1.0, ""control"": ""event"", ""covariance_days"": 126, ""diagnostic"": ""trigger_high_base"", ""family"": ""har"", ""har_train_min"": 504, ""lookback"": 63, ""overlay"": false, ""static_exposure"": null, ""target"": 0.1, ""threshold"": 0.06, ""trial_id"": ""E2"", ""universe"": [""SPY"", ""TLT"", ""GLD""]}",development+reused_validation,5.0 bp risky purchases+sales; borrow rf+50.0 bp,completed,results/20261004T003708-e3127963/E2-trigger_high_base-9024fc65a5.csv,No OOS retuning; diagnostic not eligible for selection,False
E3-20-double_cost-3ccec1f1d6,2026-10-04T00:41:56.636612+00:00,f953cc6eadb2efb7f124791a8afd2815663fbf45083f58fe7e4fa892c609676c,5f04159f52c645b6503f8744058f5d8b248158d9,e5f957a2b78b4a08cede2183cd59012f73beaffc38f0821d43bb458df08be222:5eb2ada6d8d007969c111064ae6c5de089e8bd61c0156cb49cc98484cea2b5d9,range,"{""base"": ""equal"", ""borrow_bps"": 50.0, ""cap"": 1.0, ""control"": ""event"", ""covariance_days"": 126, ""diagnostic"": ""double_cost"", ""family"": ""range"", ""har_train_min"": 504, ""lookback"": 20, ""overlay"": true, ""static_exposure"": null, ""target"": 0.1, ""threshold"": 0.05, ""trial_id"": ""E3-20"", ""universe"": [""SPY"", ""TLT"", ""GLD""]}",development+reused_validation,10 bp risky purchases+sales; borrow rf+50.0 bp,started,results/20261004T003708-e3127963/E3-20-double_cost-3ccec1f1d6.csv,Attempt retained even if process fails,False
E3-20-double_cost-3ccec1f1d6,2026-10-04T00:41:56.636612+00:00,f953cc6eadb2efb7f124791a8afd2815663fbf45083f58fe7e4fa892c609676c,5f04159f52c645b6503f8744058f5d8b248158d9,e5f957a2b78b4a08cede2183cd59012f73beaffc38f0821d43bb458df08be222:5eb2ada6d8d007969c111064ae6c5de089e8bd61c0156cb49cc98484cea2b5d9,range,"{""base"": ""equal"", ""borrow_bps"": 50.0, ""cap"": 1.0, ""control"": ""event"", ""covariance_days"": 126, ""diagnostic"": ""double_cost"", ""family"": ""range"", ""har_train_min"": 504, ""lookback"": 20, ""overlay"": true, ""static_exposure"": null, ""target"": 0.1, ""threshold"": 0.05, ""trial_id"": ""E3-20"", ""universe"": [""SPY"", ""TLT"", ""GLD""]}",development+reused_validation,10 bp risky purchases+sales; borrow rf+50.0 bp,completed,results/20261004T003708-e3127963/E3-20-double_cost-3ccec1f1d6.csv,No OOS retuning; diagnostic not eligible for selection,False
E3-20-double_cost_base-858edcbe11,2026-10-04T00:41:58.799649+00:00,f953cc6eadb2efb7f124791a8afd2815663fbf45083f58fe7e4fa892c609676c,5f04159f52c645b6503f8744058f5d8b248158d9,e5f957a2b78b4a08cede2183cd59012f73beaffc38f0821d43bb458df08be222:5eb2ada6d8d007969c111064ae6c5de089e8bd61c0156cb49cc98484cea2b5d9,range,"{""base"": ""equal"", ""borrow_bps"": 50.0, ""cap"": 1.0, ""control"": ""event"", ""covariance_days"": 126, ""diagnostic"": ""double_cost_base"", ""family"": ""range"", ""har_train_min"": 504, ""lookback"": 20, ""overlay"": false, ""static_exposure"": null, ""target"": 0.1, ""threshold"": 0.05, ""trial_id"": ""E3-20"", ""universe"": [""SPY"", ""TLT"", ""GLD""]}",development+reused_validation,10 bp risky purchases+sales; borrow rf+50.0 bp,started,results/20261004T003708-e3127963/E3-20-double_cost_base-858edcbe11.csv,Attempt retained even if process fails,False
E3-20-double_cost_base-858edcbe11,2026-10-04T00:41:58.799649+00:00,f953cc6eadb2efb7f124791a8afd2815663fbf45083f58fe7e4fa892c609676c,5f04159f52c645b6503f8744058f5d8b248158d9,e5f957a2b78b4a08cede2183cd59012f73beaffc38f0821d43bb458df08be222:5eb2ada6d8d007969c111064ae6c5de089e8bd61c0156cb49cc98484cea2b5d9,range,"{""base"": ""equal"", ""borrow_bps"": 50.0, ""cap"": 1.0, ""control"": ""event"", ""covariance_days"": 126, ""diagnostic"": ""double_cost_base"", ""family"": ""range"", ""har_train_min"": 504, ""lookback"": 20, ""overlay"": false, ""static_exposure"": null, ""target"": 0.1, ""threshold"": 0.05, ""trial_id"": ""E3-20"", ""universe"": [""SPY"", ""TLT"", ""GLD""]}",development+reused_validation,10 bp risky purchases+sales; borrow rf+50.0 bp,completed,results/20261004T003708-e3127963/E3-20-double_cost_base-858edcbe11.csv,No OOS retuning; diagnostic not eligible for selection,False
E3-20-target_low-4551203f24,2026-10-04T00:42:01.233944+00:00,f953cc6eadb2efb7f124791a8afd2815663fbf45083f58fe7e4fa892c609676c,5f04159f52c645b6503f8744058f5d8b248158d9,e5f957a2b78b4a08cede2183cd59012f73beaffc38f0821d43bb458df08be222:5eb2ada6d8d007969c111064ae6c5de089e8bd61c0156cb49cc98484cea2b5d9,range,"{""base"": ""equal"", ""borrow_bps"": 50.0, ""cap"": 1.0, ""control"": ""event"", ""covariance_days"": 126, ""diagnostic"": ""target_low"", ""family"": ""range"", ""har_train_min"": 504, ""lookback"": 20, ""overlay"": true, ""static_exposure"": null, ""target"": 0.09000000000000001, ""threshold"": 0.05, ""trial_id"": ""E3-20"", ""universe"": [""SPY"", ""TLT"", ""GLD""]}",development+reused_validation,5.0 bp risky purchases+sales; borrow rf+50.0 bp,started,results/20261004T003708-e3127963/E3-20-target_low-4551203f24.csv,Attempt retained even if process fails,False
E3-20-target_low-4551203f24,2026-10-04T00:42:01.233944+00:00,f953cc6eadb2efb7f124791a8afd2815663fbf45083f58fe7e4fa892c609676c,5f04159f52c645b6503f8744058f5d8b248158d9,e5f957a2b78b4a08cede2183cd59012f73beaffc38f0821d43bb458df08be222:5eb2ada6d8d007969c111064ae6c5de089e8bd61c0156cb49cc98484cea2b5d9,range,"{""base"": ""equal"", ""borrow_bps"": 50.0, ""cap"": 1.0, ""control"": ""event"", ""covariance_days"": 126, ""diagnostic"": ""target_low"", ""family"": ""range"", ""har_train_min"": 504, ""lookback"": 20, ""overlay"": true, ""static_exposure"": null, ""target"": 0.09000000000000001, ""threshold"": 0.05, ""trial_id"": ""E3-20"", ""universe"": [""SPY"", ""TLT"", ""GLD""]}",development+reused_validation,5.0 bp risky purchases+sales; borrow rf+50.0 bp,completed,results/20261004T003708-e3127963/E3-20-target_low-4551203f24.csv,No OOS retuning; diagnostic not eligible for selection,False
E3-20-target_low_base-d1b90a65da,2026-10-04T00:42:03.498967+00:00,f953cc6eadb2efb7f124791a8afd2815663fbf45083f58fe7e4fa892c609676c,5f04159f52c645b6503f8744058f5d8b248158d9,e5f957a2b78b4a08cede2183cd59012f73beaffc38f0821d43bb458df08be222:5eb2ada6d8d007969c111064ae6c5de089e8bd61c0156cb49cc98484cea2b5d9,range,"{""base"": ""equal"", ""borrow_bps"": 50.0, ""cap"": 1.0, ""control"": ""event"", ""covariance_days"": 126, ""diagnostic"": ""target_low_base"", ""family"": ""range"", ""har_train_min"": 504, ""lookback"": 20, ""overlay"": false, ""static_exposure"": null, ""target"": 0.09000000000000001, ""threshold"": 0.05, ""trial_id"": ""E3-20"", ""universe"": [""SPY"", ""TLT"", ""GLD""]}",development+reused_validation,5.0 bp risky purchases+sales; borrow rf+50.0 bp,started,results/20261004T003708-e3127963/E3-20-target_low_base-d1b90a65da.csv,Attempt retained even if process fails,False
E3-20-target_low_base-d1b90a65da,2026-10-04T00:42:03.498967+00:00,f953cc6eadb2efb7f124791a8afd2815663fbf45083f58fe7e4fa892c609676c,5f04159f52c645b6503f8744058f5d8b248158d9,e5f957a2b78b4a08cede2183cd59012f73beaffc38f0821d43bb458df08be222:5eb2ada6d8d007969c111064ae6c5de089e8bd61c0156cb49cc98484cea2b5d9,range,"{""base"": ""equal"", ""borrow_bps"": 50.0, ""cap"": 1.0, ""control"": ""event"", ""covariance_days"": 126, ""diagnostic"": ""target_low_base"", ""family"": ""range"", ""har_train_min"": 504, ""lookback"": 20, ""overlay"": false, ""static_exposure"": null, ""target"": 0.09000000000000001, ""threshold"": 0.05, ""trial_id"": ""E3-20"", ""universe"": [""SPY"", ""TLT"", ""GLD""]}",development+reused_validation,5.0 bp risky purchases+sales; borrow rf+50.0 bp,completed,results/20261004T003708-e3127963/E3-20-target_low_base-d1b90a65da.csv,No OOS retuning; diagnostic not eligible for selection,False
E3-20-target_high-e22a61ccfa,2026-10-04T00:42:05.667081+00:00,f953cc6eadb2efb7f124791a8afd2815663fbf45083f58fe7e4fa892c609676c,5f04159f52c645b6503f8744058f5d8b248158d9,e5f957a2b78b4a08cede2183cd59012f73beaffc38f0821d43bb458df08be222:5eb2ada6d8d007969c111064ae6c5de089e8bd61c0156cb49cc98484cea2b5d9,range,"{""base"": ""equal"", ""borrow_bps"": 50.0, ""cap"": 1.0, ""control"": ""event"", ""covariance_days"": 126, ""diagnostic"": ""target_high"", ""family"": ""range"", ""har_train_min"": 504, ""lookback"": 20, ""overlay"": true, ""static_exposure"": null, ""target"": 0.11, ""threshold"": 0.05, ""trial_id"": ""E3-20"", ""universe"": [""SPY"", ""TLT"", ""GLD""]}",development+reused_validation,5.0 bp risky purchases+sales; borrow rf+50.0 bp,started,results/20261004T003708-e3127963/E3-20-target_high-e22a61ccfa.csv,Attempt retained even if process fails,False
E3-20-target_high-e22a61ccfa,2026-10-04T00:42:05.667081+00:00,f953cc6eadb2efb7f124791a8afd2815663fbf45083f58fe7e4fa892c609676c,5f04159f52c645b6503f8744058f5d8b248158d9,e5f957a2b78b4a08cede2183cd59012f73beaffc38f0821d43bb458df08be222:5eb2ada6d8d007969c111064ae6c5de089e8bd61c0156cb49cc98484cea2b5d9,range,"{""base"": ""equal"", ""borrow_bps"": 50.0, ""cap"": 1.0, ""control"": ""event"", ""covariance_days"": 126, ""diagnostic"": ""target_high"", ""family"": ""range"", ""har_train_min"": 504, ""lookback"": 20, ""overlay"": true, ""static_exposure"": null, ""target"": 0.11, ""threshold"": 0.05, ""trial_id"": ""E3-20"", ""universe"": [""SPY"", ""TLT"", ""GLD""]}",development+reused_validation,5.0 bp risky purchases+sales; borrow rf+50.0 bp,completed,results/20261004T003708-e3127963/E3-20-target_high-e22a61ccfa.csv,No OOS retuning; diagnostic not eligible for selection,False
E3-20-target_high_base-cb28e0bca5,2026-10-04T00:42:07.849412+00:00,f953cc6eadb2efb7f124791a8afd2815663fbf45083f58fe7e4fa892c609676c,5f04159f52c645b6503f8744058f5d8b248158d9,e5f957a2b78b4a08cede2183cd59012f73beaffc38f0821d43bb458df08be222:5eb2ada6d8d007969c111064ae6c5de089e8bd61c0156cb49cc98484cea2b5d9,range,"{""base"": ""equal"", ""borrow_bps"": 50.0, ""cap"": 1.0, ""control"": ""event"", ""covariance_days"": 126, ""diagnostic"": ""target_high_base"", ""family"": ""range"", ""har_train_min"": 504, ""lookback"": 20, ""overlay"": false, ""static_exposure"": null, ""target"": 0.11, ""threshold"": 0.05, ""trial_id"": ""E3-20"", ""universe"": [""SPY"", ""TLT"", ""GLD""]}",development+reused_validation,5.0 bp risky purchases+sales; borrow rf+50.0 bp,started,results/20261004T003708-e3127963/E3-20-target_high_base-cb28e0bca5.csv,Attempt retained even if process fails,False
E3-20-target_high_base-cb28e0bca5,2026-10-04T00:42:07.849412+00:00,f953cc6eadb2efb7f124791a8afd2815663fbf45083f58fe7e4fa892c609676c,5f04159f52c645b6503f8744058f5d8b248158d9,e5f957a2b78b4a08cede2183cd59012f73beaffc38f0821d43bb458df08be222:5eb2ada6d8d007969c111064ae6c5de089e8bd61c0156cb49cc98484cea2b5d9,range,"{""base"": ""equal"", ""borrow_bps"": 50.0, ""cap"": 1.0, ""control"": ""event"", ""covariance_days"": 126, ""diagnostic"": ""target_high_base"", ""family"": ""range"", ""har_train_min"": 504, ""lookback"": 20, ""overlay"": false, ""static_exposure"": null, ""target"": 0.11, ""threshold"": 0.05, ""trial_id"": ""E3-20"", ""universe"": [""SPY"", ""TLT"", ""GLD""]}",development+reused_validation,5.0 bp risky purchases+sales; borrow rf+50.0 bp,completed,results/20261004T003708-e3127963/E3-20-target_high_base-cb28e0bca5.csv,No OOS retuning; diagnostic not eligible for selection,False
E3-20-lookback_low-dc10b0f7d7,2026-10-04T00:42:09.992546+00:00,f953cc6eadb2efb7f124791a8afd2815663fbf45083f58fe7e4fa892c609676c,5f04159f52c645b6503f8744058f5d8b248158d9,e5f957a2b78b4a08cede2183cd59012f73beaffc38f0821d43bb458df08be222:5eb2ada6d8d007969c111064ae6c5de089e8bd61c0156cb49cc98484cea2b5d9,range,"{""base"": ""equal"", ""borrow_bps"": 50.0, ""cap"": 1.0, ""control"": ""event"", ""covariance_days"": 101, ""diagnostic"": ""lookback_low"", ""family"": ""range"", ""har_train_min"": 403, ""lookback"": 16, ""overlay"": true, ""static_exposure"": null, ""target"": 0.1, ""threshold"": 0.05, ""trial_id"": ""E3-20"", ""universe"": [""SPY"", ""TLT"", ""GLD""]}",development+reused_validation,5.0 bp risky purchases+sales; borrow rf+50.0 bp,started,results/20261004T003708-e3127963/E3-20-lookback_low-dc10b0f7d7.csv,Attempt retained even if process fails,False
E3-20-lookback_low-dc10b0f7d7,2026-10-04T00:42:09.992546+00:00,f953cc6eadb2efb7f124791a8afd2815663fbf45083f58fe7e4fa892c609676c,5f04159f52c645b6503f8744058f5d8b248158d9,e5f957a2b78b4a08cede2183cd59012f73beaffc38f0821d43bb458df08be222:5eb2ada6d8d007969c111064ae6c5de089e8bd61c0156cb49cc98484cea2b5d9,range,"{""base"": ""equal"", ""borrow_bps"": 50.0, ""cap"": 1.0, ""control"": ""event"", ""covariance_days"": 101, ""diagnostic"": ""lookback_low"", ""family"": ""range"", ""har_train_min"": 403, ""lookback"": 16, ""overlay"": true, ""static_exposure"": null, ""target"": 0.1, ""threshold"": 0.05, ""trial_id"": ""E3-20"", ""universe"": [""SPY"", ""TLT"", ""GLD""]}",development+reused_validation,5.0 bp risky purchases+sales; borrow rf+50.0 bp,completed,results/20261004T003708-e3127963/E3-20-lookback_low-dc10b0f7d7.csv,No OOS retuning; diagnostic not eligible for selection,False
E3-20-lookback_low_base-e776d9271e,2026-10-04T00:42:12.141938+00:00,f953cc6eadb2efb7f124791a8afd2815663fbf45083f58fe7e4fa892c609676c,5f04159f52c645b6503f8744058f5d8b248158d9,e5f957a2b78b4a08cede2183cd59012f73beaffc38f0821d43bb458df08be222:5eb2ada6d8d007969c111064ae6c5de089e8bd61c0156cb49cc98484cea2b5d9,range,"{""base"": ""equal"", ""borrow_bps"": 50.0, ""cap"": 1.0, ""control"": ""event"", ""covariance_days"": 101, ""diagnostic"": ""lookback_low_base"", ""family"": ""range"", ""har_train_min"": 403, ""lookback"": 16, ""overlay"": false, ""static_exposure"": null, ""target"": 0.1, ""threshold"": 0.05, ""trial_id"": ""E3-20"", ""universe"": [""SPY"", ""TLT"", ""GLD""]}",development+reused_validation,5.0 bp risky purchases+sales; borrow rf+50.0 bp,started,results/20261004T003708-e3127963/E3-20-lookback_low_base-e776d9271e.csv,Attempt retained even if process fails,False
E3-20-lookback_low_base-e776d9271e,2026-10-04T00:42:12.141938+00:00,f953cc6eadb2efb7f124791a8afd2815663fbf45083f58fe7e4fa892c609676c,5f04159f52c645b6503f8744058f5d8b248158d9,e5f957a2b78b4a08cede2183cd59012f73beaffc38f0821d43bb458df08be222:5eb2ada6d8d007969c111064ae6c5de089e8bd61c0156cb49cc98484cea2b5d9,range,"{""base"": ""equal"", ""borrow_bps"": 50.0, ""cap"": 1.0, ""control"": ""event"", ""covariance_days"": 101, ""diagnostic"": ""lookback_low_base"", ""family"": ""range"", ""har_train_min"": 403, ""lookback"": 16, ""overlay"": false, ""static_exposure"": null, ""target"": 0.1, ""threshold"": 0.05, ""trial_id"": ""E3-20"", ""universe"": [""SPY"", ""TLT"", ""GLD""]}",development+reused_validation,5.0 bp risky purchases+sales; borrow rf+50.0 bp,completed,results/20261004T003708-e3127963/E3-20-lookback_low_base-e776d9271e.csv,No OOS retuning; diagnostic not eligible for selection,False
E3-20-lookback_high-d1512a4ff1,2026-10-04T00:42:14.342439+00:00,f953cc6eadb2efb7f124791a8afd2815663fbf45083f58fe7e4fa892c609676c,5f04159f52c645b6503f8744058f5d8b248158d9,e5f957a2b78b4a08cede2183cd59012f73beaffc38f0821d43bb458df08be222:5eb2ada6d8d007969c111064ae6c5de089e8bd61c0156cb49cc98484cea2b5d9,range,"{""base"": ""equal"", ""borrow_bps"": 50.0, ""cap"": 1.0, ""control"": ""event"", ""covariance_days"": 151, ""diagnostic"": ""lookback_high"", ""family"": ""range"", ""har_train_min"": 605, ""lookback"": 24, ""overlay"": true, ""static_exposure"": null, ""target"": 0.1, ""threshold"": 0.05, ""trial_id"": ""E3-20"", ""universe"": [""SPY"", ""TLT"", ""GLD""]}",development+reused_validation,5.0 bp risky purchases+sales; borrow rf+50.0 bp,started,results/20261004T003708-e3127963/E3-20-lookback_high-d1512a4ff1.csv,Attempt retained even if process fails,False
E3-20-lookback_high-d1512a4ff1,2026-10-04T00:42:14.342439+00:00,f953cc6eadb2efb7f124791a8afd2815663fbf45083f58fe7e4fa892c609676c,5f04159f52c645b6503f8744058f5d8b248158d9,e5f957a2b78b4a08cede2183cd59012f73beaffc38f0821d43bb458df08be222:5eb2ada6d8d007969c111064ae6c5de089e8bd61c0156cb49cc98484cea2b5d9,range,"{""base"": ""equal"", ""borrow_bps"": 50.0, ""cap"": 1.0, ""control"": ""event"", ""covariance_days"": 151, ""diagnostic"": ""lookback_high"", ""family"": ""range"", ""har_train_min"": 605, ""lookback"": 24, ""overlay"": true, ""static_exposure"": null, ""target"": 0.1, ""threshold"": 0.05, ""trial_id"": ""E3-20"", ""universe"": [""SPY"", ""TLT"", ""GLD""]}",development+reused_validation,5.0 bp risky purchases+sales; borrow rf+50.0 bp,completed,results/20261004T003708-e3127963/E3-20-lookback_high-d1512a4ff1.csv,No OOS retuning; diagnostic not eligible for selection,False
E3-20-lookback_high_base-64def1f527,2026-10-04T00:42:16.536260+00:00,f953cc6eadb2efb7f124791a8afd2815663fbf45083f58fe7e4fa892c609676c,5f04159f52c645b6503f8744058f5d8b248158d9,e5f957a2b78b4a08cede2183cd59012f73beaffc38f0821d43bb458df08be222:5eb2ada6d8d007969c111064ae6c5de089e8bd61c0156cb49cc98484cea2b5d9,range,"{""base"": ""equal"", ""borrow_bps"": 50.0, ""cap"": 1.0, ""control"": ""event"", ""covariance_days"": 151, ""diagnostic"": ""lookback_high_base"", ""family"": ""range"", ""har_train_min"": 605, ""lookback"": 24, ""overlay"": false, ""static_exposure"": null, ""target"": 0.1, ""threshold"": 0.05, ""trial_id"": ""E3-20"", ""universe"": [""SPY"", ""TLT"", ""GLD""]}",development+reused_validation,5.0 bp risky purchases+sales; borrow rf+50.0 bp,started,results/20261004T003708-e3127963/E3-20-lookback_high_base-64def1f527.csv,Attempt retained even if process fails,False
E3-20-lookback_high_base-64def1f527,2026-10-04T00:42:16.536260+00:00,f953cc6eadb2efb7f124791a8afd2815663fbf45083f58fe7e4fa892c609676c,5f04159f52c645b6503f8744058f5d8b248158d9,e5f957a2b78b4a08cede2183cd59012f73beaffc38f0821d43bb458df08be222:5eb2ada6d8d007969c111064ae6c5de089e8bd61c0156cb49cc98484cea2b5d9,range,"{""base"": ""equal"", ""borrow_bps"": 50.0, ""cap"": 1.0, ""control"": ""event"", ""covariance_days"": 151, ""diagnostic"": ""lookback_high_base"", ""family"": ""range"", ""har_train_min"": 605, ""lookback"": 24, ""overlay"": false, ""static_exposure"": null, ""target"": 0.1, ""threshold"": 0.05, ""trial_id"": ""E3-20"", ""universe"": [""SPY"", ""TLT"", ""GLD""]}",development+reused_validation,5.0 bp risky purchases+sales; borrow rf+50.0 bp,completed,results/20261004T003708-e3127963/E3-20-lookback_high_base-64def1f527.csv,No OOS retuning; diagnostic not eligible for selection,False
E3-20-trigger_low-e686cbfc17,2026-10-04T00:42:18.992345+00:00,f953cc6eadb2efb7f124791a8afd2815663fbf45083f58fe7e4fa892c609676c,5f04159f52c645b6503f8744058f5d8b248158d9,e5f957a2b78b4a08cede2183cd59012f73beaffc38f0821d43bb458df08be222:5eb2ada6d8d007969c111064ae6c5de089e8bd61c0156cb49cc98484cea2b5d9,range,"{""base"": ""equal"", ""borrow_bps"": 50.0, ""cap"": 1.0, ""control"": ""event"", ""covariance_days"": 126, ""diagnostic"": ""trigger_low"", ""family"": ""range"", ""har_train_min"": 504, ""lookback"": 20, ""overlay"": true, ""static_exposure"": null, ""target"": 0.1, ""threshold"": 0.04, ""trial_id"": ""E3-20"", ""universe"": [""SPY"", ""TLT"", ""GLD""]}",development+reused_validation,5.0 bp risky purchases+sales; borrow rf+50.0 bp,started,results/20261004T003708-e3127963/E3-20-trigger_low-e686cbfc17.csv,Attempt retained even if process fails,False
E3-20-trigger_low-e686cbfc17,2026-10-04T00:42:18.992345+00:00,f953cc6eadb2efb7f124791a8afd2815663fbf45083f58fe7e4fa892c609676c,5f04159f52c645b6503f8744058f5d8b248158d9,e5f957a2b78b4a08cede2183cd59012f73beaffc38f0821d43bb458df08be222:5eb2ada6d8d007969c111064ae6c5de089e8bd61c0156cb49cc98484cea2b5d9,range,"{""base"": ""equal"", ""borrow_bps"": 50.0, ""cap"": 1.0, ""control"": ""event"", ""covariance_days"": 126, ""diagnostic"": ""trigger_low"", ""family"": ""range"", ""har_train_min"": 504, ""lookback"": 20, ""overlay"": true, ""static_exposure"": null, ""target"": 0.1, ""threshold"": 0.04, ""trial_id"": ""E3-20"", ""universe"": [""SPY"", ""TLT"", ""GLD""]}",development+reused_validation,5.0 bp risky purchases+sales; borrow rf+50.0 bp,completed,results/20261004T003708-e3127963/E3-20-trigger_low-e686cbfc17.csv,No OOS retuning; diagnostic not eligible for selection,False
E3-20-trigger_low_base-93b61523a9,2026-10-04T00:42:21.352018+00:00,f953cc6eadb2efb7f124791a8afd2815663fbf45083f58fe7e4fa892c609676c,5f04159f52c645b6503f8744058f5d8b248158d9,e5f957a2b78b4a08cede2183cd59012f73beaffc38f0821d43bb458df08be222:5eb2ada6d8d007969c111064ae6c5de089e8bd61c0156cb49cc98484cea2b5d9,range,"{""base"": ""equal"", ""borrow_bps"": 50.0, ""cap"": 1.0, ""control"": ""event"", ""covariance_days"": 126, ""diagnostic"": ""trigger_low_base"", ""family"": ""range"", ""har_train_min"": 504, ""lookback"": 20, ""overlay"": false, ""static_exposure"": null, ""target"": 0.1, ""threshold"": 0.04, ""trial_id"": ""E3-20"", ""universe"": [""SPY"", ""TLT"", ""GLD""]}",development+reused_validation,5.0 bp risky purchases+sales; borrow rf+50.0 bp,started,results/20261004T003708-e3127963/E3-20-trigger_low_base-93b61523a9.csv,Attempt retained even if process fails,False
E3-20-trigger_low_base-93b61523a9,2026-10-04T00:42:21.352018+00:00,f953cc6eadb2efb7f124791a8afd2815663fbf45083f58fe7e4fa892c609676c,5f04159f52c645b6503f8744058f5d8b248158d9,e5f957a2b78b4a08cede2183cd59012f73beaffc38f0821d43bb458df08be222:5eb2ada6d8d007969c111064ae6c5de089e8bd61c0156cb49cc98484cea2b5d9,range,"{""base"": ""equal"", ""borrow_bps"": 50.0, ""cap"": 1.0, ""control"": ""event"", ""covariance_days"": 126, ""diagnostic"": ""trigger_low_base"", ""family"": ""range"", ""har_train_min"": 504, ""lookback"": 20, ""overlay"": false, ""static_exposure"": null, ""target"": 0.1, ""threshold"": 0.04, ""trial_id"": ""E3-20"", ""universe"": [""SPY"", ""TLT"", ""GLD""]}",development+reused_validation,5.0 bp risky purchases+sales; borrow rf+50.0 bp,completed,results/20261004T003708-e3127963/E3-20-trigger_low_base-93b61523a9.csv,No OOS retuning; diagnostic not eligible for selection,False
E3-20-trigger_high-a8a1b30cfa,2026-10-04T00:42:23.625736+00:00,f953cc6eadb2efb7f124791a8afd2815663fbf45083f58fe7e4fa892c609676c,5f04159f52c645b6503f8744058f5d8b248158d9,e5f957a2b78b4a08cede2183cd59012f73beaffc38f0821d43bb458df08be222:5eb2ada6d8d007969c111064ae6c5de089e8bd61c0156cb49cc98484cea2b5d9,range,"{""base"": ""equal"", ""borrow_bps"": 50.0, ""cap"": 1.0, ""control"": ""event"", ""covariance_days"": 126, ""diagnostic"": ""trigger_high"", ""family"": ""range"", ""har_train_min"": 504, ""lookback"": 20, ""overlay"": true, ""static_exposure"": null, ""target"": 0.1, ""threshold"": 0.06, ""trial_id"": ""E3-20"", ""universe"": [""SPY"", ""TLT"", ""GLD""]}",development+reused_validation,5.0 bp risky purchases+sales; borrow rf+50.0 bp,started,results/20261004T003708-e3127963/E3-20-trigger_high-a8a1b30cfa.csv,Attempt retained even if process fails,False
E3-20-trigger_high-a8a1b30cfa,2026-10-04T00:42:23.625736+00:00,f953cc6eadb2efb7f124791a8afd2815663fbf45083f58fe7e4fa892c609676c,5f04159f52c645b6503f8744058f5d8b248158d9,e5f957a2b78b4a08cede2183cd59012f73beaffc38f0821d43bb458df08be222:5eb2ada6d8d007969c111064ae6c5de089e8bd61c0156cb49cc98484cea2b5d9,range,"{""base"": ""equal"", ""borrow_bps"": 50.0, ""cap"": 1.0, ""control"": ""event"", ""covariance_days"": 126, ""diagnostic"": ""trigger_high"", ""family"": ""range"", ""har_train_min"": 504, ""lookback"": 20, ""overlay"": true, ""static_exposure"": null, ""target"": 0.1, ""threshold"": 0.06, ""trial_id"": ""E3-20"", ""universe"": [""SPY"", ""TLT"", ""GLD""]}",development+reused_validation,5.0 bp risky purchases+sales; borrow rf+50.0 bp,completed,results/20261004T003708-e3127963/E3-20-trigger_high-a8a1b30cfa.csv,No OOS retuning; diagnostic not eligible for selection,False
E3-20-trigger_high_base-848d31debe,2026-10-04T00:42:25.963055+00:00,f953cc6eadb2efb7f124791a8afd2815663fbf45083f58fe7e4fa892c609676c,5f04159f52c645b6503f8744058f5d8b248158d9,e5f957a2b78b4a08cede2183cd59012f73beaffc38f0821d43bb458df08be222:5eb2ada6d8d007969c111064ae6c5de089e8bd61c0156cb49cc98484cea2b5d9,range,"{""base"": ""equal"", ""borrow_bps"": 50.0, ""cap"": 1.0, ""control"": ""event"", ""covariance_days"": 126, ""diagnostic"": ""trigger_high_base"", ""family"": ""range"", ""har_train_min"": 504, ""lookback"": 20, ""overlay"": false, ""static_exposure"": null, ""target"": 0.1, ""threshold"": 0.06, ""trial_id"": ""E3-20"", ""universe"": [""SPY"", ""TLT"", ""GLD""]}",development+reused_validation,5.0 bp risky purchases+sales; borrow rf+50.0 bp,started,results/20261004T003708-e3127963/E3-20-trigger_high_base-848d31debe.csv,Attempt retained even if process fails,False
E3-20-trigger_high_base-848d31debe,2026-10-04T00:42:25.963055+00:00,f953cc6eadb2efb7f124791a8afd2815663fbf45083f58fe7e4fa892c609676c,5f04159f52c645b6503f8744058f5d8b248158d9,e5f957a2b78b4a08cede2183cd59012f73beaffc38f0821d43bb458df08be222:5eb2ada6d8d007969c111064ae6c5de089e8bd61c0156cb49cc98484cea2b5d9,range,"{""base"": ""equal"", ""borrow_bps"": 50.0, ""cap"": 1.0, ""control"": ""event"", ""covariance_days"": 126, ""diagnostic"": ""trigger_high_base"", ""family"": ""range"", ""har_train_min"": 504, ""lookback"": 20, ""overlay"": false, ""static_exposure"": null, ""target"": 0.1, ""threshold"": 0.06, ""trial_id"": ""E3-20"", ""universe"": [""SPY"", ""TLT"", ""GLD""]}",development+reused_validation,5.0 bp risky purchases+sales; borrow rf+50.0 bp,completed,results/20261004T003708-e3127963/E3-20-trigger_high_base-848d31debe.csv,No OOS retuning; diagnostic not eligible for selection,False
E3-63-double_cost-d680f14826,2026-10-04T00:42:28.238577+00:00,f953cc6eadb2efb7f124791a8afd2815663fbf45083f58fe7e4fa892c609676c,5f04159f52c645b6503f8744058f5d8b248158d9,e5f957a2b78b4a08cede2183cd59012f73beaffc38f0821d43bb458df08be222:5eb2ada6d8d007969c111064ae6c5de089e8bd61c0156cb49cc98484cea2b5d9,range,"{""base"": ""equal"", ""borrow_bps"": 50.0, ""cap"": 1.0, ""control"": ""event"", ""covariance_days"": 126, ""diagnostic"": ""double_cost"", ""family"": ""range"", ""har_train_min"": 504, ""lookback"": 63, ""overlay"": true, ""static_exposure"": null, ""target"": 0.1, ""threshold"": 0.05, ""trial_id"": ""E3-63"", ""universe"": [""SPY"", ""TLT"", ""GLD""]}",development+reused_validation,10 bp risky purchases+sales; borrow rf+50.0 bp,started,results/20261004T003708-e3127963/E3-63-double_cost-d680f14826.csv,Attempt retained even if process fails,False
E3-63-double_cost-d680f14826,2026-10-04T00:42:28.238577+00:00,f953cc6eadb2efb7f124791a8afd2815663fbf45083f58fe7e4fa892c609676c,5f04159f52c645b6503f8744058f5d8b248158d9,e5f957a2b78b4a08cede2183cd59012f73beaffc38f0821d43bb458df08be222:5eb2ada6d8d007969c111064ae6c5de089e8bd61c0156cb49cc98484cea2b5d9,range,"{""base"": ""equal"", ""borrow_bps"": 50.0, ""cap"": 1.0, ""control"": ""event"", ""covariance_days"": 126, ""diagnostic"": ""double_cost"", ""family"": ""range"", ""har_train_min"": 504, ""lookback"": 63, ""overlay"": true, ""static_exposure"": null, ""target"": 0.1, ""threshold"": 0.05, ""trial_id"": ""E3-63"", ""universe"": [""SPY"", ""TLT"", ""GLD""]}",development+reused_validation,10 bp risky purchases+sales; borrow rf+50.0 bp,completed,results/20261004T003708-e3127963/E3-63-double_cost-d680f14826.csv,No OOS retuning; diagnostic not eligible for selection,False
E3-63-double_cost_base-579cbe4e21,2026-10-04T00:42:30.439639+00:00,f953cc6eadb2efb7f124791a8afd2815663fbf45083f58fe7e4fa892c609676c,5f04159f52c645b6503f8744058f5d8b248158d9,e5f957a2b78b4a08cede2183cd59012f73beaffc38f0821d43bb458df08be222:5eb2ada6d8d007969c111064ae6c5de089e8bd61c0156cb49cc98484cea2b5d9,range,"{""base"": ""equal"", ""borrow_bps"": 50.0, ""cap"": 1.0, ""control"": ""event"", ""covariance_days"": 126, ""diagnostic"": ""double_cost_base"", ""family"": ""range"", ""har_train_min"": 504, ""lookback"": 63, ""overlay"": false, ""static_exposure"": null, ""target"": 0.1, ""threshold"": 0.05, ""trial_id"": ""E3-63"", ""universe"": [""SPY"", ""TLT"", ""GLD""]}",development+reused_validation,10 bp risky purchases+sales; borrow rf+50.0 bp,started,results/20261004T003708-e3127963/E3-63-double_cost_base-579cbe4e21.csv,Attempt retained even if process fails,False
E3-63-double_cost_base-579cbe4e21,2026-10-04T00:42:30.439639+00:00,f953cc6eadb2efb7f124791a8afd2815663fbf45083f58fe7e4fa892c609676c,5f04159f52c645b6503f8744058f5d8b248158d9,e5f957a2b78b4a08cede2183cd59012f73beaffc38f0821d43bb458df08be222:5eb2ada6d8d007969c111064ae6c5de089e8bd61c0156cb49cc98484cea2b5d9,range,"{""base"": ""equal"", ""borrow_bps"": 50.0, ""cap"": 1.0, ""control"": ""event"", ""covariance_days"": 126, ""diagnostic"": ""double_cost_base"", ""family"": ""range"", ""har_train_min"": 504, ""lookback"": 63, ""overlay"": false, ""static_exposure"": null, ""target"": 0.1, ""threshold"": 0.05, ""trial_id"": ""E3-63"", ""universe"": [""SPY"", ""TLT"", ""GLD""]}",development+reused_validation,10 bp risky purchases+sales; borrow rf+50.0 bp,completed,results/20261004T003708-e3127963/E3-63-double_cost_base-579cbe4e21.csv,No OOS retuning; diagnostic not eligible for selection,False
E3-63-target_low-13c7980f20,2026-10-04T00:42:32.807083+00:00,f953cc6eadb2efb7f124791a8afd2815663fbf45083f58fe7e4fa892c609676c,5f04159f52c645b6503f8744058f5d8b248158d9,e5f957a2b78b4a08cede2183cd59012f73beaffc38f0821d43bb458df08be222:5eb2ada6d8d007969c111064ae6c5de089e8bd61c0156cb49cc98484cea2b5d9,range,"{""base"": ""equal"", ""borrow_bps"": 50.0, ""cap"": 1.0, ""control"": ""event"", ""covariance_days"": 126, ""diagnostic"": ""target_low"", ""family"": ""range"", ""har_train_min"": 504, ""lookback"": 63, ""overlay"": true, ""static_exposure"": null, ""target"": 0.09000000000000001, ""threshold"": 0.05, ""trial_id"": ""E3-63"", ""universe"": [""SPY"", ""TLT"", ""GLD""]}",development+reused_validation,5.0 bp risky purchases+sales; borrow rf+50.0 bp,started,results/20261004T003708-e3127963/E3-63-target_low-13c7980f20.csv,Attempt retained even if process fails,False
E3-63-target_low-13c7980f20,2026-10-04T00:42:32.807083+00:00,f953cc6eadb2efb7f124791a8afd2815663fbf45083f58fe7e4fa892c609676c,5f04159f52c645b6503f8744058f5d8b248158d9,e5f957a2b78b4a08cede2183cd59012f73beaffc38f0821d43bb458df08be222:5eb2ada6d8d007969c111064ae6c5de089e8bd61c0156cb49cc98484cea2b5d9,range,"{""base"": ""equal"", ""borrow_bps"": 50.0, ""cap"": 1.0, ""control"": ""event"", ""covariance_days"": 126, ""diagnostic"": ""target_low"", ""family"": ""range"", ""har_train_min"": 504, ""lookback"": 63, ""overlay"": true, ""static_exposure"": null, ""target"": 0.09000000000000001, ""threshold"": 0.05, ""trial_id"": ""E3-63"", ""universe"": [""SPY"", ""TLT"", ""GLD""]}",development+reused_validation,5.0 bp risky purchases+sales; borrow rf+50.0 bp,completed,results/20261004T003708-e3127963/E3-63-target_low-13c7980f20.csv,No OOS retuning; diagnostic not eligible for selection,False
E3-63-target_low_base-50551acfd8,2026-10-04T00:42:34.959442+00:00,f953cc6eadb2efb7f124791a8afd2815663fbf45083f58fe7e4fa892c609676c,5f04159f52c645b6503f8744058f5d8b248158d9,e5f957a2b78b4a08cede2183cd59012f73beaffc38f0821d43bb458df08be222:5eb2ada6d8d007969c111064ae6c5de089e8bd61c0156cb49cc98484cea2b5d9,range,"{""base"": ""equal"", ""borrow_bps"": 50.0, ""cap"": 1.0, ""control"": ""event"", ""covariance_days"": 126, ""diagnostic"": ""target_low_base"", ""family"": ""range"", ""har_train_min"": 504, ""lookback"": 63, ""overlay"": false, ""static_exposure"": null, ""target"": 0.09000000000000001, ""threshold"": 0.05, ""trial_id"": ""E3-63"", ""universe"": [""SPY"", ""TLT"", ""GLD""]}",development+reused_validation,5.0 bp risky purchases+sales; borrow rf+50.0 bp,started,results/20261004T003708-e3127963/E3-63-target_low_base-50551acfd8.csv,Attempt retained even if process fails,False
E3-63-target_low_base-50551acfd8,2026-10-04T00:42:34.959442+00:00,f953cc6eadb2efb7f124791a8afd2815663fbf45083f58fe7e4fa892c609676c,5f04159f52c645b6503f8744058f5d8b248158d9,e5f957a2b78b4a08cede2183cd59012f73beaffc38f0821d43bb458df08be222:5eb2ada6d8d007969c111064ae6c5de089e8bd61c0156cb49cc98484cea2b5d9,range,"{""base"": ""equal"", ""borrow_bps"": 50.0, ""cap"": 1.0, ""control"": ""event"", ""covariance_days"": 126, ""diagnostic"": ""target_low_base"", ""family"": ""range"", ""har_train_min"": 504, ""lookback"": 63, ""overlay"": false, ""static_exposure"": null, ""target"": 0.09000000000000001, ""threshold"": 0.05, ""trial_id"": ""E3-63"", ""universe"": [""SPY"", ""TLT"", ""GLD""]}",development+reused_validation,5.0 bp risky purchases+sales; borrow rf+50.0 bp,completed,results/20261004T003708-e3127963/E3-63-target_low_base-50551acfd8.csv,No OOS retuning; diagnostic not eligible for selection,False
E3-63-target_high-89210c6cdc,2026-10-04T00:42:37.142485+00:00,f953cc6eadb2efb7f124791a8afd2815663fbf45083f58fe7e4fa892c609676c,5f04159f52c645b6503f8744058f5d8b248158d9,e5f957a2b78b4a08cede2183cd59012f73beaffc38f0821d43bb458df08be222:5eb2ada6d8d007969c111064ae6c5de089e8bd61c0156cb49cc98484cea2b5d9,range,"{""base"": ""equal"", ""borrow_bps"": 50.0, ""cap"": 1.0, ""control"": ""event"", ""covariance_days"": 126, ""diagnostic"": ""target_high"", ""family"": ""range"", ""har_train_min"": 504, ""lookback"": 63, ""overlay"": true, ""static_exposure"": null, ""target"": 0.11, ""threshold"": 0.05, ""trial_id"": ""E3-63"", ""universe"": [""SPY"", ""TLT"", ""GLD""]}",development+reused_validation,5.0 bp risky purchases+sales; borrow rf+50.0 bp,started,results/20261004T003708-e3127963/E3-63-target_high-89210c6cdc.csv,Attempt retained even if process fails,False
E3-63-target_high-89210c6cdc,2026-10-04T00:42:37.142485+00:00,f953cc6eadb2efb7f124791a8afd2815663fbf45083f58fe7e4fa892c609676c,5f04159f52c645b6503f8744058f5d8b248158d9,e5f957a2b78b4a08cede2183cd59012f73beaffc38f0821d43bb458df08be222:5eb2ada6d8d007969c111064ae6c5de089e8bd61c0156cb49cc98484cea2b5d9,range,"{""base"": ""equal"", ""borrow_bps"": 50.0, ""cap"": 1.0, ""control"": ""event"", ""covariance_days"": 126, ""diagnostic"": ""target_high"", ""family"": ""range"", ""har_train_min"": 504, ""lookback"": 63, ""overlay"": true, ""static_exposure"": null, ""target"": 0.11, ""threshold"": 0.05, ""trial_id"": ""E3-63"", ""universe"": [""SPY"", ""TLT"", ""GLD""]}",development+reused_validation,5.0 bp risky purchases+sales; borrow rf+50.0 bp,completed,results/20261004T003708-e3127963/E3-63-target_high-89210c6cdc.csv,No OOS retuning; diagnostic not eligible for selection,False
E3-63-target_high_base-caf33983ff,2026-10-04T00:42:39.276795+00:00,f953cc6eadb2efb7f124791a8afd2815663fbf45083f58fe7e4fa892c609676c,5f04159f52c645b6503f8744058f5d8b248158d9,e5f957a2b78b4a08cede2183cd59012f73beaffc38f0821d43bb458df08be222:5eb2ada6d8d007969c111064ae6c5de089e8bd61c0156cb49cc98484cea2b5d9,range,"{""base"": ""equal"", ""borrow_bps"": 50.0, ""cap"": 1.0, ""control"": ""event"", ""covariance_days"": 126, ""diagnostic"": ""target_high_base"", ""family"": ""range"", ""har_train_min"": 504, ""lookback"": 63, ""overlay"": false, ""static_exposure"": null, ""target"": 0.11, ""threshold"": 0.05, ""trial_id"": ""E3-63"", ""universe"": [""SPY"", ""TLT"", ""GLD""]}",development+reused_validation,5.0 bp risky purchases+sales; borrow rf+50.0 bp,started,results/20261004T003708-e3127963/E3-63-target_high_base-caf33983ff.csv,Attempt retained even if process fails,False
E3-63-target_high_base-caf33983ff,2026-10-04T00:42:39.276795+00:00,f953cc6eadb2efb7f124791a8afd2815663fbf45083f58fe7e4fa892c609676c,5f04159f52c645b6503f8744058f5d8b248158d9,e5f957a2b78b4a08cede2183cd59012f73beaffc38f0821d43bb458df08be222:5eb2ada6d8d007969c111064ae6c5de089e8bd61c0156cb49cc98484cea2b5d9,range,"{""base"": ""equal"", ""borrow_bps"": 50.0, ""cap"": 1.0, ""control"": ""event"", ""covariance_days"": 126, ""diagnostic"": ""target_high_base"", ""family"": ""range"", ""har_train_min"": 504, ""lookback"": 63, ""overlay"": false, ""static_exposure"": null, ""target"": 0.11, ""threshold"": 0.05, ""trial_id"": ""E3-63"", ""universe"": [""SPY"", ""TLT"", ""GLD""]}",development+reused_validation,5.0 bp risky purchases+sales; borrow rf+50.0 bp,completed,results/20261004T003708-e3127963/E3-63-target_high_base-caf33983ff.csv,No OOS retuning; diagnostic not eligible for selection,False
E3-63-lookback_low-6cf84a621b,2026-10-04T00:42:41.425890+00:00,f953cc6eadb2efb7f124791a8afd2815663fbf45083f58fe7e4fa892c609676c,5f04159f52c645b6503f8744058f5d8b248158d9,e5f957a2b78b4a08cede2183cd59012f73beaffc38f0821d43bb458df08be222:5eb2ada6d8d007969c111064ae6c5de089e8bd61c0156cb49cc98484cea2b5d9,range,"{""base"": ""equal"", ""borrow_bps"": 50.0, ""cap"": 1.0, ""control"": ""event"", ""covariance_days"": 101, ""diagnostic"": ""lookback_low"", ""family"": ""range"", ""har_train_min"": 403, ""lookback"": 50, ""overlay"": true, ""static_exposure"": null, ""target"": 0.1, ""threshold"": 0.05, ""trial_id"": ""E3-63"", ""universe"": [""SPY"", ""TLT"", ""GLD""]}",development+reused_validation,5.0 bp risky purchases+sales; borrow rf+50.0 bp,started,results/20261004T003708-e3127963/E3-63-lookback_low-6cf84a621b.csv,Attempt retained even if process fails,False
E3-63-lookback_low-6cf84a621b,2026-10-04T00:42:41.425890+00:00,f953cc6eadb2efb7f124791a8afd2815663fbf45083f58fe7e4fa892c609676c,5f04159f52c645b6503f8744058f5d8b248158d9,e5f957a2b78b4a08cede2183cd59012f73beaffc38f0821d43bb458df08be222:5eb2ada6d8d007969c111064ae6c5de089e8bd61c0156cb49cc98484cea2b5d9,range,"{""base"": ""equal"", ""borrow_bps"": 50.0, ""cap"": 1.0, ""control"": ""event"", ""covariance_days"": 101, ""diagnostic"": ""lookback_low"", ""family"": ""range"", ""har_train_min"": 403, ""lookback"": 50, ""overlay"": true, ""static_exposure"": null, ""target"": 0.1, ""threshold"": 0.05, ""trial_id"": ""E3-63"", ""universe"": [""SPY"", ""TLT"", ""GLD""]}",development+reused_validation,5.0 bp risky purchases+sales; borrow rf+50.0 bp,completed,results/20261004T003708-e3127963/E3-63-lookback_low-6cf84a621b.csv,No OOS retuning; diagnostic not eligible for selection,False
E3-63-lookback_low_base-9b41bb2efc,2026-10-04T00:42:43.713080+00:00,f953cc6eadb2efb7f124791a8afd2815663fbf45083f58fe7e4fa892c609676c,5f04159f52c645b6503f8744058f5d8b248158d9,e5f957a2b78b4a08cede2183cd59012f73beaffc38f0821d43bb458df08be222:5eb2ada6d8d007969c111064ae6c5de089e8bd61c0156cb49cc98484cea2b5d9,range,"{""base"": ""equal"", ""borrow_bps"": 50.0, ""cap"": 1.0, ""control"": ""event"", ""covariance_days"": 101, ""diagnostic"": ""lookback_low_base"", ""family"": ""range"", ""har_train_min"": 403, ""lookback"": 50, ""overlay"": false, ""static_exposure"": null, ""target"": 0.1, ""threshold"": 0.05, ""trial_id"": ""E3-63"", ""universe"": [""SPY"", ""TLT"", ""GLD""]}",development+reused_validation,5.0 bp risky purchases+sales; borrow rf+50.0 bp,started,results/20261004T003708-e3127963/E3-63-lookback_low_base-9b41bb2efc.csv,Attempt retained even if process fails,False
E3-63-lookback_low_base-9b41bb2efc,2026-10-04T00:42:43.713080+00:00,f953cc6eadb2efb7f124791a8afd2815663fbf45083f58fe7e4fa892c609676c,5f04159f52c645b6503f8744058f5d8b248158d9,e5f957a2b78b4a08cede2183cd59012f73beaffc38f0821d43bb458df08be222:5eb2ada6d8d007969c111064ae6c5de089e8bd61c0156cb49cc98484cea2b5d9,range,"{""base"": ""equal"", ""borrow_bps"": 50.0, ""cap"": 1.0, ""control"": ""event"", ""covariance_days"": 101, ""diagnostic"": ""lookback_low_base"", ""family"": ""range"", ""har_train_min"": 403, ""lookback"": 50, ""overlay"": false, ""static_exposure"": null, ""target"": 0.1, ""threshold"": 0.05, ""trial_id"": ""E3-63"", ""universe"": [""SPY"", ""TLT"", ""GLD""]}",development+reused_validation,5.0 bp risky purchases+sales; borrow rf+50.0 bp,completed,results/20261004T003708-e3127963/E3-63-lookback_low_base-9b41bb2efc.csv,No OOS retuning; diagnostic not eligible for selection,False
E3-63-lookback_high-525610db76,2026-10-04T00:42:45.850759+00:00,f953cc6eadb2efb7f124791a8afd2815663fbf45083f58fe7e4fa892c609676c,5f04159f52c645b6503f8744058f5d8b248158d9,e5f957a2b78b4a08cede2183cd59012f73beaffc38f0821d43bb458df08be222:5eb2ada6d8d007969c111064ae6c5de089e8bd61c0156cb49cc98484cea2b5d9,range,"{""base"": ""equal"", ""borrow_bps"": 50.0, ""cap"": 1.0, ""control"": ""event"", ""covariance_days"": 151, ""diagnostic"": ""lookback_high"", ""family"": ""range"", ""har_train_min"": 605, ""lookback"": 76, ""overlay"": true, ""static_exposure"": null, ""target"": 0.1, ""threshold"": 0.05, ""trial_id"": ""E3-63"", ""universe"": [""SPY"", ""TLT"", ""GLD""]}",development+reused_validation,5.0 bp risky purchases+sales; borrow rf+50.0 bp,started,results/20261004T003708-e3127963/E3-63-lookback_high-525610db76.csv,Attempt retained even if process fails,False
E3-63-lookback_high-525610db76,2026-10-04T00:42:45.850759+00:00,f953cc6eadb2efb7f124791a8afd2815663fbf45083f58fe7e4fa892c609676c,5f04159f52c645b6503f8744058f5d8b248158d9,e5f957a2b78b4a08cede2183cd59012f73beaffc38f0821d43bb458df08be222:5eb2ada6d8d007969c111064ae6c5de089e8bd61c0156cb49cc98484cea2b5d9,range,"{""base"": ""equal"", ""borrow_bps"": 50.0, ""cap"": 1.0, ""control"": ""event"", ""covariance_days"": 151, ""diagnostic"": ""lookback_high"", ""family"": ""range"", ""har_train_min"": 605, ""lookback"": 76, ""overlay"": true, ""static_exposure"": null, ""target"": 0.1, ""threshold"": 0.05, ""trial_id"": ""E3-63"", ""universe"": [""SPY"", ""TLT"", ""GLD""]}",development+reused_validation,5.0 bp risky purchases+sales; borrow rf+50.0 bp,completed,results/20261004T003708-e3127963/E3-63-lookback_high-525610db76.csv,No OOS retuning; diagnostic not eligible for selection,False
E3-63-lookback_high_base-484c78e780,2026-10-04T00:42:47.983787+00:00,f953cc6eadb2efb7f124791a8afd2815663fbf45083f58fe7e4fa892c609676c,5f04159f52c645b6503f8744058f5d8b248158d9,e5f957a2b78b4a08cede2183cd59012f73beaffc38f0821d43bb458df08be222:5eb2ada6d8d007969c111064ae6c5de089e8bd61c0156cb49cc98484cea2b5d9,range,"{""base"": ""equal"", ""borrow_bps"": 50.0, ""cap"": 1.0, ""control"": ""event"", ""covariance_days"": 151, ""diagnostic"": ""lookback_high_base"", ""family"": ""range"", ""har_train_min"": 605, ""lookback"": 76, ""overlay"": false, ""static_exposure"": null, ""target"": 0.1, ""threshold"": 0.05, ""trial_id"": ""E3-63"", ""universe"": [""SPY"", ""TLT"", ""GLD""]}",development+reused_validation,5.0 bp risky purchases+sales; borrow rf+50.0 bp,started,results/20261004T003708-e3127963/E3-63-lookback_high_base-484c78e780.csv,Attempt retained even if process fails,False
E3-63-lookback_high_base-484c78e780,2026-10-04T00:42:47.983787+00:00,f953cc6eadb2efb7f124791a8afd2815663fbf45083f58fe7e4fa892c609676c,5f04159f52c645b6503f8744058f5d8b248158d9,e5f957a2b78b4a08cede2183cd59012f73beaffc38f0821d43bb458df08be222:5eb2ada6d8d007969c111064ae6c5de089e8bd61c0156cb49cc98484cea2b5d9,range,"{""base"": ""equal"", ""borrow_bps"": 50.0, ""cap"": 1.0, ""control"": ""event"", ""covariance_days"": 151, ""diagnostic"": ""lookback_high_base"", ""family"": ""range"", ""har_train_min"": 605, ""lookback"": 76, ""overlay"": false, ""static_exposure"": null, ""target"": 0.1, ""threshold"": 0.05, ""trial_id"": ""E3-63"", ""universe"": [""SPY"", ""TLT"", ""GLD""]}",development+reused_validation,5.0 bp risky purchases+sales; borrow rf+50.0 bp,completed,results/20261004T003708-e3127963/E3-63-lookback_high_base-484c78e780.csv,No OOS retuning; diagnostic not eligible for selection,False
E3-63-trigger_low-36bbf140b3,2026-10-04T00:42:50.125337+00:00,f953cc6eadb2efb7f124791a8afd2815663fbf45083f58fe7e4fa892c609676c,5f04159f52c645b6503f8744058f5d8b248158d9,e5f957a2b78b4a08cede2183cd59012f73beaffc38f0821d43bb458df08be222:5eb2ada6d8d007969c111064ae6c5de089e8bd61c0156cb49cc98484cea2b5d9,range,"{""base"": ""equal"", ""borrow_bps"": 50.0, ""cap"": 1.0, ""control"": ""event"", ""covariance_days"": 126, ""diagnostic"": ""trigger_low"", ""family"": ""range"", ""har_train_min"": 504, ""lookback"": 63, ""overlay"": true, ""static_exposure"": null, ""target"": 0.1, ""threshold"": 0.04, ""trial_id"": ""E3-63"", ""universe"": [""SPY"", ""TLT"", ""GLD""]}",development+reused_validation,5.0 bp risky purchases+sales; borrow rf+50.0 bp,started,results/20261004T003708-e3127963/E3-63-trigger_low-36bbf140b3.csv,Attempt retained even if process fails,False
E3-63-trigger_low-36bbf140b3,2026-10-04T00:42:50.125337+00:00,f953cc6eadb2efb7f124791a8afd2815663fbf45083f58fe7e4fa892c609676c,5f04159f52c645b6503f8744058f5d8b248158d9,e5f957a2b78b4a08cede2183cd59012f73beaffc38f0821d43bb458df08be222:5eb2ada6d8d007969c111064ae6c5de089e8bd61c0156cb49cc98484cea2b5d9,range,"{""base"": ""equal"", ""borrow_bps"": 50.0, ""cap"": 1.0, ""control"": ""event"", ""covariance_days"": 126, ""diagnostic"": ""trigger_low"", ""family"": ""range"", ""har_train_min"": 504, ""lookback"": 63, ""overlay"": true, ""static_exposure"": null, ""target"": 0.1, ""threshold"": 0.04, ""trial_id"": ""E3-63"", ""universe"": [""SPY"", ""TLT"", ""GLD""]}",development+reused_validation,5.0 bp risky purchases+sales; borrow rf+50.0 bp,completed,results/20261004T003708-e3127963/E3-63-trigger_low-36bbf140b3.csv,No OOS retuning; diagnostic not eligible for selection,False
E3-63-trigger_low_base-9bd6df2b4d,2026-10-04T00:42:52.599739+00:00,f953cc6eadb2efb7f124791a8afd2815663fbf45083f58fe7e4fa892c609676c,5f04159f52c645b6503f8744058f5d8b248158d9,e5f957a2b78b4a08cede2183cd59012f73beaffc38f0821d43bb458df08be222:5eb2ada6d8d007969c111064ae6c5de089e8bd61c0156cb49cc98484cea2b5d9,range,"{""base"": ""equal"", ""borrow_bps"": 50.0, ""cap"": 1.0, ""control"": ""event"", ""covariance_days"": 126, ""diagnostic"": ""trigger_low_base"", ""family"": ""range"", ""har_train_min"": 504, ""lookback"": 63, ""overlay"": false, ""static_exposure"": null, ""target"": 0.1, ""threshold"": 0.04, ""trial_id"": ""E3-63"", ""universe"": [""SPY"", ""TLT"", ""GLD""]}",development+reused_validation,5.0 bp risky purchases+sales; borrow rf+50.0 bp,started,results/20261004T003708-e3127963/E3-63-trigger_low_base-9bd6df2b4d.csv,Attempt retained even if process fails,False
E3-63-trigger_low_base-9bd6df2b4d,2026-10-04T00:42:52.599739+00:00,f953cc6eadb2efb7f124791a8afd2815663fbf45083f58fe7e4fa892c609676c,5f04159f52c645b6503f8744058f5d8b248158d9,e5f957a2b78b4a08cede2183cd59012f73beaffc38f0821d43bb458df08be222:5eb2ada6d8d007969c111064ae6c5de089e8bd61c0156cb49cc98484cea2b5d9,range,"{""base"": ""equal"", ""borrow_bps"": 50.0, ""cap"": 1.0, ""control"": ""event"", ""covariance_days"": 126, ""diagnostic"": ""trigger_low_base"", ""family"": ""range"", ""har_train_min"": 504, ""lookback"": 63, ""overlay"": false, ""static_exposure"": null, ""target"": 0.1, ""threshold"": 0.04, ""trial_id"": ""E3-63"", ""universe"": [""SPY"", ""TLT"", ""GLD""]}",development+reused_validation,5.0 bp risky purchases+sales; borrow rf+50.0 bp,completed,results/20261004T003708-e3127963/E3-63-trigger_low_base-9bd6df2b4d.csv,No OOS retuning; diagnostic not eligible for selection,False
E3-63-trigger_high-685c7a3e12,2026-10-04T00:42:54.920819+00:00,f953cc6eadb2efb7f124791a8afd2815663fbf45083f58fe7e4fa892c609676c,5f04159f52c645b6503f8744058f5d8b248158d9,e5f957a2b78b4a08cede2183cd59012f73beaffc38f0821d43bb458df08be222:5eb2ada6d8d007969c111064ae6c5de089e8bd61c0156cb49cc98484cea2b5d9,range,"{""base"": ""equal"", ""borrow_bps"": 50.0, ""cap"": 1.0, ""control"": ""event"", ""covariance_days"": 126, ""diagnostic"": ""trigger_high"", ""family"": ""range"", ""har_train_min"": 504, ""lookback"": 63, ""overlay"": true, ""static_exposure"": null, ""target"": 0.1, ""threshold"": 0.06, ""trial_id"": ""E3-63"", ""universe"": [""SPY"", ""TLT"", ""GLD""]}",development+reused_validation,5.0 bp risky purchases+sales; borrow rf+50.0 bp,started,results/20261004T003708-e3127963/E3-63-trigger_high-685c7a3e12.csv,Attempt retained even if process fails,False
E3-63-trigger_high-685c7a3e12,2026-10-04T00:42:54.920819+00:00,f953cc6eadb2efb7f124791a8afd2815663fbf45083f58fe7e4fa892c609676c,5f04159f52c645b6503f8744058f5d8b248158d9,e5f957a2b78b4a08cede2183cd59012f73beaffc38f0821d43bb458df08be222:5eb2ada6d8d007969c111064ae6c5de089e8bd61c0156cb49cc98484cea2b5d9,range,"{""base"": ""equal"", ""borrow_bps"": 50.0, ""cap"": 1.0, ""control"": ""event"", ""covariance_days"": 126, ""diagnostic"": ""trigger_high"", ""family"": ""range"", ""har_train_min"": 504, ""lookback"": 63, ""overlay"": true, ""static_exposure"": null, ""target"": 0.1, ""threshold"": 0.06, ""trial_id"": ""E3-63"", ""universe"": [""SPY"", ""TLT"", ""GLD""]}",development+reused_validation,5.0 bp risky purchases+sales; borrow rf+50.0 bp,completed,results/20261004T003708-e3127963/E3-63-trigger_high-685c7a3e12.csv,No OOS retuning; diagnostic not eligible for selection,False
E3-63-trigger_high_base-8d1ad17dae,2026-10-04T00:42:57.255639+00:00,f953cc6eadb2efb7f124791a8afd2815663fbf45083f58fe7e4fa892c609676c,5f04159f52c645b6503f8744058f5d8b248158d9,e5f957a2b78b4a08cede2183cd59012f73beaffc38f0821d43bb458df08be222:5eb2ada6d8d007969c111064ae6c5de089e8bd61c0156cb49cc98484cea2b5d9,range,"{""base"": ""equal"", ""borrow_bps"": 50.0, ""cap"": 1.0, ""control"": ""event"", ""covariance_days"": 126, ""diagnostic"": ""trigger_high_base"", ""family"": ""range"", ""har_train_min"": 504, ""lookback"": 63, ""overlay"": false, ""static_exposure"": null, ""target"": 0.1, ""threshold"": 0.06, ""trial_id"": ""E3-63"", ""universe"": [""SPY"", ""TLT"", ""GLD""]}",development+reused_validation,5.0 bp risky purchases+sales; borrow rf+50.0 bp,started,results/20261004T003708-e3127963/E3-63-trigger_high_base-8d1ad17dae.csv,Attempt retained even if process fails,False
E3-63-trigger_high_base-8d1ad17dae,2026-10-04T00:42:57.255639+00:00,f953cc6eadb2efb7f124791a8afd2815663fbf45083f58fe7e4fa892c609676c,5f04159f52c645b6503f8744058f5d8b248158d9,e5f957a2b78b4a08cede2183cd59012f73beaffc38f0821d43bb458df08be222:5eb2ada6d8d007969c111064ae6c5de089e8bd61c0156cb49cc98484cea2b5d9,range,"{""base"": ""equal"", ""borrow_bps"": 50.0, ""cap"": 1.0, ""control"": ""event"", ""covariance_days"": 126, ""diagnostic"": ""trigger_high_base"", ""family"": ""range"", ""har_train_min"": 504, ""lookback"": 63, ""overlay"": false, ""static_exposure"": null, ""target"": 0.1, ""threshold"": 0.06, ""trial_id"": ""E3-63"", ""universe"": [""SPY"", ""TLT"", ""GLD""]}",development+reused_validation,5.0 bp risky purchases+sales; borrow rf+50.0 bp,completed,results/20261004T003708-e3127963/E3-63-trigger_high_base-8d1ad17dae.csv,No OOS retuning; diagnostic not eligible for selection,False
E4-double_cost-9cb74952a9,2026-10-04T00:42:59.771183+00:00,f953cc6eadb2efb7f124791a8afd2815663fbf45083f58fe7e4fa892c609676c,5f04159f52c645b6503f8744058f5d8b248158d9,e5f957a2b78b4a08cede2183cd59012f73beaffc38f0821d43bb458df08be222:5eb2ada6d8d007969c111064ae6c5de089e8bd61c0156cb49cc98484cea2b5d9,ensemble,"{""base"": ""minvar"", ""borrow_bps"": 50.0, ""cap"": 1.0, ""control"": ""event"", ""covariance_days"": 126, ""diagnostic"": ""double_cost"", ""family"": ""ensemble"", ""har_train_min"": 504, ""lookback"": 63, ""overlay"": true, ""static_exposure"": null, ""target"": 0.1, ""threshold"": 0.05, ""trial_id"": ""E4"", ""universe"": [""SPY"", ""TLT"", ""GLD""]}",development+reused_validation,10 bp risky purchases+sales; borrow rf+50.0 bp,started,results/20261004T003708-e3127963/E4-double_cost-9cb74952a9.csv,Attempt retained even if process fails,False
E4-double_cost-9cb74952a9,2026-10-04T00:42:59.771183+00:00,f953cc6eadb2efb7f124791a8afd2815663fbf45083f58fe7e4fa892c609676c,5f04159f52c645b6503f8744058f5d8b248158d9,e5f957a2b78b4a08cede2183cd59012f73beaffc38f0821d43bb458df08be222:5eb2ada6d8d007969c111064ae6c5de089e8bd61c0156cb49cc98484cea2b5d9,ensemble,"{""base"": ""minvar"", ""borrow_bps"": 50.0, ""cap"": 1.0, ""control"": ""event"", ""covariance_days"": 126, ""diagnostic"": ""double_cost"", ""family"": ""ensemble"", ""har_train_min"": 504, ""lookback"": 63, ""overlay"": true, ""static_exposure"": null, ""target"": 0.1, ""threshold"": 0.05, ""trial_id"": ""E4"", ""universe"": [""SPY"", ""TLT"", ""GLD""]}",development+reused_validation,10 bp risky purchases+sales; borrow rf+50.0 bp,completed,results/20261004T003708-e3127963/E4-double_cost-9cb74952a9.csv,No OOS retuning; diagnostic not eligible for selection,False
E4-double_cost_base-831640437f,2026-10-04T00:43:01.567628+00:00,f953cc6eadb2efb7f124791a8afd2815663fbf45083f58fe7e4fa892c609676c,5f04159f52c645b6503f8744058f5d8b248158d9,e5f957a2b78b4a08cede2183cd59012f73beaffc38f0821d43bb458df08be222:5eb2ada6d8d007969c111064ae6c5de089e8bd61c0156cb49cc98484cea2b5d9,ensemble,"{""base"": ""minvar"", ""borrow_bps"": 50.0, ""cap"": 1.0, ""control"": ""event"", ""covariance_days"": 126, ""diagnostic"": ""double_cost_base"", ""family"": ""ensemble"", ""har_train_min"": 504, ""lookback"": 63, ""overlay"": false, ""static_exposure"": null, ""target"": 0.1, ""threshold"": 0.05, ""trial_id"": ""E4"", ""universe"": [""SPY"", ""TLT"", ""GLD""]}",development+reused_validation,10 bp risky purchases+sales; borrow rf+50.0 bp,started,results/20261004T003708-e3127963/E4-double_cost_base-831640437f.csv,Attempt retained even if process fails,False
E4-double_cost_base-831640437f,2026-10-04T00:43:01.567628+00:00,f953cc6eadb2efb7f124791a8afd2815663fbf45083f58fe7e4fa892c609676c,5f04159f52c645b6503f8744058f5d8b248158d9,e5f957a2b78b4a08cede2183cd59012f73beaffc38f0821d43bb458df08be222:5eb2ada6d8d007969c111064ae6c5de089e8bd61c0156cb49cc98484cea2b5d9,ensemble,"{""base"": ""minvar"", ""borrow_bps"": 50.0, ""cap"": 1.0, ""control"": ""event"", ""covariance_days"": 126, ""diagnostic"": ""double_cost_base"", ""family"": ""ensemble"", ""har_train_min"": 504, ""lookback"": 63, ""overlay"": false, ""static_exposure"": null, ""target"": 0.1, ""threshold"": 0.05, ""trial_id"": ""E4"", ""universe"": [""SPY"", ""TLT"", ""GLD""]}",development+reused_validation,10 bp risky purchases+sales; borrow rf+50.0 bp,completed,results/20261004T003708-e3127963/E4-double_cost_base-831640437f.csv,No OOS retuning; diagnostic not eligible for selection,False
E4-target_low-d3712a27ef,2026-10-04T00:43:03.654782+00:00,f953cc6eadb2efb7f124791a8afd2815663fbf45083f58fe7e4fa892c609676c,5f04159f52c645b6503f8744058f5d8b248158d9,e5f957a2b78b4a08cede2183cd59012f73beaffc38f0821d43bb458df08be222:5eb2ada6d8d007969c111064ae6c5de089e8bd61c0156cb49cc98484cea2b5d9,ensemble,"{""base"": ""minvar"", ""borrow_bps"": 50.0, ""cap"": 1.0, ""control"": ""event"", ""covariance_days"": 126, ""diagnostic"": ""target_low"", ""family"": ""ensemble"", ""har_train_min"": 504, ""lookback"": 63, ""overlay"": true, ""static_exposure"": null, ""target"": 0.09000000000000001, ""threshold"": 0.05, ""trial_id"": ""E4"", ""universe"": [""SPY"", ""TLT"", ""GLD""]}",development+reused_validation,5.0 bp risky purchases+sales; borrow rf+50.0 bp,started,results/20261004T003708-e3127963/E4-target_low-d3712a27ef.csv,Attempt retained even if process fails,False
E4-target_low-d3712a27ef,2026-10-04T00:43:03.654782+00:00,f953cc6eadb2efb7f124791a8afd2815663fbf45083f58fe7e4fa892c609676c,5f04159f52c645b6503f8744058f5d8b248158d9,e5f957a2b78b4a08cede2183cd59012f73beaffc38f0821d43bb458df08be222:5eb2ada6d8d007969c111064ae6c5de089e8bd61c0156cb49cc98484cea2b5d9,ensemble,"{""base"": ""minvar"", ""borrow_bps"": 50.0, ""cap"": 1.0, ""control"": ""event"", ""covariance_days"": 126, ""diagnostic"": ""target_low"", ""family"": ""ensemble"", ""har_train_min"": 504, ""lookback"": 63, ""overlay"": true, ""static_exposure"": null, ""target"": 0.09000000000000001, ""threshold"": 0.05, ""trial_id"": ""E4"", ""universe"": [""SPY"", ""TLT"", ""GLD""]}",development+reused_validation,5.0 bp risky purchases+sales; borrow rf+50.0 bp,completed,results/20261004T003708-e3127963/E4-target_low-d3712a27ef.csv,No OOS retuning; diagnostic not eligible for selection,False
E4-target_low_base-1b8b689c03,2026-10-04T00:43:05.278420+00:00,f953cc6eadb2efb7f124791a8afd2815663fbf45083f58fe7e4fa892c609676c,5f04159f52c645b6503f8744058f5d8b248158d9,e5f957a2b78b4a08cede2183cd59012f73beaffc38f0821d43bb458df08be222:5eb2ada6d8d007969c111064ae6c5de089e8bd61c0156cb49cc98484cea2b5d9,ensemble,"{""base"": ""minvar"", ""borrow_bps"": 50.0, ""cap"": 1.0, ""control"": ""event"", ""covariance_days"": 126, ""diagnostic"": ""target_low_base"", ""family"": ""ensemble"", ""har_train_min"": 504, ""lookback"": 63, ""overlay"": false, ""static_exposure"": null, ""target"": 0.09000000000000001, ""threshold"": 0.05, ""trial_id"": ""E4"", ""universe"": [""SPY"", ""TLT"", ""GLD""]}",development+reused_validation,5.0 bp risky purchases+sales; borrow rf+50.0 bp,started,results/20261004T003708-e3127963/E4-target_low_base-1b8b689c03.csv,Attempt retained even if process fails,False
E4-target_low_base-1b8b689c03,2026-10-04T00:43:05.278420+00:00,f953cc6eadb2efb7f124791a8afd2815663fbf45083f58fe7e4fa892c609676c,5f04159f52c645b6503f8744058f5d8b248158d9,e5f957a2b78b4a08cede2183cd59012f73beaffc38f0821d43bb458df08be222:5eb2ada6d8d007969c111064ae6c5de089e8bd61c0156cb49cc98484cea2b5d9,ensemble,"{""base"": ""minvar"", ""borrow_bps"": 50.0, ""cap"": 1.0, ""control"": ""event"", ""covariance_days"": 126, ""diagnostic"": ""target_low_base"", ""family"": ""ensemble"", ""har_train_min"": 504, ""lookback"": 63, ""overlay"": false, ""static_exposure"": null, ""target"": 0.09000000000000001, ""threshold"": 0.05, ""trial_id"": ""E4"", ""universe"": [""SPY"", ""TLT"", ""GLD""]}",development+reused_validation,5.0 bp risky purchases+sales; borrow rf+50.0 bp,completed,results/20261004T003708-e3127963/E4-target_low_base-1b8b689c03.csv,No OOS retuning; diagnostic not eligible for selection,False
E4-target_high-8ddf6472da,2026-10-04T00:43:06.892083+00:00,f953cc6eadb2efb7f124791a8afd2815663fbf45083f58fe7e4fa892c609676c,5f04159f52c645b6503f8744058f5d8b248158d9,e5f957a2b78b4a08cede2183cd59012f73beaffc38f0821d43bb458df08be222:5eb2ada6d8d007969c111064ae6c5de089e8bd61c0156cb49cc98484cea2b5d9,ensemble,"{""base"": ""minvar"", ""borrow_bps"": 50.0, ""cap"": 1.0, ""control"": ""event"", ""covariance_days"": 126, ""diagnostic"": ""target_high"", ""family"": ""ensemble"", ""har_train_min"": 504, ""lookback"": 63, ""overlay"": true, ""static_exposure"": null, ""target"": 0.11, ""threshold"": 0.05, ""trial_id"": ""E4"", ""universe"": [""SPY"", ""TLT"", ""GLD""]}",development+reused_validation,5.0 bp risky purchases+sales; borrow rf+50.0 bp,started,results/20261004T003708-e3127963/E4-target_high-8ddf6472da.csv,Attempt retained even if process fails,False
E4-target_high-8ddf6472da,2026-10-04T00:43:06.892083+00:00,f953cc6eadb2efb7f124791a8afd2815663fbf45083f58fe7e4fa892c609676c,5f04159f52c645b6503f8744058f5d8b248158d9,e5f957a2b78b4a08cede2183cd59012f73beaffc38f0821d43bb458df08be222:5eb2ada6d8d007969c111064ae6c5de089e8bd61c0156cb49cc98484cea2b5d9,ensemble,"{""base"": ""minvar"", ""borrow_bps"": 50.0, ""cap"": 1.0, ""control"": ""event"", ""covariance_days"": 126, ""diagnostic"": ""target_high"", ""family"": ""ensemble"", ""har_train_min"": 504, ""lookback"": 63, ""overlay"": true, ""static_exposure"": null, ""target"": 0.11, ""threshold"": 0.05, ""trial_id"": ""E4"", ""universe"": [""SPY"", ""TLT"", ""GLD""]}",development+reused_validation,5.0 bp risky purchases+sales; borrow rf+50.0 bp,completed,results/20261004T003708-e3127963/E4-target_high-8ddf6472da.csv,No OOS retuning; diagnostic not eligible for selection,False
E4-target_high_base-3000afa9d0,2026-10-04T00:43:08.547139+00:00,f953cc6eadb2efb7f124791a8afd2815663fbf45083f58fe7e4fa892c609676c,5f04159f52c645b6503f8744058f5d8b248158d9,e5f957a2b78b4a08cede2183cd59012f73beaffc38f0821d43bb458df08be222:5eb2ada6d8d007969c111064ae6c5de089e8bd61c0156cb49cc98484cea2b5d9,ensemble,"{""base"": ""minvar"", ""borrow_bps"": 50.0, ""cap"": 1.0, ""control"": ""event"", ""covariance_days"": 126, ""diagnostic"": ""target_high_base"", ""family"": ""ensemble"", ""har_train_min"": 504, ""lookback"": 63, ""overlay"": false, ""static_exposure"": null, ""target"": 0.11, ""threshold"": 0.05, ""trial_id"": ""E4"", ""universe"": [""SPY"", ""TLT"", ""GLD""]}",development+reused_validation,5.0 bp risky purchases+sales; borrow rf+50.0 bp,started,results/20261004T003708-e3127963/E4-target_high_base-3000afa9d0.csv,Attempt retained even if process fails,False
E4-target_high_base-3000afa9d0,2026-10-04T00:43:08.547139+00:00,f953cc6eadb2efb7f124791a8afd2815663fbf45083f58fe7e4fa892c609676c,5f04159f52c645b6503f8744058f5d8b248158d9,e5f957a2b78b4a08cede2183cd59012f73beaffc38f0821d43bb458df08be222:5eb2ada6d8d007969c111064ae6c5de089e8bd61c0156cb49cc98484cea2b5d9,ensemble,"{""base"": ""minvar"", ""borrow_bps"": 50.0, ""cap"": 1.0, ""control"": ""event"", ""covariance_days"": 126, ""diagnostic"": ""target_high_base"", ""family"": ""ensemble"", ""har_train_min"": 504, ""lookback"": 63, ""overlay"": false, ""static_exposure"": null, ""target"": 0.11, ""threshold"": 0.05, ""trial_id"": ""E4"", ""universe"": [""SPY"", ""TLT"", ""GLD""]}",development+reused_validation,5.0 bp risky purchases+sales; borrow rf+50.0 bp,completed,results/20261004T003708-e3127963/E4-target_high_base-3000afa9d0.csv,No OOS retuning; diagnostic not eligible for selection,False
E4-lookback_low-023bb47203,2026-10-04T00:43:10.158176+00:00,f953cc6eadb2efb7f124791a8afd2815663fbf45083f58fe7e4fa892c609676c,5f04159f52c645b6503f8744058f5d8b248158d9,e5f957a2b78b4a08cede2183cd59012f73beaffc38f0821d43bb458df08be222:5eb2ada6d8d007969c111064ae6c5de089e8bd61c0156cb49cc98484cea2b5d9,ensemble,"{""base"": ""minvar"", ""borrow_bps"": 50.0, ""cap"": 1.0, ""control"": ""event"", ""covariance_days"": 101, ""diagnostic"": ""lookback_low"", ""family"": ""ensemble"", ""har_train_min"": 403, ""lookback"": 50, ""overlay"": true, ""static_exposure"": null, ""target"": 0.1, ""threshold"": 0.05, ""trial_id"": ""E4"", ""universe"": [""SPY"", ""TLT"", ""GLD""]}",development+reused_validation,5.0 bp risky purchases+sales; borrow rf+50.0 bp,started,results/20261004T003708-e3127963/E4-lookback_low-023bb47203.csv,Attempt retained even if process fails,False
E4-lookback_low-023bb47203,2026-10-04T00:43:10.158176+00:00,f953cc6eadb2efb7f124791a8afd2815663fbf45083f58fe7e4fa892c609676c,5f04159f52c645b6503f8744058f5d8b248158d9,e5f957a2b78b4a08cede2183cd59012f73beaffc38f0821d43bb458df08be222:5eb2ada6d8d007969c111064ae6c5de089e8bd61c0156cb49cc98484cea2b5d9,ensemble,"{""base"": ""minvar"", ""borrow_bps"": 50.0, ""cap"": 1.0, ""control"": ""event"", ""covariance_days"": 101, ""diagnostic"": ""lookback_low"", ""family"": ""ensemble"", ""har_train_min"": 403, ""lookback"": 50, ""overlay"": true, ""static_exposure"": null, ""target"": 0.1, ""threshold"": 0.05, ""trial_id"": ""E4"", ""universe"": [""SPY"", ""TLT"", ""GLD""]}",development+reused_validation,5.0 bp risky purchases+sales; borrow rf+50.0 bp,completed,results/20261004T003708-e3127963/E4-lookback_low-023bb47203.csv,No OOS retuning; diagnostic not eligible for selection,False
E4-lookback_low_base-623a4eba15,2026-10-04T00:43:11.766711+00:00,f953cc6eadb2efb7f124791a8afd2815663fbf45083f58fe7e4fa892c609676c,5f04159f52c645b6503f8744058f5d8b248158d9,e5f957a2b78b4a08cede2183cd59012f73beaffc38f0821d43bb458df08be222:5eb2ada6d8d007969c111064ae6c5de089e8bd61c0156cb49cc98484cea2b5d9,ensemble,"{""base"": ""minvar"", ""borrow_bps"": 50.0, ""cap"": 1.0, ""control"": ""event"", ""covariance_days"": 101, ""diagnostic"": ""lookback_low_base"", ""family"": ""ensemble"", ""har_train_min"": 403, ""lookback"": 50, ""overlay"": false, ""static_exposure"": null, ""target"": 0.1, ""threshold"": 0.05, ""trial_id"": ""E4"", ""universe"": [""SPY"", ""TLT"", ""GLD""]}",development+reused_validation,5.0 bp risky purchases+sales; borrow rf+50.0 bp,started,results/20261004T003708-e3127963/E4-lookback_low_base-623a4eba15.csv,Attempt retained even if process fails,False
E4-lookback_low_base-623a4eba15,2026-10-04T00:43:11.766711+00:00,f953cc6eadb2efb7f124791a8afd2815663fbf45083f58fe7e4fa892c609676c,5f04159f52c645b6503f8744058f5d8b248158d9,e5f957a2b78b4a08cede2183cd59012f73beaffc38f0821d43bb458df08be222:5eb2ada6d8d007969c111064ae6c5de089e8bd61c0156cb49cc98484cea2b5d9,ensemble,"{""base"": ""minvar"", ""borrow_bps"": 50.0, ""cap"": 1.0, ""control"": ""event"", ""covariance_days"": 101, ""diagnostic"": ""lookback_low_base"", ""family"": ""ensemble"", ""har_train_min"": 403, ""lookback"": 50, ""overlay"": false, ""static_exposure"": null, ""target"": 0.1, ""threshold"": 0.05, ""trial_id"": ""E4"", ""universe"": [""SPY"", ""TLT"", ""GLD""]}",development+reused_validation,5.0 bp risky purchases+sales; borrow rf+50.0 bp,completed,results/20261004T003708-e3127963/E4-lookback_low_base-623a4eba15.csv,No OOS retuning; diagnostic not eligible for selection,False
E4-lookback_high-8502235ecc,2026-10-04T00:43:13.375475+00:00,f953cc6eadb2efb7f124791a8afd2815663fbf45083f58fe7e4fa892c609676c,5f04159f52c645b6503f8744058f5d8b248158d9,e5f957a2b78b4a08cede2183cd59012f73beaffc38f0821d43bb458df08be222:5eb2ada6d8d007969c111064ae6c5de089e8bd61c0156cb49cc98484cea2b5d9,ensemble,"{""base"": ""minvar"", ""borrow_bps"": 50.0, ""cap"": 1.0, ""control"": ""event"", ""covariance_days"": 151, ""diagnostic"": ""lookback_high"", ""family"": ""ensemble"", ""har_train_min"": 605, ""lookback"": 76, ""overlay"": true, ""static_exposure"": null, ""target"": 0.1, ""threshold"": 0.05, ""trial_id"": ""E4"", ""universe"": [""SPY"", ""TLT"", ""GLD""]}",development+reused_validation,5.0 bp risky purchases+sales; borrow rf+50.0 bp,started,results/20261004T003708-e3127963/E4-lookback_high-8502235ecc.csv,Attempt retained even if process fails,False
E4-lookback_high-8502235ecc,2026-10-04T00:43:13.375475+00:00,f953cc6eadb2efb7f124791a8afd2815663fbf45083f58fe7e4fa892c609676c,5f04159f52c645b6503f8744058f5d8b248158d9,e5f957a2b78b4a08cede2183cd59012f73beaffc38f0821d43bb458df08be222:5eb2ada6d8d007969c111064ae6c5de089e8bd61c0156cb49cc98484cea2b5d9,ensemble,"{""base"": ""minvar"", ""borrow_bps"": 50.0, ""cap"": 1.0, ""control"": ""event"", ""covariance_days"": 151, ""diagnostic"": ""lookback_high"", ""family"": ""ensemble"", ""har_train_min"": 605, ""lookback"": 76, ""overlay"": true, ""static_exposure"": null, ""target"": 0.1, ""threshold"": 0.05, ""trial_id"": ""E4"", ""universe"": [""SPY"", ""TLT"", ""GLD""]}",development+reused_validation,5.0 bp risky purchases+sales; borrow rf+50.0 bp,completed,results/20261004T003708-e3127963/E4-lookback_high-8502235ecc.csv,No OOS retuning; diagnostic not eligible for selection,False
E4-lookback_high_base-db1819ca29,2026-10-04T00:43:14.984939+00:00,f953cc6eadb2efb7f124791a8afd2815663fbf45083f58fe7e4fa892c609676c,5f04159f52c645b6503f8744058f5d8b248158d9,e5f957a2b78b4a08cede2183cd59012f73beaffc38f0821d43bb458df08be222:5eb2ada6d8d007969c111064ae6c5de089e8bd61c0156cb49cc98484cea2b5d9,ensemble,"{""base"": ""minvar"", ""borrow_bps"": 50.0, ""cap"": 1.0, ""control"": ""event"", ""covariance_days"": 151, ""diagnostic"": ""lookback_high_base"", ""family"": ""ensemble"", ""har_train_min"": 605, ""lookback"": 76, ""overlay"": false, ""static_exposure"": null, ""target"": 0.1, ""threshold"": 0.05, ""trial_id"": ""E4"", ""universe"": [""SPY"", ""TLT"", ""GLD""]}",development+reused_validation,5.0 bp risky purchases+sales; borrow rf+50.0 bp,started,results/20261004T003708-e3127963/E4-lookback_high_base-db1819ca29.csv,Attempt retained even if process fails,False
E4-lookback_high_base-db1819ca29,2026-10-04T00:43:14.984939+00:00,f953cc6eadb2efb7f124791a8afd2815663fbf45083f58fe7e4fa892c609676c,5f04159f52c645b6503f8744058f5d8b248158d9,e5f957a2b78b4a08cede2183cd59012f73beaffc38f0821d43bb458df08be222:5eb2ada6d8d007969c111064ae6c5de089e8bd61c0156cb49cc98484cea2b5d9,ensemble,"{""base"": ""minvar"", ""borrow_bps"": 50.0, ""cap"": 1.0, ""control"": ""event"", ""covariance_days"": 151, ""diagnostic"": ""lookback_high_base"", ""family"": ""ensemble"", ""har_train_min"": 605, ""lookback"": 76, ""overlay"": false, ""static_exposure"": null, ""target"": 0.1, ""threshold"": 0.05, ""trial_id"": ""E4"", ""universe"": [""SPY"", ""TLT"", ""GLD""]}",development+reused_validation,5.0 bp risky purchases+sales; borrow rf+50.0 bp,completed,results/20261004T003708-e3127963/E4-lookback_high_base-db1819ca29.csv,No OOS retuning; diagnostic not eligible for selection,False
E4-trigger_low-a59ebb6b0d,2026-10-04T00:43:16.621326+00:00,f953cc6eadb2efb7f124791a8afd2815663fbf45083f58fe7e4fa892c609676c,5f04159f52c645b6503f8744058f5d8b248158d9,e5f957a2b78b4a08cede2183cd59012f73beaffc38f0821d43bb458df08be222:5eb2ada6d8d007969c111064ae6c5de089e8bd61c0156cb49cc98484cea2b5d9,ensemble,"{""base"": ""minvar"", ""borrow_bps"": 50.0, ""cap"": 1.0, ""control"": ""event"", ""covariance_days"": 126, ""diagnostic"": ""trigger_low"", ""family"": ""ensemble"", ""har_train_min"": 504, ""lookback"": 63, ""overlay"": true, ""static_exposure"": null, ""target"": 0.1, ""threshold"": 0.04, ""trial_id"": ""E4"", ""universe"": [""SPY"", ""TLT"", ""GLD""]}",development+reused_validation,5.0 bp risky purchases+sales; borrow rf+50.0 bp,started,results/20261004T003708-e3127963/E4-trigger_low-a59ebb6b0d.csv,Attempt retained even if process fails,False
E4-trigger_low-a59ebb6b0d,2026-10-04T00:43:16.621326+00:00,f953cc6eadb2efb7f124791a8afd2815663fbf45083f58fe7e4fa892c609676c,5f04159f52c645b6503f8744058f5d8b248158d9,e5f957a2b78b4a08cede2183cd59012f73beaffc38f0821d43bb458df08be222:5eb2ada6d8d007969c111064ae6c5de089e8bd61c0156cb49cc98484cea2b5d9,ensemble,"{""base"": ""minvar"", ""borrow_bps"": 50.0, ""cap"": 1.0, ""control"": ""event"", ""covariance_days"": 126, ""diagnostic"": ""trigger_low"", ""family"": ""ensemble"", ""har_train_min"": 504, ""lookback"": 63, ""overlay"": true, ""static_exposure"": null, ""target"": 0.1, ""threshold"": 0.04, ""trial_id"": ""E4"", ""universe"": [""SPY"", ""TLT"", ""GLD""]}",development+reused_validation,5.0 bp risky purchases+sales; borrow rf+50.0 bp,completed,results/20261004T003708-e3127963/E4-trigger_low-a59ebb6b0d.csv,No OOS retuning; diagnostic not eligible for selection,False
E4-trigger_low_base-2191e85d20,2026-10-04T00:43:18.235522+00:00,f953cc6eadb2efb7f124791a8afd2815663fbf45083f58fe7e4fa892c609676c,5f04159f52c645b6503f8744058f5d8b248158d9,e5f957a2b78b4a08cede2183cd59012f73beaffc38f0821d43bb458df08be222:5eb2ada6d8d007969c111064ae6c5de089e8bd61c0156cb49cc98484cea2b5d9,ensemble,"{""base"": ""minvar"", ""borrow_bps"": 50.0, ""cap"": 1.0, ""control"": ""event"", ""covariance_days"": 126, ""diagnostic"": ""trigger_low_base"", ""family"": ""ensemble"", ""har_train_min"": 504, ""lookback"": 63, ""overlay"": false, ""static_exposure"": null, ""target"": 0.1, ""threshold"": 0.04, ""trial_id"": ""E4"", ""universe"": [""SPY"", ""TLT"", ""GLD""]}",development+reused_validation,5.0 bp risky purchases+sales; borrow rf+50.0 bp,started,results/20261004T003708-e3127963/E4-trigger_low_base-2191e85d20.csv,Attempt retained even if process fails,False
E4-trigger_low_base-2191e85d20,2026-10-04T00:43:18.235522+00:00,f953cc6eadb2efb7f124791a8afd2815663fbf45083f58fe7e4fa892c609676c,5f04159f52c645b6503f8744058f5d8b248158d9,e5f957a2b78b4a08cede2183cd59012f73beaffc38f0821d43bb458df08be222:5eb2ada6d8d007969c111064ae6c5de089e8bd61c0156cb49cc98484cea2b5d9,ensemble,"{""base"": ""minvar"", ""borrow_bps"": 50.0, ""cap"": 1.0, ""control"": ""event"", ""covariance_days"": 126, ""diagnostic"": ""trigger_low_base"", ""family"": ""ensemble"", ""har_train_min"": 504, ""lookback"": 63, ""overlay"": false, ""static_exposure"": null, ""target"": 0.1, ""threshold"": 0.04, ""trial_id"": ""E4"", ""universe"": [""SPY"", ""TLT"", ""GLD""]}",development+reused_validation,5.0 bp risky purchases+sales; borrow rf+50.0 bp,completed,results/20261004T003708-e3127963/E4-trigger_low_base-2191e85d20.csv,No OOS retuning; diagnostic not eligible for selection,False
E4-trigger_high-528ea40d14,2026-10-04T00:43:19.840159+00:00,f953cc6eadb2efb7f124791a8afd2815663fbf45083f58fe7e4fa892c609676c,5f04159f52c645b6503f8744058f5d8b248158d9,e5f957a2b78b4a08cede2183cd59012f73beaffc38f0821d43bb458df08be222:5eb2ada6d8d007969c111064ae6c5de089e8bd61c0156cb49cc98484cea2b5d9,ensemble,"{""base"": ""minvar"", ""borrow_bps"": 50.0, ""cap"": 1.0, ""control"": ""event"", ""covariance_days"": 126, ""diagnostic"": ""trigger_high"", ""family"": ""ensemble"", ""har_train_min"": 504, ""lookback"": 63, ""overlay"": true, ""static_exposure"": null, ""target"": 0.1, ""threshold"": 0.06, ""trial_id"": ""E4"", ""universe"": [""SPY"", ""TLT"", ""GLD""]}",development+reused_validation,5.0 bp risky purchases+sales; borrow rf+50.0 bp,started,results/20261004T003708-e3127963/E4-trigger_high-528ea40d14.csv,Attempt retained even if process fails,False
E4-trigger_high-528ea40d14,2026-10-04T00:43:19.840159+00:00,f953cc6eadb2efb7f124791a8afd2815663fbf45083f58fe7e4fa892c609676c,5f04159f52c645b6503f8744058f5d8b248158d9,e5f957a2b78b4a08cede2183cd59012f73beaffc38f0821d43bb458df08be222:5eb2ada6d8d007969c111064ae6c5de089e8bd61c0156cb49cc98484cea2b5d9,ensemble,"{""base"": ""minvar"", ""borrow_bps"": 50.0, ""cap"": 1.0, ""control"": ""event"", ""covariance_days"": 126, ""diagnostic"": ""trigger_high"", ""family"": ""ensemble"", ""har_train_min"": 504, ""lookback"": 63, ""overlay"": true, ""static_exposure"": null, ""target"": 0.1, ""threshold"": 0.06, ""trial_id"": ""E4"", ""universe"": [""SPY"", ""TLT"", ""GLD""]}",development+reused_validation,5.0 bp risky purchases+sales; borrow rf+50.0 bp,completed,results/20261004T003708-e3127963/E4-trigger_high-528ea40d14.csv,No OOS retuning; diagnostic not eligible for selection,False
E4-trigger_high_base-8b00428184,2026-10-04T00:43:21.446365+00:00,f953cc6eadb2efb7f124791a8afd2815663fbf45083f58fe7e4fa892c609676c,5f04159f52c645b6503f8744058f5d8b248158d9,e5f957a2b78b4a08cede2183cd59012f73beaffc38f0821d43bb458df08be222:5eb2ada6d8d007969c111064ae6c5de089e8bd61c0156cb49cc98484cea2b5d9,ensemble,"{""base"": ""minvar"", ""borrow_bps"": 50.0, ""cap"": 1.0, ""control"": ""event"", ""covariance_days"": 126, ""diagnostic"": ""trigger_high_base"", ""family"": ""ensemble"", ""har_train_min"": 504, ""lookback"": 63, ""overlay"": false, ""static_exposure"": null, ""target"": 0.1, ""threshold"": 0.06, ""trial_id"": ""E4"", ""universe"": [""SPY"", ""TLT"", ""GLD""]}",development+reused_validation,5.0 bp risky purchases+sales; borrow rf+50.0 bp,started,results/20261004T003708-e3127963/E4-trigger_high_base-8b00428184.csv,Attempt retained even if process fails,False
E4-trigger_high_base-8b00428184,2026-10-04T00:43:21.446365+00:00,f953cc6eadb2efb7f124791a8afd2815663fbf45083f58fe7e4fa892c609676c,5f04159f52c645b6503f8744058f5d8b248158d9,e5f957a2b78b4a08cede2183cd59012f73beaffc38f0821d43bb458df08be222:5eb2ada6d8d007969c111064ae6c5de089e8bd61c0156cb49cc98484cea2b5d9,ensemble,"{""base"": ""minvar"", ""borrow_bps"": 50.0, ""cap"": 1.0, ""control"": ""event"", ""covariance_days"": 126, ""diagnostic"": ""trigger_high_base"", ""family"": ""ensemble"", ""har_train_min"": 504, ""lookback"": 63, ""overlay"": false, ""static_exposure"": null, ""target"": 0.1, ""threshold"": 0.06, ""trial_id"": ""E4"", ""universe"": [""SPY"", ""TLT"", ""GLD""]}",development+reused_validation,5.0 bp risky purchases+sales; borrow rf+50.0 bp,completed,results/20261004T003708-e3127963/E4-trigger_high_base-8b00428184.csv,No OOS retuning; diagnostic not eligible for selection,False
E5-double_cost-524601a370,2026-10-04T00:43:23.103362+00:00,f953cc6eadb2efb7f124791a8afd2815663fbf45083f58fe7e4fa892c609676c,5f04159f52c645b6503f8744058f5d8b248158d9,e5f957a2b78b4a08cede2183cd59012f73beaffc38f0821d43bb458df08be222:5eb2ada6d8d007969c111064ae6c5de089e8bd61c0156cb49cc98484cea2b5d9,ensemble,"{""base"": ""erc"", ""borrow_bps"": 50.0, ""cap"": 1.0, ""control"": ""event"", ""covariance_days"": 126, ""diagnostic"": ""double_cost"", ""family"": ""ensemble"", ""har_train_min"": 504, ""lookback"": 63, ""overlay"": true, ""static_exposure"": null, ""target"": 0.1, ""threshold"": 0.05, ""trial_id"": ""E5"", ""universe"": [""SPY"", ""TLT"", ""GLD""]}",development+reused_validation,10 bp risky purchases+sales; borrow rf+50.0 bp,started,results/20261004T003708-e3127963/E5-double_cost-524601a370.csv,Attempt retained even if process fails,False
E5-double_cost-524601a370,2026-10-04T00:43:23.103362+00:00,f953cc6eadb2efb7f124791a8afd2815663fbf45083f58fe7e4fa892c609676c,5f04159f52c645b6503f8744058f5d8b248158d9,e5f957a2b78b4a08cede2183cd59012f73beaffc38f0821d43bb458df08be222:5eb2ada6d8d007969c111064ae6c5de089e8bd61c0156cb49cc98484cea2b5d9,ensemble,"{""base"": ""erc"", ""borrow_bps"": 50.0, ""cap"": 1.0, ""control"": ""event"", ""covariance_days"": 126, ""diagnostic"": ""double_cost"", ""family"": ""ensemble"", ""har_train_min"": 504, ""lookback"": 63, ""overlay"": true, ""static_exposure"": null, ""target"": 0.1, ""threshold"": 0.05, ""trial_id"": ""E5"", ""universe"": [""SPY"", ""TLT"", ""GLD""]}",development+reused_validation,10 bp risky purchases+sales; borrow rf+50.0 bp,completed,results/20261004T003708-e3127963/E5-double_cost-524601a370.csv,No OOS retuning; diagnostic not eligible for selection,False
E5-double_cost_base-e39d859782,2026-10-04T00:43:24.800876+00:00,f953cc6eadb2efb7f124791a8afd2815663fbf45083f58fe7e4fa892c609676c,5f04159f52c645b6503f8744058f5d8b248158d9,e5f957a2b78b4a08cede2183cd59012f73beaffc38f0821d43bb458df08be222:5eb2ada6d8d007969c111064ae6c5de089e8bd61c0156cb49cc98484cea2b5d9,ensemble,"{""base"": ""erc"", ""borrow_bps"": 50.0, ""cap"": 1.0, ""control"": ""event"", ""covariance_days"": 126, ""diagnostic"": ""double_cost_base"", ""family"": ""ensemble"", ""har_train_min"": 504, ""lookback"": 63, ""overlay"": false, ""static_exposure"": null, ""target"": 0.1, ""threshold"": 0.05, ""trial_id"": ""E5"", ""universe"": [""SPY"", ""TLT"", ""GLD""]}",development+reused_validation,10 bp risky purchases+sales; borrow rf+50.0 bp,started,results/20261004T003708-e3127963/E5-double_cost_base-e39d859782.csv,Attempt retained even if process fails,False
E5-double_cost_base-e39d859782,2026-10-04T00:43:24.800876+00:00,f953cc6eadb2efb7f124791a8afd2815663fbf45083f58fe7e4fa892c609676c,5f04159f52c645b6503f8744058f5d8b248158d9,e5f957a2b78b4a08cede2183cd59012f73beaffc38f0821d43bb458df08be222:5eb2ada6d8d007969c111064ae6c5de089e8bd61c0156cb49cc98484cea2b5d9,ensemble,"{""base"": ""erc"", ""borrow_bps"": 50.0, ""cap"": 1.0, ""control"": ""event"", ""covariance_days"": 126, ""diagnostic"": ""double_cost_base"", ""family"": ""ensemble"", ""har_train_min"": 504, ""lookback"": 63, ""overlay"": false, ""static_exposure"": null, ""target"": 0.1, ""threshold"": 0.05, ""trial_id"": ""E5"", ""universe"": [""SPY"", ""TLT"", ""GLD""]}",development+reused_validation,10 bp risky purchases+sales; borrow rf+50.0 bp,completed,results/20261004T003708-e3127963/E5-double_cost_base-e39d859782.csv,No OOS retuning; diagnostic not eligible for selection,False
E5-target_low-5884023632,2026-10-04T00:43:26.711426+00:00,f953cc6eadb2efb7f124791a8afd2815663fbf45083f58fe7e4fa892c609676c,5f04159f52c645b6503f8744058f5d8b248158d9,e5f957a2b78b4a08cede2183cd59012f73beaffc38f0821d43bb458df08be222:5eb2ada6d8d007969c111064ae6c5de089e8bd61c0156cb49cc98484cea2b5d9,ensemble,"{""base"": ""erc"", ""borrow_bps"": 50.0, ""cap"": 1.0, ""control"": ""event"", ""covariance_days"": 126, ""diagnostic"": ""target_low"", ""family"": ""ensemble"", ""har_train_min"": 504, ""lookback"": 63, ""overlay"": true, ""static_exposure"": null, ""target"": 0.09000000000000001, ""threshold"": 0.05, ""trial_id"": ""E5"", ""universe"": [""SPY"", ""TLT"", ""GLD""]}",development+reused_validation,5.0 bp risky purchases+sales; borrow rf+50.0 bp,started,results/20261004T003708-e3127963/E5-target_low-5884023632.csv,Attempt retained even if process fails,False
E5-target_low-5884023632,2026-10-04T00:43:26.711426+00:00,f953cc6eadb2efb7f124791a8afd2815663fbf45083f58fe7e4fa892c609676c,5f04159f52c645b6503f8744058f5d8b248158d9,e5f957a2b78b4a08cede2183cd59012f73beaffc38f0821d43bb458df08be222:5eb2ada6d8d007969c111064ae6c5de089e8bd61c0156cb49cc98484cea2b5d9,ensemble,"{""base"": ""erc"", ""borrow_bps"": 50.0, ""cap"": 1.0, ""control"": ""event"", ""covariance_days"": 126, ""diagnostic"": ""target_low"", ""family"": ""ensemble"", ""har_train_min"": 504, ""lookback"": 63, ""overlay"": true, ""static_exposure"": null, ""target"": 0.09000000000000001, ""threshold"": 0.05, ""trial_id"": ""E5"", ""universe"": [""SPY"", ""TLT"", ""GLD""]}",development+reused_validation,5.0 bp risky purchases+sales; borrow rf+50.0 bp,completed,results/20261004T003708-e3127963/E5-target_low-5884023632.csv,No OOS retuning; diagnostic not eligible for selection,False
E5-target_low_base-19a7eb0b34,2026-10-04T00:43:28.406464+00:00,f953cc6eadb2efb7f124791a8afd2815663fbf45083f58fe7e4fa892c609676c,5f04159f52c645b6503f8744058f5d8b248158d9,e5f957a2b78b4a08cede2183cd59012f73beaffc38f0821d43bb458df08be222:5eb2ada6d8d007969c111064ae6c5de089e8bd61c0156cb49cc98484cea2b5d9,ensemble,"{""base"": ""erc"", ""borrow_bps"": 50.0, ""cap"": 1.0, ""control"": ""event"", ""covariance_days"": 126, ""diagnostic"": ""target_low_base"", ""family"": ""ensemble"", ""har_train_min"": 504, ""lookback"": 63, ""overlay"": false, ""static_exposure"": null, ""target"": 0.09000000000000001, ""threshold"": 0.05, ""trial_id"": ""E5"", ""universe"": [""SPY"", ""TLT"", ""GLD""]}",development+reused_validation,5.0 bp risky purchases+sales; borrow rf+50.0 bp,started,results/20261004T003708-e3127963/E5-target_low_base-19a7eb0b34.csv,Attempt retained even if process fails,False
E5-target_low_base-19a7eb0b34,2026-10-04T00:43:28.406464+00:00,f953cc6eadb2efb7f124791a8afd2815663fbf45083f58fe7e4fa892c609676c,5f04159f52c645b6503f8744058f5d8b248158d9,e5f957a2b78b4a08cede2183cd59012f73beaffc38f0821d43bb458df08be222:5eb2ada6d8d007969c111064ae6c5de089e8bd61c0156cb49cc98484cea2b5d9,ensemble,"{""base"": ""erc"", ""borrow_bps"": 50.0, ""cap"": 1.0, ""control"": ""event"", ""covariance_days"": 126, ""diagnostic"": ""target_low_base"", ""family"": ""ensemble"", ""har_train_min"": 504, ""lookback"": 63, ""overlay"": false, ""static_exposure"": null, ""target"": 0.09000000000000001, ""threshold"": 0.05, ""trial_id"": ""E5"", ""universe"": [""SPY"", ""TLT"", ""GLD""]}",development+reused_validation,5.0 bp risky purchases+sales; borrow rf+50.0 bp,completed,results/20261004T003708-e3127963/E5-target_low_base-19a7eb0b34.csv,No OOS retuning; diagnostic not eligible for selection,False
E5-target_high-b849b3be5f,2026-10-04T00:43:30.099504+00:00,f953cc6eadb2efb7f124791a8afd2815663fbf45083f58fe7e4fa892c609676c,5f04159f52c645b6503f8744058f5d8b248158d9,e5f957a2b78b4a08cede2183cd59012f73beaffc38f0821d43bb458df08be222:5eb2ada6d8d007969c111064ae6c5de089e8bd61c0156cb49cc98484cea2b5d9,ensemble,"{""base"": ""erc"", ""borrow_bps"": 50.0, ""cap"": 1.0, ""control"": ""event"", ""covariance_days"": 126, ""diagnostic"": ""target_high"", ""family"": ""ensemble"", ""har_train_min"": 504, ""lookback"": 63, ""overlay"": true, ""static_exposure"": null, ""target"": 0.11, ""threshold"": 0.05, ""trial_id"": ""E5"", ""universe"": [""SPY"", ""TLT"", ""GLD""]}",development+reused_validation,5.0 bp risky purchases+sales; borrow rf+50.0 bp,started,results/20261004T003708-e3127963/E5-target_high-b849b3be5f.csv,Attempt retained even if process fails,False
E5-target_high-b849b3be5f,2026-10-04T00:43:30.099504+00:00,f953cc6eadb2efb7f124791a8afd2815663fbf45083f58fe7e4fa892c609676c,5f04159f52c645b6503f8744058f5d8b248158d9,e5f957a2b78b4a08cede2183cd59012f73beaffc38f0821d43bb458df08be222:5eb2ada6d8d007969c111064ae6c5de089e8bd61c0156cb49cc98484cea2b5d9,ensemble,"{""base"": ""erc"", ""borrow_bps"": 50.0, ""cap"": 1.0, ""control"": ""event"", ""covariance_days"": 126, ""diagnostic"": ""target_high"", ""family"": ""ensemble"", ""har_train_min"": 504, ""lookback"": 63, ""overlay"": true, ""static_exposure"": null, ""target"": 0.11, ""threshold"": 0.05, ""trial_id"": ""E5"", ""universe"": [""SPY"", ""TLT"", ""GLD""]}",development+reused_validation,5.0 bp risky purchases+sales; borrow rf+50.0 bp,completed,results/20261004T003708-e3127963/E5-target_high-b849b3be5f.csv,No OOS retuning; diagnostic not eligible for selection,False
E5-target_high_base-09ffd33011,2026-10-04T00:43:31.797925+00:00,f953cc6eadb2efb7f124791a8afd2815663fbf45083f58fe7e4fa892c609676c,5f04159f52c645b6503f8744058f5d8b248158d9,e5f957a2b78b4a08cede2183cd59012f73beaffc38f0821d43bb458df08be222:5eb2ada6d8d007969c111064ae6c5de089e8bd61c0156cb49cc98484cea2b5d9,ensemble,"{""base"": ""erc"", ""borrow_bps"": 50.0, ""cap"": 1.0, ""control"": ""event"", ""covariance_days"": 126, ""diagnostic"": ""target_high_base"", ""family"": ""ensemble"", ""har_train_min"": 504, ""lookback"": 63, ""overlay"": false, ""static_exposure"": null, ""target"": 0.11, ""threshold"": 0.05, ""trial_id"": ""E5"", ""universe"": [""SPY"", ""TLT"", ""GLD""]}",development+reused_validation,5.0 bp risky purchases+sales; borrow rf+50.0 bp,started,results/20261004T003708-e3127963/E5-target_high_base-09ffd33011.csv,Attempt retained even if process fails,False
E5-target_high_base-09ffd33011,2026-10-04T00:43:31.797925+00:00,f953cc6eadb2efb7f124791a8afd2815663fbf45083f58fe7e4fa892c609676c,5f04159f52c645b6503f8744058f5d8b248158d9,e5f957a2b78b4a08cede2183cd59012f73beaffc38f0821d43bb458df08be222:5eb2ada6d8d007969c111064ae6c5de089e8bd61c0156cb49cc98484cea2b5d9,ensemble,"{""base"": ""erc"", ""borrow_bps"": 50.0, ""cap"": 1.0, ""control"": ""event"", ""covariance_days"": 126, ""diagnostic"": ""target_high_base"", ""family"": ""ensemble"", ""har_train_min"": 504, ""lookback"": 63, ""overlay"": false, ""static_exposure"": null, ""target"": 0.11, ""threshold"": 0.05, ""trial_id"": ""E5"", ""universe"": [""SPY"", ""TLT"", ""GLD""]}",development+reused_validation,5.0 bp risky purchases+sales; borrow rf+50.0 bp,completed,results/20261004T003708-e3127963/E5-target_high_base-09ffd33011.csv,No OOS retuning; diagnostic not eligible for selection,False
E5-lookback_low-896b15569e,2026-10-04T00:43:33.491642+00:00,f953cc6eadb2efb7f124791a8afd2815663fbf45083f58fe7e4fa892c609676c,5f04159f52c645b6503f8744058f5d8b248158d9,e5f957a2b78b4a08cede2183cd59012f73beaffc38f0821d43bb458df08be222:5eb2ada6d8d007969c111064ae6c5de089e8bd61c0156cb49cc98484cea2b5d9,ensemble,"{""base"": ""erc"", ""borrow_bps"": 50.0, ""cap"": 1.0, ""control"": ""event"", ""covariance_days"": 101, ""diagnostic"": ""lookback_low"", ""family"": ""ensemble"", ""har_train_min"": 403, ""lookback"": 50, ""overlay"": true, ""static_exposure"": null, ""target"": 0.1, ""threshold"": 0.05, ""trial_id"": ""E5"", ""universe"": [""SPY"", ""TLT"", ""GLD""]}",development+reused_validation,5.0 bp risky purchases+sales; borrow rf+50.0 bp,started,results/20261004T003708-e3127963/E5-lookback_low-896b15569e.csv,Attempt retained even if process fails,False
E5-lookback_low-896b15569e,2026-10-04T00:43:33.491642+00:00,f953cc6eadb2efb7f124791a8afd2815663fbf45083f58fe7e4fa892c609676c,5f04159f52c645b6503f8744058f5d8b248158d9,e5f957a2b78b4a08cede2183cd59012f73beaffc38f0821d43bb458df08be222:5eb2ada6d8d007969c111064ae6c5de089e8bd61c0156cb49cc98484cea2b5d9,ensemble,"{""base"": ""erc"", ""borrow_bps"": 50.0, ""cap"": 1.0, ""control"": ""event"", ""covariance_days"": 101, ""diagnostic"": ""lookback_low"", ""family"": ""ensemble"", ""har_train_min"": 403, ""lookback"": 50, ""overlay"": true, ""static_exposure"": null, ""target"": 0.1, ""threshold"": 0.05, ""trial_id"": ""E5"", ""universe"": [""SPY"", ""TLT"", ""GLD""]}",development+reused_validation,5.0 bp risky purchases+sales; borrow rf+50.0 bp,completed,results/20261004T003708-e3127963/E5-lookback_low-896b15569e.csv,No OOS retuning; diagnostic not eligible for selection,False
E5-lookback_low_base-1bb5f8fd74,2026-10-04T00:43:35.213290+00:00,f953cc6eadb2efb7f124791a8afd2815663fbf45083f58fe7e4fa892c609676c,5f04159f52c645b6503f8744058f5d8b248158d9,e5f957a2b78b4a08cede2183cd59012f73beaffc38f0821d43bb458df08be222:5eb2ada6d8d007969c111064ae6c5de089e8bd61c0156cb49cc98484cea2b5d9,ensemble,"{""base"": ""erc"", ""borrow_bps"": 50.0, ""cap"": 1.0, ""control"": ""event"", ""covariance_days"": 101, ""diagnostic"": ""lookback_low_base"", ""family"": ""ensemble"", ""har_train_min"": 403, ""lookback"": 50, ""overlay"": false, ""static_exposure"": null, ""target"": 0.1, ""threshold"": 0.05, ""trial_id"": ""E5"", ""universe"": [""SPY"", ""TLT"", ""GLD""]}",development+reused_validation,5.0 bp risky purchases+sales; borrow rf+50.0 bp,started,results/20261004T003708-e3127963/E5-lookback_low_base-1bb5f8fd74.csv,Attempt retained even if process fails,False
E5-lookback_low_base-1bb5f8fd74,2026-10-04T00:43:35.213290+00:00,f953cc6eadb2efb7f124791a8afd2815663fbf45083f58fe7e4fa892c609676c,5f04159f52c645b6503f8744058f5d8b248158d9,e5f957a2b78b4a08cede2183cd59012f73beaffc38f0821d43bb458df08be222:5eb2ada6d8d007969c111064ae6c5de089e8bd61c0156cb49cc98484cea2b5d9,ensemble,"{""base"": ""erc"", ""borrow_bps"": 50.0, ""cap"": 1.0, ""control"": ""event"", ""covariance_days"": 101, ""diagnostic"": ""lookback_low_base"", ""family"": ""ensemble"", ""har_train_min"": 403, ""lookback"": 50, ""overlay"": false, ""static_exposure"": null, ""target"": 0.1, ""threshold"": 0.05, ""trial_id"": ""E5"", ""universe"": [""SPY"", ""TLT"", ""GLD""]}",development+reused_validation,5.0 bp risky purchases+sales; borrow rf+50.0 bp,completed,results/20261004T003708-e3127963/E5-lookback_low_base-1bb5f8fd74.csv,No OOS retuning; diagnostic not eligible for selection,False
E5-lookback_high-18d36324e6,2026-10-04T00:43:36.903518+00:00,f953cc6eadb2efb7f124791a8afd2815663fbf45083f58fe7e4fa892c609676c,5f04159f52c645b6503f8744058f5d8b248158d9,e5f957a2b78b4a08cede2183cd59012f73beaffc38f0821d43bb458df08be222:5eb2ada6d8d007969c111064ae6c5de089e8bd61c0156cb49cc98484cea2b5d9,ensemble,"{""base"": ""erc"", ""borrow_bps"": 50.0, ""cap"": 1.0, ""control"": ""event"", ""covariance_days"": 151, ""diagnostic"": ""lookback_high"", ""family"": ""ensemble"", ""har_train_min"": 605, ""lookback"": 76, ""overlay"": true, ""static_exposure"": null, ""target"": 0.1, ""threshold"": 0.05, ""trial_id"": ""E5"", ""universe"": [""SPY"", ""TLT"", ""GLD""]}",development+reused_validation,5.0 bp risky purchases+sales; borrow rf+50.0 bp,started,results/20261004T003708-e3127963/E5-lookback_high-18d36324e6.csv,Attempt retained even if process fails,False
E5-lookback_high-18d36324e6,2026-10-04T00:43:36.903518+00:00,f953cc6eadb2efb7f124791a8afd2815663fbf45083f58fe7e4fa892c609676c,5f04159f52c645b6503f8744058f5d8b248158d9,e5f957a2b78b4a08cede2183cd59012f73beaffc38f0821d43bb458df08be222:5eb2ada6d8d007969c111064ae6c5de089e8bd61c0156cb49cc98484cea2b5d9,ensemble,"{""base"": ""erc"", ""borrow_bps"": 50.0, ""cap"": 1.0, ""control"": ""event"", ""covariance_days"": 151, ""diagnostic"": ""lookback_high"", ""family"": ""ensemble"", ""har_train_min"": 605, ""lookback"": 76, ""overlay"": true, ""static_exposure"": null, ""target"": 0.1, ""threshold"": 0.05, ""trial_id"": ""E5"", ""universe"": [""SPY"", ""TLT"", ""GLD""]}",development+reused_validation,5.0 bp risky purchases+sales; borrow rf+50.0 bp,completed,results/20261004T003708-e3127963/E5-lookback_high-18d36324e6.csv,No OOS retuning; diagnostic not eligible for selection,False
E5-lookback_high_base-48ba9389f2,2026-10-04T00:43:38.602183+00:00,f953cc6eadb2efb7f124791a8afd2815663fbf45083f58fe7e4fa892c609676c,5f04159f52c645b6503f8744058f5d8b248158d9,e5f957a2b78b4a08cede2183cd59012f73beaffc38f0821d43bb458df08be222:5eb2ada6d8d007969c111064ae6c5de089e8bd61c0156cb49cc98484cea2b5d9,ensemble,"{""base"": ""erc"", ""borrow_bps"": 50.0, ""cap"": 1.0, ""control"": ""event"", ""covariance_days"": 151, ""diagnostic"": ""lookback_high_base"", ""family"": ""ensemble"", ""har_train_min"": 605, ""lookback"": 76, ""overlay"": false, ""static_exposure"": null, ""target"": 0.1, ""threshold"": 0.05, ""trial_id"": ""E5"", ""universe"": [""SPY"", ""TLT"", ""GLD""]}",development+reused_validation,5.0 bp risky purchases+sales; borrow rf+50.0 bp,started,results/20261004T003708-e3127963/E5-lookback_high_base-48ba9389f2.csv,Attempt retained even if process fails,False
E5-lookback_high_base-48ba9389f2,2026-10-04T00:43:38.602183+00:00,f953cc6eadb2efb7f124791a8afd2815663fbf45083f58fe7e4fa892c609676c,5f04159f52c645b6503f8744058f5d8b248158d9,e5f957a2b78b4a08cede2183cd59012f73beaffc38f0821d43bb458df08be222:5eb2ada6d8d007969c111064ae6c5de089e8bd61c0156cb49cc98484cea2b5d9,ensemble,"{""base"": ""erc"", ""borrow_bps"": 50.0, ""cap"": 1.0, ""control"": ""event"", ""covariance_days"": 151, ""diagnostic"": ""lookback_high_base"", ""family"": ""ensemble"", ""har_train_min"": 605, ""lookback"": 76, ""overlay"": false, ""static_exposure"": null, ""target"": 0.1, ""threshold"": 0.05, ""trial_id"": ""E5"", ""universe"": [""SPY"", ""TLT"", ""GLD""]}",development+reused_validation,5.0 bp risky purchases+sales; borrow rf+50.0 bp,completed,results/20261004T003708-e3127963/E5-lookback_high_base-48ba9389f2.csv,No OOS retuning; diagnostic not eligible for selection,False
E5-trigger_low-210481a88e,2026-10-04T00:43:40.313024+00:00,f953cc6eadb2efb7f124791a8afd2815663fbf45083f58fe7e4fa892c609676c,5f04159f52c645b6503f8744058f5d8b248158d9,e5f957a2b78b4a08cede2183cd59012f73beaffc38f0821d43bb458df08be222:5eb2ada6d8d007969c111064ae6c5de089e8bd61c0156cb49cc98484cea2b5d9,ensemble,"{""base"": ""erc"", ""borrow_bps"": 50.0, ""cap"": 1.0, ""control"": ""event"", ""covariance_days"": 126, ""diagnostic"": ""trigger_low"", ""family"": ""ensemble"", ""har_train_min"": 504, ""lookback"": 63, ""overlay"": true, ""static_exposure"": null, ""target"": 0.1, ""threshold"": 0.04, ""trial_id"": ""E5"", ""universe"": [""SPY"", ""TLT"", ""GLD""]}",development+reused_validation,5.0 bp risky purchases+sales; borrow rf+50.0 bp,started,results/20261004T003708-e3127963/E5-trigger_low-210481a88e.csv,Attempt retained even if process fails,False
E5-trigger_low-210481a88e,2026-10-04T00:43:40.313024+00:00,f953cc6eadb2efb7f124791a8afd2815663fbf45083f58fe7e4fa892c609676c,5f04159f52c645b6503f8744058f5d8b248158d9,e5f957a2b78b4a08cede2183cd59012f73beaffc38f0821d43bb458df08be222:5eb2ada6d8d007969c111064ae6c5de089e8bd61c0156cb49cc98484cea2b5d9,ensemble,"{""base"": ""erc"", ""borrow_bps"": 50.0, ""cap"": 1.0, ""control"": ""event"", ""covariance_days"": 126, ""diagnostic"": ""trigger_low"", ""family"": ""ensemble"", ""har_train_min"": 504, ""lookback"": 63, ""overlay"": true, ""static_exposure"": null, ""target"": 0.1, ""threshold"": 0.04, ""trial_id"": ""E5"", ""universe"": [""SPY"", ""TLT"", ""GLD""]}",development+reused_validation,5.0 bp risky purchases+sales; borrow rf+50.0 bp,completed,results/20261004T003708-e3127963/E5-trigger_low-210481a88e.csv,No OOS retuning; diagnostic not eligible for selection,False
E5-trigger_low_base-752b44e529,2026-10-04T00:43:42.223508+00:00,f953cc6eadb2efb7f124791a8afd2815663fbf45083f58fe7e4fa892c609676c,5f04159f52c645b6503f8744058f5d8b248158d9,e5f957a2b78b4a08cede2183cd59012f73beaffc38f0821d43bb458df08be222:5eb2ada6d8d007969c111064ae6c5de089e8bd61c0156cb49cc98484cea2b5d9,ensemble,"{""base"": ""erc"", ""borrow_bps"": 50.0, ""cap"": 1.0, ""control"": ""event"", ""covariance_days"": 126, ""diagnostic"": ""trigger_low_base"", ""family"": ""ensemble"", ""har_train_min"": 504, ""lookback"": 63, ""overlay"": false, ""static_exposure"": null, ""target"": 0.1, ""threshold"": 0.04, ""trial_id"": ""E5"", ""universe"": [""SPY"", ""TLT"", ""GLD""]}",development+reused_validation,5.0 bp risky purchases+sales; borrow rf+50.0 bp,started,results/20261004T003708-e3127963/E5-trigger_low_base-752b44e529.csv,Attempt retained even if process fails,False
E5-trigger_low_base-752b44e529,2026-10-04T00:43:42.223508+00:00,f953cc6eadb2efb7f124791a8afd2815663fbf45083f58fe7e4fa892c609676c,5f04159f52c645b6503f8744058f5d8b248158d9,e5f957a2b78b4a08cede2183cd59012f73beaffc38f0821d43bb458df08be222:5eb2ada6d8d007969c111064ae6c5de089e8bd61c0156cb49cc98484cea2b5d9,ensemble,"{""base"": ""erc"", ""borrow_bps"": 50.0, ""cap"": 1.0, ""control"": ""event"", ""covariance_days"": 126, ""diagnostic"": ""trigger_low_base"", ""family"": ""ensemble"", ""har_train_min"": 504, ""lookback"": 63, ""overlay"": false, ""static_exposure"": null, ""target"": 0.1, ""threshold"": 0.04, ""trial_id"": ""E5"", ""universe"": [""SPY"", ""TLT"", ""GLD""]}",development+reused_validation,5.0 bp risky purchases+sales; borrow rf+50.0 bp,completed,results/20261004T003708-e3127963/E5-trigger_low_base-752b44e529.csv,No OOS retuning; diagnostic not eligible for selection,False
E5-trigger_high-554bea7531,2026-10-04T00:43:44.059050+00:00,f953cc6eadb2efb7f124791a8afd2815663fbf45083f58fe7e4fa892c609676c,5f04159f52c645b6503f8744058f5d8b248158d9,e5f957a2b78b4a08cede2183cd59012f73beaffc38f0821d43bb458df08be222:5eb2ada6d8d007969c111064ae6c5de089e8bd61c0156cb49cc98484cea2b5d9,ensemble,"{""base"": ""erc"", ""borrow_bps"": 50.0, ""cap"": 1.0, ""control"": ""event"", ""covariance_days"": 126, ""diagnostic"": ""trigger_high"", ""family"": ""ensemble"", ""har_train_min"": 504, ""lookback"": 63, ""overlay"": true, ""static_exposure"": null, ""target"": 0.1, ""threshold"": 0.06, ""trial_id"": ""E5"", ""universe"": [""SPY"", ""TLT"", ""GLD""]}",development+reused_validation,5.0 bp risky purchases+sales; borrow rf+50.0 bp,started,results/20261004T003708-e3127963/E5-trigger_high-554bea7531.csv,Attempt retained even if process fails,False
E5-trigger_high-554bea7531,2026-10-04T00:43:44.059050+00:00,f953cc6eadb2efb7f124791a8afd2815663fbf45083f58fe7e4fa892c609676c,5f04159f52c645b6503f8744058f5d8b248158d9,e5f957a2b78b4a08cede2183cd59012f73beaffc38f0821d43bb458df08be222:5eb2ada6d8d007969c111064ae6c5de089e8bd61c0156cb49cc98484cea2b5d9,ensemble,"{""base"": ""erc"", ""borrow_bps"": 50.0, ""cap"": 1.0, ""control"": ""event"", ""covariance_days"": 126, ""diagnostic"": ""trigger_high"", ""family"": ""ensemble"", ""har_train_min"": 504, ""lookback"": 63, ""overlay"": true, ""static_exposure"": null, ""target"": 0.1, ""threshold"": 0.06, ""trial_id"": ""E5"", ""universe"": [""SPY"", ""TLT"", ""GLD""]}",development+reused_validation,5.0 bp risky purchases+sales; borrow rf+50.0 bp,completed,results/20261004T003708-e3127963/E5-trigger_high-554bea7531.csv,No OOS retuning; diagnostic not eligible for selection,False
E5-trigger_high_base-5e3f73ba22,2026-10-04T00:43:45.842012+00:00,f953cc6eadb2efb7f124791a8afd2815663fbf45083f58fe7e4fa892c609676c,5f04159f52c645b6503f8744058f5d8b248158d9,e5f957a2b78b4a08cede2183cd59012f73beaffc38f0821d43bb458df08be222:5eb2ada6d8d007969c111064ae6c5de089e8bd61c0156cb49cc98484cea2b5d9,ensemble,"{""base"": ""erc"", ""borrow_bps"": 50.0, ""cap"": 1.0, ""control"": ""event"", ""covariance_days"": 126, ""diagnostic"": ""trigger_high_base"", ""family"": ""ensemble"", ""har_train_min"": 504, ""lookback"": 63, ""overlay"": false, ""static_exposure"": null, ""target"": 0.1, ""threshold"": 0.06, ""trial_id"": ""E5"", ""universe"": [""SPY"", ""TLT"", ""GLD""]}",development+reused_validation,5.0 bp risky purchases+sales; borrow rf+50.0 bp,started,results/20261004T003708-e3127963/E5-trigger_high_base-5e3f73ba22.csv,Attempt retained even if process fails,False
E5-trigger_high_base-5e3f73ba22,2026-10-04T00:43:45.842012+00:00,f953cc6eadb2efb7f124791a8afd2815663fbf45083f58fe7e4fa892c609676c,5f04159f52c645b6503f8744058f5d8b248158d9,e5f957a2b78b4a08cede2183cd59012f73beaffc38f0821d43bb458df08be222:5eb2ada6d8d007969c111064ae6c5de089e8bd61c0156cb49cc98484cea2b5d9,ensemble,"{""base"": ""erc"", ""borrow_bps"": 50.0, ""cap"": 1.0, ""control"": ""event"", ""covariance_days"": 126, ""diagnostic"": ""trigger_high_base"", ""family"": ""ensemble"", ""har_train_min"": 504, ""lookback"": 63, ""overlay"": false, ""static_exposure"": null, ""target"": 0.1, ""threshold"": 0.06, ""trial_id"": ""E5"", ""universe"": [""SPY"", ""TLT"", ""GLD""]}",development+reused_validation,5.0 bp risky purchases+sales; borrow rf+50.0 bp,completed,results/20261004T003708-e3127963/E5-trigger_high_base-5e3f73ba22.csv,No OOS retuning; diagnostic not eligible for selection,False
E6-double_cost-3fc474039b,2026-10-04T00:43:47.614818+00:00,f953cc6eadb2efb7f124791a8afd2815663fbf45083f58fe7e4fa892c609676c,5f04159f52c645b6503f8744058f5d8b248158d9,e5f957a2b78b4a08cede2183cd59012f73beaffc38f0821d43bb458df08be222:5eb2ada6d8d007969c111064ae6c5de089e8bd61c0156cb49cc98484cea2b5d9,ensemble,"{""base"": ""erc"", ""borrow_bps"": 50.0, ""cap"": 1.0, ""control"": ""event"", ""covariance_days"": 126, ""diagnostic"": ""double_cost"", ""family"": ""ensemble"", ""har_train_min"": 504, ""lookback"": 63, ""overlay"": true, ""static_exposure"": null, ""target"": 0.1, ""threshold"": 0.05, ""trial_id"": ""E6"", ""universe"": [""QQQ"", ""IWM"", ""HYG"", ""TLT"", ""GLD"", ""DBC""]}",development+reused_validation,10 bp risky purchases+sales; borrow rf+50.0 bp,started,results/20261004T003708-e3127963/E6-double_cost-3fc474039b.csv,Attempt retained even if process fails,False
E6-double_cost-3fc474039b,2026-10-04T00:43:47.614818+00:00,f953cc6eadb2efb7f124791a8afd2815663fbf45083f58fe7e4fa892c609676c,5f04159f52c645b6503f8744058f5d8b248158d9,e5f957a2b78b4a08cede2183cd59012f73beaffc38f0821d43bb458df08be222:5eb2ada6d8d007969c111064ae6c5de089e8bd61c0156cb49cc98484cea2b5d9,ensemble,"{""base"": ""erc"", ""borrow_bps"": 50.0, ""cap"": 1.0, ""control"": ""event"", ""covariance_days"": 126, ""diagnostic"": ""double_cost"", ""family"": ""ensemble"", ""har_train_min"": 504, ""lookback"": 63, ""overlay"": true, ""static_exposure"": null, ""target"": 0.1, ""threshold"": 0.05, ""trial_id"": ""E6"", ""universe"": [""QQQ"", ""IWM"", ""HYG"", ""TLT"", ""GLD"", ""DBC""]}",development+reused_validation,10 bp risky purchases+sales; borrow rf+50.0 bp,completed,results/20261004T003708-e3127963/E6-double_cost-3fc474039b.csv,No OOS retuning; diagnostic not eligible for selection,False
E6-double_cost_base-811cdde690,2026-10-04T00:43:50.049392+00:00,f953cc6eadb2efb7f124791a8afd2815663fbf45083f58fe7e4fa892c609676c,5f04159f52c645b6503f8744058f5d8b248158d9,e5f957a2b78b4a08cede2183cd59012f73beaffc38f0821d43bb458df08be222:5eb2ada6d8d007969c111064ae6c5de089e8bd61c0156cb49cc98484cea2b5d9,ensemble,"{""base"": ""erc"", ""borrow_bps"": 50.0, ""cap"": 1.0, ""control"": ""event"", ""covariance_days"": 126, ""diagnostic"": ""double_cost_base"", ""family"": ""ensemble"", ""har_train_min"": 504, ""lookback"": 63, ""overlay"": false, ""static_exposure"": null, ""target"": 0.1, ""threshold"": 0.05, ""trial_id"": ""E6"", ""universe"": [""QQQ"", ""IWM"", ""HYG"", ""TLT"", ""GLD"", ""DBC""]}",development+reused_validation,10 bp risky purchases+sales; borrow rf+50.0 bp,started,results/20261004T003708-e3127963/E6-double_cost_base-811cdde690.csv,Attempt retained even if process fails,False
E6-double_cost_base-811cdde690,2026-10-04T00:43:50.049392+00:00,f953cc6eadb2efb7f124791a8afd2815663fbf45083f58fe7e4fa892c609676c,5f04159f52c645b6503f8744058f5d8b248158d9,e5f957a2b78b4a08cede2183cd59012f73beaffc38f0821d43bb458df08be222:5eb2ada6d8d007969c111064ae6c5de089e8bd61c0156cb49cc98484cea2b5d9,ensemble,"{""base"": ""erc"", ""borrow_bps"": 50.0, ""cap"": 1.0, ""control"": ""event"", ""covariance_days"": 126, ""diagnostic"": ""double_cost_base"", ""family"": ""ensemble"", ""har_train_min"": 504, ""lookback"": 63, ""overlay"": false, ""static_exposure"": null, ""target"": 0.1, ""threshold"": 0.05, ""trial_id"": ""E6"", ""universe"": [""QQQ"", ""IWM"", ""HYG"", ""TLT"", ""GLD"", ""DBC""]}",development+reused_validation,10 bp risky purchases+sales; borrow rf+50.0 bp,completed,results/20261004T003708-e3127963/E6-double_cost_base-811cdde690.csv,No OOS retuning; diagnostic not eligible for selection,False
E6-target_low-be1f3733cf,2026-10-04T00:43:52.964886+00:00,f953cc6eadb2efb7f124791a8afd2815663fbf45083f58fe7e4fa892c609676c,5f04159f52c645b6503f8744058f5d8b248158d9,e5f957a2b78b4a08cede2183cd59012f73beaffc38f0821d43bb458df08be222:5eb2ada6d8d007969c111064ae6c5de089e8bd61c0156cb49cc98484cea2b5d9,ensemble,"{""base"": ""erc"", ""borrow_bps"": 50.0, ""cap"": 1.0, ""control"": ""event"", ""covariance_days"": 126, ""diagnostic"": ""target_low"", ""family"": ""ensemble"", ""har_train_min"": 504, ""lookback"": 63, ""overlay"": true, ""static_exposure"": null, ""target"": 0.09000000000000001, ""threshold"": 0.05, ""trial_id"": ""E6"", ""universe"": [""QQQ"", ""IWM"", ""HYG"", ""TLT"", ""GLD"", ""DBC""]}",development+reused_validation,5.0 bp risky purchases+sales; borrow rf+50.0 bp,started,results/20261004T003708-e3127963/E6-target_low-be1f3733cf.csv,Attempt retained even if process fails,False
E6-target_low-be1f3733cf,2026-10-04T00:43:52.964886+00:00,f953cc6eadb2efb7f124791a8afd2815663fbf45083f58fe7e4fa892c609676c,5f04159f52c645b6503f8744058f5d8b248158d9,e5f957a2b78b4a08cede2183cd59012f73beaffc38f0821d43bb458df08be222:5eb2ada6d8d007969c111064ae6c5de089e8bd61c0156cb49cc98484cea2b5d9,ensemble,"{""base"": ""erc"", ""borrow_bps"": 50.0, ""cap"": 1.0, ""control"": ""event"", ""covariance_days"": 126, ""diagnostic"": ""target_low"", ""family"": ""ensemble"", ""har_train_min"": 504, ""lookback"": 63, ""overlay"": true, ""static_exposure"": null, ""target"": 0.09000000000000001, ""threshold"": 0.05, ""trial_id"": ""E6"", ""universe"": [""QQQ"", ""IWM"", ""HYG"", ""TLT"", ""GLD"", ""DBC""]}",development+reused_validation,5.0 bp risky purchases+sales; borrow rf+50.0 bp,completed,results/20261004T003708-e3127963/E6-target_low-be1f3733cf.csv,No OOS retuning; diagnostic not eligible for selection,False
E6-target_low_base-4407cd3f15,2026-10-04T00:43:55.399454+00:00,f953cc6eadb2efb7f124791a8afd2815663fbf45083f58fe7e4fa892c609676c,5f04159f52c645b6503f8744058f5d8b248158d9,e5f957a2b78b4a08cede2183cd59012f73beaffc38f0821d43bb458df08be222:5eb2ada6d8d007969c111064ae6c5de089e8bd61c0156cb49cc98484cea2b5d9,ensemble,"{""base"": ""erc"", ""borrow_bps"": 50.0, ""cap"": 1.0, ""control"": ""event"", ""covariance_days"": 126, ""diagnostic"": ""target_low_base"", ""family"": ""ensemble"", ""har_train_min"": 504, ""lookback"": 63, ""overlay"": false, ""static_exposure"": null, ""target"": 0.09000000000000001, ""threshold"": 0.05, ""trial_id"": ""E6"", ""universe"": [""QQQ"", ""IWM"", ""HYG"", ""TLT"", ""GLD"", ""DBC""]}",development+reused_validation,5.0 bp risky purchases+sales; borrow rf+50.0 bp,started,results/20261004T003708-e3127963/E6-target_low_base-4407cd3f15.csv,Attempt retained even if process fails,False
E6-target_low_base-4407cd3f15,2026-10-04T00:43:55.399454+00:00,f953cc6eadb2efb7f124791a8afd2815663fbf45083f58fe7e4fa892c609676c,5f04159f52c645b6503f8744058f5d8b248158d9,e5f957a2b78b4a08cede2183cd59012f73beaffc38f0821d43bb458df08be222:5eb2ada6d8d007969c111064ae6c5de089e8bd61c0156cb49cc98484cea2b5d9,ensemble,"{""base"": ""erc"", ""borrow_bps"": 50.0, ""cap"": 1.0, ""control"": ""event"", ""covariance_days"": 126, ""diagnostic"": ""target_low_base"", ""family"": ""ensemble"", ""har_train_min"": 504, ""lookback"": 63, ""overlay"": false, ""static_exposure"": null, ""target"": 0.09000000000000001, ""threshold"": 0.05, ""trial_id"": ""E6"", ""universe"": [""QQQ"", ""IWM"", ""HYG"", ""TLT"", ""GLD"", ""DBC""]}",development+reused_validation,5.0 bp risky purchases+sales; borrow rf+50.0 bp,completed,results/20261004T003708-e3127963/E6-target_low_base-4407cd3f15.csv,No OOS retuning; diagnostic not eligible for selection,False
E6-target_high-b391c43b30,2026-10-04T00:43:57.777001+00:00,f953cc6eadb2efb7f124791a8afd2815663fbf45083f58fe7e4fa892c609676c,5f04159f52c645b6503f8744058f5d8b248158d9,e5f957a2b78b4a08cede2183cd59012f73beaffc38f0821d43bb458df08be222:5eb2ada6d8d007969c111064ae6c5de089e8bd61c0156cb49cc98484cea2b5d9,ensemble,"{""base"": ""erc"", ""borrow_bps"": 50.0, ""cap"": 1.0, ""control"": ""event"", ""covariance_days"": 126, ""diagnostic"": ""target_high"", ""family"": ""ensemble"", ""har_train_min"": 504, ""lookback"": 63, ""overlay"": true, ""static_exposure"": null, ""target"": 0.11, ""threshold"": 0.05, ""trial_id"": ""E6"", ""universe"": [""QQQ"", ""IWM"", ""HYG"", ""TLT"", ""GLD"", ""DBC""]}",development+reused_validation,5.0 bp risky purchases+sales; borrow rf+50.0 bp,started,results/20261004T003708-e3127963/E6-target_high-b391c43b30.csv,Attempt retained even if process fails,False
E6-target_high-b391c43b30,2026-10-04T00:43:57.777001+00:00,f953cc6eadb2efb7f124791a8afd2815663fbf45083f58fe7e4fa892c609676c,5f04159f52c645b6503f8744058f5d8b248158d9,e5f957a2b78b4a08cede2183cd59012f73beaffc38f0821d43bb458df08be222:5eb2ada6d8d007969c111064ae6c5de089e8bd61c0156cb49cc98484cea2b5d9,ensemble,"{""base"": ""erc"", ""borrow_bps"": 50.0, ""cap"": 1.0, ""control"": ""event"", ""covariance_days"": 126, ""diagnostic"": ""target_high"", ""family"": ""ensemble"", ""har_train_min"": 504, ""lookback"": 63, ""overlay"": true, ""static_exposure"": null, ""target"": 0.11, ""threshold"": 0.05, ""trial_id"": ""E6"", ""universe"": [""QQQ"", ""IWM"", ""HYG"", ""TLT"", ""GLD"", ""DBC""]}",development+reused_validation,5.0 bp risky purchases+sales; borrow rf+50.0 bp,completed,results/20261004T003708-e3127963/E6-target_high-b391c43b30.csv,No OOS retuning; diagnostic not eligible for selection,False
E6-target_high_base-0bcae88ca8,2026-10-04T00:44:00.134193+00:00,f953cc6eadb2efb7f124791a8afd2815663fbf45083f58fe7e4fa892c609676c,5f04159f52c645b6503f8744058f5d8b248158d9,e5f957a2b78b4a08cede2183cd59012f73beaffc38f0821d43bb458df08be222:5eb2ada6d8d007969c111064ae6c5de089e8bd61c0156cb49cc98484cea2b5d9,ensemble,"{""base"": ""erc"", ""borrow_bps"": 50.0, ""cap"": 1.0, ""control"": ""event"", ""covariance_days"": 126, ""diagnostic"": ""target_high_base"", ""family"": ""ensemble"", ""har_train_min"": 504, ""lookback"": 63, ""overlay"": false, ""static_exposure"": null, ""target"": 0.11, ""threshold"": 0.05, ""trial_id"": ""E6"", ""universe"": [""QQQ"", ""IWM"", ""HYG"", ""TLT"", ""GLD"", ""DBC""]}",development+reused_validation,5.0 bp risky purchases+sales; borrow rf+50.0 bp,started,results/20261004T003708-e3127963/E6-target_high_base-0bcae88ca8.csv,Attempt retained even if process fails,False
E6-target_high_base-0bcae88ca8,2026-10-04T00:44:00.134193+00:00,f953cc6eadb2efb7f124791a8afd2815663fbf45083f58fe7e4fa892c609676c,5f04159f52c645b6503f8744058f5d8b248158d9,e5f957a2b78b4a08cede2183cd59012f73beaffc38f0821d43bb458df08be222:5eb2ada6d8d007969c111064ae6c5de089e8bd61c0156cb49cc98484cea2b5d9,ensemble,"{""base"": ""erc"", ""borrow_bps"": 50.0, ""cap"": 1.0, ""control"": ""event"", ""covariance_days"": 126, ""diagnostic"": ""target_high_base"", ""family"": ""ensemble"", ""har_train_min"": 504, ""lookback"": 63, ""overlay"": false, ""static_exposure"": null, ""target"": 0.11, ""threshold"": 0.05, ""trial_id"": ""E6"", ""universe"": [""QQQ"", ""IWM"", ""HYG"", ""TLT"", ""GLD"", ""DBC""]}",development+reused_validation,5.0 bp risky purchases+sales; borrow rf+50.0 bp,completed,results/20261004T003708-e3127963/E6-target_high_base-0bcae88ca8.csv,No OOS retuning; diagnostic not eligible for selection,False
E6-lookback_low-d0384af88e,2026-10-04T00:44:02.495388+00:00,f953cc6eadb2efb7f124791a8afd2815663fbf45083f58fe7e4fa892c609676c,5f04159f52c645b6503f8744058f5d8b248158d9,e5f957a2b78b4a08cede2183cd59012f73beaffc38f0821d43bb458df08be222:5eb2ada6d8d007969c111064ae6c5de089e8bd61c0156cb49cc98484cea2b5d9,ensemble,"{""base"": ""erc"", ""borrow_bps"": 50.0, ""cap"": 1.0, ""control"": ""event"", ""covariance_days"": 101, ""diagnostic"": ""lookback_low"", ""family"": ""ensemble"", ""har_train_min"": 403, ""lookback"": 50, ""overlay"": true, ""static_exposure"": null, ""target"": 0.1, ""threshold"": 0.05, ""trial_id"": ""E6"", ""universe"": [""QQQ"", ""IWM"", ""HYG"", ""TLT"", ""GLD"", ""DBC""]}",development+reused_validation,5.0 bp risky purchases+sales; borrow rf+50.0 bp,started,results/20261004T003708-e3127963/E6-lookback_low-d0384af88e.csv,Attempt retained even if process fails,False
E6-lookback_low-d0384af88e,2026-10-04T00:44:02.495388+00:00,f953cc6eadb2efb7f124791a8afd2815663fbf45083f58fe7e4fa892c609676c,5f04159f52c645b6503f8744058f5d8b248158d9,e5f957a2b78b4a08cede2183cd59012f73beaffc38f0821d43bb458df08be222:5eb2ada6d8d007969c111064ae6c5de089e8bd61c0156cb49cc98484cea2b5d9,ensemble,"{""base"": ""erc"", ""borrow_bps"": 50.0, ""cap"": 1.0, ""control"": ""event"", ""covariance_days"": 101, ""diagnostic"": ""lookback_low"", ""family"": ""ensemble"", ""har_train_min"": 403, ""lookback"": 50, ""overlay"": true, ""static_exposure"": null, ""target"": 0.1, ""threshold"": 0.05, ""trial_id"": ""E6"", ""universe"": [""QQQ"", ""IWM"", ""HYG"", ""TLT"", ""GLD"", ""DBC""]}",development+reused_validation,5.0 bp risky purchases+sales; borrow rf+50.0 bp,completed,results/20261004T003708-e3127963/E6-lookback_low-d0384af88e.csv,No OOS retuning; diagnostic not eligible for selection,False
E6-lookback_low_base-06923ed1b0,2026-10-04T00:44:04.885060+00:00,f953cc6eadb2efb7f124791a8afd2815663fbf45083f58fe7e4fa892c609676c,5f04159f52c645b6503f8744058f5d8b248158d9,e5f957a2b78b4a08cede2183cd59012f73beaffc38f0821d43bb458df08be222:5eb2ada6d8d007969c111064ae6c5de089e8bd61c0156cb49cc98484cea2b5d9,ensemble,"{""base"": ""erc"", ""borrow_bps"": 50.0, ""cap"": 1.0, ""control"": ""event"", ""covariance_days"": 101, ""diagnostic"": ""lookback_low_base"", ""family"": ""ensemble"", ""har_train_min"": 403, ""lookback"": 50, ""overlay"": false, ""static_exposure"": null, ""target"": 0.1, ""threshold"": 0.05, ""trial_id"": ""E6"", ""universe"": [""QQQ"", ""IWM"", ""HYG"", ""TLT"", ""GLD"", ""DBC""]}",development+reused_validation,5.0 bp risky purchases+sales; borrow rf+50.0 bp,started,results/20261004T003708-e3127963/E6-lookback_low_base-06923ed1b0.csv,Attempt retained even if process fails,False
E6-lookback_low_base-06923ed1b0,2026-10-04T00:44:04.885060+00:00,f953cc6eadb2efb7f124791a8afd2815663fbf45083f58fe7e4fa892c609676c,5f04159f52c645b6503f8744058f5d8b248158d9,e5f957a2b78b4a08cede2183cd59012f73beaffc38f0821d43bb458df08be222:5eb2ada6d8d007969c111064ae6c5de089e8bd61c0156cb49cc98484cea2b5d9,ensemble,"{""base"": ""erc"", ""borrow_bps"": 50.0, ""cap"": 1.0, ""control"": ""event"", ""covariance_days"": 101, ""diagnostic"": ""lookback_low_base"", ""family"": ""ensemble"", ""har_train_min"": 403, ""lookback"": 50, ""overlay"": false, ""static_exposure"": null, ""target"": 0.1, ""threshold"": 0.05, ""trial_id"": ""E6"", ""universe"": [""QQQ"", ""IWM"", ""HYG"", ""TLT"", ""GLD"", ""DBC""]}",development+reused_validation,5.0 bp risky purchases+sales; borrow rf+50.0 bp,completed,results/20261004T003708-e3127963/E6-lookback_low_base-06923ed1b0.csv,No OOS retuning; diagnostic not eligible for selection,False
E6-lookback_high-3525784ee2,2026-10-04T00:44:07.276849+00:00,f953cc6eadb2efb7f124791a8afd2815663fbf45083f58fe7e4fa892c609676c,5f04159f52c645b6503f8744058f5d8b248158d9,e5f957a2b78b4a08cede2183cd59012f73beaffc38f0821d43bb458df08be222:5eb2ada6d8d007969c111064ae6c5de089e8bd61c0156cb49cc98484cea2b5d9,ensemble,"{""base"": ""erc"", ""borrow_bps"": 50.0, ""cap"": 1.0, ""control"": ""event"", ""covariance_days"": 151, ""diagnostic"": ""lookback_high"", ""family"": ""ensemble"", ""har_train_min"": 605, ""lookback"": 76, ""overlay"": true, ""static_exposure"": null, ""target"": 0.1, ""threshold"": 0.05, ""trial_id"": ""E6"", ""universe"": [""QQQ"", ""IWM"", ""HYG"", ""TLT"", ""GLD"", ""DBC""]}",development+reused_validation,5.0 bp risky purchases+sales; borrow rf+50.0 bp,started,results/20261004T003708-e3127963/E6-lookback_high-3525784ee2.csv,Attempt retained even if process fails,False
E6-lookback_high-3525784ee2,2026-10-04T00:44:07.276849+00:00,f953cc6eadb2efb7f124791a8afd2815663fbf45083f58fe7e4fa892c609676c,5f04159f52c645b6503f8744058f5d8b248158d9,e5f957a2b78b4a08cede2183cd59012f73beaffc38f0821d43bb458df08be222:5eb2ada6d8d007969c111064ae6c5de089e8bd61c0156cb49cc98484cea2b5d9,ensemble,"{""base"": ""erc"", ""borrow_bps"": 50.0, ""cap"": 1.0, ""control"": ""event"", ""covariance_days"": 151, ""diagnostic"": ""lookback_high"", ""family"": ""ensemble"", ""har_train_min"": 605, ""lookback"": 76, ""overlay"": true, ""static_exposure"": null, ""target"": 0.1, ""threshold"": 0.05, ""trial_id"": ""E6"", ""universe"": [""QQQ"", ""IWM"", ""HYG"", ""TLT"", ""GLD"", ""DBC""]}",development+reused_validation,5.0 bp risky purchases+sales; borrow rf+50.0 bp,completed,results/20261004T003708-e3127963/E6-lookback_high-3525784ee2.csv,No OOS retuning; diagnostic not eligible for selection,False
E6-lookback_high_base-5a037d0a39,2026-10-04T00:44:09.698074+00:00,f953cc6eadb2efb7f124791a8afd2815663fbf45083f58fe7e4fa892c609676c,5f04159f52c645b6503f8744058f5d8b248158d9,e5f957a2b78b4a08cede2183cd59012f73beaffc38f0821d43bb458df08be222:5eb2ada6d8d007969c111064ae6c5de089e8bd61c0156cb49cc98484cea2b5d9,ensemble,"{""base"": ""erc"", ""borrow_bps"": 50.0, ""cap"": 1.0, ""control"": ""event"", ""covariance_days"": 151, ""diagnostic"": ""lookback_high_base"", ""family"": ""ensemble"", ""har_train_min"": 605, ""lookback"": 76, ""overlay"": false, ""static_exposure"": null, ""target"": 0.1, ""threshold"": 0.05, ""trial_id"": ""E6"", ""universe"": [""QQQ"", ""IWM"", ""HYG"", ""TLT"", ""GLD"", ""DBC""]}",development+reused_validation,5.0 bp risky purchases+sales; borrow rf+50.0 bp,started,results/20261004T003708-e3127963/E6-lookback_high_base-5a037d0a39.csv,Attempt retained even if process fails,False
E6-lookback_high_base-5a037d0a39,2026-10-04T00:44:09.698074+00:00,f953cc6eadb2efb7f124791a8afd2815663fbf45083f58fe7e4fa892c609676c,5f04159f52c645b6503f8744058f5d8b248158d9,e5f957a2b78b4a08cede2183cd59012f73beaffc38f0821d43bb458df08be222:5eb2ada6d8d007969c111064ae6c5de089e8bd61c0156cb49cc98484cea2b5d9,ensemble,"{""base"": ""erc"", ""borrow_bps"": 50.0, ""cap"": 1.0, ""control"": ""event"", ""covariance_days"": 151, ""diagnostic"": ""lookback_high_base"", ""family"": ""ensemble"", ""har_train_min"": 605, ""lookback"": 76, ""overlay"": false, ""static_exposure"": null, ""target"": 0.1, ""threshold"": 0.05, ""trial_id"": ""E6"", ""universe"": [""QQQ"", ""IWM"", ""HYG"", ""TLT"", ""GLD"", ""DBC""]}",development+reused_validation,5.0 bp risky purchases+sales; borrow rf+50.0 bp,completed,results/20261004T003708-e3127963/E6-lookback_high_base-5a037d0a39.csv,No OOS retuning; diagnostic not eligible for selection,False
E6-trigger_low-6aa2450d9b,2026-10-04T00:44:12.084358+00:00,f953cc6eadb2efb7f124791a8afd2815663fbf45083f58fe7e4fa892c609676c,5f04159f52c645b6503f8744058f5d8b248158d9,e5f957a2b78b4a08cede2183cd59012f73beaffc38f0821d43bb458df08be222:5eb2ada6d8d007969c111064ae6c5de089e8bd61c0156cb49cc98484cea2b5d9,ensemble,"{""base"": ""erc"", ""borrow_bps"": 50.0, ""cap"": 1.0, ""control"": ""event"", ""covariance_days"": 126, ""diagnostic"": ""trigger_low"", ""family"": ""ensemble"", ""har_train_min"": 504, ""lookback"": 63, ""overlay"": true, ""static_exposure"": null, ""target"": 0.1, ""threshold"": 0.04, ""trial_id"": ""E6"", ""universe"": [""QQQ"", ""IWM"", ""HYG"", ""TLT"", ""GLD"", ""DBC""]}",development+reused_validation,5.0 bp risky purchases+sales; borrow rf+50.0 bp,started,results/20261004T003708-e3127963/E6-trigger_low-6aa2450d9b.csv,Attempt retained even if process fails,False
E6-trigger_low-6aa2450d9b,2026-10-04T00:44:12.084358+00:00,f953cc6eadb2efb7f124791a8afd2815663fbf45083f58fe7e4fa892c609676c,5f04159f52c645b6503f8744058f5d8b248158d9,e5f957a2b78b4a08cede2183cd59012f73beaffc38f0821d43bb458df08be222:5eb2ada6d8d007969c111064ae6c5de089e8bd61c0156cb49cc98484cea2b5d9,ensemble,"{""base"": ""erc"", ""borrow_bps"": 50.0, ""cap"": 1.0, ""control"": ""event"", ""covariance_days"": 126, ""diagnostic"": ""trigger_low"", ""family"": ""ensemble"", ""har_train_min"": 504, ""lookback"": 63, ""overlay"": true, ""static_exposure"": null, ""target"": 0.1, ""threshold"": 0.04, ""trial_id"": ""E6"", ""universe"": [""QQQ"", ""IWM"", ""HYG"", ""TLT"", ""GLD"", ""DBC""]}",development+reused_validation,5.0 bp risky purchases+sales; borrow rf+50.0 bp,completed,results/20261004T003708-e3127963/E6-trigger_low-6aa2450d9b.csv,No OOS retuning; diagnostic not eligible for selection,False
E6-trigger_low_base-decc1ed95f,2026-10-04T00:44:14.574048+00:00,f953cc6eadb2efb7f124791a8afd2815663fbf45083f58fe7e4fa892c609676c,5f04159f52c645b6503f8744058f5d8b248158d9,e5f957a2b78b4a08cede2183cd59012f73beaffc38f0821d43bb458df08be222:5eb2ada6d8d007969c111064ae6c5de089e8bd61c0156cb49cc98484cea2b5d9,ensemble,"{""base"": ""erc"", ""borrow_bps"": 50.0, ""cap"": 1.0, ""control"": ""event"", ""covariance_days"": 126, ""diagnostic"": ""trigger_low_base"", ""family"": ""ensemble"", ""har_train_min"": 504, ""lookback"": 63, ""overlay"": false, ""static_exposure"": null, ""target"": 0.1, ""threshold"": 0.04, ""trial_id"": ""E6"", ""universe"": [""QQQ"", ""IWM"", ""HYG"", ""TLT"", ""GLD"", ""DBC""]}",development+reused_validation,5.0 bp risky purchases+sales; borrow rf+50.0 bp,started,results/20261004T003708-e3127963/E6-trigger_low_base-decc1ed95f.csv,Attempt retained even if process fails,False
E6-trigger_low_base-decc1ed95f,2026-10-04T00:44:14.574048+00:00,f953cc6eadb2efb7f124791a8afd2815663fbf45083f58fe7e4fa892c609676c,5f04159f52c645b6503f8744058f5d8b248158d9,e5f957a2b78b4a08cede2183cd59012f73beaffc38f0821d43bb458df08be222:5eb2ada6d8d007969c111064ae6c5de089e8bd61c0156cb49cc98484cea2b5d9,ensemble,"{""base"": ""erc"", ""borrow_bps"": 50.0, ""cap"": 1.0, ""control"": ""event"", ""covariance_days"": 126, ""diagnostic"": ""trigger_low_base"", ""family"": ""ensemble"", ""har_train_min"": 504, ""lookback"": 63, ""overlay"": false, ""static_exposure"": null, ""target"": 0.1, ""threshold"": 0.04, ""trial_id"": ""E6"", ""universe"": [""QQQ"", ""IWM"", ""HYG"", ""TLT"", ""GLD"", ""DBC""]}",development+reused_validation,5.0 bp risky purchases+sales; borrow rf+50.0 bp,completed,results/20261004T003708-e3127963/E6-trigger_low_base-decc1ed95f.csv,No OOS retuning; diagnostic not eligible for selection,False
E6-trigger_high-8cebaad5b3,2026-10-04T00:44:16.938390+00:00,f953cc6eadb2efb7f124791a8afd2815663fbf45083f58fe7e4fa892c609676c,5f04159f52c645b6503f8744058f5d8b248158d9,e5f957a2b78b4a08cede2183cd59012f73beaffc38f0821d43bb458df08be222:5eb2ada6d8d007969c111064ae6c5de089e8bd61c0156cb49cc98484cea2b5d9,ensemble,"{""base"": ""erc"", ""borrow_bps"": 50.0, ""cap"": 1.0, ""control"": ""event"", ""covariance_days"": 126, ""diagnostic"": ""trigger_high"", ""family"": ""ensemble"", ""har_train_min"": 504, ""lookback"": 63, ""overlay"": true, ""static_exposure"": null, ""target"": 0.1, ""threshold"": 0.06, ""trial_id"": ""E6"", ""universe"": [""QQQ"", ""IWM"", ""HYG"", ""TLT"", ""GLD"", ""DBC""]}",development+reused_validation,5.0 bp risky purchases+sales; borrow rf+50.0 bp,started,results/20261004T003708-e3127963/E6-trigger_high-8cebaad5b3.csv,Attempt retained even if process fails,False
E6-trigger_high-8cebaad5b3,2026-10-04T00:44:16.938390+00:00,f953cc6eadb2efb7f124791a8afd2815663fbf45083f58fe7e4fa892c609676c,5f04159f52c645b6503f8744058f5d8b248158d9,e5f957a2b78b4a08cede2183cd59012f73beaffc38f0821d43bb458df08be222:5eb2ada6d8d007969c111064ae6c5de089e8bd61c0156cb49cc98484cea2b5d9,ensemble,"{""base"": ""erc"", ""borrow_bps"": 50.0, ""cap"": 1.0, ""control"": ""event"", ""covariance_days"": 126, ""diagnostic"": ""trigger_high"", ""family"": ""ensemble"", ""har_train_min"": 504, ""lookback"": 63, ""overlay"": true, ""static_exposure"": null, ""target"": 0.1, ""threshold"": 0.06, ""trial_id"": ""E6"", ""universe"": [""QQQ"", ""IWM"", ""HYG"", ""TLT"", ""GLD"", ""DBC""]}",development+reused_validation,5.0 bp risky purchases+sales; borrow rf+50.0 bp,completed,results/20261004T003708-e3127963/E6-trigger_high-8cebaad5b3.csv,No OOS retuning; diagnostic not eligible for selection,False
E6-trigger_high_base-2fc8c29d06,2026-10-04T00:44:19.352896+00:00,f953cc6eadb2efb7f124791a8afd2815663fbf45083f58fe7e4fa892c609676c,5f04159f52c645b6503f8744058f5d8b248158d9,e5f957a2b78b4a08cede2183cd59012f73beaffc38f0821d43bb458df08be222:5eb2ada6d8d007969c111064ae6c5de089e8bd61c0156cb49cc98484cea2b5d9,ensemble,"{""base"": ""erc"", ""borrow_bps"": 50.0, ""cap"": 1.0, ""control"": ""event"", ""covariance_days"": 126, ""diagnostic"": ""trigger_high_base"", ""family"": ""ensemble"", ""har_train_min"": 504, ""lookback"": 63, ""overlay"": false, ""static_exposure"": null, ""target"": 0.1, ""threshold"": 0.06, ""trial_id"": ""E6"", ""universe"": [""QQQ"", ""IWM"", ""HYG"", ""TLT"", ""GLD"", ""DBC""]}",development+reused_validation,5.0 bp risky purchases+sales; borrow rf+50.0 bp,started,results/20261004T003708-e3127963/E6-trigger_high_base-2fc8c29d06.csv,Attempt retained even if process fails,False
E6-trigger_high_base-2fc8c29d06,2026-10-04T00:44:19.352896+00:00,f953cc6eadb2efb7f124791a8afd2815663fbf45083f58fe7e4fa892c609676c,5f04159f52c645b6503f8744058f5d8b248158d9,e5f957a2b78b4a08cede2183cd59012f73beaffc38f0821d43bb458df08be222:5eb2ada6d8d007969c111064ae6c5de089e8bd61c0156cb49cc98484cea2b5d9,ensemble,"{""base"": ""erc"", ""borrow_bps"": 50.0, ""cap"": 1.0, ""control"": ""event"", ""covariance_days"": 126, ""diagnostic"": ""trigger_high_base"", ""family"": ""ensemble"", ""har_train_min"": 504, ""lookback"": 63, ""overlay"": false, ""static_exposure"": null, ""target"": 0.1, ""threshold"": 0.06, ""trial_id"": ""E6"", ""universe"": [""QQQ"", ""IWM"", ""HYG"", ""TLT"", ""GLD"", ""DBC""]}",development+reused_validation,5.0 bp risky purchases+sales; borrow rf+50.0 bp,completed,results/20261004T003708-e3127963/E6-trigger_high_base-2fc8c29d06.csv,No OOS retuning; diagnostic not eligible for selection,False
E7-double_cost-dbddd8d6a7,2026-10-04T00:44:21.777954+00:00,f953cc6eadb2efb7f124791a8afd2815663fbf45083f58fe7e4fa892c609676c,5f04159f52c645b6503f8744058f5d8b248158d9,e5f957a2b78b4a08cede2183cd59012f73beaffc38f0821d43bb458df08be222:5eb2ada6d8d007969c111064ae6c5de089e8bd61c0156cb49cc98484cea2b5d9,ensemble,"{""base"": ""equal"", ""borrow_bps"": 50.0, ""cap"": 1.0, ""control"": ""asymmetric"", ""covariance_days"": 126, ""diagnostic"": ""double_cost"", ""family"": ""ensemble"", ""har_train_min"": 504, ""lookback"": 63, ""overlay"": true, ""static_exposure"": null, ""target"": 0.1, ""threshold"": 0.05, ""trial_id"": ""E7"", ""universe"": [""SPY"", ""TLT"", ""GLD""]}",development+reused_validation,10 bp risky purchases+sales; borrow rf+50.0 bp,started,results/20261004T003708-e3127963/E7-double_cost-dbddd8d6a7.csv,Attempt retained even if process fails,False
E7-double_cost-dbddd8d6a7,2026-10-04T00:44:21.777954+00:00,f953cc6eadb2efb7f124791a8afd2815663fbf45083f58fe7e4fa892c609676c,5f04159f52c645b6503f8744058f5d8b248158d9,e5f957a2b78b4a08cede2183cd59012f73beaffc38f0821d43bb458df08be222:5eb2ada6d8d007969c111064ae6c5de089e8bd61c0156cb49cc98484cea2b5d9,ensemble,"{""base"": ""equal"", ""borrow_bps"": 50.0, ""cap"": 1.0, ""control"": ""asymmetric"", ""covariance_days"": 126, ""diagnostic"": ""double_cost"", ""family"": ""ensemble"", ""har_train_min"": 504, ""lookback"": 63, ""overlay"": true, ""static_exposure"": null, ""target"": 0.1, ""threshold"": 0.05, ""trial_id"": ""E7"", ""universe"": [""SPY"", ""TLT"", ""GLD""]}",development+reused_validation,10 bp risky purchases+sales; borrow rf+50.0 bp,completed,results/20261004T003708-e3127963/E7-double_cost-dbddd8d6a7.csv,No OOS retuning; diagnostic not eligible for selection,False
E7-double_cost_base-9594255602,2026-10-04T00:44:23.316548+00:00,f953cc6eadb2efb7f124791a8afd2815663fbf45083f58fe7e4fa892c609676c,5f04159f52c645b6503f8744058f5d8b248158d9,e5f957a2b78b4a08cede2183cd59012f73beaffc38f0821d43bb458df08be222:5eb2ada6d8d007969c111064ae6c5de089e8bd61c0156cb49cc98484cea2b5d9,ensemble,"{""base"": ""equal"", ""borrow_bps"": 50.0, ""cap"": 1.0, ""control"": ""asymmetric"", ""covariance_days"": 126, ""diagnostic"": ""double_cost_base"", ""family"": ""ensemble"", ""har_train_min"": 504, ""lookback"": 63, ""overlay"": false, ""static_exposure"": null, ""target"": 0.1, ""threshold"": 0.05, ""trial_id"": ""E7"", ""universe"": [""SPY"", ""TLT"", ""GLD""]}",development+reused_validation,10 bp risky purchases+sales; borrow rf+50.0 bp,started,results/20261004T003708-e3127963/E7-double_cost_base-9594255602.csv,Attempt retained even if process fails,False
E7-double_cost_base-9594255602,2026-10-04T00:44:23.316548+00:00,f953cc6eadb2efb7f124791a8afd2815663fbf45083f58fe7e4fa892c609676c,5f04159f52c645b6503f8744058f5d8b248158d9,e5f957a2b78b4a08cede2183cd59012f73beaffc38f0821d43bb458df08be222:5eb2ada6d8d007969c111064ae6c5de089e8bd61c0156cb49cc98484cea2b5d9,ensemble,"{""base"": ""equal"", ""borrow_bps"": 50.0, ""cap"": 1.0, ""control"": ""asymmetric"", ""covariance_days"": 126, ""diagnostic"": ""double_cost_base"", ""family"": ""ensemble"", ""har_train_min"": 504, ""lookback"": 63, ""overlay"": false, ""static_exposure"": null, ""target"": 0.1, ""threshold"": 0.05, ""trial_id"": ""E7"", ""universe"": [""SPY"", ""TLT"", ""GLD""]}",development+reused_validation,10 bp risky purchases+sales; borrow rf+50.0 bp,completed,results/20261004T003708-e3127963/E7-double_cost_base-9594255602.csv,No OOS retuning; diagnostic not eligible for selection,False
E7-target_low-e19a74604c,2026-10-04T00:44:24.975941+00:00,f953cc6eadb2efb7f124791a8afd2815663fbf45083f58fe7e4fa892c609676c,5f04159f52c645b6503f8744058f5d8b248158d9,e5f957a2b78b4a08cede2183cd59012f73beaffc38f0821d43bb458df08be222:5eb2ada6d8d007969c111064ae6c5de089e8bd61c0156cb49cc98484cea2b5d9,ensemble,"{""base"": ""equal"", ""borrow_bps"": 50.0, ""cap"": 1.0, ""control"": ""asymmetric"", ""covariance_days"": 126, ""diagnostic"": ""target_low"", ""family"": ""ensemble"", ""har_train_min"": 504, ""lookback"": 63, ""overlay"": true, ""static_exposure"": null, ""target"": 0.09000000000000001, ""threshold"": 0.05, ""trial_id"": ""E7"", ""universe"": [""SPY"", ""TLT"", ""GLD""]}",development+reused_validation,5.0 bp risky purchases+sales; borrow rf+50.0 bp,started,results/20261004T003708-e3127963/E7-target_low-e19a74604c.csv,Attempt retained even if process fails,False
E7-target_low-e19a74604c,2026-10-04T00:44:24.975941+00:00,f953cc6eadb2efb7f124791a8afd2815663fbf45083f58fe7e4fa892c609676c,5f04159f52c645b6503f8744058f5d8b248158d9,e5f957a2b78b4a08cede2183cd59012f73beaffc38f0821d43bb458df08be222:5eb2ada6d8d007969c111064ae6c5de089e8bd61c0156cb49cc98484cea2b5d9,ensemble,"{""base"": ""equal"", ""borrow_bps"": 50.0, ""cap"": 1.0, ""control"": ""asymmetric"", ""covariance_days"": 126, ""diagnostic"": ""target_low"", ""family"": ""ensemble"", ""har_train_min"": 504, ""lookback"": 63, ""overlay"": true, ""static_exposure"": null, ""target"": 0.09000000000000001, ""threshold"": 0.05, ""trial_id"": ""E7"", ""universe"": [""SPY"", ""TLT"", ""GLD""]}",development+reused_validation,5.0 bp risky purchases+sales; borrow rf+50.0 bp,completed,results/20261004T003708-e3127963/E7-target_low-e19a74604c.csv,No OOS retuning; diagnostic not eligible for selection,False
E7-target_low_base-4c1ddc34d6,2026-10-04T00:44:26.466873+00:00,f953cc6eadb2efb7f124791a8afd2815663fbf45083f58fe7e4fa892c609676c,5f04159f52c645b6503f8744058f5d8b248158d9,e5f957a2b78b4a08cede2183cd59012f73beaffc38f0821d43bb458df08be222:5eb2ada6d8d007969c111064ae6c5de089e8bd61c0156cb49cc98484cea2b5d9,ensemble,"{""base"": ""equal"", ""borrow_bps"": 50.0, ""cap"": 1.0, ""control"": ""asymmetric"", ""covariance_days"": 126, ""diagnostic"": ""target_low_base"", ""family"": ""ensemble"", ""har_train_min"": 504, ""lookback"": 63, ""overlay"": false, ""static_exposure"": null, ""target"": 0.09000000000000001, ""threshold"": 0.05, ""trial_id"": ""E7"", ""universe"": [""SPY"", ""TLT"", ""GLD""]}",development+reused_validation,5.0 bp risky purchases+sales; borrow rf+50.0 bp,started,results/20261004T003708-e3127963/E7-target_low_base-4c1ddc34d6.csv,Attempt retained even if process fails,False
E7-target_low_base-4c1ddc34d6,2026-10-04T00:44:26.466873+00:00,f953cc6eadb2efb7f124791a8afd2815663fbf45083f58fe7e4fa892c609676c,5f04159f52c645b6503f8744058f5d8b248158d9,e5f957a2b78b4a08cede2183cd59012f73beaffc38f0821d43bb458df08be222:5eb2ada6d8d007969c111064ae6c5de089e8bd61c0156cb49cc98484cea2b5d9,ensemble,"{""base"": ""equal"", ""borrow_bps"": 50.0, ""cap"": 1.0, ""control"": ""asymmetric"", ""covariance_days"": 126, ""diagnostic"": ""target_low_base"", ""family"": ""ensemble"", ""har_train_min"": 504, ""lookback"": 63, ""overlay"": false, ""static_exposure"": null, ""target"": 0.09000000000000001, ""threshold"": 0.05, ""trial_id"": ""E7"", ""universe"": [""SPY"", ""TLT"", ""GLD""]}",development+reused_validation,5.0 bp risky purchases+sales; borrow rf+50.0 bp,completed,results/20261004T003708-e3127963/E7-target_low_base-4c1ddc34d6.csv,No OOS retuning; diagnostic not eligible for selection,False
E7-target_high-7bf537507b,2026-10-04T00:44:27.977013+00:00,f953cc6eadb2efb7f124791a8afd2815663fbf45083f58fe7e4fa892c609676c,5f04159f52c645b6503f8744058f5d8b248158d9,e5f957a2b78b4a08cede2183cd59012f73beaffc38f0821d43bb458df08be222:5eb2ada6d8d007969c111064ae6c5de089e8bd61c0156cb49cc98484cea2b5d9,ensemble,"{""base"": ""equal"", ""borrow_bps"": 50.0, ""cap"": 1.0, ""control"": ""asymmetric"", ""covariance_days"": 126, ""diagnostic"": ""target_high"", ""family"": ""ensemble"", ""har_train_min"": 504, ""lookback"": 63, ""overlay"": true, ""static_exposure"": null, ""target"": 0.11, ""threshold"": 0.05, ""trial_id"": ""E7"", ""universe"": [""SPY"", ""TLT"", ""GLD""]}",development+reused_validation,5.0 bp risky purchases+sales; borrow rf+50.0 bp,started,results/20261004T003708-e3127963/E7-target_high-7bf537507b.csv,Attempt retained even if process fails,False
E7-target_high-7bf537507b,2026-10-04T00:44:27.977013+00:00,f953cc6eadb2efb7f124791a8afd2815663fbf45083f58fe7e4fa892c609676c,5f04159f52c645b6503f8744058f5d8b248158d9,e5f957a2b78b4a08cede2183cd59012f73beaffc38f0821d43bb458df08be222:5eb2ada6d8d007969c111064ae6c5de089e8bd61c0156cb49cc98484cea2b5d9,ensemble,"{""base"": ""equal"", ""borrow_bps"": 50.0, ""cap"": 1.0, ""control"": ""asymmetric"", ""covariance_days"": 126, ""diagnostic"": ""target_high"", ""family"": ""ensemble"", ""har_train_min"": 504, ""lookback"": 63, ""overlay"": true, ""static_exposure"": null, ""target"": 0.11, ""threshold"": 0.05, ""trial_id"": ""E7"", ""universe"": [""SPY"", ""TLT"", ""GLD""]}",development+reused_validation,5.0 bp risky purchases+sales; borrow rf+50.0 bp,completed,results/20261004T003708-e3127963/E7-target_high-7bf537507b.csv,No OOS retuning; diagnostic not eligible for selection,False
E7-target_high_base-f2bf4e3057,2026-10-04T00:44:29.486879+00:00,f953cc6eadb2efb7f124791a8afd2815663fbf45083f58fe7e4fa892c609676c,5f04159f52c645b6503f8744058f5d8b248158d9,e5f957a2b78b4a08cede2183cd59012f73beaffc38f0821d43bb458df08be222:5eb2ada6d8d007969c111064ae6c5de089e8bd61c0156cb49cc98484cea2b5d9,ensemble,"{""base"": ""equal"", ""borrow_bps"": 50.0, ""cap"": 1.0, ""control"": ""asymmetric"", ""covariance_days"": 126, ""diagnostic"": ""target_high_base"", ""family"": ""ensemble"", ""har_train_min"": 504, ""lookback"": 63, ""overlay"": false, ""static_exposure"": null, ""target"": 0.11, ""threshold"": 0.05, ""trial_id"": ""E7"", ""universe"": [""SPY"", ""TLT"", ""GLD""]}",development+reused_validation,5.0 bp risky purchases+sales; borrow rf+50.0 bp,started,results/20261004T003708-e3127963/E7-target_high_base-f2bf4e3057.csv,Attempt retained even if process fails,False
E7-target_high_base-f2bf4e3057,2026-10-04T00:44:29.486879+00:00,f953cc6eadb2efb7f124791a8afd2815663fbf45083f58fe7e4fa892c609676c,5f04159f52c645b6503f8744058f5d8b248158d9,e5f957a2b78b4a08cede2183cd59012f73beaffc38f0821d43bb458df08be222:5eb2ada6d8d007969c111064ae6c5de089e8bd61c0156cb49cc98484cea2b5d9,ensemble,"{""base"": ""equal"", ""borrow_bps"": 50.0, ""cap"": 1.0, ""control"": ""asymmetric"", ""covariance_days"": 126, ""diagnostic"": ""target_high_base"", ""family"": ""ensemble"", ""har_train_min"": 504, ""lookback"": 63, ""overlay"": false, ""static_exposure"": null, ""target"": 0.11, ""threshold"": 0.05, ""trial_id"": ""E7"", ""universe"": [""SPY"", ""TLT"", ""GLD""]}",development+reused_validation,5.0 bp risky purchases+sales; borrow rf+50.0 bp,completed,results/20261004T003708-e3127963/E7-target_high_base-f2bf4e3057.csv,No OOS retuning; diagnostic not eligible for selection,False
E7-lookback_low-d231ac82a2,2026-10-04T00:44:31.046000+00:00,f953cc6eadb2efb7f124791a8afd2815663fbf45083f58fe7e4fa892c609676c,5f04159f52c645b6503f8744058f5d8b248158d9,e5f957a2b78b4a08cede2183cd59012f73beaffc38f0821d43bb458df08be222:5eb2ada6d8d007969c111064ae6c5de089e8bd61c0156cb49cc98484cea2b5d9,ensemble,"{""base"": ""equal"", ""borrow_bps"": 50.0, ""cap"": 1.0, ""control"": ""asymmetric"", ""covariance_days"": 101, ""diagnostic"": ""lookback_low"", ""family"": ""ensemble"", ""har_train_min"": 403, ""lookback"": 50, ""overlay"": true, ""static_exposure"": null, ""target"": 0.1, ""threshold"": 0.05, ""trial_id"": ""E7"", ""universe"": [""SPY"", ""TLT"", ""GLD""]}",development+reused_validation,5.0 bp risky purchases+sales; borrow rf+50.0 bp,started,results/20261004T003708-e3127963/E7-lookback_low-d231ac82a2.csv,Attempt retained even if process fails,False
E7-lookback_low-d231ac82a2,2026-10-04T00:44:31.046000+00:00,f953cc6eadb2efb7f124791a8afd2815663fbf45083f58fe7e4fa892c609676c,5f04159f52c645b6503f8744058f5d8b248158d9,e5f957a2b78b4a08cede2183cd59012f73beaffc38f0821d43bb458df08be222:5eb2ada6d8d007969c111064ae6c5de089e8bd61c0156cb49cc98484cea2b5d9,ensemble,"{""base"": ""equal"", ""borrow_bps"": 50.0, ""cap"": 1.0, ""control"": ""asymmetric"", ""covariance_days"": 101, ""diagnostic"": ""lookback_low"", ""family"": ""ensemble"", ""har_train_min"": 403, ""lookback"": 50, ""overlay"": true, ""static_exposure"": null, ""target"": 0.1, ""threshold"": 0.05, ""trial_id"": ""E7"", ""universe"": [""SPY"", ""TLT"", ""GLD""]}",development+reused_validation,5.0 bp risky purchases+sales; borrow rf+50.0 bp,completed,results/20261004T003708-e3127963/E7-lookback_low-d231ac82a2.csv,No OOS retuning; diagnostic not eligible for selection,False
E7-lookback_low_base-f46a18515e,2026-10-04T00:44:32.508191+00:00,f953cc6eadb2efb7f124791a8afd2815663fbf45083f58fe7e4fa892c609676c,5f04159f52c645b6503f8744058f5d8b248158d9,e5f957a2b78b4a08cede2183cd59012f73beaffc38f0821d43bb458df08be222:5eb2ada6d8d007969c111064ae6c5de089e8bd61c0156cb49cc98484cea2b5d9,ensemble,"{""base"": ""equal"", ""borrow_bps"": 50.0, ""cap"": 1.0, ""control"": ""asymmetric"", ""covariance_days"": 101, ""diagnostic"": ""lookback_low_base"", ""family"": ""ensemble"", ""har_train_min"": 403, ""lookback"": 50, ""overlay"": false, ""static_exposure"": null, ""target"": 0.1, ""threshold"": 0.05, ""trial_id"": ""E7"", ""universe"": [""SPY"", ""TLT"", ""GLD""]}",development+reused_validation,5.0 bp risky purchases+sales; borrow rf+50.0 bp,started,results/20261004T003708-e3127963/E7-lookback_low_base-f46a18515e.csv,Attempt retained even if process fails,False
E7-lookback_low_base-f46a18515e,2026-10-04T00:44:32.508191+00:00,f953cc6eadb2efb7f124791a8afd2815663fbf45083f58fe7e4fa892c609676c,5f04159f52c645b6503f8744058f5d8b248158d9,e5f957a2b78b4a08cede2183cd59012f73beaffc38f0821d43bb458df08be222:5eb2ada6d8d007969c111064ae6c5de089e8bd61c0156cb49cc98484cea2b5d9,ensemble,"{""base"": ""equal"", ""borrow_bps"": 50.0, ""cap"": 1.0, ""control"": ""asymmetric"", ""covariance_days"": 101, ""diagnostic"": ""lookback_low_base"", ""family"": ""ensemble"", ""har_train_min"": 403, ""lookback"": 50, ""overlay"": false, ""static_exposure"": null, ""target"": 0.1, ""threshold"": 0.05, ""trial_id"": ""E7"", ""universe"": [""SPY"", ""TLT"", ""GLD""]}",development+reused_validation,5.0 bp risky purchases+sales; borrow rf+50.0 bp,completed,results/20261004T003708-e3127963/E7-lookback_low_base-f46a18515e.csv,No OOS retuning; diagnostic not eligible for selection,False
E7-lookback_high-4e2c395865,2026-10-04T00:44:33.982526+00:00,f953cc6eadb2efb7f124791a8afd2815663fbf45083f58fe7e4fa892c609676c,5f04159f52c645b6503f8744058f5d8b248158d9,e5f957a2b78b4a08cede2183cd59012f73beaffc38f0821d43bb458df08be222:5eb2ada6d8d007969c111064ae6c5de089e8bd61c0156cb49cc98484cea2b5d9,ensemble,"{""base"": ""equal"", ""borrow_bps"": 50.0, ""cap"": 1.0, ""control"": ""asymmetric"", ""covariance_days"": 151, ""diagnostic"": ""lookback_high"", ""family"": ""ensemble"", ""har_train_min"": 605, ""lookback"": 76, ""overlay"": true, ""static_exposure"": null, ""target"": 0.1, ""threshold"": 0.05, ""trial_id"": ""E7"", ""universe"": [""SPY"", ""TLT"", ""GLD""]}",development+reused_validation,5.0 bp risky purchases+sales; borrow rf+50.0 bp,started,results/20261004T003708-e3127963/E7-lookback_high-4e2c395865.csv,Attempt retained even if process fails,False
E7-lookback_high-4e2c395865,2026-10-04T00:44:33.982526+00:00,f953cc6eadb2efb7f124791a8afd2815663fbf45083f58fe7e4fa892c609676c,5f04159f52c645b6503f8744058f5d8b248158d9,e5f957a2b78b4a08cede2183cd59012f73beaffc38f0821d43bb458df08be222:5eb2ada6d8d007969c111064ae6c5de089e8bd61c0156cb49cc98484cea2b5d9,ensemble,"{""base"": ""equal"", ""borrow_bps"": 50.0, ""cap"": 1.0, ""control"": ""asymmetric"", ""covariance_days"": 151, ""diagnostic"": ""lookback_high"", ""family"": ""ensemble"", ""har_train_min"": 605, ""lookback"": 76, ""overlay"": true, ""static_exposure"": null, ""target"": 0.1, ""threshold"": 0.05, ""trial_id"": ""E7"", ""universe"": [""SPY"", ""TLT"", ""GLD""]}",development+reused_validation,5.0 bp risky purchases+sales; borrow rf+50.0 bp,completed,results/20261004T003708-e3127963/E7-lookback_high-4e2c395865.csv,No OOS retuning; diagnostic not eligible for selection,False
E7-lookback_high_base-2da48f75a2,2026-10-04T00:44:35.518463+00:00,f953cc6eadb2efb7f124791a8afd2815663fbf45083f58fe7e4fa892c609676c,5f04159f52c645b6503f8744058f5d8b248158d9,e5f957a2b78b4a08cede2183cd59012f73beaffc38f0821d43bb458df08be222:5eb2ada6d8d007969c111064ae6c5de089e8bd61c0156cb49cc98484cea2b5d9,ensemble,"{""base"": ""equal"", ""borrow_bps"": 50.0, ""cap"": 1.0, ""control"": ""asymmetric"", ""covariance_days"": 151, ""diagnostic"": ""lookback_high_base"", ""family"": ""ensemble"", ""har_train_min"": 605, ""lookback"": 76, ""overlay"": false, ""static_exposure"": null, ""target"": 0.1, ""threshold"": 0.05, ""trial_id"": ""E7"", ""universe"": [""SPY"", ""TLT"", ""GLD""]}",development+reused_validation,5.0 bp risky purchases+sales; borrow rf+50.0 bp,started,results/20261004T003708-e3127963/E7-lookback_high_base-2da48f75a2.csv,Attempt retained even if process fails,False
E7-lookback_high_base-2da48f75a2,2026-10-04T00:44:35.518463+00:00,f953cc6eadb2efb7f124791a8afd2815663fbf45083f58fe7e4fa892c609676c,5f04159f52c645b6503f8744058f5d8b248158d9,e5f957a2b78b4a08cede2183cd59012f73beaffc38f0821d43bb458df08be222:5eb2ada6d8d007969c111064ae6c5de089e8bd61c0156cb49cc98484cea2b5d9,ensemble,"{""base"": ""equal"", ""borrow_bps"": 50.0, ""cap"": 1.0, ""control"": ""asymmetric"", ""covariance_days"": 151, ""diagnostic"": ""lookback_high_base"", ""family"": ""ensemble"", ""har_train_min"": 605, ""lookback"": 76, ""overlay"": false, ""static_exposure"": null, ""target"": 0.1, ""threshold"": 0.05, ""trial_id"": ""E7"", ""universe"": [""SPY"", ""TLT"", ""GLD""]}",development+reused_validation,5.0 bp risky purchases+sales; borrow rf+50.0 bp,completed,results/20261004T003708-e3127963/E7-lookback_high_base-2da48f75a2.csv,No OOS retuning; diagnostic not eligible for selection,False
E7-trigger_low-9d288816c9,2026-10-04T00:44:37.069752+00:00,f953cc6eadb2efb7f124791a8afd2815663fbf45083f58fe7e4fa892c609676c,5f04159f52c645b6503f8744058f5d8b248158d9,e5f957a2b78b4a08cede2183cd59012f73beaffc38f0821d43bb458df08be222:5eb2ada6d8d007969c111064ae6c5de089e8bd61c0156cb49cc98484cea2b5d9,ensemble,"{""base"": ""equal"", ""borrow_bps"": 50.0, ""cap"": 1.0, ""control"": ""asymmetric"", ""covariance_days"": 126, ""diagnostic"": ""trigger_low"", ""family"": ""ensemble"", ""har_train_min"": 504, ""lookback"": 63, ""overlay"": true, ""static_exposure"": null, ""target"": 0.1, ""threshold"": 0.04, ""trial_id"": ""E7"", ""universe"": [""SPY"", ""TLT"", ""GLD""]}",development+reused_validation,5.0 bp risky purchases+sales; borrow rf+50.0 bp,started,results/20261004T003708-e3127963/E7-trigger_low-9d288816c9.csv,Attempt retained even if process fails,False
E7-trigger_low-9d288816c9,2026-10-04T00:44:37.069752+00:00,f953cc6eadb2efb7f124791a8afd2815663fbf45083f58fe7e4fa892c609676c,5f04159f52c645b6503f8744058f5d8b248158d9,e5f957a2b78b4a08cede2183cd59012f73beaffc38f0821d43bb458df08be222:5eb2ada6d8d007969c111064ae6c5de089e8bd61c0156cb49cc98484cea2b5d9,ensemble,"{""base"": ""equal"", ""borrow_bps"": 50.0, ""cap"": 1.0, ""control"": ""asymmetric"", ""covariance_days"": 126, ""diagnostic"": ""trigger_low"", ""family"": ""ensemble"", ""har_train_min"": 504, ""lookback"": 63, ""overlay"": true, ""static_exposure"": null, ""target"": 0.1, ""threshold"": 0.04, ""trial_id"": ""E7"", ""universe"": [""SPY"", ""TLT"", ""GLD""]}",development+reused_validation,5.0 bp risky purchases+sales; borrow rf+50.0 bp,completed,results/20261004T003708-e3127963/E7-trigger_low-9d288816c9.csv,No OOS retuning; diagnostic not eligible for selection,False
E7-trigger_low_base-c58ab517ef,2026-10-04T00:44:38.562908+00:00,f953cc6eadb2efb7f124791a8afd2815663fbf45083f58fe7e4fa892c609676c,5f04159f52c645b6503f8744058f5d8b248158d9,e5f957a2b78b4a08cede2183cd59012f73beaffc38f0821d43bb458df08be222:5eb2ada6d8d007969c111064ae6c5de089e8bd61c0156cb49cc98484cea2b5d9,ensemble,"{""base"": ""equal"", ""borrow_bps"": 50.0, ""cap"": 1.0, ""control"": ""asymmetric"", ""covariance_days"": 126, ""diagnostic"": ""trigger_low_base"", ""family"": ""ensemble"", ""har_train_min"": 504, ""lookback"": 63, ""overlay"": false, ""static_exposure"": null, ""target"": 0.1, ""threshold"": 0.04, ""trial_id"": ""E7"", ""universe"": [""SPY"", ""TLT"", ""GLD""]}",development+reused_validation,5.0 bp risky purchases+sales; borrow rf+50.0 bp,started,results/20261004T003708-e3127963/E7-trigger_low_base-c58ab517ef.csv,Attempt retained even if process fails,False
E7-trigger_low_base-c58ab517ef,2026-10-04T00:44:38.562908+00:00,f953cc6eadb2efb7f124791a8afd2815663fbf45083f58fe7e4fa892c609676c,5f04159f52c645b6503f8744058f5d8b248158d9,e5f957a2b78b4a08cede2183cd59012f73beaffc38f0821d43bb458df08be222:5eb2ada6d8d007969c111064ae6c5de089e8bd61c0156cb49cc98484cea2b5d9,ensemble,"{""base"": ""equal"", ""borrow_bps"": 50.0, ""cap"": 1.0, ""control"": ""asymmetric"", ""covariance_days"": 126, ""diagnostic"": ""trigger_low_base"", ""family"": ""ensemble"", ""har_train_min"": 504, ""lookback"": 63, ""overlay"": false, ""static_exposure"": null, ""target"": 0.1, ""threshold"": 0.04, ""trial_id"": ""E7"", ""universe"": [""SPY"", ""TLT"", ""GLD""]}",development+reused_validation,5.0 bp risky purchases+sales; borrow rf+50.0 bp,completed,results/20261004T003708-e3127963/E7-trigger_low_base-c58ab517ef.csv,No OOS retuning; diagnostic not eligible for selection,False
E7-trigger_high-d565d21d3c,2026-10-04T00:44:40.057049+00:00,f953cc6eadb2efb7f124791a8afd2815663fbf45083f58fe7e4fa892c609676c,5f04159f52c645b6503f8744058f5d8b248158d9,e5f957a2b78b4a08cede2183cd59012f73beaffc38f0821d43bb458df08be222:5eb2ada6d8d007969c111064ae6c5de089e8bd61c0156cb49cc98484cea2b5d9,ensemble,"{""base"": ""equal"", ""borrow_bps"": 50.0, ""cap"": 1.0, ""control"": ""asymmetric"", ""covariance_days"": 126, ""diagnostic"": ""trigger_high"", ""family"": ""ensemble"", ""har_train_min"": 504, ""lookback"": 63, ""overlay"": true, ""static_exposure"": null, ""target"": 0.1, ""threshold"": 0.06, ""trial_id"": ""E7"", ""universe"": [""SPY"", ""TLT"", ""GLD""]}",development+reused_validation,5.0 bp risky purchases+sales; borrow rf+50.0 bp,started,results/20261004T003708-e3127963/E7-trigger_high-d565d21d3c.csv,Attempt retained even if process fails,False
E7-trigger_high-d565d21d3c,2026-10-04T00:44:40.057049+00:00,f953cc6eadb2efb7f124791a8afd2815663fbf45083f58fe7e4fa892c609676c,5f04159f52c645b6503f8744058f5d8b248158d9,e5f957a2b78b4a08cede2183cd59012f73beaffc38f0821d43bb458df08be222:5eb2ada6d8d007969c111064ae6c5de089e8bd61c0156cb49cc98484cea2b5d9,ensemble,"{""base"": ""equal"", ""borrow_bps"": 50.0, ""cap"": 1.0, ""control"": ""asymmetric"", ""covariance_days"": 126, ""diagnostic"": ""trigger_high"", ""family"": ""ensemble"", ""har_train_min"": 504, ""lookback"": 63, ""overlay"": true, ""static_exposure"": null, ""target"": 0.1, ""threshold"": 0.06, ""trial_id"": ""E7"", ""universe"": [""SPY"", ""TLT"", ""GLD""]}",development+reused_validation,5.0 bp risky purchases+sales; borrow rf+50.0 bp,completed,results/20261004T003708-e3127963/E7-trigger_high-d565d21d3c.csv,No OOS retuning; diagnostic not eligible for selection,False
E7-trigger_high_base-8b9088393e,2026-10-04T00:44:41.536251+00:00,f953cc6eadb2efb7f124791a8afd2815663fbf45083f58fe7e4fa892c609676c,5f04159f52c645b6503f8744058f5d8b248158d9,e5f957a2b78b4a08cede2183cd59012f73beaffc38f0821d43bb458df08be222:5eb2ada6d8d007969c111064ae6c5de089e8bd61c0156cb49cc98484cea2b5d9,ensemble,"{""base"": ""equal"", ""borrow_bps"": 50.0, ""cap"": 1.0, ""control"": ""asymmetric"", ""covariance_days"": 126, ""diagnostic"": ""trigger_high_base"", ""family"": ""ensemble"", ""har_train_min"": 504, ""lookback"": 63, ""overlay"": false, ""static_exposure"": null, ""target"": 0.1, ""threshold"": 0.06, ""trial_id"": ""E7"", ""universe"": [""SPY"", ""TLT"", ""GLD""]}",development+reused_validation,5.0 bp risky purchases+sales; borrow rf+50.0 bp,started,results/20261004T003708-e3127963/E7-trigger_high_base-8b9088393e.csv,Attempt retained even if process fails,False
E7-trigger_high_base-8b9088393e,2026-10-04T00:44:41.536251+00:00,f953cc6eadb2efb7f124791a8afd2815663fbf45083f58fe7e4fa892c609676c,5f04159f52c645b6503f8744058f5d8b248158d9,e5f957a2b78b4a08cede2183cd59012f73beaffc38f0821d43bb458df08be222:5eb2ada6d8d007969c111064ae6c5de089e8bd61c0156cb49cc98484cea2b5d9,ensemble,"{""base"": ""equal"", ""borrow_bps"": 50.0, ""cap"": 1.0, ""control"": ""asymmetric"", ""covariance_days"": 126, ""diagnostic"": ""trigger_high_base"", ""family"": ""ensemble"", ""har_train_min"": 504, ""lookback"": 63, ""overlay"": false, ""static_exposure"": null, ""target"": 0.1, ""threshold"": 0.06, ""trial_id"": ""E7"", ""universe"": [""SPY"", ""TLT"", ""GLD""]}",development+reused_validation,5.0 bp risky purchases+sales; borrow rf+50.0 bp,completed,results/20261004T003708-e3127963/E7-trigger_high_base-8b9088393e.csv,No OOS retuning; diagnostic not eligible for selection,False
E8-double_cost-b007555964,2026-10-04T00:44:43.077545+00:00,f953cc6eadb2efb7f124791a8afd2815663fbf45083f58fe7e4fa892c609676c,5f04159f52c645b6503f8744058f5d8b248158d9,e5f957a2b78b4a08cede2183cd59012f73beaffc38f0821d43bb458df08be222:5eb2ada6d8d007969c111064ae6c5de089e8bd61c0156cb49cc98484cea2b5d9,ensemble,"{""base"": ""equal"", ""borrow_bps"": 50.0, ""cap"": 1.25, ""control"": ""asymmetric"", ""covariance_days"": 126, ""diagnostic"": ""double_cost"", ""family"": ""ensemble"", ""har_train_min"": 504, ""lookback"": 63, ""overlay"": true, ""static_exposure"": null, ""target"": 0.1, ""threshold"": 0.05, ""trial_id"": ""E8"", ""universe"": [""SPY"", ""TLT"", ""GLD""]}",development+reused_validation,10 bp risky purchases+sales; borrow rf+50.0 bp,started,results/20261004T003708-e3127963/E8-double_cost-b007555964.csv,Attempt retained even if process fails,False
E8-double_cost-b007555964,2026-10-04T00:44:43.077545+00:00,f953cc6eadb2efb7f124791a8afd2815663fbf45083f58fe7e4fa892c609676c,5f04159f52c645b6503f8744058f5d8b248158d9,e5f957a2b78b4a08cede2183cd59012f73beaffc38f0821d43bb458df08be222:5eb2ada6d8d007969c111064ae6c5de089e8bd61c0156cb49cc98484cea2b5d9,ensemble,"{""base"": ""equal"", ""borrow_bps"": 50.0, ""cap"": 1.25, ""control"": ""asymmetric"", ""covariance_days"": 126, ""diagnostic"": ""double_cost"", ""family"": ""ensemble"", ""har_train_min"": 504, ""lookback"": 63, ""overlay"": true, ""static_exposure"": null, ""target"": 0.1, ""threshold"": 0.05, ""trial_id"": ""E8"", ""universe"": [""SPY"", ""TLT"", ""GLD""]}",development+reused_validation,10 bp risky purchases+sales; borrow rf+50.0 bp,completed,results/20261004T003708-e3127963/E8-double_cost-b007555964.csv,No OOS retuning; diagnostic not eligible for selection,False
E8-double_cost_base-ee5eceb2f6,2026-10-04T00:44:45.361887+00:00,f953cc6eadb2efb7f124791a8afd2815663fbf45083f58fe7e4fa892c609676c,5f04159f52c645b6503f8744058f5d8b248158d9,e5f957a2b78b4a08cede2183cd59012f73beaffc38f0821d43bb458df08be222:5eb2ada6d8d007969c111064ae6c5de089e8bd61c0156cb49cc98484cea2b5d9,ensemble,"{""base"": ""equal"", ""borrow_bps"": 50.0, ""cap"": 1.25, ""control"": ""asymmetric"", ""covariance_days"": 126, ""diagnostic"": ""double_cost_base"", ""family"": ""ensemble"", ""har_train_min"": 504, ""lookback"": 63, ""overlay"": false, ""static_exposure"": null, ""target"": 0.1, ""threshold"": 0.05, ""trial_id"": ""E8"", ""universe"": [""SPY"", ""TLT"", ""GLD""]}",development+reused_validation,10 bp risky purchases+sales; borrow rf+50.0 bp,started,results/20261004T003708-e3127963/E8-double_cost_base-ee5eceb2f6.csv,Attempt retained even if process fails,False
E8-double_cost_base-ee5eceb2f6,2026-10-04T00:44:45.361887+00:00,f953cc6eadb2efb7f124791a8afd2815663fbf45083f58fe7e4fa892c609676c,5f04159f52c645b6503f8744058f5d8b248158d9,e5f957a2b78b4a08cede2183cd59012f73beaffc38f0821d43bb458df08be222:5eb2ada6d8d007969c111064ae6c5de089e8bd61c0156cb49cc98484cea2b5d9,ensemble,"{""base"": ""equal"", ""borrow_bps"": 50.0, ""cap"": 1.25, ""control"": ""asymmetric"", ""covariance_days"": 126, ""diagnostic"": ""double_cost_base"", ""family"": ""ensemble"", ""har_train_min"": 504, ""lookback"": 63, ""overlay"": false, ""static_exposure"": null, ""target"": 0.1, ""threshold"": 0.05, ""trial_id"": ""E8"", ""universe"": [""SPY"", ""TLT"", ""GLD""]}",development+reused_validation,10 bp risky purchases+sales; borrow rf+50.0 bp,completed,results/20261004T003708-e3127963/E8-double_cost_base-ee5eceb2f6.csv,No OOS retuning; diagnostic not eligible for selection,False
E8-target_low-39321011cd,2026-10-04T00:44:47.052149+00:00,f953cc6eadb2efb7f124791a8afd2815663fbf45083f58fe7e4fa892c609676c,5f04159f52c645b6503f8744058f5d8b248158d9,e5f957a2b78b4a08cede2183cd59012f73beaffc38f0821d43bb458df08be222:5eb2ada6d8d007969c111064ae6c5de089e8bd61c0156cb49cc98484cea2b5d9,ensemble,"{""base"": ""equal"", ""borrow_bps"": 50.0, ""cap"": 1.25, ""control"": ""asymmetric"", ""covariance_days"": 126, ""diagnostic"": ""target_low"", ""family"": ""ensemble"", ""har_train_min"": 504, ""lookback"": 63, ""overlay"": true, ""static_exposure"": null, ""target"": 0.09000000000000001, ""threshold"": 0.05, ""trial_id"": ""E8"", ""universe"": [""SPY"", ""TLT"", ""GLD""]}",development+reused_validation,5.0 bp risky purchases+sales; borrow rf+50.0 bp,started,results/20261004T003708-e3127963/E8-target_low-39321011cd.csv,Attempt retained even if process fails,False
E8-target_low-39321011cd,2026-10-04T00:44:47.052149+00:00,f953cc6eadb2efb7f124791a8afd2815663fbf45083f58fe7e4fa892c609676c,5f04159f52c645b6503f8744058f5d8b248158d9,e5f957a2b78b4a08cede2183cd59012f73beaffc38f0821d43bb458df08be222:5eb2ada6d8d007969c111064ae6c5de089e8bd61c0156cb49cc98484cea2b5d9,ensemble,"{""base"": ""equal"", ""borrow_bps"": 50.0, ""cap"": 1.25, ""control"": ""asymmetric"", ""covariance_days"": 126, ""diagnostic"": ""target_low"", ""family"": ""ensemble"", ""har_train_min"": 504, ""lookback"": 63, ""overlay"": true, ""static_exposure"": null, ""target"": 0.09000000000000001, ""threshold"": 0.05, ""trial_id"": ""E8"", ""universe"": [""SPY"", ""TLT"", ""GLD""]}",development+reused_validation,5.0 bp risky purchases+sales; borrow rf+50.0 bp,completed,results/20261004T003708-e3127963/E8-target_low-39321011cd.csv,No OOS retuning; diagnostic not eligible for selection,False
E8-target_low_base-b8dd5253cb,2026-10-04T00:44:49.291940+00:00,f953cc6eadb2efb7f124791a8afd2815663fbf45083f58fe7e4fa892c609676c,5f04159f52c645b6503f8744058f5d8b248158d9,e5f957a2b78b4a08cede2183cd59012f73beaffc38f0821d43bb458df08be222:5eb2ada6d8d007969c111064ae6c5de089e8bd61c0156cb49cc98484cea2b5d9,ensemble,"{""base"": ""equal"", ""borrow_bps"": 50.0, ""cap"": 1.25, ""control"": ""asymmetric"", ""covariance_days"": 126, ""diagnostic"": ""target_low_base"", ""family"": ""ensemble"", ""har_train_min"": 504, ""lookback"": 63, ""overlay"": false, ""static_exposure"": null, ""target"": 0.09000000000000001, ""threshold"": 0.05, ""trial_id"": ""E8"", ""universe"": [""SPY"", ""TLT"", ""GLD""]}",development+reused_validation,5.0 bp risky purchases+sales; borrow rf+50.0 bp,started,results/20261004T003708-e3127963/E8-target_low_base-b8dd5253cb.csv,Attempt retained even if process fails,False
E8-target_low_base-b8dd5253cb,2026-10-04T00:44:49.291940+00:00,f953cc6eadb2efb7f124791a8afd2815663fbf45083f58fe7e4fa892c609676c,5f04159f52c645b6503f8744058f5d8b248158d9,e5f957a2b78b4a08cede2183cd59012f73beaffc38f0821d43bb458df08be222:5eb2ada6d8d007969c111064ae6c5de089e8bd61c0156cb49cc98484cea2b5d9,ensemble,"{""base"": ""equal"", ""borrow_bps"": 50.0, ""cap"": 1.25, ""control"": ""asymmetric"", ""covariance_days"": 126, ""diagnostic"": ""target_low_base"", ""family"": ""ensemble"", ""har_train_min"": 504, ""lookback"": 63, ""overlay"": false, ""static_exposure"": null, ""target"": 0.09000000000000001, ""threshold"": 0.05, ""trial_id"": ""E8"", ""universe"": [""SPY"", ""TLT"", ""GLD""]}",development+reused_validation,5.0 bp risky purchases+sales; borrow rf+50.0 bp,completed,results/20261004T003708-e3127963/E8-target_low_base-b8dd5253cb.csv,No OOS retuning; diagnostic not eligible for selection,False
E8-target_high-149c5a0d3d,2026-10-04T00:44:50.806942+00:00,f953cc6eadb2efb7f124791a8afd2815663fbf45083f58fe7e4fa892c609676c,5f04159f52c645b6503f8744058f5d8b248158d9,e5f957a2b78b4a08cede2183cd59012f73beaffc38f0821d43bb458df08be222:5eb2ada6d8d007969c111064ae6c5de089e8bd61c0156cb49cc98484cea2b5d9,ensemble,"{""base"": ""equal"", ""borrow_bps"": 50.0, ""cap"": 1.25, ""control"": ""asymmetric"", ""covariance_days"": 126, ""diagnostic"": ""target_high"", ""family"": ""ensemble"", ""har_train_min"": 504, ""lookback"": 63, ""overlay"": true, ""static_exposure"": null, ""target"": 0.11, ""threshold"": 0.05, ""trial_id"": ""E8"", ""universe"": [""SPY"", ""TLT"", ""GLD""]}",development+reused_validation,5.0 bp risky purchases+sales; borrow rf+50.0 bp,started,results/20261004T003708-e3127963/E8-target_high-149c5a0d3d.csv,Attempt retained even if process fails,False
E8-target_high-149c5a0d3d,2026-10-04T00:44:50.806942+00:00,f953cc6eadb2efb7f124791a8afd2815663fbf45083f58fe7e4fa892c609676c,5f04159f52c645b6503f8744058f5d8b248158d9,e5f957a2b78b4a08cede2183cd59012f73beaffc38f0821d43bb458df08be222:5eb2ada6d8d007969c111064ae6c5de089e8bd61c0156cb49cc98484cea2b5d9,ensemble,"{""base"": ""equal"", ""borrow_bps"": 50.0, ""cap"": 1.25, ""control"": ""asymmetric"", ""covariance_days"": 126, ""diagnostic"": ""target_high"", ""family"": ""ensemble"", ""har_train_min"": 504, ""lookback"": 63, ""overlay"": true, ""static_exposure"": null, ""target"": 0.11, ""threshold"": 0.05, ""trial_id"": ""E8"", ""universe"": [""SPY"", ""TLT"", ""GLD""]}",development+reused_validation,5.0 bp risky purchases+sales; borrow rf+50.0 bp,completed,results/20261004T003708-e3127963/E8-target_high-149c5a0d3d.csv,No OOS retuning; diagnostic not eligible for selection,False
E8-target_high_base-7241adb06f,2026-10-04T00:44:53.458766+00:00,f953cc6eadb2efb7f124791a8afd2815663fbf45083f58fe7e4fa892c609676c,5f04159f52c645b6503f8744058f5d8b248158d9,e5f957a2b78b4a08cede2183cd59012f73beaffc38f0821d43bb458df08be222:5eb2ada6d8d007969c111064ae6c5de089e8bd61c0156cb49cc98484cea2b5d9,ensemble,"{""base"": ""equal"", ""borrow_bps"": 50.0, ""cap"": 1.25, ""control"": ""asymmetric"", ""covariance_days"": 126, ""diagnostic"": ""target_high_base"", ""family"": ""ensemble"", ""har_train_min"": 504, ""lookback"": 63, ""overlay"": false, ""static_exposure"": null, ""target"": 0.11, ""threshold"": 0.05, ""trial_id"": ""E8"", ""universe"": [""SPY"", ""TLT"", ""GLD""]}",development+reused_validation,5.0 bp risky purchases+sales; borrow rf+50.0 bp,started,results/20261004T003708-e3127963/E8-target_high_base-7241adb06f.csv,Attempt retained even if process fails,False
E8-target_high_base-7241adb06f,2026-10-04T00:44:53.458766+00:00,f953cc6eadb2efb7f124791a8afd2815663fbf45083f58fe7e4fa892c609676c,5f04159f52c645b6503f8744058f5d8b248158d9,e5f957a2b78b4a08cede2183cd59012f73beaffc38f0821d43bb458df08be222:5eb2ada6d8d007969c111064ae6c5de089e8bd61c0156cb49cc98484cea2b5d9,ensemble,"{""base"": ""equal"", ""borrow_bps"": 50.0, ""cap"": 1.25, ""control"": ""asymmetric"", ""covariance_days"": 126, ""diagnostic"": ""target_high_base"", ""family"": ""ensemble"", ""har_train_min"": 504, ""lookback"": 63, ""overlay"": false, ""static_exposure"": null, ""target"": 0.11, ""threshold"": 0.05, ""trial_id"": ""E8"", ""universe"": [""SPY"", ""TLT"", ""GLD""]}",development+reused_validation,5.0 bp risky purchases+sales; borrow rf+50.0 bp,completed,results/20261004T003708-e3127963/E8-target_high_base-7241adb06f.csv,No OOS retuning; diagnostic not eligible for selection,False
E8-lookback_low-9cdafc13b2,2026-10-04T00:44:54.956446+00:00,f953cc6eadb2efb7f124791a8afd2815663fbf45083f58fe7e4fa892c609676c,5f04159f52c645b6503f8744058f5d8b248158d9,e5f957a2b78b4a08cede2183cd59012f73beaffc38f0821d43bb458df08be222:5eb2ada6d8d007969c111064ae6c5de089e8bd61c0156cb49cc98484cea2b5d9,ensemble,"{""base"": ""equal"", ""borrow_bps"": 50.0, ""cap"": 1.25, ""control"": ""asymmetric"", ""covariance_days"": 101, ""diagnostic"": ""lookback_low"", ""family"": ""ensemble"", ""har_train_min"": 403, ""lookback"": 50, ""overlay"": true, ""static_exposure"": null, ""target"": 0.1, ""threshold"": 0.05, ""trial_id"": ""E8"", ""universe"": [""SPY"", ""TLT"", ""GLD""]}",development+reused_validation,5.0 bp risky purchases+sales; borrow rf+50.0 bp,started,results/20261004T003708-e3127963/E8-lookback_low-9cdafc13b2.csv,Attempt retained even if process fails,False
E8-lookback_low-9cdafc13b2,2026-10-04T00:44:54.956446+00:00,f953cc6eadb2efb7f124791a8afd2815663fbf45083f58fe7e4fa892c609676c,5f04159f52c645b6503f8744058f5d8b248158d9,e5f957a2b78b4a08cede2183cd59012f73beaffc38f0821d43bb458df08be222:5eb2ada6d8d007969c111064ae6c5de089e8bd61c0156cb49cc98484cea2b5d9,ensemble,"{""base"": ""equal"", ""borrow_bps"": 50.0, ""cap"": 1.25, ""control"": ""asymmetric"", ""covariance_days"": 101, ""diagnostic"": ""lookback_low"", ""family"": ""ensemble"", ""har_train_min"": 403, ""lookback"": 50, ""overlay"": true, ""static_exposure"": null, ""target"": 0.1, ""threshold"": 0.05, ""trial_id"": ""E8"", ""universe"": [""SPY"", ""TLT"", ""GLD""]}",development+reused_validation,5.0 bp risky purchases+sales; borrow rf+50.0 bp,completed,results/20261004T003708-e3127963/E8-lookback_low-9cdafc13b2.csv,No OOS retuning; diagnostic not eligible for selection,False
E8-lookback_low_base-659cd6bb3b,2026-10-04T00:44:57.231106+00:00,f953cc6eadb2efb7f124791a8afd2815663fbf45083f58fe7e4fa892c609676c,5f04159f52c645b6503f8744058f5d8b248158d9,e5f957a2b78b4a08cede2183cd59012f73beaffc38f0821d43bb458df08be222:5eb2ada6d8d007969c111064ae6c5de089e8bd61c0156cb49cc98484cea2b5d9,ensemble,"{""base"": ""equal"", ""borrow_bps"": 50.0, ""cap"": 1.25, ""control"": ""asymmetric"", ""covariance_days"": 101, ""diagnostic"": ""lookback_low_base"", ""family"": ""ensemble"", ""har_train_min"": 403, ""lookback"": 50, ""overlay"": false, ""static_exposure"": null, ""target"": 0.1, ""threshold"": 0.05, ""trial_id"": ""E8"", ""universe"": [""SPY"", ""TLT"", ""GLD""]}",development+reused_validation,5.0 bp risky purchases+sales; borrow rf+50.0 bp,started,results/20261004T003708-e3127963/E8-lookback_low_base-659cd6bb3b.csv,Attempt retained even if process fails,False
E8-lookback_low_base-659cd6bb3b,2026-10-04T00:44:57.231106+00:00,f953cc6eadb2efb7f124791a8afd2815663fbf45083f58fe7e4fa892c609676c,5f04159f52c645b6503f8744058f5d8b248158d9,e5f957a2b78b4a08cede2183cd59012f73beaffc38f0821d43bb458df08be222:5eb2ada6d8d007969c111064ae6c5de089e8bd61c0156cb49cc98484cea2b5d9,ensemble,"{""base"": ""equal"", ""borrow_bps"": 50.0, ""cap"": 1.25, ""control"": ""asymmetric"", ""covariance_days"": 101, ""diagnostic"": ""lookback_low_base"", ""family"": ""ensemble"", ""har_train_min"": 403, ""lookback"": 50, ""overlay"": false, ""static_exposure"": null, ""target"": 0.1, ""threshold"": 0.05, ""trial_id"": ""E8"", ""universe"": [""SPY"", ""TLT"", ""GLD""]}",development+reused_validation,5.0 bp risky purchases+sales; borrow rf+50.0 bp,completed,results/20261004T003708-e3127963/E8-lookback_low_base-659cd6bb3b.csv,No OOS retuning; diagnostic not eligible for selection,False
E8-lookback_high-41d58a63d4,2026-10-04T00:44:58.752084+00:00,f953cc6eadb2efb7f124791a8afd2815663fbf45083f58fe7e4fa892c609676c,5f04159f52c645b6503f8744058f5d8b248158d9,e5f957a2b78b4a08cede2183cd59012f73beaffc38f0821d43bb458df08be222:5eb2ada6d8d007969c111064ae6c5de089e8bd61c0156cb49cc98484cea2b5d9,ensemble,"{""base"": ""equal"", ""borrow_bps"": 50.0, ""cap"": 1.25, ""control"": ""asymmetric"", ""covariance_days"": 151, ""diagnostic"": ""lookback_high"", ""family"": ""ensemble"", ""har_train_min"": 605, ""lookback"": 76, ""overlay"": true, ""static_exposure"": null, ""target"": 0.1, ""threshold"": 0.05, ""trial_id"": ""E8"", ""universe"": [""SPY"", ""TLT"", ""GLD""]}",development+reused_validation,5.0 bp risky purchases+sales; borrow rf+50.0 bp,started,results/20261004T003708-e3127963/E8-lookback_high-41d58a63d4.csv,Attempt retained even if process fails,False
E8-lookback_high-41d58a63d4,2026-10-04T00:44:58.752084+00:00,f953cc6eadb2efb7f124791a8afd2815663fbf45083f58fe7e4fa892c609676c,5f04159f52c645b6503f8744058f5d8b248158d9,e5f957a2b78b4a08cede2183cd59012f73beaffc38f0821d43bb458df08be222:5eb2ada6d8d007969c111064ae6c5de089e8bd61c0156cb49cc98484cea2b5d9,ensemble,"{""base"": ""equal"", ""borrow_bps"": 50.0, ""cap"": 1.25, ""control"": ""asymmetric"", ""covariance_days"": 151, ""diagnostic"": ""lookback_high"", ""family"": ""ensemble"", ""har_train_min"": 605, ""lookback"": 76, ""overlay"": true, ""static_exposure"": null, ""target"": 0.1, ""threshold"": 0.05, ""trial_id"": ""E8"", ""universe"": [""SPY"", ""TLT"", ""GLD""]}",development+reused_validation,5.0 bp risky purchases+sales; borrow rf+50.0 bp,completed,results/20261004T003708-e3127963/E8-lookback_high-41d58a63d4.csv,No OOS retuning; diagnostic not eligible for selection,False
E8-lookback_high_base-fe88b68b78,2026-10-04T00:45:01.056522+00:00,f953cc6eadb2efb7f124791a8afd2815663fbf45083f58fe7e4fa892c609676c,5f04159f52c645b6503f8744058f5d8b248158d9,e5f957a2b78b4a08cede2183cd59012f73beaffc38f0821d43bb458df08be222:5eb2ada6d8d007969c111064ae6c5de089e8bd61c0156cb49cc98484cea2b5d9,ensemble,"{""base"": ""equal"", ""borrow_bps"": 50.0, ""cap"": 1.25, ""control"": ""asymmetric"", ""covariance_days"": 151, ""diagnostic"": ""lookback_high_base"", ""family"": ""ensemble"", ""har_train_min"": 605, ""lookback"": 76, ""overlay"": false, ""static_exposure"": null, ""target"": 0.1, ""threshold"": 0.05, ""trial_id"": ""E8"", ""universe"": [""SPY"", ""TLT"", ""GLD""]}",development+reused_validation,5.0 bp risky purchases+sales; borrow rf+50.0 bp,started,results/20261004T003708-e3127963/E8-lookback_high_base-fe88b68b78.csv,Attempt retained even if process fails,False
E8-lookback_high_base-fe88b68b78,2026-10-04T00:45:01.056522+00:00,f953cc6eadb2efb7f124791a8afd2815663fbf45083f58fe7e4fa892c609676c,5f04159f52c645b6503f8744058f5d8b248158d9,e5f957a2b78b4a08cede2183cd59012f73beaffc38f0821d43bb458df08be222:5eb2ada6d8d007969c111064ae6c5de089e8bd61c0156cb49cc98484cea2b5d9,ensemble,"{""base"": ""equal"", ""borrow_bps"": 50.0, ""cap"": 1.25, ""control"": ""asymmetric"", ""covariance_days"": 151, ""diagnostic"": ""lookback_high_base"", ""family"": ""ensemble"", ""har_train_min"": 605, ""lookback"": 76, ""overlay"": false, ""static_exposure"": null, ""target"": 0.1, ""threshold"": 0.05, ""trial_id"": ""E8"", ""universe"": [""SPY"", ""TLT"", ""GLD""]}",development+reused_validation,5.0 bp risky purchases+sales; borrow rf+50.0 bp,completed,results/20261004T003708-e3127963/E8-lookback_high_base-fe88b68b78.csv,No OOS retuning; diagnostic not eligible for selection,False
E8-trigger_low-0c07e15a20,2026-10-04T00:45:02.538618+00:00,f953cc6eadb2efb7f124791a8afd2815663fbf45083f58fe7e4fa892c609676c,5f04159f52c645b6503f8744058f5d8b248158d9,e5f957a2b78b4a08cede2183cd59012f73beaffc38f0821d43bb458df08be222:5eb2ada6d8d007969c111064ae6c5de089e8bd61c0156cb49cc98484cea2b5d9,ensemble,"{""base"": ""equal"", ""borrow_bps"": 50.0, ""cap"": 1.25, ""control"": ""asymmetric"", ""covariance_days"": 126, ""diagnostic"": ""trigger_low"", ""family"": ""ensemble"", ""har_train_min"": 504, ""lookback"": 63, ""overlay"": true, ""static_exposure"": null, ""target"": 0.1, ""threshold"": 0.04, ""trial_id"": ""E8"", ""universe"": [""SPY"", ""TLT"", ""GLD""]}",development+reused_validation,5.0 bp risky purchases+sales; borrow rf+50.0 bp,started,results/20261004T003708-e3127963/E8-trigger_low-0c07e15a20.csv,Attempt retained even if process fails,False
E8-trigger_low-0c07e15a20,2026-10-04T00:45:02.538618+00:00,f953cc6eadb2efb7f124791a8afd2815663fbf45083f58fe7e4fa892c609676c,5f04159f52c645b6503f8744058f5d8b248158d9,e5f957a2b78b4a08cede2183cd59012f73beaffc38f0821d43bb458df08be222:5eb2ada6d8d007969c111064ae6c5de089e8bd61c0156cb49cc98484cea2b5d9,ensemble,"{""base"": ""equal"", ""borrow_bps"": 50.0, ""cap"": 1.25, ""control"": ""asymmetric"", ""covariance_days"": 126, ""diagnostic"": ""trigger_low"", ""family"": ""ensemble"", ""har_train_min"": 504, ""lookback"": 63, ""overlay"": true, ""static_exposure"": null, ""target"": 0.1, ""threshold"": 0.04, ""trial_id"": ""E8"", ""universe"": [""SPY"", ""TLT"", ""GLD""]}",development+reused_validation,5.0 bp risky purchases+sales; borrow rf+50.0 bp,completed,results/20261004T003708-e3127963/E8-trigger_low-0c07e15a20.csv,No OOS retuning; diagnostic not eligible for selection,False
E8-trigger_low_base-bbf9364a56,2026-10-04T00:45:04.880502+00:00,f953cc6eadb2efb7f124791a8afd2815663fbf45083f58fe7e4fa892c609676c,5f04159f52c645b6503f8744058f5d8b248158d9,e5f957a2b78b4a08cede2183cd59012f73beaffc38f0821d43bb458df08be222:5eb2ada6d8d007969c111064ae6c5de089e8bd61c0156cb49cc98484cea2b5d9,ensemble,"{""base"": ""equal"", ""borrow_bps"": 50.0, ""cap"": 1.25, ""control"": ""asymmetric"", ""covariance_days"": 126, ""diagnostic"": ""trigger_low_base"", ""family"": ""ensemble"", ""har_train_min"": 504, ""lookback"": 63, ""overlay"": false, ""static_exposure"": null, ""target"": 0.1, ""threshold"": 0.04, ""trial_id"": ""E8"", ""universe"": [""SPY"", ""TLT"", ""GLD""]}",development+reused_validation,5.0 bp risky purchases+sales; borrow rf+50.0 bp,started,results/20261004T003708-e3127963/E8-trigger_low_base-bbf9364a56.csv,Attempt retained even if process fails,False
E8-trigger_low_base-bbf9364a56,2026-10-04T00:45:04.880502+00:00,f953cc6eadb2efb7f124791a8afd2815663fbf45083f58fe7e4fa892c609676c,5f04159f52c645b6503f8744058f5d8b248158d9,e5f957a2b78b4a08cede2183cd59012f73beaffc38f0821d43bb458df08be222:5eb2ada6d8d007969c111064ae6c5de089e8bd61c0156cb49cc98484cea2b5d9,ensemble,"{""base"": ""equal"", ""borrow_bps"": 50.0, ""cap"": 1.25, ""control"": ""asymmetric"", ""covariance_days"": 126, ""diagnostic"": ""trigger_low_base"", ""family"": ""ensemble"", ""har_train_min"": 504, ""lookback"": 63, ""overlay"": false, ""static_exposure"": null, ""target"": 0.1, ""threshold"": 0.04, ""trial_id"": ""E8"", ""universe"": [""SPY"", ""TLT"", ""GLD""]}",development+reused_validation,5.0 bp risky purchases+sales; borrow rf+50.0 bp,completed,results/20261004T003708-e3127963/E8-trigger_low_base-bbf9364a56.csv,No OOS retuning; diagnostic not eligible for selection,False
E8-trigger_high-2e55ed64bc,2026-10-04T00:45:06.372974+00:00,f953cc6eadb2efb7f124791a8afd2815663fbf45083f58fe7e4fa892c609676c,5f04159f52c645b6503f8744058f5d8b248158d9,e5f957a2b78b4a08cede2183cd59012f73beaffc38f0821d43bb458df08be222:5eb2ada6d8d007969c111064ae6c5de089e8bd61c0156cb49cc98484cea2b5d9,ensemble,"{""base"": ""equal"", ""borrow_bps"": 50.0, ""cap"": 1.25, ""control"": ""asymmetric"", ""covariance_days"": 126, ""diagnostic"": ""trigger_high"", ""family"": ""ensemble"", ""har_train_min"": 504, ""lookback"": 63, ""overlay"": true, ""static_exposure"": null, ""target"": 0.1, ""threshold"": 0.06, ""trial_id"": ""E8"", ""universe"": [""SPY"", ""TLT"", ""GLD""]}",development+reused_validation,5.0 bp risky purchases+sales; borrow rf+50.0 bp,started,results/20261004T003708-e3127963/E8-trigger_high-2e55ed64bc.csv,Attempt retained even if process fails,False
E8-trigger_high-2e55ed64bc,2026-10-04T00:45:06.372974+00:00,f953cc6eadb2efb7f124791a8afd2815663fbf45083f58fe7e4fa892c609676c,5f04159f52c645b6503f8744058f5d8b248158d9,e5f957a2b78b4a08cede2183cd59012f73beaffc38f0821d43bb458df08be222:5eb2ada6d8d007969c111064ae6c5de089e8bd61c0156cb49cc98484cea2b5d9,ensemble,"{""base"": ""equal"", ""borrow_bps"": 50.0, ""cap"": 1.25, ""control"": ""asymmetric"", ""covariance_days"": 126, ""diagnostic"": ""trigger_high"", ""family"": ""ensemble"", ""har_train_min"": 504, ""lookback"": 63, ""overlay"": true, ""static_exposure"": null, ""target"": 0.1, ""threshold"": 0.06, ""trial_id"": ""E8"", ""universe"": [""SPY"", ""TLT"", ""GLD""]}",development+reused_validation,5.0 bp risky purchases+sales; borrow rf+50.0 bp,completed,results/20261004T003708-e3127963/E8-trigger_high-2e55ed64bc.csv,No OOS retuning; diagnostic not eligible for selection,False
E8-trigger_high_base-67fb8fef07,2026-10-04T00:45:08.640326+00:00,f953cc6eadb2efb7f124791a8afd2815663fbf45083f58fe7e4fa892c609676c,5f04159f52c645b6503f8744058f5d8b248158d9,e5f957a2b78b4a08cede2183cd59012f73beaffc38f0821d43bb458df08be222:5eb2ada6d8d007969c111064ae6c5de089e8bd61c0156cb49cc98484cea2b5d9,ensemble,"{""base"": ""equal"", ""borrow_bps"": 50.0, ""cap"": 1.25, ""control"": ""asymmetric"", ""covariance_days"": 126, ""diagnostic"": ""trigger_high_base"", ""family"": ""ensemble"", ""har_train_min"": 504, ""lookback"": 63, ""overlay"": false, ""static_exposure"": null, ""target"": 0.1, ""threshold"": 0.06, ""trial_id"": ""E8"", ""universe"": [""SPY"", ""TLT"", ""GLD""]}",development+reused_validation,5.0 bp risky purchases+sales; borrow rf+50.0 bp,started,results/20261004T003708-e3127963/E8-trigger_high_base-67fb8fef07.csv,Attempt retained even if process fails,False
E8-trigger_high_base-67fb8fef07,2026-10-04T00:45:08.640326+00:00,f953cc6eadb2efb7f124791a8afd2815663fbf45083f58fe7e4fa892c609676c,5f04159f52c645b6503f8744058f5d8b248158d9,e5f957a2b78b4a08cede2183cd59012f73beaffc38f0821d43bb458df08be222:5eb2ada6d8d007969c111064ae6c5de089e8bd61c0156cb49cc98484cea2b5d9,ensemble,"{""base"": ""equal"", ""borrow_bps"": 50.0, ""cap"": 1.25, ""control"": ""asymmetric"", ""covariance_days"": 126, ""diagnostic"": ""trigger_high_base"", ""family"": ""ensemble"", ""har_train_min"": 504, ""lookback"": 63, ""overlay"": false, ""static_exposure"": null, ""target"": 0.1, ""threshold"": 0.06, ""trial_id"": ""E8"", ""universe"": [""SPY"", ""TLT"", ""GLD""]}",development+reused_validation,5.0 bp risky purchases+sales; borrow rf+50.0 bp,completed,results/20261004T003708-e3127963/E8-trigger_high_base-67fb8fef07.csv,No OOS retuning; diagnostic not eligible for selection,False
E7-cost_0-d8311b0df9,2026-10-04T00:45:12.088166+00:00,f953cc6eadb2efb7f124791a8afd2815663fbf45083f58fe7e4fa892c609676c,5f04159f52c645b6503f8744058f5d8b248158d9,e5f957a2b78b4a08cede2183cd59012f73beaffc38f0821d43bb458df08be222:5eb2ada6d8d007969c111064ae6c5de089e8bd61c0156cb49cc98484cea2b5d9,ensemble,"{""base"": ""equal"", ""borrow_bps"": 50.0, ""cap"": 1.0, ""control"": ""asymmetric"", ""covariance_days"": 126, ""diagnostic"": ""cost_0"", ""family"": ""ensemble"", ""har_train_min"": 504, ""lookback"": 63, ""overlay"": true, ""static_exposure"": null, ""target"": 0.1, ""threshold"": 0.05, ""trial_id"": ""E7"", ""universe"": [""SPY"", ""TLT"", ""GLD""]}",development+reused_validation,0 bp risky purchases+sales; borrow rf+50.0 bp,started,results/20261004T003708-e3127963/E7-cost_0-d8311b0df9.csv,Attempt retained even if process fails,False
E7-cost_0-d8311b0df9,2026-10-04T00:45:12.088166+00:00,f953cc6eadb2efb7f124791a8afd2815663fbf45083f58fe7e4fa892c609676c,5f04159f52c645b6503f8744058f5d8b248158d9,e5f957a2b78b4a08cede2183cd59012f73beaffc38f0821d43bb458df08be222:5eb2ada6d8d007969c111064ae6c5de089e8bd61c0156cb49cc98484cea2b5d9,ensemble,"{""base"": ""equal"", ""borrow_bps"": 50.0, ""cap"": 1.0, ""control"": ""asymmetric"", ""covariance_days"": 126, ""diagnostic"": ""cost_0"", ""family"": ""ensemble"", ""har_train_min"": 504, ""lookback"": 63, ""overlay"": true, ""static_exposure"": null, ""target"": 0.1, ""threshold"": 0.05, ""trial_id"": ""E7"", ""universe"": [""SPY"", ""TLT"", ""GLD""]}",development+reused_validation,0 bp risky purchases+sales; borrow rf+50.0 bp,completed,results/20261004T003708-e3127963/E7-cost_0-d8311b0df9.csv,No OOS retuning; diagnostic not eligible for selection,False
E7-cost_2-a55fd9f534,2026-10-04T00:45:13.641317+00:00,f953cc6eadb2efb7f124791a8afd2815663fbf45083f58fe7e4fa892c609676c,5f04159f52c645b6503f8744058f5d8b248158d9,e5f957a2b78b4a08cede2183cd59012f73beaffc38f0821d43bb458df08be222:5eb2ada6d8d007969c111064ae6c5de089e8bd61c0156cb49cc98484cea2b5d9,ensemble,"{""base"": ""equal"", ""borrow_bps"": 50.0, ""cap"": 1.0, ""control"": ""asymmetric"", ""covariance_days"": 126, ""diagnostic"": ""cost_2"", ""family"": ""ensemble"", ""har_train_min"": 504, ""lookback"": 63, ""overlay"": true, ""static_exposure"": null, ""target"": 0.1, ""threshold"": 0.05, ""trial_id"": ""E7"", ""universe"": [""SPY"", ""TLT"", ""GLD""]}",development+reused_validation,2 bp risky purchases+sales; borrow rf+50.0 bp,started,results/20261004T003708-e3127963/E7-cost_2-a55fd9f534.csv,Attempt retained even if process fails,False
E7-cost_2-a55fd9f534,2026-10-04T00:45:13.641317+00:00,f953cc6eadb2efb7f124791a8afd2815663fbf45083f58fe7e4fa892c609676c,5f04159f52c645b6503f8744058f5d8b248158d9,e5f957a2b78b4a08cede2183cd59012f73beaffc38f0821d43bb458df08be222:5eb2ada6d8d007969c111064ae6c5de089e8bd61c0156cb49cc98484cea2b5d9,ensemble,"{""base"": ""equal"", ""borrow_bps"": 50.0, ""cap"": 1.0, ""control"": ""asymmetric"", ""covariance_days"": 126, ""diagnostic"": ""cost_2"", ""family"": ""ensemble"", ""har_train_min"": 504, ""lookback"": 63, ""overlay"": true, ""static_exposure"": null, ""target"": 0.1, ""threshold"": 0.05, ""trial_id"": ""E7"", ""universe"": [""SPY"", ""TLT"", ""GLD""]}",development+reused_validation,2 bp risky purchases+sales; borrow rf+50.0 bp,completed,results/20261004T003708-e3127963/E7-cost_2-a55fd9f534.csv,No OOS retuning; diagnostic not eligible for selection,False
E7-cost_5-a03780e541,2026-10-04T00:45:15.154098+00:00,f953cc6eadb2efb7f124791a8afd2815663fbf45083f58fe7e4fa892c609676c,5f04159f52c645b6503f8744058f5d8b248158d9,e5f957a2b78b4a08cede2183cd59012f73beaffc38f0821d43bb458df08be222:5eb2ada6d8d007969c111064ae6c5de089e8bd61c0156cb49cc98484cea2b5d9,ensemble,"{""base"": ""equal"", ""borrow_bps"": 50.0, ""cap"": 1.0, ""control"": ""asymmetric"", ""covariance_days"": 126, ""diagnostic"": ""cost_5"", ""family"": ""ensemble"", ""har_train_min"": 504, ""lookback"": 63, ""overlay"": true, ""static_exposure"": null, ""target"": 0.1, ""threshold"": 0.05, ""trial_id"": ""E7"", ""universe"": [""SPY"", ""TLT"", ""GLD""]}",development+reused_validation,5 bp risky purchases+sales; borrow rf+50.0 bp,started,results/20261004T003708-e3127963/E7-cost_5-a03780e541.csv,Attempt retained even if process fails,False
E7-cost_5-a03780e541,2026-10-04T00:45:15.154098+00:00,f953cc6eadb2efb7f124791a8afd2815663fbf45083f58fe7e4fa892c609676c,5f04159f52c645b6503f8744058f5d8b248158d9,e5f957a2b78b4a08cede2183cd59012f73beaffc38f0821d43bb458df08be222:5eb2ada6d8d007969c111064ae6c5de089e8bd61c0156cb49cc98484cea2b5d9,ensemble,"{""base"": ""equal"", ""borrow_bps"": 50.0, ""cap"": 1.0, ""control"": ""asymmetric"", ""covariance_days"": 126, ""diagnostic"": ""cost_5"", ""family"": ""ensemble"", ""har_train_min"": 504, ""lookback"": 63, ""overlay"": true, ""static_exposure"": null, ""target"": 0.1, ""threshold"": 0.05, ""trial_id"": ""E7"", ""universe"": [""SPY"", ""TLT"", ""GLD""]}",development+reused_validation,5 bp risky purchases+sales; borrow rf+50.0 bp,completed,results/20261004T003708-e3127963/E7-cost_5-a03780e541.csv,No OOS retuning; diagnostic not eligible for selection,False
E7-cost_10-64a6f0f26c,2026-10-04T00:45:16.667205+00:00,f953cc6eadb2efb7f124791a8afd2815663fbf45083f58fe7e4fa892c609676c,5f04159f52c645b6503f8744058f5d8b248158d9,e5f957a2b78b4a08cede2183cd59012f73beaffc38f0821d43bb458df08be222:5eb2ada6d8d007969c111064ae6c5de089e8bd61c0156cb49cc98484cea2b5d9,ensemble,"{""base"": ""equal"", ""borrow_bps"": 50.0, ""cap"": 1.0, ""control"": ""asymmetric"", ""covariance_days"": 126, ""diagnostic"": ""cost_10"", ""family"": ""ensemble"", ""har_train_min"": 504, ""lookback"": 63, ""overlay"": true, ""static_exposure"": null, ""target"": 0.1, ""threshold"": 0.05, ""trial_id"": ""E7"", ""universe"": [""SPY"", ""TLT"", ""GLD""]}",development+reused_validation,10 bp risky purchases+sales; borrow rf+50.0 bp,started,results/20261004T003708-e3127963/E7-cost_10-64a6f0f26c.csv,Attempt retained even if process fails,False
E7-cost_10-64a6f0f26c,2026-10-04T00:45:16.667205+00:00,f953cc6eadb2efb7f124791a8afd2815663fbf45083f58fe7e4fa892c609676c,5f04159f52c645b6503f8744058f5d8b248158d9,e5f957a2b78b4a08cede2183cd59012f73beaffc38f0821d43bb458df08be222:5eb2ada6d8d007969c111064ae6c5de089e8bd61c0156cb49cc98484cea2b5d9,ensemble,"{""base"": ""equal"", ""borrow_bps"": 50.0, ""cap"": 1.0, ""control"": ""asymmetric"", ""covariance_days"": 126, ""diagnostic"": ""cost_10"", ""family"": ""ensemble"", ""har_train_min"": 504, ""lookback"": 63, ""overlay"": true, ""static_exposure"": null, ""target"": 0.1, ""threshold"": 0.05, ""trial_id"": ""E7"", ""universe"": [""SPY"", ""TLT"", ""GLD""]}",development+reused_validation,10 bp risky purchases+sales; borrow rf+50.0 bp,completed,results/20261004T003708-e3127963/E7-cost_10-64a6f0f26c.csv,No OOS retuning; diagnostic not eligible for selection,False
E7-static_equivalent-b990804c2b,2026-10-04T00:45:18.491716+00:00,f953cc6eadb2efb7f124791a8afd2815663fbf45083f58fe7e4fa892c609676c,5f04159f52c645b6503f8744058f5d8b248158d9,e5f957a2b78b4a08cede2183cd59012f73beaffc38f0821d43bb458df08be222:5eb2ada6d8d007969c111064ae6c5de089e8bd61c0156cb49cc98484cea2b5d9,ensemble,"{""base"": ""equal"", ""borrow_bps"": 50.0, ""cap"": 1.0, ""control"": ""asymmetric"", ""covariance_days"": 126, ""diagnostic"": ""static_equivalent"", ""family"": ""ensemble"", ""har_train_min"": 504, ""lookback"": 63, ""overlay"": true, ""static_exposure"": 0.9112911171279586, ""target"": 0.1, ""threshold"": 0.05, ""trial_id"": ""E7"", ""universe"": [""SPY"", ""TLT"", ""GLD""]}",development+reused_validation,5.0 bp risky purchases+sales; borrow rf+50.0 bp,started,results/20261004T003708-e3127963/E7-static_equivalent-b990804c2b.csv,Attempt retained even if process fails,False
E7-static_equivalent-b990804c2b,2026-10-04T00:45:18.491716+00:00,f953cc6eadb2efb7f124791a8afd2815663fbf45083f58fe7e4fa892c609676c,5f04159f52c645b6503f8744058f5d8b248158d9,e5f957a2b78b4a08cede2183cd59012f73beaffc38f0821d43bb458df08be222:5eb2ada6d8d007969c111064ae6c5de089e8bd61c0156cb49cc98484cea2b5d9,ensemble,"{""base"": ""equal"", ""borrow_bps"": 50.0, ""cap"": 1.0, ""control"": ""asymmetric"", ""covariance_days"": 126, ""diagnostic"": ""static_equivalent"", ""family"": ""ensemble"", ""har_train_min"": 504, ""lookback"": 63, ""overlay"": true, ""static_exposure"": 0.9112911171279586, ""target"": 0.1, ""threshold"": 0.05, ""trial_id"": ""E7"", ""universe"": [""SPY"", ""TLT"", ""GLD""]}",development+reused_validation,5.0 bp risky purchases+sales; borrow rf+50.0 bp,completed,results/20261004T003708-e3127963/E7-static_equivalent-b990804c2b.csv,No OOS retuning; diagnostic not eligible for selection,False
E7-static_equivalent-4d1231f8f5,2026-10-04T00:45:20.776790+00:00,f953cc6eadb2efb7f124791a8afd2815663fbf45083f58fe7e4fa892c609676c,5f04159f52c645b6503f8744058f5d8b248158d9,e5f957a2b78b4a08cede2183cd59012f73beaffc38f0821d43bb458df08be222:5eb2ada6d8d007969c111064ae6c5de089e8bd61c0156cb49cc98484cea2b5d9,ensemble,"{""base"": ""equal"", ""borrow_bps"": 50.0, ""cap"": 1.0, ""control"": ""asymmetric"", ""covariance_days"": 126, ""diagnostic"": ""static_equivalent"", ""family"": ""ensemble"", ""har_train_min"": 504, ""lookback"": 63, ""overlay"": true, ""static_exposure"": 0.9112911171279586, ""target"": 0.1, ""threshold"": 0.05, ""trial_id"": ""E7"", ""universe"": [""SPY"", ""TLT"", ""GLD""]}",development+reused_validation,5.0 bp risky purchases+sales; borrow rf+50.0 bp,started,results/20261004T003708-e3127963/E7-static_equivalent-4d1231f8f5.csv,Attempt retained even if process fails,False
E7-static_equivalent-4d1231f8f5,2026-10-04T00:45:20.776790+00:00,f953cc6eadb2efb7f124791a8afd2815663fbf45083f58fe7e4fa892c609676c,5f04159f52c645b6503f8744058f5d8b248158d9,e5f957a2b78b4a08cede2183cd59012f73beaffc38f0821d43bb458df08be222:5eb2ada6d8d007969c111064ae6c5de089e8bd61c0156cb49cc98484cea2b5d9,ensemble,"{""base"": ""equal"", ""borrow_bps"": 50.0, ""cap"": 1.0, ""control"": ""asymmetric"", ""covariance_days"": 126, ""diagnostic"": ""static_equivalent"", ""family"": ""ensemble"", ""har_train_min"": 504, ""lookback"": 63, ""overlay"": true, ""static_exposure"": 0.9112911171279586, ""target"": 0.1, ""threshold"": 0.05, ""trial_id"": ""E7"", ""universe"": [""SPY"", ""TLT"", ""GLD""]}",development+reused_validation,5.0 bp risky purchases+sales; borrow rf+50.0 bp,completed,results/20261004T003708-e3127963/E7-static_equivalent-4d1231f8f5.csv,No OOS retuning; diagnostic not eligible for selection,False
E7-cost_0-3d116dcbda,2026-10-04T00:45:25.808928+00:00,f953cc6eadb2efb7f124791a8afd2815663fbf45083f58fe7e4fa892c609676c,5f04159f52c645b6503f8744058f5d8b248158d9,e5f957a2b78b4a08cede2183cd59012f73beaffc38f0821d43bb458df08be222:5eb2ada6d8d007969c111064ae6c5de089e8bd61c0156cb49cc98484cea2b5d9,ensemble,"{""base"": ""equal"", ""borrow_bps"": 50.0, ""cap"": 1.0, ""control"": ""asymmetric"", ""covariance_days"": 126, ""diagnostic"": ""cost_0"", ""family"": ""ensemble"", ""har_train_min"": 504, ""lookback"": 63, ""overlay"": true, ""static_exposure"": null, ""target"": 0.1, ""threshold"": 0.05, ""trial_id"": ""E7"", ""universe"": [""SPY"", ""TLT"", ""GLD""]}",development+reused_validation,0 bp risky purchases+sales; borrow rf+50.0 bp,started,results/20261004T003708-e3127963/E7-cost_0-3d116dcbda.csv,Attempt retained even if process fails,False
E7-cost_0-3d116dcbda,2026-10-04T00:45:25.808928+00:00,f953cc6eadb2efb7f124791a8afd2815663fbf45083f58fe7e4fa892c609676c,5f04159f52c645b6503f8744058f5d8b248158d9,e5f957a2b78b4a08cede2183cd59012f73beaffc38f0821d43bb458df08be222:5eb2ada6d8d007969c111064ae6c5de089e8bd61c0156cb49cc98484cea2b5d9,ensemble,"{""base"": ""equal"", ""borrow_bps"": 50.0, ""cap"": 1.0, ""control"": ""asymmetric"", ""covariance_days"": 126, ""diagnostic"": ""cost_0"", ""family"": ""ensemble"", ""har_train_min"": 504, ""lookback"": 63, ""overlay"": true, ""static_exposure"": null, ""target"": 0.1, ""threshold"": 0.05, ""trial_id"": ""E7"", ""universe"": [""SPY"", ""TLT"", ""GLD""]}",development+reused_validation,0 bp risky purchases+sales; borrow rf+50.0 bp,completed,results/20261004T003708-e3127963/E7-cost_0-3d116dcbda.csv,No OOS retuning; diagnostic not eligible for selection,False
E7-cost_2-37ee48d1ce,2026-10-04T00:45:27.317238+00:00,f953cc6eadb2efb7f124791a8afd2815663fbf45083f58fe7e4fa892c609676c,5f04159f52c645b6503f8744058f5d8b248158d9,e5f957a2b78b4a08cede2183cd59012f73beaffc38f0821d43bb458df08be222:5eb2ada6d8d007969c111064ae6c5de089e8bd61c0156cb49cc98484cea2b5d9,ensemble,"{""base"": ""equal"", ""borrow_bps"": 50.0, ""cap"": 1.0, ""control"": ""asymmetric"", ""covariance_days"": 126, ""diagnostic"": ""cost_2"", ""family"": ""ensemble"", ""har_train_min"": 504, ""lookback"": 63, ""overlay"": true, ""static_exposure"": null, ""target"": 0.1, ""threshold"": 0.05, ""trial_id"": ""E7"", ""universe"": [""SPY"", ""TLT"", ""GLD""]}",development+reused_validation,2 bp risky purchases+sales; borrow rf+50.0 bp,started,results/20261004T003708-e3127963/E7-cost_2-37ee48d1ce.csv,Attempt retained even if process fails,False
E7-cost_2-37ee48d1ce,2026-10-04T00:45:27.317238+00:00,f953cc6eadb2efb7f124791a8afd2815663fbf45083f58fe7e4fa892c609676c,5f04159f52c645b6503f8744058f5d8b248158d9,e5f957a2b78b4a08cede2183cd59012f73beaffc38f0821d43bb458df08be222:5eb2ada6d8d007969c111064ae6c5de089e8bd61c0156cb49cc98484cea2b5d9,ensemble,"{""base"": ""equal"", ""borrow_bps"": 50.0, ""cap"": 1.0, ""control"": ""asymmetric"", ""covariance_days"": 126, ""diagnostic"": ""cost_2"", ""family"": ""ensemble"", ""har_train_min"": 504, ""lookback"": 63, ""overlay"": true, ""static_exposure"": null, ""target"": 0.1, ""threshold"": 0.05, ""trial_id"": ""E7"", ""universe"": [""SPY"", ""TLT"", ""GLD""]}",development+reused_validation,2 bp risky purchases+sales; borrow rf+50.0 bp,completed,results/20261004T003708-e3127963/E7-cost_2-37ee48d1ce.csv,No OOS retuning; diagnostic not eligible for selection,False
E7-cost_5-9a8a5e0ada,2026-10-04T00:45:28.791383+00:00,f953cc6eadb2efb7f124791a8afd2815663fbf45083f58fe7e4fa892c609676c,5f04159f52c645b6503f8744058f5d8b248158d9,e5f957a2b78b4a08cede2183cd59012f73beaffc38f0821d43bb458df08be222:5eb2ada6d8d007969c111064ae6c5de089e8bd61c0156cb49cc98484cea2b5d9,ensemble,"{""base"": ""equal"", ""borrow_bps"": 50.0, ""cap"": 1.0, ""control"": ""asymmetric"", ""covariance_days"": 126, ""diagnostic"": ""cost_5"", ""family"": ""ensemble"", ""har_train_min"": 504, ""lookback"": 63, ""overlay"": true, ""static_exposure"": null, ""target"": 0.1, ""threshold"": 0.05, ""trial_id"": ""E7"", ""universe"": [""SPY"", ""TLT"", ""GLD""]}",development+reused_validation,5 bp risky purchases+sales; borrow rf+50.0 bp,started,results/20261004T003708-e3127963/E7-cost_5-9a8a5e0ada.csv,Attempt retained even if process fails,False
E7-cost_5-9a8a5e0ada,2026-10-04T00:45:28.791383+00:00,f953cc6eadb2efb7f124791a8afd2815663fbf45083f58fe7e4fa892c609676c,5f04159f52c645b6503f8744058f5d8b248158d9,e5f957a2b78b4a08cede2183cd59012f73beaffc38f0821d43bb458df08be222:5eb2ada6d8d007969c111064ae6c5de089e8bd61c0156cb49cc98484cea2b5d9,ensemble,"{""base"": ""equal"", ""borrow_bps"": 50.0, ""cap"": 1.0, ""control"": ""asymmetric"", ""covariance_days"": 126, ""diagnostic"": ""cost_5"", ""family"": ""ensemble"", ""har_train_min"": 504, ""lookback"": 63, ""overlay"": true, ""static_exposure"": null, ""target"": 0.1, ""threshold"": 0.05, ""trial_id"": ""E7"", ""universe"": [""SPY"", ""TLT"", ""GLD""]}",development+reused_validation,5 bp risky purchases+sales; borrow rf+50.0 bp,completed,results/20261004T003708-e3127963/E7-cost_5-9a8a5e0ada.csv,No OOS retuning; diagnostic not eligible for selection,False
E7-cost_10-88a3e8223c,2026-10-04T00:45:30.257294+00:00,f953cc6eadb2efb7f124791a8afd2815663fbf45083f58fe7e4fa892c609676c,5f04159f52c645b6503f8744058f5d8b248158d9,e5f957a2b78b4a08cede2183cd59012f73beaffc38f0821d43bb458df08be222:5eb2ada6d8d007969c111064ae6c5de089e8bd61c0156cb49cc98484cea2b5d9,ensemble,"{""base"": ""equal"", ""borrow_bps"": 50.0, ""cap"": 1.0, ""control"": ""asymmetric"", ""covariance_days"": 126, ""diagnostic"": ""cost_10"", ""family"": ""ensemble"", ""har_train_min"": 504, ""lookback"": 63, ""overlay"": true, ""static_exposure"": null, ""target"": 0.1, ""threshold"": 0.05, ""trial_id"": ""E7"", ""universe"": [""SPY"", ""TLT"", ""GLD""]}",development+reused_validation,10 bp risky purchases+sales; borrow rf+50.0 bp,started,results/20261004T003708-e3127963/E7-cost_10-88a3e8223c.csv,Attempt retained even if process fails,False
E7-cost_10-88a3e8223c,2026-10-04T00:45:30.257294+00:00,f953cc6eadb2efb7f124791a8afd2815663fbf45083f58fe7e4fa892c609676c,5f04159f52c645b6503f8744058f5d8b248158d9,e5f957a2b78b4a08cede2183cd59012f73beaffc38f0821d43bb458df08be222:5eb2ada6d8d007969c111064ae6c5de089e8bd61c0156cb49cc98484cea2b5d9,ensemble,"{""base"": ""equal"", ""borrow_bps"": 50.0, ""cap"": 1.0, ""control"": ""asymmetric"", ""covariance_days"": 126, ""diagnostic"": ""cost_10"", ""family"": ""ensemble"", ""har_train_min"": 504, ""lookback"": 63, ""overlay"": true, ""static_exposure"": null, ""target"": 0.1, ""threshold"": 0.05, ""trial_id"": ""E7"", ""universe"": [""SPY"", ""TLT"", ""GLD""]}",development+reused_validation,10 bp risky purchases+sales; borrow rf+50.0 bp,completed,results/20261004T003708-e3127963/E7-cost_10-88a3e8223c.csv,No OOS retuning; diagnostic not eligible for selection,False
E7-cost_0-25648fad20,2026-10-04T00:47:35.826874+00:00,f953cc6eadb2efb7f124791a8afd2815663fbf45083f58fe7e4fa892c609676c,5f04159f52c645b6503f8744058f5d8b248158d9,e5f957a2b78b4a08cede2183cd59012f73beaffc38f0821d43bb458df08be222:5eb2ada6d8d007969c111064ae6c5de089e8bd61c0156cb49cc98484cea2b5d9,ensemble,"{""base"": ""equal"", ""borrow_bps"": 50.0, ""cap"": 1.0, ""control"": ""asymmetric"", ""covariance_days"": 126, ""diagnostic"": ""cost_0"", ""family"": ""ensemble"", ""har_train_min"": 504, ""lookback"": 63, ""overlay"": true, ""static_exposure"": null, ""target"": 0.1, ""threshold"": 0.05, ""trial_id"": ""E7"", ""universe"": [""SPY"", ""TLT"", ""GLD""]}",development+reused_validation,0 bp risky purchases+sales; borrow rf+50.0 bp,started,results/20261004T003708-e3127963/E7-cost_0-25648fad20.csv,Attempt retained even if process fails,False
E7-cost_0-25648fad20,2026-10-04T00:47:35.826874+00:00,f953cc6eadb2efb7f124791a8afd2815663fbf45083f58fe7e4fa892c609676c,5f04159f52c645b6503f8744058f5d8b248158d9,e5f957a2b78b4a08cede2183cd59012f73beaffc38f0821d43bb458df08be222:5eb2ada6d8d007969c111064ae6c5de089e8bd61c0156cb49cc98484cea2b5d9,ensemble,"{""base"": ""equal"", ""borrow_bps"": 50.0, ""cap"": 1.0, ""control"": ""asymmetric"", ""covariance_days"": 126, ""diagnostic"": ""cost_0"", ""family"": ""ensemble"", ""har_train_min"": 504, ""lookback"": 63, ""overlay"": true, ""static_exposure"": null, ""target"": 0.1, ""threshold"": 0.05, ""trial_id"": ""E7"", ""universe"": [""SPY"", ""TLT"", ""GLD""]}",development+reused_validation,0 bp risky purchases+sales; borrow rf+50.0 bp,completed,results/20261004T003708-e3127963/E7-cost_0-25648fad20.csv,No OOS retuning; diagnostic not eligible for selection,False
E7-cost_2-c2a525e2d1,2026-10-04T00:47:37.313276+00:00,f953cc6eadb2efb7f124791a8afd2815663fbf45083f58fe7e4fa892c609676c,5f04159f52c645b6503f8744058f5d8b248158d9,e5f957a2b78b4a08cede2183cd59012f73beaffc38f0821d43bb458df08be222:5eb2ada6d8d007969c111064ae6c5de089e8bd61c0156cb49cc98484cea2b5d9,ensemble,"{""base"": ""equal"", ""borrow_bps"": 50.0, ""cap"": 1.0, ""control"": ""asymmetric"", ""covariance_days"": 126, ""diagnostic"": ""cost_2"", ""family"": ""ensemble"", ""har_train_min"": 504, ""lookback"": 63, ""overlay"": true, ""static_exposure"": null, ""target"": 0.1, ""threshold"": 0.05, ""trial_id"": ""E7"", ""universe"": [""SPY"", ""TLT"", ""GLD""]}",development+reused_validation,2 bp risky purchases+sales; borrow rf+50.0 bp,started,results/20261004T003708-e3127963/E7-cost_2-c2a525e2d1.csv,Attempt retained even if process fails,False
E7-cost_2-c2a525e2d1,2026-10-04T00:47:37.313276+00:00,f953cc6eadb2efb7f124791a8afd2815663fbf45083f58fe7e4fa892c609676c,5f04159f52c645b6503f8744058f5d8b248158d9,e5f957a2b78b4a08cede2183cd59012f73beaffc38f0821d43bb458df08be222:5eb2ada6d8d007969c111064ae6c5de089e8bd61c0156cb49cc98484cea2b5d9,ensemble,"{""base"": ""equal"", ""borrow_bps"": 50.0, ""cap"": 1.0, ""control"": ""asymmetric"", ""covariance_days"": 126, ""diagnostic"": ""cost_2"", ""family"": ""ensemble"", ""har_train_min"": 504, ""lookback"": 63, ""overlay"": true, ""static_exposure"": null, ""target"": 0.1, ""threshold"": 0.05, ""trial_id"": ""E7"", ""universe"": [""SPY"", ""TLT"", ""GLD""]}",development+reused_validation,2 bp risky purchases+sales; borrow rf+50.0 bp,completed,results/20261004T003708-e3127963/E7-cost_2-c2a525e2d1.csv,No OOS retuning; diagnostic not eligible for selection,False
E7-cost_5-2f991628f8,2026-10-04T00:47:38.786330+00:00,f953cc6eadb2efb7f124791a8afd2815663fbf45083f58fe7e4fa892c609676c,5f04159f52c645b6503f8744058f5d8b248158d9,e5f957a2b78b4a08cede2183cd59012f73beaffc38f0821d43bb458df08be222:5eb2ada6d8d007969c111064ae6c5de089e8bd61c0156cb49cc98484cea2b5d9,ensemble,"{""base"": ""equal"", ""borrow_bps"": 50.0, ""cap"": 1.0, ""control"": ""asymmetric"", ""covariance_days"": 126, ""diagnostic"": ""cost_5"", ""family"": ""ensemble"", ""har_train_min"": 504, ""lookback"": 63, ""overlay"": true, ""static_exposure"": null, ""target"": 0.1, ""threshold"": 0.05, ""trial_id"": ""E7"", ""universe"": [""SPY"", ""TLT"", ""GLD""]}",development+reused_validation,5 bp risky purchases+sales; borrow rf+50.0 bp,started,results/20261004T003708-e3127963/E7-cost_5-2f991628f8.csv,Attempt retained even if process fails,False
E7-cost_5-2f991628f8,2026-10-04T00:47:38.786330+00:00,f953cc6eadb2efb7f124791a8afd2815663fbf45083f58fe7e4fa892c609676c,5f04159f52c645b6503f8744058f5d8b248158d9,e5f957a2b78b4a08cede2183cd59012f73beaffc38f0821d43bb458df08be222:5eb2ada6d8d007969c111064ae6c5de089e8bd61c0156cb49cc98484cea2b5d9,ensemble,"{""base"": ""equal"", ""borrow_bps"": 50.0, ""cap"": 1.0, ""control"": ""asymmetric"", ""covariance_days"": 126, ""diagnostic"": ""cost_5"", ""family"": ""ensemble"", ""har_train_min"": 504, ""lookback"": 63, ""overlay"": true, ""static_exposure"": null, ""target"": 0.1, ""threshold"": 0.05, ""trial_id"": ""E7"", ""universe"": [""SPY"", ""TLT"", ""GLD""]}",development+reused_validation,5 bp risky purchases+sales; borrow rf+50.0 bp,completed,results/20261004T003708-e3127963/E7-cost_5-2f991628f8.csv,No OOS retuning; diagnostic not eligible for selection,False
E7-cost_10-d48141c534,2026-10-04T00:47:40.249864+00:00,f953cc6eadb2efb7f124791a8afd2815663fbf45083f58fe7e4fa892c609676c,5f04159f52c645b6503f8744058f5d8b248158d9,e5f957a2b78b4a08cede2183cd59012f73beaffc38f0821d43bb458df08be222:5eb2ada6d8d007969c111064ae6c5de089e8bd61c0156cb49cc98484cea2b5d9,ensemble,"{""base"": ""equal"", ""borrow_bps"": 50.0, ""cap"": 1.0, ""control"": ""asymmetric"", ""covariance_days"": 126, ""diagnostic"": ""cost_10"", ""family"": ""ensemble"", ""har_train_min"": 504, ""lookback"": 63, ""overlay"": true, ""static_exposure"": null, ""target"": 0.1, ""threshold"": 0.05, ""trial_id"": ""E7"", ""universe"": [""SPY"", ""TLT"", ""GLD""]}",development+reused_validation,10 bp risky purchases+sales; borrow rf+50.0 bp,started,results/20261004T003708-e3127963/E7-cost_10-d48141c534.csv,Attempt retained even if process fails,False
E7-cost_10-d48141c534,2026-10-04T00:47:40.249864+00:00,f953cc6eadb2efb7f124791a8afd2815663fbf45083f58fe7e4fa892c609676c,5f04159f52c645b6503f8744058f5d8b248158d9,e5f957a2b78b4a08cede2183cd59012f73beaffc38f0821d43bb458df08be222:5eb2ada6d8d007969c111064ae6c5de089e8bd61c0156cb49cc98484cea2b5d9,ensemble,"{""base"": ""equal"", ""borrow_bps"": 50.0, ""cap"": 1.0, ""control"": ""asymmetric"", ""covariance_days"": 126, ""diagnostic"": ""cost_10"", ""family"": ""ensemble"", ""har_train_min"": 504, ""lookback"": 63, ""overlay"": true, ""static_exposure"": null, ""target"": 0.1, ""threshold"": 0.05, ""trial_id"": ""E7"", ""universe"": [""SPY"", ""TLT"", ""GLD""]}",development+reused_validation,10 bp risky purchases+sales; borrow rf+50.0 bp,completed,results/20261004T003708-e3127963/E7-cost_10-d48141c534.csv,No OOS retuning; diagnostic not eligible for selection,False
E7-static_equivalent-5a0fe0e9cd,2026-10-04T00:47:41.835221+00:00,f953cc6eadb2efb7f124791a8afd2815663fbf45083f58fe7e4fa892c609676c,5f04159f52c645b6503f8744058f5d8b248158d9,e5f957a2b78b4a08cede2183cd59012f73beaffc38f0821d43bb458df08be222:5eb2ada6d8d007969c111064ae6c5de089e8bd61c0156cb49cc98484cea2b5d9,ensemble,"{""base"": ""equal"", ""borrow_bps"": 50.0, ""cap"": 1.0, ""control"": ""asymmetric"", ""covariance_days"": 126, ""diagnostic"": ""static_equivalent"", ""family"": ""ensemble"", ""har_train_min"": 504, ""lookback"": 63, ""overlay"": true, ""static_exposure"": 0.9112911171279586, ""target"": 0.1, ""threshold"": 0.05, ""trial_id"": ""E7"", ""universe"": [""SPY"", ""TLT"", ""GLD""]}",development+reused_validation,5.0 bp risky purchases+sales; borrow rf+50.0 bp,started,results/20261004T003708-e3127963/E7-static_equivalent-5a0fe0e9cd.csv,Attempt retained even if process fails,False
E7-static_equivalent-5a0fe0e9cd,2026-10-04T00:47:41.835221+00:00,f953cc6eadb2efb7f124791a8afd2815663fbf45083f58fe7e4fa892c609676c,5f04159f52c645b6503f8744058f5d8b248158d9,e5f957a2b78b4a08cede2183cd59012f73beaffc38f0821d43bb458df08be222:5eb2ada6d8d007969c111064ae6c5de089e8bd61c0156cb49cc98484cea2b5d9,ensemble,"{""base"": ""equal"", ""borrow_bps"": 50.0, ""cap"": 1.0, ""control"": ""asymmetric"", ""covariance_days"": 126, ""diagnostic"": ""static_equivalent"", ""family"": ""ensemble"", ""har_train_min"": 504, ""lookback"": 63, ""overlay"": true, ""static_exposure"": 0.9112911171279586, ""target"": 0.1, ""threshold"": 0.05, ""trial_id"": ""E7"", ""universe"": [""SPY"", ""TLT"", ""GLD""]}",development+reused_validation,5.0 bp risky purchases+sales; borrow rf+50.0 bp,completed,results/20261004T003708-e3127963/E7-static_equivalent-5a0fe0e9cd.csv,No OOS retuning; diagnostic not eligible for selection,False
