trial_id,timestamp_utc,hypothesis_commit,code_commit,data_sha256,config_sha256,sample,parameters,cost_model,result_path,status,conclusion,holdout_access
E0-primary-21bac85ec5,2026-10-04T00:30:11.933294+00:00,26552dd9c109058ba93a75bb8ba5de1f6a85585b,26552dd9c109058ba93a75bb8ba5de1f6a85585b,e5f957a2b78b4a08cede2183cd59012f73beaffc38f0821d43bb458df08be222:5eb2ada6d8d007969c111064ae6c5de089e8bd61c0156cb49cc98484cea2b5d9,9f569d61dd4ba1ceb1ec3e9a54bbb956b4f5f1c5880b40e6bc209061faa4a5f3,development+reused_validation,"{""base"": ""equal"", ""borrow_bps"": 50.0, ""cap"": 1.0, ""control"": ""monthly"", ""covariance_days"": 126, ""diagnostic"": ""primary"", ""family"": ""trailing"", ""har_train_min"": 504, ""lookback"": 63, ""overlay"": true, ""static_exposure"": null, ""target"": 0.08, ""threshold"": 0.05, ""trial_id"": ""E0"", ""universe"": [""SPY"", ""TLT"", ""GLD""]}",5.0 bp risky purchases+sales; borrow rf+50.0 bp,results/20261004T003009-2f16c796/E0-primary-21bac85ec5.csv,started,Attempt retained even if process fails,False
E0-primary-21bac85ec5,2026-10-04T00:30:11.933294+00:00,26552dd9c109058ba93a75bb8ba5de1f6a85585b,26552dd9c109058ba93a75bb8ba5de1f6a85585b,e5f957a2b78b4a08cede2183cd59012f73beaffc38f0821d43bb458df08be222:5eb2ada6d8d007969c111064ae6c5de089e8bd61c0156cb49cc98484cea2b5d9,9f569d61dd4ba1ceb1ec3e9a54bbb956b4f5f1c5880b40e6bc209061faa4a5f3,development+reused_validation,"{""base"": ""equal"", ""borrow_bps"": 50.0, ""cap"": 1.0, ""control"": ""monthly"", ""covariance_days"": 126, ""diagnostic"": ""primary"", ""family"": ""trailing"", ""har_train_min"": 504, ""lookback"": 63, ""overlay"": true, ""static_exposure"": null, ""target"": 0.08, ""threshold"": 0.05, ""trial_id"": ""E0"", ""universe"": [""SPY"", ""TLT"", ""GLD""]}",5.0 bp risky purchases+sales; borrow rf+50.0 bp,results/20261004T003009-2f16c796/E0-primary-21bac85ec5.csv,completed,Await validation,False
E0-matched_base-3ec63ae618,2026-10-04T00:30:13.160003+00:00,26552dd9c109058ba93a75bb8ba5de1f6a85585b,26552dd9c109058ba93a75bb8ba5de1f6a85585b,e5f957a2b78b4a08cede2183cd59012f73beaffc38f0821d43bb458df08be222:5eb2ada6d8d007969c111064ae6c5de089e8bd61c0156cb49cc98484cea2b5d9,3b29123ad650c897f21ab5b6792ec28a01631fef503ecca7473d8153aabfbf05,development+reused_validation,"{""base"": ""equal"", ""borrow_bps"": 50.0, ""cap"": 1.0, ""control"": ""monthly"", ""covariance_days"": 126, ""diagnostic"": ""matched_base"", ""family"": ""trailing"", ""har_train_min"": 504, ""lookback"": 63, ""overlay"": false, ""static_exposure"": null, ""target"": 0.08, ""threshold"": 0.05, ""trial_id"": ""E0"", ""universe"": [""SPY"", ""TLT"", ""GLD""]}",5.0 bp risky purchases+sales; borrow rf+50.0 bp,results/20261004T003009-2f16c796/E0-matched_base-3ec63ae618.csv,started,Attempt retained even if process fails,False
E0-matched_base-3ec63ae618,2026-10-04T00:30:13.160003+00:00,26552dd9c109058ba93a75bb8ba5de1f6a85585b,26552dd9c109058ba93a75bb8ba5de1f6a85585b,e5f957a2b78b4a08cede2183cd59012f73beaffc38f0821d43bb458df08be222:5eb2ada6d8d007969c111064ae6c5de089e8bd61c0156cb49cc98484cea2b5d9,3b29123ad650c897f21ab5b6792ec28a01631fef503ecca7473d8153aabfbf05,development+reused_validation,"{""base"": ""equal"", ""borrow_bps"": 50.0, ""cap"": 1.0, ""control"": ""monthly"", ""covariance_days"": 126, ""diagnostic"": ""matched_base"", ""family"": ""trailing"", ""har_train_min"": 504, ""lookback"": 63, ""overlay"": false, ""static_exposure"": null, ""target"": 0.08, ""threshold"": 0.05, ""trial_id"": ""E0"", ""universe"": [""SPY"", ""TLT"", ""GLD""]}",5.0 bp risky purchases+sales; borrow rf+50.0 bp,results/20261004T003009-2f16c796/E0-matched_base-3ec63ae618.csv,completed,No OOS retuning; diagnostic not eligible for selection,False
E1-9-primary-10c62cd4bc,2026-10-04T00:30:14.531277+00:00,26552dd9c109058ba93a75bb8ba5de1f6a85585b,26552dd9c109058ba93a75bb8ba5de1f6a85585b,e5f957a2b78b4a08cede2183cd59012f73beaffc38f0821d43bb458df08be222:5eb2ada6d8d007969c111064ae6c5de089e8bd61c0156cb49cc98484cea2b5d9,6bc1626da7b8f1771fcd1009701e5d323747e029848194bff1ef26e4c5df5c93,development+reused_validation,"{""base"": ""equal"", ""borrow_bps"": 50.0, ""cap"": 1.0, ""control"": ""event"", ""covariance_days"": 126, ""diagnostic"": ""primary"", ""family"": ""ensemble"", ""har_train_min"": 504, ""lookback"": 63, ""overlay"": true, ""static_exposure"": null, ""target"": 0.09, ""threshold"": 0.05, ""trial_id"": ""E1-9"", ""universe"": [""SPY"", ""TLT"", ""GLD""]}",5.0 bp risky purchases+sales; borrow rf+50.0 bp,results/20261004T003009-2f16c796/E1-9-primary-10c62cd4bc.csv,started,Attempt retained even if process fails,False
E1-9-primary-10c62cd4bc,2026-10-04T00:30:14.531277+00:00,26552dd9c109058ba93a75bb8ba5de1f6a85585b,26552dd9c109058ba93a75bb8ba5de1f6a85585b,e5f957a2b78b4a08cede2183cd59012f73beaffc38f0821d43bb458df08be222:5eb2ada6d8d007969c111064ae6c5de089e8bd61c0156cb49cc98484cea2b5d9,6bc1626da7b8f1771fcd1009701e5d323747e029848194bff1ef26e4c5df5c93,development+reused_validation,"{""base"": ""equal"", ""borrow_bps"": 50.0, ""cap"": 1.0, ""control"": ""event"", ""covariance_days"": 126, ""diagnostic"": ""primary"", ""family"": ""ensemble"", ""har_train_min"": 504, ""lookback"": 63, ""overlay"": true, ""static_exposure"": null, ""target"": 0.09, ""threshold"": 0.05, ""trial_id"": ""E1-9"", ""universe"": [""SPY"", ""TLT"", ""GLD""]}",5.0 bp risky purchases+sales; borrow rf+50.0 bp,results/20261004T003009-2f16c796/E1-9-primary-10c62cd4bc.csv,completed,Await validation,False
E1-9-matched_base-fc72cf83aa,2026-10-04T00:30:16.016162+00:00,26552dd9c109058ba93a75bb8ba5de1f6a85585b,26552dd9c109058ba93a75bb8ba5de1f6a85585b,e5f957a2b78b4a08cede2183cd59012f73beaffc38f0821d43bb458df08be222:5eb2ada6d8d007969c111064ae6c5de089e8bd61c0156cb49cc98484cea2b5d9,b8675143da4b3b42bd687fff20a715d5396a39b16b1b9cea7df91ae8d3eb1bbf,development+reused_validation,"{""base"": ""equal"", ""borrow_bps"": 50.0, ""cap"": 1.0, ""control"": ""event"", ""covariance_days"": 126, ""diagnostic"": ""matched_base"", ""family"": ""ensemble"", ""har_train_min"": 504, ""lookback"": 63, ""overlay"": false, ""static_exposure"": null, ""target"": 0.09, ""threshold"": 0.05, ""trial_id"": ""E1-9"", ""universe"": [""SPY"", ""TLT"", ""GLD""]}",5.0 bp risky purchases+sales; borrow rf+50.0 bp,results/20261004T003009-2f16c796/E1-9-matched_base-fc72cf83aa.csv,started,Attempt retained even if process fails,False
E1-9-matched_base-fc72cf83aa,2026-10-04T00:30:16.016162+00:00,26552dd9c109058ba93a75bb8ba5de1f6a85585b,26552dd9c109058ba93a75bb8ba5de1f6a85585b,e5f957a2b78b4a08cede2183cd59012f73beaffc38f0821d43bb458df08be222:5eb2ada6d8d007969c111064ae6c5de089e8bd61c0156cb49cc98484cea2b5d9,b8675143da4b3b42bd687fff20a715d5396a39b16b1b9cea7df91ae8d3eb1bbf,development+reused_validation,"{""base"": ""equal"", ""borrow_bps"": 50.0, ""cap"": 1.0, ""control"": ""event"", ""covariance_days"": 126, ""diagnostic"": ""matched_base"", ""family"": ""ensemble"", ""har_train_min"": 504, ""lookback"": 63, ""overlay"": false, ""static_exposure"": null, ""target"": 0.09, ""threshold"": 0.05, ""trial_id"": ""E1-9"", ""universe"": [""SPY"", ""TLT"", ""GLD""]}",5.0 bp risky purchases+sales; borrow rf+50.0 bp,results/20261004T003009-2f16c796/E1-9-matched_base-fc72cf83aa.csv,completed,No OOS retuning; diagnostic not eligible for selection,False
E1-10-primary-5cc96afda6,2026-10-04T00:30:17.533849+00:00,26552dd9c109058ba93a75bb8ba5de1f6a85585b,26552dd9c109058ba93a75bb8ba5de1f6a85585b,e5f957a2b78b4a08cede2183cd59012f73beaffc38f0821d43bb458df08be222:5eb2ada6d8d007969c111064ae6c5de089e8bd61c0156cb49cc98484cea2b5d9,358a2eaee7b442e005b0a980dca299619dcc6f85675fd6f79222d4b69e6fa4c8,development+reused_validation,"{""base"": ""equal"", ""borrow_bps"": 50.0, ""cap"": 1.0, ""control"": ""event"", ""covariance_days"": 126, ""diagnostic"": ""primary"", ""family"": ""ensemble"", ""har_train_min"": 504, ""lookback"": 63, ""overlay"": true, ""static_exposure"": null, ""target"": 0.1, ""threshold"": 0.05, ""trial_id"": ""E1-10"", ""universe"": [""SPY"", ""TLT"", ""GLD""]}",5.0 bp risky purchases+sales; borrow rf+50.0 bp,results/20261004T003009-2f16c796/E1-10-primary-5cc96afda6.csv,started,Attempt retained even if process fails,False
E1-10-primary-5cc96afda6,2026-10-04T00:30:17.533849+00:00,26552dd9c109058ba93a75bb8ba5de1f6a85585b,26552dd9c109058ba93a75bb8ba5de1f6a85585b,e5f957a2b78b4a08cede2183cd59012f73beaffc38f0821d43bb458df08be222:5eb2ada6d8d007969c111064ae6c5de089e8bd61c0156cb49cc98484cea2b5d9,358a2eaee7b442e005b0a980dca299619dcc6f85675fd6f79222d4b69e6fa4c8,development+reused_validation,"{""base"": ""equal"", ""borrow_bps"": 50.0, ""cap"": 1.0, ""control"": ""event"", ""covariance_days"": 126, ""diagnostic"": ""primary"", ""family"": ""ensemble"", ""har_train_min"": 504, ""lookback"": 63, ""overlay"": true, ""static_exposure"": null, ""target"": 0.1, ""threshold"": 0.05, ""trial_id"": ""E1-10"", ""universe"": [""SPY"", ""TLT"", ""GLD""]}",5.0 bp risky purchases+sales; borrow rf+50.0 bp,results/20261004T003009-2f16c796/E1-10-primary-5cc96afda6.csv,completed,Await validation,False
E1-10-matched_base-4f4c4d7d6e,2026-10-04T00:30:19.041206+00:00,26552dd9c109058ba93a75bb8ba5de1f6a85585b,26552dd9c109058ba93a75bb8ba5de1f6a85585b,e5f957a2b78b4a08cede2183cd59012f73beaffc38f0821d43bb458df08be222:5eb2ada6d8d007969c111064ae6c5de089e8bd61c0156cb49cc98484cea2b5d9,51b1c3592592c98969b826fa713132789fea1936369864a501753dd96955211b,development+reused_validation,"{""base"": ""equal"", ""borrow_bps"": 50.0, ""cap"": 1.0, ""control"": ""event"", ""covariance_days"": 126, ""diagnostic"": ""matched_base"", ""family"": ""ensemble"", ""har_train_min"": 504, ""lookback"": 63, ""overlay"": false, ""static_exposure"": null, ""target"": 0.1, ""threshold"": 0.05, ""trial_id"": ""E1-10"", ""universe"": [""SPY"", ""TLT"", ""GLD""]}",5.0 bp risky purchases+sales; borrow rf+50.0 bp,results/20261004T003009-2f16c796/E1-10-matched_base-4f4c4d7d6e.csv,started,Attempt retained even if process fails,False
E1-10-matched_base-4f4c4d7d6e,2026-10-04T00:30:19.041206+00:00,26552dd9c109058ba93a75bb8ba5de1f6a85585b,26552dd9c109058ba93a75bb8ba5de1f6a85585b,e5f957a2b78b4a08cede2183cd59012f73beaffc38f0821d43bb458df08be222:5eb2ada6d8d007969c111064ae6c5de089e8bd61c0156cb49cc98484cea2b5d9,51b1c3592592c98969b826fa713132789fea1936369864a501753dd96955211b,development+reused_validation,"{""base"": ""equal"", ""borrow_bps"": 50.0, ""cap"": 1.0, ""control"": ""event"", ""covariance_days"": 126, ""diagnostic"": ""matched_base"", ""family"": ""ensemble"", ""har_train_min"": 504, ""lookback"": 63, ""overlay"": false, ""static_exposure"": null, ""target"": 0.1, ""threshold"": 0.05, ""trial_id"": ""E1-10"", ""universe"": [""SPY"", ""TLT"", ""GLD""]}",5.0 bp risky purchases+sales; borrow rf+50.0 bp,results/20261004T003009-2f16c796/E1-10-matched_base-4f4c4d7d6e.csv,completed,No OOS retuning; diagnostic not eligible for selection,False
E1-11-primary-417541dbe3,2026-10-04T00:30:20.690581+00:00,26552dd9c109058ba93a75bb8ba5de1f6a85585b,26552dd9c109058ba93a75bb8ba5de1f6a85585b,e5f957a2b78b4a08cede2183cd59012f73beaffc38f0821d43bb458df08be222:5eb2ada6d8d007969c111064ae6c5de089e8bd61c0156cb49cc98484cea2b5d9,5f2a48f04e6dc644252306ce0eb776011e02e97f3864db6ccee9ccca1239f809,development+reused_validation,"{""base"": ""equal"", ""borrow_bps"": 50.0, ""cap"": 1.0, ""control"": ""event"", ""covariance_days"": 126, ""diagnostic"": ""primary"", ""family"": ""ensemble"", ""har_train_min"": 504, ""lookback"": 63, ""overlay"": true, ""static_exposure"": null, ""target"": 0.11, ""threshold"": 0.05, ""trial_id"": ""E1-11"", ""universe"": [""SPY"", ""TLT"", ""GLD""]}",5.0 bp risky purchases+sales; borrow rf+50.0 bp,results/20261004T003009-2f16c796/E1-11-primary-417541dbe3.csv,started,Attempt retained even if process fails,False
E1-11-primary-417541dbe3,2026-10-04T00:30:20.690581+00:00,26552dd9c109058ba93a75bb8ba5de1f6a85585b,26552dd9c109058ba93a75bb8ba5de1f6a85585b,e5f957a2b78b4a08cede2183cd59012f73beaffc38f0821d43bb458df08be222:5eb2ada6d8d007969c111064ae6c5de089e8bd61c0156cb49cc98484cea2b5d9,5f2a48f04e6dc644252306ce0eb776011e02e97f3864db6ccee9ccca1239f809,development+reused_validation,"{""base"": ""equal"", ""borrow_bps"": 50.0, ""cap"": 1.0, ""control"": ""event"", ""covariance_days"": 126, ""diagnostic"": ""primary"", ""family"": ""ensemble"", ""har_train_min"": 504, ""lookback"": 63, ""overlay"": true, ""static_exposure"": null, ""target"": 0.11, ""threshold"": 0.05, ""trial_id"": ""E1-11"", ""universe"": [""SPY"", ""TLT"", ""GLD""]}",5.0 bp risky purchases+sales; borrow rf+50.0 bp,results/20261004T003009-2f16c796/E1-11-primary-417541dbe3.csv,completed,Await validation,False
E1-11-matched_base-95b1f9d4b0,2026-10-04T00:30:22.273998+00:00,26552dd9c109058ba93a75bb8ba5de1f6a85585b,26552dd9c109058ba93a75bb8ba5de1f6a85585b,e5f957a2b78b4a08cede2183cd59012f73beaffc38f0821d43bb458df08be222:5eb2ada6d8d007969c111064ae6c5de089e8bd61c0156cb49cc98484cea2b5d9,f6e1001a42ac0af0ded5908149e770e3accfd8492205897f768248d0c82b2f65,development+reused_validation,"{""base"": ""equal"", ""borrow_bps"": 50.0, ""cap"": 1.0, ""control"": ""event"", ""covariance_days"": 126, ""diagnostic"": ""matched_base"", ""family"": ""ensemble"", ""har_train_min"": 504, ""lookback"": 63, ""overlay"": false, ""static_exposure"": null, ""target"": 0.11, ""threshold"": 0.05, ""trial_id"": ""E1-11"", ""universe"": [""SPY"", ""TLT"", ""GLD""]}",5.0 bp risky purchases+sales; borrow rf+50.0 bp,results/20261004T003009-2f16c796/E1-11-matched_base-95b1f9d4b0.csv,started,Attempt retained even if process fails,False
E1-11-matched_base-95b1f9d4b0,2026-10-04T00:30:22.273998+00:00,26552dd9c109058ba93a75bb8ba5de1f6a85585b,26552dd9c109058ba93a75bb8ba5de1f6a85585b,e5f957a2b78b4a08cede2183cd59012f73beaffc38f0821d43bb458df08be222:5eb2ada6d8d007969c111064ae6c5de089e8bd61c0156cb49cc98484cea2b5d9,f6e1001a42ac0af0ded5908149e770e3accfd8492205897f768248d0c82b2f65,development+reused_validation,"{""base"": ""equal"", ""borrow_bps"": 50.0, ""cap"": 1.0, ""control"": ""event"", ""covariance_days"": 126, ""diagnostic"": ""matched_base"", ""family"": ""ensemble"", ""har_train_min"": 504, ""lookback"": 63, ""overlay"": false, ""static_exposure"": null, ""target"": 0.11, ""threshold"": 0.05, ""trial_id"": ""E1-11"", ""universe"": [""SPY"", ""TLT"", ""GLD""]}",5.0 bp risky purchases+sales; borrow rf+50.0 bp,results/20261004T003009-2f16c796/E1-11-matched_base-95b1f9d4b0.csv,completed,No OOS retuning; diagnostic not eligible for selection,False
E2-primary-bd3506b9c7,2026-10-04T00:30:23.812172+00:00,26552dd9c109058ba93a75bb8ba5de1f6a85585b,26552dd9c109058ba93a75bb8ba5de1f6a85585b,e5f957a2b78b4a08cede2183cd59012f73beaffc38f0821d43bb458df08be222:5eb2ada6d8d007969c111064ae6c5de089e8bd61c0156cb49cc98484cea2b5d9,79d49565a46351d972269dcda82e62434a2f33a50b5bfb5e40d8d28b07142f1d,development+reused_validation,"{""base"": ""equal"", ""borrow_bps"": 50.0, ""cap"": 1.0, ""control"": ""event"", ""covariance_days"": 126, ""diagnostic"": ""primary"", ""family"": ""har"", ""har_train_min"": 504, ""lookback"": 63, ""overlay"": true, ""static_exposure"": null, ""target"": 0.1, ""threshold"": 0.05, ""trial_id"": ""E2"", ""universe"": [""SPY"", ""TLT"", ""GLD""]}",5.0 bp risky purchases+sales; borrow rf+50.0 bp,results/20261004T003009-2f16c796/E2-primary-bd3506b9c7.csv,started,Attempt retained even if process fails,False
E2-primary-bd3506b9c7,2026-10-04T00:30:23.812172+00:00,26552dd9c109058ba93a75bb8ba5de1f6a85585b,26552dd9c109058ba93a75bb8ba5de1f6a85585b,e5f957a2b78b4a08cede2183cd59012f73beaffc38f0821d43bb458df08be222:5eb2ada6d8d007969c111064ae6c5de089e8bd61c0156cb49cc98484cea2b5d9,79d49565a46351d972269dcda82e62434a2f33a50b5bfb5e40d8d28b07142f1d,development+reused_validation,"{""base"": ""equal"", ""borrow_bps"": 50.0, ""cap"": 1.0, ""control"": ""event"", ""covariance_days"": 126, ""diagnostic"": ""primary"", ""family"": ""har"", ""har_train_min"": 504, ""lookback"": 63, ""overlay"": true, ""static_exposure"": null, ""target"": 0.1, ""threshold"": 0.05, ""trial_id"": ""E2"", ""universe"": [""SPY"", ""TLT"", ""GLD""]}",5.0 bp risky purchases+sales; borrow rf+50.0 bp,results/20261004T003009-2f16c796/E2-primary-bd3506b9c7.csv,completed,Await validation,False
E2-matched_base-112e96576b,2026-10-04T00:30:26.948356+00:00,26552dd9c109058ba93a75bb8ba5de1f6a85585b,26552dd9c109058ba93a75bb8ba5de1f6a85585b,e5f957a2b78b4a08cede2183cd59012f73beaffc38f0821d43bb458df08be222:5eb2ada6d8d007969c111064ae6c5de089e8bd61c0156cb49cc98484cea2b5d9,5d6c5b3498197ecd7674a9251733b7142640a04220cc1c0e6cbbd53db97cfb1f,development+reused_validation,"{""base"": ""equal"", ""borrow_bps"": 50.0, ""cap"": 1.0, ""control"": ""event"", ""covariance_days"": 126, ""diagnostic"": ""matched_base"", ""family"": ""har"", ""har_train_min"": 504, ""lookback"": 63, ""overlay"": false, ""static_exposure"": null, ""target"": 0.1, ""threshold"": 0.05, ""trial_id"": ""E2"", ""universe"": [""SPY"", ""TLT"", ""GLD""]}",5.0 bp risky purchases+sales; borrow rf+50.0 bp,results/20261004T003009-2f16c796/E2-matched_base-112e96576b.csv,started,Attempt retained even if process fails,False
E2-matched_base-112e96576b,2026-10-04T00:30:26.948356+00:00,26552dd9c109058ba93a75bb8ba5de1f6a85585b,26552dd9c109058ba93a75bb8ba5de1f6a85585b,e5f957a2b78b4a08cede2183cd59012f73beaffc38f0821d43bb458df08be222:5eb2ada6d8d007969c111064ae6c5de089e8bd61c0156cb49cc98484cea2b5d9,5d6c5b3498197ecd7674a9251733b7142640a04220cc1c0e6cbbd53db97cfb1f,development+reused_validation,"{""base"": ""equal"", ""borrow_bps"": 50.0, ""cap"": 1.0, ""control"": ""event"", ""covariance_days"": 126, ""diagnostic"": ""matched_base"", ""family"": ""har"", ""har_train_min"": 504, ""lookback"": 63, ""overlay"": false, ""static_exposure"": null, ""target"": 0.1, ""threshold"": 0.05, ""trial_id"": ""E2"", ""universe"": [""SPY"", ""TLT"", ""GLD""]}",5.0 bp risky purchases+sales; borrow rf+50.0 bp,results/20261004T003009-2f16c796/E2-matched_base-112e96576b.csv,completed,No OOS retuning; diagnostic not eligible for selection,False
E3-20-primary-be1f8ac487,2026-10-04T00:30:29.981627+00:00,26552dd9c109058ba93a75bb8ba5de1f6a85585b,26552dd9c109058ba93a75bb8ba5de1f6a85585b,e5f957a2b78b4a08cede2183cd59012f73beaffc38f0821d43bb458df08be222:5eb2ada6d8d007969c111064ae6c5de089e8bd61c0156cb49cc98484cea2b5d9,44f609ecf93faf8c0141d02aa03d1311624d1bba28a7f84d7a15d6fc5e50fcad,development+reused_validation,"{""base"": ""equal"", ""borrow_bps"": 50.0, ""cap"": 1.0, ""control"": ""event"", ""covariance_days"": 126, ""diagnostic"": ""primary"", ""family"": ""range"", ""har_train_min"": 504, ""lookback"": 20, ""overlay"": true, ""static_exposure"": null, ""target"": 0.1, ""threshold"": 0.05, ""trial_id"": ""E3-20"", ""universe"": [""SPY"", ""TLT"", ""GLD""]}",5.0 bp risky purchases+sales; borrow rf+50.0 bp,results/20261004T003009-2f16c796/E3-20-primary-be1f8ac487.csv,started,Attempt retained even if process fails,False
E3-20-primary-be1f8ac487,2026-10-04T00:30:29.981627+00:00,26552dd9c109058ba93a75bb8ba5de1f6a85585b,26552dd9c109058ba93a75bb8ba5de1f6a85585b,e5f957a2b78b4a08cede2183cd59012f73beaffc38f0821d43bb458df08be222:5eb2ada6d8d007969c111064ae6c5de089e8bd61c0156cb49cc98484cea2b5d9,44f609ecf93faf8c0141d02aa03d1311624d1bba28a7f84d7a15d6fc5e50fcad,development+reused_validation,"{""base"": ""equal"", ""borrow_bps"": 50.0, ""cap"": 1.0, ""control"": ""event"", ""covariance_days"": 126, ""diagnostic"": ""primary"", ""family"": ""range"", ""har_train_min"": 504, ""lookback"": 20, ""overlay"": true, ""static_exposure"": null, ""target"": 0.1, ""threshold"": 0.05, ""trial_id"": ""E3-20"", ""universe"": [""SPY"", ""TLT"", ""GLD""]}",5.0 bp risky purchases+sales; borrow rf+50.0 bp,results/20261004T003009-2f16c796/E3-20-primary-be1f8ac487.csv,completed,Await validation,False
E3-20-matched_base-aae66e8cee,2026-10-04T00:30:32.244832+00:00,26552dd9c109058ba93a75bb8ba5de1f6a85585b,26552dd9c109058ba93a75bb8ba5de1f6a85585b,e5f957a2b78b4a08cede2183cd59012f73beaffc38f0821d43bb458df08be222:5eb2ada6d8d007969c111064ae6c5de089e8bd61c0156cb49cc98484cea2b5d9,c53fca40643a56dc9917c0e1beeac47e67001f901f1274c3cff04f26e5dc4022,development+reused_validation,"{""base"": ""equal"", ""borrow_bps"": 50.0, ""cap"": 1.0, ""control"": ""event"", ""covariance_days"": 126, ""diagnostic"": ""matched_base"", ""family"": ""range"", ""har_train_min"": 504, ""lookback"": 20, ""overlay"": false, ""static_exposure"": null, ""target"": 0.1, ""threshold"": 0.05, ""trial_id"": ""E3-20"", ""universe"": [""SPY"", ""TLT"", ""GLD""]}",5.0 bp risky purchases+sales; borrow rf+50.0 bp,results/20261004T003009-2f16c796/E3-20-matched_base-aae66e8cee.csv,started,Attempt retained even if process fails,False
E3-20-matched_base-aae66e8cee,2026-10-04T00:30:32.244832+00:00,26552dd9c109058ba93a75bb8ba5de1f6a85585b,26552dd9c109058ba93a75bb8ba5de1f6a85585b,e5f957a2b78b4a08cede2183cd59012f73beaffc38f0821d43bb458df08be222:5eb2ada6d8d007969c111064ae6c5de089e8bd61c0156cb49cc98484cea2b5d9,c53fca40643a56dc9917c0e1beeac47e67001f901f1274c3cff04f26e5dc4022,development+reused_validation,"{""base"": ""equal"", ""borrow_bps"": 50.0, ""cap"": 1.0, ""control"": ""event"", ""covariance_days"": 126, ""diagnostic"": ""matched_base"", ""family"": ""range"", ""har_train_min"": 504, ""lookback"": 20, ""overlay"": false, ""static_exposure"": null, ""target"": 0.1, ""threshold"": 0.05, ""trial_id"": ""E3-20"", ""universe"": [""SPY"", ""TLT"", ""GLD""]}",5.0 bp risky purchases+sales; borrow rf+50.0 bp,results/20261004T003009-2f16c796/E3-20-matched_base-aae66e8cee.csv,completed,No OOS retuning; diagnostic not eligible for selection,False
E3-63-primary-95bf55cc59,2026-10-04T00:30:34.562627+00:00,26552dd9c109058ba93a75bb8ba5de1f6a85585b,26552dd9c109058ba93a75bb8ba5de1f6a85585b,e5f957a2b78b4a08cede2183cd59012f73beaffc38f0821d43bb458df08be222:5eb2ada6d8d007969c111064ae6c5de089e8bd61c0156cb49cc98484cea2b5d9,3ad9a090b0182541201200e6c3cc6f43751bcb1241b54fe1773545ef864a6854,development+reused_validation,"{""base"": ""equal"", ""borrow_bps"": 50.0, ""cap"": 1.0, ""control"": ""event"", ""covariance_days"": 126, ""diagnostic"": ""primary"", ""family"": ""range"", ""har_train_min"": 504, ""lookback"": 63, ""overlay"": true, ""static_exposure"": null, ""target"": 0.1, ""threshold"": 0.05, ""trial_id"": ""E3-63"", ""universe"": [""SPY"", ""TLT"", ""GLD""]}",5.0 bp risky purchases+sales; borrow rf+50.0 bp,results/20261004T003009-2f16c796/E3-63-primary-95bf55cc59.csv,started,Attempt retained even if process fails,False
E3-63-primary-95bf55cc59,2026-10-04T00:30:34.562627+00:00,26552dd9c109058ba93a75bb8ba5de1f6a85585b,26552dd9c109058ba93a75bb8ba5de1f6a85585b,e5f957a2b78b4a08cede2183cd59012f73beaffc38f0821d43bb458df08be222:5eb2ada6d8d007969c111064ae6c5de089e8bd61c0156cb49cc98484cea2b5d9,3ad9a090b0182541201200e6c3cc6f43751bcb1241b54fe1773545ef864a6854,development+reused_validation,"{""base"": ""equal"", ""borrow_bps"": 50.0, ""cap"": 1.0, ""control"": ""event"", ""covariance_days"": 126, ""diagnostic"": ""primary"", ""family"": ""range"", ""har_train_min"": 504, ""lookback"": 63, ""overlay"": true, ""static_exposure"": null, ""target"": 0.1, ""threshold"": 0.05, ""trial_id"": ""E3-63"", ""universe"": [""SPY"", ""TLT"", ""GLD""]}",5.0 bp risky purchases+sales; borrow rf+50.0 bp,results/20261004T003009-2f16c796/E3-63-primary-95bf55cc59.csv,completed,Await validation,False
E3-63-matched_base-ac28d595cf,2026-10-04T00:30:36.727266+00:00,26552dd9c109058ba93a75bb8ba5de1f6a85585b,26552dd9c109058ba93a75bb8ba5de1f6a85585b,e5f957a2b78b4a08cede2183cd59012f73beaffc38f0821d43bb458df08be222:5eb2ada6d8d007969c111064ae6c5de089e8bd61c0156cb49cc98484cea2b5d9,5e857247698887e79afc6f3ea1790071dd78004cef7bb8e007754d57a21a40ba,development+reused_validation,"{""base"": ""equal"", ""borrow_bps"": 50.0, ""cap"": 1.0, ""control"": ""event"", ""covariance_days"": 126, ""diagnostic"": ""matched_base"", ""family"": ""range"", ""har_train_min"": 504, ""lookback"": 63, ""overlay"": false, ""static_exposure"": null, ""target"": 0.1, ""threshold"": 0.05, ""trial_id"": ""E3-63"", ""universe"": [""SPY"", ""TLT"", ""GLD""]}",5.0 bp risky purchases+sales; borrow rf+50.0 bp,results/20261004T003009-2f16c796/E3-63-matched_base-ac28d595cf.csv,started,Attempt retained even if process fails,False
E3-63-matched_base-ac28d595cf,2026-10-04T00:30:36.727266+00:00,26552dd9c109058ba93a75bb8ba5de1f6a85585b,26552dd9c109058ba93a75bb8ba5de1f6a85585b,e5f957a2b78b4a08cede2183cd59012f73beaffc38f0821d43bb458df08be222:5eb2ada6d8d007969c111064ae6c5de089e8bd61c0156cb49cc98484cea2b5d9,5e857247698887e79afc6f3ea1790071dd78004cef7bb8e007754d57a21a40ba,development+reused_validation,"{""base"": ""equal"", ""borrow_bps"": 50.0, ""cap"": 1.0, ""control"": ""event"", ""covariance_days"": 126, ""diagnostic"": ""matched_base"", ""family"": ""range"", ""har_train_min"": 504, ""lookback"": 63, ""overlay"": false, ""static_exposure"": null, ""target"": 0.1, ""threshold"": 0.05, ""trial_id"": ""E3-63"", ""universe"": [""SPY"", ""TLT"", ""GLD""]}",5.0 bp risky purchases+sales; borrow rf+50.0 bp,results/20261004T003009-2f16c796/E3-63-matched_base-ac28d595cf.csv,completed,No OOS retuning; diagnostic not eligible for selection,False
E4-primary-972478d9e6,2026-10-04T00:30:38.959328+00:00,26552dd9c109058ba93a75bb8ba5de1f6a85585b,26552dd9c109058ba93a75bb8ba5de1f6a85585b,e5f957a2b78b4a08cede2183cd59012f73beaffc38f0821d43bb458df08be222:5eb2ada6d8d007969c111064ae6c5de089e8bd61c0156cb49cc98484cea2b5d9,5d9c6cb9d976a247a5cff93cbe590f50a4d197343eef1e6292135a082476032f,development+reused_validation,"{""base"": ""minvar"", ""borrow_bps"": 50.0, ""cap"": 1.0, ""control"": ""event"", ""covariance_days"": 126, ""diagnostic"": ""primary"", ""family"": ""ensemble"", ""har_train_min"": 504, ""lookback"": 63, ""overlay"": true, ""static_exposure"": null, ""target"": 0.1, ""threshold"": 0.05, ""trial_id"": ""E4"", ""universe"": [""SPY"", ""TLT"", ""GLD""]}",5.0 bp risky purchases+sales; borrow rf+50.0 bp,results/20261004T003009-2f16c796/E4-primary-972478d9e6.csv,started,Attempt retained even if process fails,False
E4-primary-972478d9e6,2026-10-04T00:30:38.959328+00:00,26552dd9c109058ba93a75bb8ba5de1f6a85585b,26552dd9c109058ba93a75bb8ba5de1f6a85585b,e5f957a2b78b4a08cede2183cd59012f73beaffc38f0821d43bb458df08be222:5eb2ada6d8d007969c111064ae6c5de089e8bd61c0156cb49cc98484cea2b5d9,5d9c6cb9d976a247a5cff93cbe590f50a4d197343eef1e6292135a082476032f,development+reused_validation,"{""base"": ""minvar"", ""borrow_bps"": 50.0, ""cap"": 1.0, ""control"": ""event"", ""covariance_days"": 126, ""diagnostic"": ""primary"", ""family"": ""ensemble"", ""har_train_min"": 504, ""lookback"": 63, ""overlay"": true, ""static_exposure"": null, ""target"": 0.1, ""threshold"": 0.05, ""trial_id"": ""E4"", ""universe"": [""SPY"", ""TLT"", ""GLD""]}",5.0 bp risky purchases+sales; borrow rf+50.0 bp,results/20261004T003009-2f16c796/E4-primary-972478d9e6.csv,completed,Await validation,False
E4-matched_base-6a8f96c911,2026-10-04T00:30:40.631646+00:00,26552dd9c109058ba93a75bb8ba5de1f6a85585b,26552dd9c109058ba93a75bb8ba5de1f6a85585b,e5f957a2b78b4a08cede2183cd59012f73beaffc38f0821d43bb458df08be222:5eb2ada6d8d007969c111064ae6c5de089e8bd61c0156cb49cc98484cea2b5d9,14422e6f196e470e21db56c9a4d5cb920bfef729c30c3e117b63465373dca3f6,development+reused_validation,"{""base"": ""minvar"", ""borrow_bps"": 50.0, ""cap"": 1.0, ""control"": ""event"", ""covariance_days"": 126, ""diagnostic"": ""matched_base"", ""family"": ""ensemble"", ""har_train_min"": 504, ""lookback"": 63, ""overlay"": false, ""static_exposure"": null, ""target"": 0.1, ""threshold"": 0.05, ""trial_id"": ""E4"", ""universe"": [""SPY"", ""TLT"", ""GLD""]}",5.0 bp risky purchases+sales; borrow rf+50.0 bp,results/20261004T003009-2f16c796/E4-matched_base-6a8f96c911.csv,started,Attempt retained even if process fails,False
E4-matched_base-6a8f96c911,2026-10-04T00:30:40.631646+00:00,26552dd9c109058ba93a75bb8ba5de1f6a85585b,26552dd9c109058ba93a75bb8ba5de1f6a85585b,e5f957a2b78b4a08cede2183cd59012f73beaffc38f0821d43bb458df08be222:5eb2ada6d8d007969c111064ae6c5de089e8bd61c0156cb49cc98484cea2b5d9,14422e6f196e470e21db56c9a4d5cb920bfef729c30c3e117b63465373dca3f6,development+reused_validation,"{""base"": ""minvar"", ""borrow_bps"": 50.0, ""cap"": 1.0, ""control"": ""event"", ""covariance_days"": 126, ""diagnostic"": ""matched_base"", ""family"": ""ensemble"", ""har_train_min"": 504, ""lookback"": 63, ""overlay"": false, ""static_exposure"": null, ""target"": 0.1, ""threshold"": 0.05, ""trial_id"": ""E4"", ""universe"": [""SPY"", ""TLT"", ""GLD""]}",5.0 bp risky purchases+sales; borrow rf+50.0 bp,results/20261004T003009-2f16c796/E4-matched_base-6a8f96c911.csv,completed,No OOS retuning; diagnostic not eligible for selection,False
E5-primary-e6ead34b70,2026-10-04T00:30:42.277141+00:00,26552dd9c109058ba93a75bb8ba5de1f6a85585b,26552dd9c109058ba93a75bb8ba5de1f6a85585b,e5f957a2b78b4a08cede2183cd59012f73beaffc38f0821d43bb458df08be222:5eb2ada6d8d007969c111064ae6c5de089e8bd61c0156cb49cc98484cea2b5d9,ef998cc492900540cd6d716e8b1a007a572285b8973686915aeb48ed597a7919,development+reused_validation,"{""base"": ""erc"", ""borrow_bps"": 50.0, ""cap"": 1.0, ""control"": ""event"", ""covariance_days"": 126, ""diagnostic"": ""primary"", ""family"": ""ensemble"", ""har_train_min"": 504, ""lookback"": 63, ""overlay"": true, ""static_exposure"": null, ""target"": 0.1, ""threshold"": 0.05, ""trial_id"": ""E5"", ""universe"": [""SPY"", ""TLT"", ""GLD""]}",5.0 bp risky purchases+sales; borrow rf+50.0 bp,results/20261004T003009-2f16c796/E5-primary-e6ead34b70.csv,started,Attempt retained even if process fails,False
E5-primary-e6ead34b70,2026-10-04T00:30:42.277141+00:00,26552dd9c109058ba93a75bb8ba5de1f6a85585b,26552dd9c109058ba93a75bb8ba5de1f6a85585b,e5f957a2b78b4a08cede2183cd59012f73beaffc38f0821d43bb458df08be222:5eb2ada6d8d007969c111064ae6c5de089e8bd61c0156cb49cc98484cea2b5d9,ef998cc492900540cd6d716e8b1a007a572285b8973686915aeb48ed597a7919,development+reused_validation,"{""base"": ""erc"", ""borrow_bps"": 50.0, ""cap"": 1.0, ""control"": ""event"", ""covariance_days"": 126, ""diagnostic"": ""primary"", ""family"": ""ensemble"", ""har_train_min"": 504, ""lookback"": 63, ""overlay"": true, ""static_exposure"": null, ""target"": 0.1, ""threshold"": 0.05, ""trial_id"": ""E5"", ""universe"": [""SPY"", ""TLT"", ""GLD""]}",5.0 bp risky purchases+sales; borrow rf+50.0 bp,results/20261004T003009-2f16c796/E5-primary-e6ead34b70.csv,completed,Await validation,False
E5-matched_base-67eac4f2b4,2026-10-04T00:30:43.993626+00:00,26552dd9c109058ba93a75bb8ba5de1f6a85585b,26552dd9c109058ba93a75bb8ba5de1f6a85585b,e5f957a2b78b4a08cede2183cd59012f73beaffc38f0821d43bb458df08be222:5eb2ada6d8d007969c111064ae6c5de089e8bd61c0156cb49cc98484cea2b5d9,c1f73d2ae78f6c36eba626f5d5734541aef0a1a00d636ad1c2a76b939479b6e2,development+reused_validation,"{""base"": ""erc"", ""borrow_bps"": 50.0, ""cap"": 1.0, ""control"": ""event"", ""covariance_days"": 126, ""diagnostic"": ""matched_base"", ""family"": ""ensemble"", ""har_train_min"": 504, ""lookback"": 63, ""overlay"": false, ""static_exposure"": null, ""target"": 0.1, ""threshold"": 0.05, ""trial_id"": ""E5"", ""universe"": [""SPY"", ""TLT"", ""GLD""]}",5.0 bp risky purchases+sales; borrow rf+50.0 bp,results/20261004T003009-2f16c796/E5-matched_base-67eac4f2b4.csv,started,Attempt retained even if process fails,False
E5-matched_base-67eac4f2b4,2026-10-04T00:30:43.993626+00:00,26552dd9c109058ba93a75bb8ba5de1f6a85585b,26552dd9c109058ba93a75bb8ba5de1f6a85585b,e5f957a2b78b4a08cede2183cd59012f73beaffc38f0821d43bb458df08be222:5eb2ada6d8d007969c111064ae6c5de089e8bd61c0156cb49cc98484cea2b5d9,c1f73d2ae78f6c36eba626f5d5734541aef0a1a00d636ad1c2a76b939479b6e2,development+reused_validation,"{""base"": ""erc"", ""borrow_bps"": 50.0, ""cap"": 1.0, ""control"": ""event"", ""covariance_days"": 126, ""diagnostic"": ""matched_base"", ""family"": ""ensemble"", ""har_train_min"": 504, ""lookback"": 63, ""overlay"": false, ""static_exposure"": null, ""target"": 0.1, ""threshold"": 0.05, ""trial_id"": ""E5"", ""universe"": [""SPY"", ""TLT"", ""GLD""]}",5.0 bp risky purchases+sales; borrow rf+50.0 bp,results/20261004T003009-2f16c796/E5-matched_base-67eac4f2b4.csv,completed,No OOS retuning; diagnostic not eligible for selection,False
E6-primary-f53582686a,2026-10-04T00:30:45.837549+00:00,26552dd9c109058ba93a75bb8ba5de1f6a85585b,26552dd9c109058ba93a75bb8ba5de1f6a85585b,e5f957a2b78b4a08cede2183cd59012f73beaffc38f0821d43bb458df08be222:5eb2ada6d8d007969c111064ae6c5de089e8bd61c0156cb49cc98484cea2b5d9,94d15d1587e757e0f8c4bce6596d75f5198b5e3002e365b804af51c742bed8d9,development+reused_validation,"{""base"": ""erc"", ""borrow_bps"": 50.0, ""cap"": 1.0, ""control"": ""event"", ""covariance_days"": 126, ""diagnostic"": ""primary"", ""family"": ""ensemble"", ""har_train_min"": 504, ""lookback"": 63, ""overlay"": true, ""static_exposure"": null, ""target"": 0.1, ""threshold"": 0.05, ""trial_id"": ""E6"", ""universe"": [""QQQ"", ""IWM"", ""HYG"", ""TLT"", ""GLD"", ""DBC""]}",5.0 bp risky purchases+sales; borrow rf+50.0 bp,results/20261004T003009-2f16c796/E6-primary-f53582686a.csv,started,Attempt retained even if process fails,False
E6-primary-f53582686a,2026-10-04T00:30:45.837549+00:00,26552dd9c109058ba93a75bb8ba5de1f6a85585b,26552dd9c109058ba93a75bb8ba5de1f6a85585b,e5f957a2b78b4a08cede2183cd59012f73beaffc38f0821d43bb458df08be222:5eb2ada6d8d007969c111064ae6c5de089e8bd61c0156cb49cc98484cea2b5d9,94d15d1587e757e0f8c4bce6596d75f5198b5e3002e365b804af51c742bed8d9,development+reused_validation,"{""base"": ""erc"", ""borrow_bps"": 50.0, ""cap"": 1.0, ""control"": ""event"", ""covariance_days"": 126, ""diagnostic"": ""primary"", ""family"": ""ensemble"", ""har_train_min"": 504, ""lookback"": 63, ""overlay"": true, ""static_exposure"": null, ""target"": 0.1, ""threshold"": 0.05, ""trial_id"": ""E6"", ""universe"": [""QQQ"", ""IWM"", ""HYG"", ""TLT"", ""GLD"", ""DBC""]}",5.0 bp risky purchases+sales; borrow rf+50.0 bp,results/20261004T003009-2f16c796/E6-primary-f53582686a.csv,completed,Await validation,False
E6-matched_base-29c9f3adc3,2026-10-04T00:30:48.262870+00:00,26552dd9c109058ba93a75bb8ba5de1f6a85585b,26552dd9c109058ba93a75bb8ba5de1f6a85585b,e5f957a2b78b4a08cede2183cd59012f73beaffc38f0821d43bb458df08be222:5eb2ada6d8d007969c111064ae6c5de089e8bd61c0156cb49cc98484cea2b5d9,27e470e4aaf331e09e2122b0eac8197d760efa99b3edd6dd562abb688dbc7bc2,development+reused_validation,"{""base"": ""erc"", ""borrow_bps"": 50.0, ""cap"": 1.0, ""control"": ""event"", ""covariance_days"": 126, ""diagnostic"": ""matched_base"", ""family"": ""ensemble"", ""har_train_min"": 504, ""lookback"": 63, ""overlay"": false, ""static_exposure"": null, ""target"": 0.1, ""threshold"": 0.05, ""trial_id"": ""E6"", ""universe"": [""QQQ"", ""IWM"", ""HYG"", ""TLT"", ""GLD"", ""DBC""]}",5.0 bp risky purchases+sales; borrow rf+50.0 bp,results/20261004T003009-2f16c796/E6-matched_base-29c9f3adc3.csv,started,Attempt retained even if process fails,False
E6-matched_base-29c9f3adc3,2026-10-04T00:30:48.262870+00:00,26552dd9c109058ba93a75bb8ba5de1f6a85585b,26552dd9c109058ba93a75bb8ba5de1f6a85585b,e5f957a2b78b4a08cede2183cd59012f73beaffc38f0821d43bb458df08be222:5eb2ada6d8d007969c111064ae6c5de089e8bd61c0156cb49cc98484cea2b5d9,27e470e4aaf331e09e2122b0eac8197d760efa99b3edd6dd562abb688dbc7bc2,development+reused_validation,"{""base"": ""erc"", ""borrow_bps"": 50.0, ""cap"": 1.0, ""control"": ""event"", ""covariance_days"": 126, ""diagnostic"": ""matched_base"", ""family"": ""ensemble"", ""har_train_min"": 504, ""lookback"": 63, ""overlay"": false, ""static_exposure"": null, ""target"": 0.1, ""threshold"": 0.05, ""trial_id"": ""E6"", ""universe"": [""QQQ"", ""IWM"", ""HYG"", ""TLT"", ""GLD"", ""DBC""]}",5.0 bp risky purchases+sales; borrow rf+50.0 bp,results/20261004T003009-2f16c796/E6-matched_base-29c9f3adc3.csv,completed,No OOS retuning; diagnostic not eligible for selection,False
E7-primary-99df50810a,2026-10-04T00:30:50.745535+00:00,26552dd9c109058ba93a75bb8ba5de1f6a85585b,26552dd9c109058ba93a75bb8ba5de1f6a85585b,e5f957a2b78b4a08cede2183cd59012f73beaffc38f0821d43bb458df08be222:5eb2ada6d8d007969c111064ae6c5de089e8bd61c0156cb49cc98484cea2b5d9,4bcbdde62cb78978cdc465124ed3aabbaf3e6a110641d09297f68a1aaf6347da,development+reused_validation,"{""base"": ""equal"", ""borrow_bps"": 50.0, ""cap"": 1.0, ""control"": ""asymmetric"", ""covariance_days"": 126, ""diagnostic"": ""primary"", ""family"": ""ensemble"", ""har_train_min"": 504, ""lookback"": 63, ""overlay"": true, ""static_exposure"": null, ""target"": 0.1, ""threshold"": 0.05, ""trial_id"": ""E7"", ""universe"": [""SPY"", ""TLT"", ""GLD""]}",5.0 bp risky purchases+sales; borrow rf+50.0 bp,results/20261004T003009-2f16c796/E7-primary-99df50810a.csv,started,Attempt retained even if process fails,False
E7-primary-99df50810a,2026-10-04T00:30:50.745535+00:00,26552dd9c109058ba93a75bb8ba5de1f6a85585b,26552dd9c109058ba93a75bb8ba5de1f6a85585b,e5f957a2b78b4a08cede2183cd59012f73beaffc38f0821d43bb458df08be222:5eb2ada6d8d007969c111064ae6c5de089e8bd61c0156cb49cc98484cea2b5d9,4bcbdde62cb78978cdc465124ed3aabbaf3e6a110641d09297f68a1aaf6347da,development+reused_validation,"{""base"": ""equal"", ""borrow_bps"": 50.0, ""cap"": 1.0, ""control"": ""asymmetric"", ""covariance_days"": 126, ""diagnostic"": ""primary"", ""family"": ""ensemble"", ""har_train_min"": 504, ""lookback"": 63, ""overlay"": true, ""static_exposure"": null, ""target"": 0.1, ""threshold"": 0.05, ""trial_id"": ""E7"", ""universe"": [""SPY"", ""TLT"", ""GLD""]}",5.0 bp risky purchases+sales; borrow rf+50.0 bp,results/20261004T003009-2f16c796/E7-primary-99df50810a.csv,completed,Await validation,False
E7-matched_base-d697e87125,2026-10-04T00:30:52.232647+00:00,26552dd9c109058ba93a75bb8ba5de1f6a85585b,26552dd9c109058ba93a75bb8ba5de1f6a85585b,e5f957a2b78b4a08cede2183cd59012f73beaffc38f0821d43bb458df08be222:5eb2ada6d8d007969c111064ae6c5de089e8bd61c0156cb49cc98484cea2b5d9,7df252357f6f1afb5e7dcefeb871999e5b336f10a6ced15fbd4409c084ac2835,development+reused_validation,"{""base"": ""equal"", ""borrow_bps"": 50.0, ""cap"": 1.0, ""control"": ""asymmetric"", ""covariance_days"": 126, ""diagnostic"": ""matched_base"", ""family"": ""ensemble"", ""har_train_min"": 504, ""lookback"": 63, ""overlay"": false, ""static_exposure"": null, ""target"": 0.1, ""threshold"": 0.05, ""trial_id"": ""E7"", ""universe"": [""SPY"", ""TLT"", ""GLD""]}",5.0 bp risky purchases+sales; borrow rf+50.0 bp,results/20261004T003009-2f16c796/E7-matched_base-d697e87125.csv,started,Attempt retained even if process fails,False
E7-matched_base-d697e87125,2026-10-04T00:30:52.232647+00:00,26552dd9c109058ba93a75bb8ba5de1f6a85585b,26552dd9c109058ba93a75bb8ba5de1f6a85585b,e5f957a2b78b4a08cede2183cd59012f73beaffc38f0821d43bb458df08be222:5eb2ada6d8d007969c111064ae6c5de089e8bd61c0156cb49cc98484cea2b5d9,7df252357f6f1afb5e7dcefeb871999e5b336f10a6ced15fbd4409c084ac2835,development+reused_validation,"{""base"": ""equal"", ""borrow_bps"": 50.0, ""cap"": 1.0, ""control"": ""asymmetric"", ""covariance_days"": 126, ""diagnostic"": ""matched_base"", ""family"": ""ensemble"", ""har_train_min"": 504, ""lookback"": 63, ""overlay"": false, ""static_exposure"": null, ""target"": 0.1, ""threshold"": 0.05, ""trial_id"": ""E7"", ""universe"": [""SPY"", ""TLT"", ""GLD""]}",5.0 bp risky purchases+sales; borrow rf+50.0 bp,results/20261004T003009-2f16c796/E7-matched_base-d697e87125.csv,completed,No OOS retuning; diagnostic not eligible for selection,False
E8-primary-20270fc781,2026-10-04T00:30:53.699760+00:00,26552dd9c109058ba93a75bb8ba5de1f6a85585b,26552dd9c109058ba93a75bb8ba5de1f6a85585b,e5f957a2b78b4a08cede2183cd59012f73beaffc38f0821d43bb458df08be222:5eb2ada6d8d007969c111064ae6c5de089e8bd61c0156cb49cc98484cea2b5d9,ca1098cc13d82d6fc9233e86ff3720dc4c496b9023ba812efe8222c6c439045f,development+reused_validation,"{""base"": ""equal"", ""borrow_bps"": 50.0, ""cap"": 1.25, ""control"": ""asymmetric"", ""covariance_days"": 126, ""diagnostic"": ""primary"", ""family"": ""ensemble"", ""har_train_min"": 504, ""lookback"": 63, ""overlay"": true, ""static_exposure"": null, ""target"": 0.1, ""threshold"": 0.05, ""trial_id"": ""E8"", ""universe"": [""SPY"", ""TLT"", ""GLD""]}",5.0 bp risky purchases+sales; borrow rf+50.0 bp,results/20261004T003009-2f16c796/E8-primary-20270fc781.csv,started,Attempt retained even if process fails,False
E8-primary-20270fc781,2026-10-04T00:30:53.699760+00:00,26552dd9c109058ba93a75bb8ba5de1f6a85585b,26552dd9c109058ba93a75bb8ba5de1f6a85585b,e5f957a2b78b4a08cede2183cd59012f73beaffc38f0821d43bb458df08be222:5eb2ada6d8d007969c111064ae6c5de089e8bd61c0156cb49cc98484cea2b5d9,ca1098cc13d82d6fc9233e86ff3720dc4c496b9023ba812efe8222c6c439045f,development+reused_validation,"{""base"": ""equal"", ""borrow_bps"": 50.0, ""cap"": 1.25, ""control"": ""asymmetric"", ""covariance_days"": 126, ""diagnostic"": ""primary"", ""family"": ""ensemble"", ""har_train_min"": 504, ""lookback"": 63, ""overlay"": true, ""static_exposure"": null, ""target"": 0.1, ""threshold"": 0.05, ""trial_id"": ""E8"", ""universe"": [""SPY"", ""TLT"", ""GLD""]}",5.0 bp risky purchases+sales; borrow rf+50.0 bp,results/20261004T003009-2f16c796/E8-primary-20270fc781.csv,completed,Await validation,False
E8-matched_base-042eaa78b8,2026-10-04T00:30:55.955931+00:00,26552dd9c109058ba93a75bb8ba5de1f6a85585b,26552dd9c109058ba93a75bb8ba5de1f6a85585b,e5f957a2b78b4a08cede2183cd59012f73beaffc38f0821d43bb458df08be222:5eb2ada6d8d007969c111064ae6c5de089e8bd61c0156cb49cc98484cea2b5d9,ce6dfae1be3bce9d0f4682971ce19cdc990158cdd46ba0e27b97894e1cd8ad0a,development+reused_validation,"{""base"": ""equal"", ""borrow_bps"": 50.0, ""cap"": 1.25, ""control"": ""asymmetric"", ""covariance_days"": 126, ""diagnostic"": ""matched_base"", ""family"": ""ensemble"", ""har_train_min"": 504, ""lookback"": 63, ""overlay"": false, ""static_exposure"": null, ""target"": 0.1, ""threshold"": 0.05, ""trial_id"": ""E8"", ""universe"": [""SPY"", ""TLT"", ""GLD""]}",5.0 bp risky purchases+sales; borrow rf+50.0 bp,results/20261004T003009-2f16c796/E8-matched_base-042eaa78b8.csv,started,Attempt retained even if process fails,False
E8-matched_base-042eaa78b8,2026-10-04T00:30:55.955931+00:00,26552dd9c109058ba93a75bb8ba5de1f6a85585b,26552dd9c109058ba93a75bb8ba5de1f6a85585b,e5f957a2b78b4a08cede2183cd59012f73beaffc38f0821d43bb458df08be222:5eb2ada6d8d007969c111064ae6c5de089e8bd61c0156cb49cc98484cea2b5d9,ce6dfae1be3bce9d0f4682971ce19cdc990158cdd46ba0e27b97894e1cd8ad0a,development+reused_validation,"{""base"": ""equal"", ""borrow_bps"": 50.0, ""cap"": 1.25, ""control"": ""asymmetric"", ""covariance_days"": 126, ""diagnostic"": ""matched_base"", ""family"": ""ensemble"", ""har_train_min"": 504, ""lookback"": 63, ""overlay"": false, ""static_exposure"": null, ""target"": 0.1, ""threshold"": 0.05, ""trial_id"": ""E8"", ""universe"": [""SPY"", ""TLT"", ""GLD""]}",5.0 bp risky purchases+sales; borrow rf+50.0 bp,results/20261004T003009-2f16c796/E8-matched_base-042eaa78b8.csv,completed,No OOS retuning; diagnostic not eligible for selection,False
E0-double_cost-7489c424e0,2026-10-04T00:30:57.566073+00:00,26552dd9c109058ba93a75bb8ba5de1f6a85585b,26552dd9c109058ba93a75bb8ba5de1f6a85585b,e5f957a2b78b4a08cede2183cd59012f73beaffc38f0821d43bb458df08be222:5eb2ada6d8d007969c111064ae6c5de089e8bd61c0156cb49cc98484cea2b5d9,10e5bd35185c132f371d1e08d5b511455876015f1f5b77bc576b73b28e08e290,development+reused_validation,"{""base"": ""equal"", ""borrow_bps"": 50.0, ""cap"": 1.0, ""control"": ""monthly"", ""covariance_days"": 126, ""diagnostic"": ""double_cost"", ""family"": ""trailing"", ""har_train_min"": 504, ""lookback"": 63, ""overlay"": true, ""static_exposure"": null, ""target"": 0.08, ""threshold"": 0.05, ""trial_id"": ""E0"", ""universe"": [""SPY"", ""TLT"", ""GLD""]}",10 bp risky purchases+sales; borrow rf+50.0 bp,results/20261004T003009-2f16c796/E0-double_cost-7489c424e0.csv,started,Attempt retained even if process fails,False
E0-double_cost-7489c424e0,2026-10-04T00:30:57.566073+00:00,26552dd9c109058ba93a75bb8ba5de1f6a85585b,26552dd9c109058ba93a75bb8ba5de1f6a85585b,e5f957a2b78b4a08cede2183cd59012f73beaffc38f0821d43bb458df08be222:5eb2ada6d8d007969c111064ae6c5de089e8bd61c0156cb49cc98484cea2b5d9,10e5bd35185c132f371d1e08d5b511455876015f1f5b77bc576b73b28e08e290,development+reused_validation,"{""base"": ""equal"", ""borrow_bps"": 50.0, ""cap"": 1.0, ""control"": ""monthly"", ""covariance_days"": 126, ""diagnostic"": ""double_cost"", ""family"": ""trailing"", ""har_train_min"": 504, ""lookback"": 63, ""overlay"": true, ""static_exposure"": null, ""target"": 0.08, ""threshold"": 0.05, ""trial_id"": ""E0"", ""universe"": [""SPY"", ""TLT"", ""GLD""]}",10 bp risky purchases+sales; borrow rf+50.0 bp,results/20261004T003009-2f16c796/E0-double_cost-7489c424e0.csv,completed,No OOS retuning; diagnostic not eligible for selection,False
E0-double_cost_base-fcdffa68a2,2026-10-04T00:30:58.880490+00:00,26552dd9c109058ba93a75bb8ba5de1f6a85585b,26552dd9c109058ba93a75bb8ba5de1f6a85585b,e5f957a2b78b4a08cede2183cd59012f73beaffc38f0821d43bb458df08be222:5eb2ada6d8d007969c111064ae6c5de089e8bd61c0156cb49cc98484cea2b5d9,83879e0d7633f8a4db5c5c744bc9b740e5aee76f20c285e9d9d765cae64d9a9a,development+reused_validation,"{""base"": ""equal"", ""borrow_bps"": 50.0, ""cap"": 1.0, ""control"": ""monthly"", ""covariance_days"": 126, ""diagnostic"": ""double_cost_base"", ""family"": ""trailing"", ""har_train_min"": 504, ""lookback"": 63, ""overlay"": false, ""static_exposure"": null, ""target"": 0.08, ""threshold"": 0.05, ""trial_id"": ""E0"", ""universe"": [""SPY"", ""TLT"", ""GLD""]}",10 bp risky purchases+sales; borrow rf+50.0 bp,results/20261004T003009-2f16c796/E0-double_cost_base-fcdffa68a2.csv,started,Attempt retained even if process fails,False
E0-double_cost_base-fcdffa68a2,2026-10-04T00:30:58.880490+00:00,26552dd9c109058ba93a75bb8ba5de1f6a85585b,26552dd9c109058ba93a75bb8ba5de1f6a85585b,e5f957a2b78b4a08cede2183cd59012f73beaffc38f0821d43bb458df08be222:5eb2ada6d8d007969c111064ae6c5de089e8bd61c0156cb49cc98484cea2b5d9,83879e0d7633f8a4db5c5c744bc9b740e5aee76f20c285e9d9d765cae64d9a9a,development+reused_validation,"{""base"": ""equal"", ""borrow_bps"": 50.0, ""cap"": 1.0, ""control"": ""monthly"", ""covariance_days"": 126, ""diagnostic"": ""double_cost_base"", ""family"": ""trailing"", ""har_train_min"": 504, ""lookback"": 63, ""overlay"": false, ""static_exposure"": null, ""target"": 0.08, ""threshold"": 0.05, ""trial_id"": ""E0"", ""universe"": [""SPY"", ""TLT"", ""GLD""]}",10 bp risky purchases+sales; borrow rf+50.0 bp,results/20261004T003009-2f16c796/E0-double_cost_base-fcdffa68a2.csv,completed,No OOS retuning; diagnostic not eligible for selection,False
E0-target_low-4e3f61fd64,2026-10-04T00:31:00.341092+00:00,26552dd9c109058ba93a75bb8ba5de1f6a85585b,26552dd9c109058ba93a75bb8ba5de1f6a85585b,e5f957a2b78b4a08cede2183cd59012f73beaffc38f0821d43bb458df08be222:5eb2ada6d8d007969c111064ae6c5de089e8bd61c0156cb49cc98484cea2b5d9,ef14b56730e7942740fe5fe332cf794c823ff62dcd5392df002ac702186731f0,development+reused_validation,"{""base"": ""equal"", ""borrow_bps"": 50.0, ""cap"": 1.0, ""control"": ""monthly"", ""covariance_days"": 126, ""diagnostic"": ""target_low"", ""family"": ""trailing"", ""har_train_min"": 504, ""lookback"": 63, ""overlay"": true, ""static_exposure"": null, ""target"": 0.07, ""threshold"": 0.05, ""trial_id"": ""E0"", ""universe"": [""SPY"", ""TLT"", ""GLD""]}",5.0 bp risky purchases+sales; borrow rf+50.0 bp,results/20261004T003009-2f16c796/E0-target_low-4e3f61fd64.csv,started,Attempt retained even if process fails,False
E0-target_low-4e3f61fd64,2026-10-04T00:31:00.341092+00:00,26552dd9c109058ba93a75bb8ba5de1f6a85585b,26552dd9c109058ba93a75bb8ba5de1f6a85585b,e5f957a2b78b4a08cede2183cd59012f73beaffc38f0821d43bb458df08be222:5eb2ada6d8d007969c111064ae6c5de089e8bd61c0156cb49cc98484cea2b5d9,ef14b56730e7942740fe5fe332cf794c823ff62dcd5392df002ac702186731f0,development+reused_validation,"{""base"": ""equal"", ""borrow_bps"": 50.0, ""cap"": 1.0, ""control"": ""monthly"", ""covariance_days"": 126, ""diagnostic"": ""target_low"", ""family"": ""trailing"", ""har_train_min"": 504, ""lookback"": 63, ""overlay"": true, ""static_exposure"": null, ""target"": 0.07, ""threshold"": 0.05, ""trial_id"": ""E0"", ""universe"": [""SPY"", ""TLT"", ""GLD""]}",5.0 bp risky purchases+sales; borrow rf+50.0 bp,results/20261004T003009-2f16c796/E0-target_low-4e3f61fd64.csv,completed,No OOS retuning; diagnostic not eligible for selection,False
E0-target_low_base-f7001b92a9,2026-10-04T00:31:01.590642+00:00,26552dd9c109058ba93a75bb8ba5de1f6a85585b,26552dd9c109058ba93a75bb8ba5de1f6a85585b,e5f957a2b78b4a08cede2183cd59012f73beaffc38f0821d43bb458df08be222:5eb2ada6d8d007969c111064ae6c5de089e8bd61c0156cb49cc98484cea2b5d9,d6d377d28ae8accf06f2fbe964a8b6435c17475c520374d982e242cb7e13e003,development+reused_validation,"{""base"": ""equal"", ""borrow_bps"": 50.0, ""cap"": 1.0, ""control"": ""monthly"", ""covariance_days"": 126, ""diagnostic"": ""target_low_base"", ""family"": ""trailing"", ""har_train_min"": 504, ""lookback"": 63, ""overlay"": false, ""static_exposure"": null, ""target"": 0.07, ""threshold"": 0.05, ""trial_id"": ""E0"", ""universe"": [""SPY"", ""TLT"", ""GLD""]}",5.0 bp risky purchases+sales; borrow rf+50.0 bp,results/20261004T003009-2f16c796/E0-target_low_base-f7001b92a9.csv,started,Attempt retained even if process fails,False
E0-target_low_base-f7001b92a9,2026-10-04T00:31:01.590642+00:00,26552dd9c109058ba93a75bb8ba5de1f6a85585b,26552dd9c109058ba93a75bb8ba5de1f6a85585b,e5f957a2b78b4a08cede2183cd59012f73beaffc38f0821d43bb458df08be222:5eb2ada6d8d007969c111064ae6c5de089e8bd61c0156cb49cc98484cea2b5d9,d6d377d28ae8accf06f2fbe964a8b6435c17475c520374d982e242cb7e13e003,development+reused_validation,"{""base"": ""equal"", ""borrow_bps"": 50.0, ""cap"": 1.0, ""control"": ""monthly"", ""covariance_days"": 126, ""diagnostic"": ""target_low_base"", ""family"": ""trailing"", ""har_train_min"": 504, ""lookback"": 63, ""overlay"": false, ""static_exposure"": null, ""target"": 0.07, ""threshold"": 0.05, ""trial_id"": ""E0"", ""universe"": [""SPY"", ""TLT"", ""GLD""]}",5.0 bp risky purchases+sales; borrow rf+50.0 bp,results/20261004T003009-2f16c796/E0-target_low_base-f7001b92a9.csv,completed,No OOS retuning; diagnostic not eligible for selection,False
E0-target_high-0863c8f61b,2026-10-04T00:31:02.884066+00:00,26552dd9c109058ba93a75bb8ba5de1f6a85585b,26552dd9c109058ba93a75bb8ba5de1f6a85585b,e5f957a2b78b4a08cede2183cd59012f73beaffc38f0821d43bb458df08be222:5eb2ada6d8d007969c111064ae6c5de089e8bd61c0156cb49cc98484cea2b5d9,1b7b36deb5471cf6b31a6fc28427e9cd48e11add1eac397849cfdd2421a0ce19,development+reused_validation,"{""base"": ""equal"", ""borrow_bps"": 50.0, ""cap"": 1.0, ""control"": ""monthly"", ""covariance_days"": 126, ""diagnostic"": ""target_high"", ""family"": ""trailing"", ""har_train_min"": 504, ""lookback"": 63, ""overlay"": true, ""static_exposure"": null, ""target"": 0.09, ""threshold"": 0.05, ""trial_id"": ""E0"", ""universe"": [""SPY"", ""TLT"", ""GLD""]}",5.0 bp risky purchases+sales; borrow rf+50.0 bp,results/20261004T003009-2f16c796/E0-target_high-0863c8f61b.csv,started,Attempt retained even if process fails,False
E0-target_high-0863c8f61b,2026-10-04T00:31:02.884066+00:00,26552dd9c109058ba93a75bb8ba5de1f6a85585b,26552dd9c109058ba93a75bb8ba5de1f6a85585b,e5f957a2b78b4a08cede2183cd59012f73beaffc38f0821d43bb458df08be222:5eb2ada6d8d007969c111064ae6c5de089e8bd61c0156cb49cc98484cea2b5d9,1b7b36deb5471cf6b31a6fc28427e9cd48e11add1eac397849cfdd2421a0ce19,development+reused_validation,"{""base"": ""equal"", ""borrow_bps"": 50.0, ""cap"": 1.0, ""control"": ""monthly"", ""covariance_days"": 126, ""diagnostic"": ""target_high"", ""family"": ""trailing"", ""har_train_min"": 504, ""lookback"": 63, ""overlay"": true, ""static_exposure"": null, ""target"": 0.09, ""threshold"": 0.05, ""trial_id"": ""E0"", ""universe"": [""SPY"", ""TLT"", ""GLD""]}",5.0 bp risky purchases+sales; borrow rf+50.0 bp,results/20261004T003009-2f16c796/E0-target_high-0863c8f61b.csv,completed,No OOS retuning; diagnostic not eligible for selection,False
E0-target_high_base-23eebfc72b,2026-10-04T00:31:04.153872+00:00,26552dd9c109058ba93a75bb8ba5de1f6a85585b,26552dd9c109058ba93a75bb8ba5de1f6a85585b,e5f957a2b78b4a08cede2183cd59012f73beaffc38f0821d43bb458df08be222:5eb2ada6d8d007969c111064ae6c5de089e8bd61c0156cb49cc98484cea2b5d9,febc37a74fd0c1558e1b7053c84740c19d966e70409dd58fd5f531e4f78e3d3e,development+reused_validation,"{""base"": ""equal"", ""borrow_bps"": 50.0, ""cap"": 1.0, ""control"": ""monthly"", ""covariance_days"": 126, ""diagnostic"": ""target_high_base"", ""family"": ""trailing"", ""har_train_min"": 504, ""lookback"": 63, ""overlay"": false, ""static_exposure"": null, ""target"": 0.09, ""threshold"": 0.05, ""trial_id"": ""E0"", ""universe"": [""SPY"", ""TLT"", ""GLD""]}",5.0 bp risky purchases+sales; borrow rf+50.0 bp,results/20261004T003009-2f16c796/E0-target_high_base-23eebfc72b.csv,started,Attempt retained even if process fails,False
E0-target_high_base-23eebfc72b,2026-10-04T00:31:04.153872+00:00,26552dd9c109058ba93a75bb8ba5de1f6a85585b,26552dd9c109058ba93a75bb8ba5de1f6a85585b,e5f957a2b78b4a08cede2183cd59012f73beaffc38f0821d43bb458df08be222:5eb2ada6d8d007969c111064ae6c5de089e8bd61c0156cb49cc98484cea2b5d9,febc37a74fd0c1558e1b7053c84740c19d966e70409dd58fd5f531e4f78e3d3e,development+reused_validation,"{""base"": ""equal"", ""borrow_bps"": 50.0, ""cap"": 1.0, ""control"": ""monthly"", ""covariance_days"": 126, ""diagnostic"": ""target_high_base"", ""family"": ""trailing"", ""har_train_min"": 504, ""lookback"": 63, ""overlay"": false, ""static_exposure"": null, ""target"": 0.09, ""threshold"": 0.05, ""trial_id"": ""E0"", ""universe"": [""SPY"", ""TLT"", ""GLD""]}",5.0 bp risky purchases+sales; borrow rf+50.0 bp,results/20261004T003009-2f16c796/E0-target_high_base-23eebfc72b.csv,completed,No OOS retuning; diagnostic not eligible for selection,False
E0-lookback_low-edee6cbbe2,2026-10-04T00:31:05.397008+00:00,26552dd9c109058ba93a75bb8ba5de1f6a85585b,26552dd9c109058ba93a75bb8ba5de1f6a85585b,e5f957a2b78b4a08cede2183cd59012f73beaffc38f0821d43bb458df08be222:5eb2ada6d8d007969c111064ae6c5de089e8bd61c0156cb49cc98484cea2b5d9,54ed7b0a54acd30faa72434162af58817acff3eba29482822a3d55445321f4a1,development+reused_validation,"{""base"": ""equal"", ""borrow_bps"": 50.0, ""cap"": 1.0, ""control"": ""monthly"", ""covariance_days"": 101, ""diagnostic"": ""lookback_low"", ""family"": ""trailing"", ""har_train_min"": 403, ""lookback"": 50, ""overlay"": true, ""static_exposure"": null, ""target"": 0.08, ""threshold"": 0.05, ""trial_id"": ""E0"", ""universe"": [""SPY"", ""TLT"", ""GLD""]}",5.0 bp risky purchases+sales; borrow rf+50.0 bp,results/20261004T003009-2f16c796/E0-lookback_low-edee6cbbe2.csv,started,Attempt retained even if process fails,False
E0-lookback_low-edee6cbbe2,2026-10-04T00:31:05.397008+00:00,26552dd9c109058ba93a75bb8ba5de1f6a85585b,26552dd9c109058ba93a75bb8ba5de1f6a85585b,e5f957a2b78b4a08cede2183cd59012f73beaffc38f0821d43bb458df08be222:5eb2ada6d8d007969c111064ae6c5de089e8bd61c0156cb49cc98484cea2b5d9,54ed7b0a54acd30faa72434162af58817acff3eba29482822a3d55445321f4a1,development+reused_validation,"{""base"": ""equal"", ""borrow_bps"": 50.0, ""cap"": 1.0, ""control"": ""monthly"", ""covariance_days"": 101, ""diagnostic"": ""lookback_low"", ""family"": ""trailing"", ""har_train_min"": 403, ""lookback"": 50, ""overlay"": true, ""static_exposure"": null, ""target"": 0.08, ""threshold"": 0.05, ""trial_id"": ""E0"", ""universe"": [""SPY"", ""TLT"", ""GLD""]}",5.0 bp risky purchases+sales; borrow rf+50.0 bp,results/20261004T003009-2f16c796/E0-lookback_low-edee6cbbe2.csv,completed,No OOS retuning; diagnostic not eligible for selection,False
E0-lookback_low_base-2ca4f69622,2026-10-04T00:31:06.725009+00:00,26552dd9c109058ba93a75bb8ba5de1f6a85585b,26552dd9c109058ba93a75bb8ba5de1f6a85585b,e5f957a2b78b4a08cede2183cd59012f73beaffc38f0821d43bb458df08be222:5eb2ada6d8d007969c111064ae6c5de089e8bd61c0156cb49cc98484cea2b5d9,a924d1f537cbc5602331aa116167c304eee2f200159ae38e05af31484d6f7c82,development+reused_validation,"{""base"": ""equal"", ""borrow_bps"": 50.0, ""cap"": 1.0, ""control"": ""monthly"", ""covariance_days"": 101, ""diagnostic"": ""lookback_low_base"", ""family"": ""trailing"", ""har_train_min"": 403, ""lookback"": 50, ""overlay"": false, ""static_exposure"": null, ""target"": 0.08, ""threshold"": 0.05, ""trial_id"": ""E0"", ""universe"": [""SPY"", ""TLT"", ""GLD""]}",5.0 bp risky purchases+sales; borrow rf+50.0 bp,results/20261004T003009-2f16c796/E0-lookback_low_base-2ca4f69622.csv,started,Attempt retained even if process fails,False
E0-lookback_low_base-2ca4f69622,2026-10-04T00:31:06.725009+00:00,26552dd9c109058ba93a75bb8ba5de1f6a85585b,26552dd9c109058ba93a75bb8ba5de1f6a85585b,e5f957a2b78b4a08cede2183cd59012f73beaffc38f0821d43bb458df08be222:5eb2ada6d8d007969c111064ae6c5de089e8bd61c0156cb49cc98484cea2b5d9,a924d1f537cbc5602331aa116167c304eee2f200159ae38e05af31484d6f7c82,development+reused_validation,"{""base"": ""equal"", ""borrow_bps"": 50.0, ""cap"": 1.0, ""control"": ""monthly"", ""covariance_days"": 101, ""diagnostic"": ""lookback_low_base"", ""family"": ""trailing"", ""har_train_min"": 403, ""lookback"": 50, ""overlay"": false, ""static_exposure"": null, ""target"": 0.08, ""threshold"": 0.05, ""trial_id"": ""E0"", ""universe"": [""SPY"", ""TLT"", ""GLD""]}",5.0 bp risky purchases+sales; borrow rf+50.0 bp,results/20261004T003009-2f16c796/E0-lookback_low_base-2ca4f69622.csv,completed,No OOS retuning; diagnostic not eligible for selection,False
E0-lookback_high-dcb1d661e1,2026-10-04T00:31:08.030461+00:00,26552dd9c109058ba93a75bb8ba5de1f6a85585b,26552dd9c109058ba93a75bb8ba5de1f6a85585b,e5f957a2b78b4a08cede2183cd59012f73beaffc38f0821d43bb458df08be222:5eb2ada6d8d007969c111064ae6c5de089e8bd61c0156cb49cc98484cea2b5d9,63ecda21bcd8b7a85b053fc7f499490560dd3255c1a4f984bf86230d8ded1d8f,development+reused_validation,"{""base"": ""equal"", ""borrow_bps"": 50.0, ""cap"": 1.0, ""control"": ""monthly"", ""covariance_days"": 151, ""diagnostic"": ""lookback_high"", ""family"": ""trailing"", ""har_train_min"": 605, ""lookback"": 76, ""overlay"": true, ""static_exposure"": null, ""target"": 0.08, ""threshold"": 0.05, ""trial_id"": ""E0"", ""universe"": [""SPY"", ""TLT"", ""GLD""]}",5.0 bp risky purchases+sales; borrow rf+50.0 bp,results/20261004T003009-2f16c796/E0-lookback_high-dcb1d661e1.csv,started,Attempt retained even if process fails,False
E0-lookback_high-dcb1d661e1,2026-10-04T00:31:08.030461+00:00,26552dd9c109058ba93a75bb8ba5de1f6a85585b,26552dd9c109058ba93a75bb8ba5de1f6a85585b,e5f957a2b78b4a08cede2183cd59012f73beaffc38f0821d43bb458df08be222:5eb2ada6d8d007969c111064ae6c5de089e8bd61c0156cb49cc98484cea2b5d9,63ecda21bcd8b7a85b053fc7f499490560dd3255c1a4f984bf86230d8ded1d8f,development+reused_validation,"{""base"": ""equal"", ""borrow_bps"": 50.0, ""cap"": 1.0, ""control"": ""monthly"", ""covariance_days"": 151, ""diagnostic"": ""lookback_high"", ""family"": ""trailing"", ""har_train_min"": 605, ""lookback"": 76, ""overlay"": true, ""static_exposure"": null, ""target"": 0.08, ""threshold"": 0.05, ""trial_id"": ""E0"", ""universe"": [""SPY"", ""TLT"", ""GLD""]}",5.0 bp risky purchases+sales; borrow rf+50.0 bp,results/20261004T003009-2f16c796/E0-lookback_high-dcb1d661e1.csv,completed,No OOS retuning; diagnostic not eligible for selection,False
E0-lookback_high_base-4fab54d90f,2026-10-04T00:31:09.317342+00:00,26552dd9c109058ba93a75bb8ba5de1f6a85585b,26552dd9c109058ba93a75bb8ba5de1f6a85585b,e5f957a2b78b4a08cede2183cd59012f73beaffc38f0821d43bb458df08be222:5eb2ada6d8d007969c111064ae6c5de089e8bd61c0156cb49cc98484cea2b5d9,e7d57e4ea503a70f8383d0fbfd664d7eadc2f56d6fa0525a0be9ee23ef17a940,development+reused_validation,"{""base"": ""equal"", ""borrow_bps"": 50.0, ""cap"": 1.0, ""control"": ""monthly"", ""covariance_days"": 151, ""diagnostic"": ""lookback_high_base"", ""family"": ""trailing"", ""har_train_min"": 605, ""lookback"": 76, ""overlay"": false, ""static_exposure"": null, ""target"": 0.08, ""threshold"": 0.05, ""trial_id"": ""E0"", ""universe"": [""SPY"", ""TLT"", ""GLD""]}",5.0 bp risky purchases+sales; borrow rf+50.0 bp,results/20261004T003009-2f16c796/E0-lookback_high_base-4fab54d90f.csv,started,Attempt retained even if process fails,False
E0-lookback_high_base-4fab54d90f,2026-10-04T00:31:09.317342+00:00,26552dd9c109058ba93a75bb8ba5de1f6a85585b,26552dd9c109058ba93a75bb8ba5de1f6a85585b,e5f957a2b78b4a08cede2183cd59012f73beaffc38f0821d43bb458df08be222:5eb2ada6d8d007969c111064ae6c5de089e8bd61c0156cb49cc98484cea2b5d9,e7d57e4ea503a70f8383d0fbfd664d7eadc2f56d6fa0525a0be9ee23ef17a940,development+reused_validation,"{""base"": ""equal"", ""borrow_bps"": 50.0, ""cap"": 1.0, ""control"": ""monthly"", ""covariance_days"": 151, ""diagnostic"": ""lookback_high_base"", ""family"": ""trailing"", ""har_train_min"": 605, ""lookback"": 76, ""overlay"": false, ""static_exposure"": null, ""target"": 0.08, ""threshold"": 0.05, ""trial_id"": ""E0"", ""universe"": [""SPY"", ""TLT"", ""GLD""]}",5.0 bp risky purchases+sales; borrow rf+50.0 bp,results/20261004T003009-2f16c796/E0-lookback_high_base-4fab54d90f.csv,completed,No OOS retuning; diagnostic not eligible for selection,False
E0-trigger_low-08803667cf,2026-10-04T00:31:10.567754+00:00,26552dd9c109058ba93a75bb8ba5de1f6a85585b,26552dd9c109058ba93a75bb8ba5de1f6a85585b,e5f957a2b78b4a08cede2183cd59012f73beaffc38f0821d43bb458df08be222:5eb2ada6d8d007969c111064ae6c5de089e8bd61c0156cb49cc98484cea2b5d9,77a41e4a8457e275ba370ec6e44f7953b6f3da252301fd3388a93ab08b0fe9a8,development+reused_validation,"{""base"": ""equal"", ""borrow_bps"": 50.0, ""cap"": 1.0, ""control"": ""monthly"", ""covariance_days"": 126, ""diagnostic"": ""trigger_low"", ""family"": ""trailing"", ""har_train_min"": 504, ""lookback"": 63, ""overlay"": true, ""static_exposure"": null, ""target"": 0.08, ""threshold"": 0.04, ""trial_id"": ""E0"", ""universe"": [""SPY"", ""TLT"", ""GLD""]}",5.0 bp risky purchases+sales; borrow rf+50.0 bp,results/20261004T003009-2f16c796/E0-trigger_low-08803667cf.csv,started,Attempt retained even if process fails,False
E0-trigger_low-08803667cf,2026-10-04T00:31:10.567754+00:00,26552dd9c109058ba93a75bb8ba5de1f6a85585b,26552dd9c109058ba93a75bb8ba5de1f6a85585b,e5f957a2b78b4a08cede2183cd59012f73beaffc38f0821d43bb458df08be222:5eb2ada6d8d007969c111064ae6c5de089e8bd61c0156cb49cc98484cea2b5d9,77a41e4a8457e275ba370ec6e44f7953b6f3da252301fd3388a93ab08b0fe9a8,development+reused_validation,"{""base"": ""equal"", ""borrow_bps"": 50.0, ""cap"": 1.0, ""control"": ""monthly"", ""covariance_days"": 126, ""diagnostic"": ""trigger_low"", ""family"": ""trailing"", ""har_train_min"": 504, ""lookback"": 63, ""overlay"": true, ""static_exposure"": null, ""target"": 0.08, ""threshold"": 0.04, ""trial_id"": ""E0"", ""universe"": [""SPY"", ""TLT"", ""GLD""]}",5.0 bp risky purchases+sales; borrow rf+50.0 bp,results/20261004T003009-2f16c796/E0-trigger_low-08803667cf.csv,completed,No OOS retuning; diagnostic not eligible for selection,False
E0-trigger_low_base-e40ba365a8,2026-10-04T00:31:11.810549+00:00,26552dd9c109058ba93a75bb8ba5de1f6a85585b,26552dd9c109058ba93a75bb8ba5de1f6a85585b,e5f957a2b78b4a08cede2183cd59012f73beaffc38f0821d43bb458df08be222:5eb2ada6d8d007969c111064ae6c5de089e8bd61c0156cb49cc98484cea2b5d9,7e46bc0d984c560a40138fd8a5170470f397d230057d970cc9676d1b91f0d233,development+reused_validation,"{""base"": ""equal"", ""borrow_bps"": 50.0, ""cap"": 1.0, ""control"": ""monthly"", ""covariance_days"": 126, ""diagnostic"": ""trigger_low_base"", ""family"": ""trailing"", ""har_train_min"": 504, ""lookback"": 63, ""overlay"": false, ""static_exposure"": null, ""target"": 0.08, ""threshold"": 0.04, ""trial_id"": ""E0"", ""universe"": [""SPY"", ""TLT"", ""GLD""]}",5.0 bp risky purchases+sales; borrow rf+50.0 bp,results/20261004T003009-2f16c796/E0-trigger_low_base-e40ba365a8.csv,started,Attempt retained even if process fails,False
E0-trigger_low_base-e40ba365a8,2026-10-04T00:31:11.810549+00:00,26552dd9c109058ba93a75bb8ba5de1f6a85585b,26552dd9c109058ba93a75bb8ba5de1f6a85585b,e5f957a2b78b4a08cede2183cd59012f73beaffc38f0821d43bb458df08be222:5eb2ada6d8d007969c111064ae6c5de089e8bd61c0156cb49cc98484cea2b5d9,7e46bc0d984c560a40138fd8a5170470f397d230057d970cc9676d1b91f0d233,development+reused_validation,"{""base"": ""equal"", ""borrow_bps"": 50.0, ""cap"": 1.0, ""control"": ""monthly"", ""covariance_days"": 126, ""diagnostic"": ""trigger_low_base"", ""family"": ""trailing"", ""har_train_min"": 504, ""lookback"": 63, ""overlay"": false, ""static_exposure"": null, ""target"": 0.08, ""threshold"": 0.04, ""trial_id"": ""E0"", ""universe"": [""SPY"", ""TLT"", ""GLD""]}",5.0 bp risky purchases+sales; borrow rf+50.0 bp,results/20261004T003009-2f16c796/E0-trigger_low_base-e40ba365a8.csv,completed,No OOS retuning; diagnostic not eligible for selection,False
E0-trigger_high-b40aaf5745,2026-10-04T00:31:13.068070+00:00,26552dd9c109058ba93a75bb8ba5de1f6a85585b,26552dd9c109058ba93a75bb8ba5de1f6a85585b,e5f957a2b78b4a08cede2183cd59012f73beaffc38f0821d43bb458df08be222:5eb2ada6d8d007969c111064ae6c5de089e8bd61c0156cb49cc98484cea2b5d9,10d784228c23f36cc4e03e244d80d1f561639b7bf70f1aa1810b89ac55d04573,development+reused_validation,"{""base"": ""equal"", ""borrow_bps"": 50.0, ""cap"": 1.0, ""control"": ""monthly"", ""covariance_days"": 126, ""diagnostic"": ""trigger_high"", ""family"": ""trailing"", ""har_train_min"": 504, ""lookback"": 63, ""overlay"": true, ""static_exposure"": null, ""target"": 0.08, ""threshold"": 0.06, ""trial_id"": ""E0"", ""universe"": [""SPY"", ""TLT"", ""GLD""]}",5.0 bp risky purchases+sales; borrow rf+50.0 bp,results/20261004T003009-2f16c796/E0-trigger_high-b40aaf5745.csv,started,Attempt retained even if process fails,False
E0-trigger_high-b40aaf5745,2026-10-04T00:31:13.068070+00:00,26552dd9c109058ba93a75bb8ba5de1f6a85585b,26552dd9c109058ba93a75bb8ba5de1f6a85585b,e5f957a2b78b4a08cede2183cd59012f73beaffc38f0821d43bb458df08be222:5eb2ada6d8d007969c111064ae6c5de089e8bd61c0156cb49cc98484cea2b5d9,10d784228c23f36cc4e03e244d80d1f561639b7bf70f1aa1810b89ac55d04573,development+reused_validation,"{""base"": ""equal"", ""borrow_bps"": 50.0, ""cap"": 1.0, ""control"": ""monthly"", ""covariance_days"": 126, ""diagnostic"": ""trigger_high"", ""family"": ""trailing"", ""har_train_min"": 504, ""lookback"": 63, ""overlay"": true, ""static_exposure"": null, ""target"": 0.08, ""threshold"": 0.06, ""trial_id"": ""E0"", ""universe"": [""SPY"", ""TLT"", ""GLD""]}",5.0 bp risky purchases+sales; borrow rf+50.0 bp,results/20261004T003009-2f16c796/E0-trigger_high-b40aaf5745.csv,completed,No OOS retuning; diagnostic not eligible for selection,False
E0-trigger_high_base-f2c8982b4e,2026-10-04T00:31:14.365442+00:00,26552dd9c109058ba93a75bb8ba5de1f6a85585b,26552dd9c109058ba93a75bb8ba5de1f6a85585b,e5f957a2b78b4a08cede2183cd59012f73beaffc38f0821d43bb458df08be222:5eb2ada6d8d007969c111064ae6c5de089e8bd61c0156cb49cc98484cea2b5d9,29c01fcdb4a690374870c95f0ab0467bf3d31981fc12092d6e48980365f80b5d,development+reused_validation,"{""base"": ""equal"", ""borrow_bps"": 50.0, ""cap"": 1.0, ""control"": ""monthly"", ""covariance_days"": 126, ""diagnostic"": ""trigger_high_base"", ""family"": ""trailing"", ""har_train_min"": 504, ""lookback"": 63, ""overlay"": false, ""static_exposure"": null, ""target"": 0.08, ""threshold"": 0.06, ""trial_id"": ""E0"", ""universe"": [""SPY"", ""TLT"", ""GLD""]}",5.0 bp risky purchases+sales; borrow rf+50.0 bp,results/20261004T003009-2f16c796/E0-trigger_high_base-f2c8982b4e.csv,started,Attempt retained even if process fails,False
E0-trigger_high_base-f2c8982b4e,2026-10-04T00:31:14.365442+00:00,26552dd9c109058ba93a75bb8ba5de1f6a85585b,26552dd9c109058ba93a75bb8ba5de1f6a85585b,e5f957a2b78b4a08cede2183cd59012f73beaffc38f0821d43bb458df08be222:5eb2ada6d8d007969c111064ae6c5de089e8bd61c0156cb49cc98484cea2b5d9,29c01fcdb4a690374870c95f0ab0467bf3d31981fc12092d6e48980365f80b5d,development+reused_validation,"{""base"": ""equal"", ""borrow_bps"": 50.0, ""cap"": 1.0, ""control"": ""monthly"", ""covariance_days"": 126, ""diagnostic"": ""trigger_high_base"", ""family"": ""trailing"", ""har_train_min"": 504, ""lookback"": 63, ""overlay"": false, ""static_exposure"": null, ""target"": 0.08, ""threshold"": 0.06, ""trial_id"": ""E0"", ""universe"": [""SPY"", ""TLT"", ""GLD""]}",5.0 bp risky purchases+sales; borrow rf+50.0 bp,results/20261004T003009-2f16c796/E0-trigger_high_base-f2c8982b4e.csv,completed,No OOS retuning; diagnostic not eligible for selection,False
E1-9-double_cost-947770b65f,2026-10-04T00:31:15.703270+00:00,26552dd9c109058ba93a75bb8ba5de1f6a85585b,26552dd9c109058ba93a75bb8ba5de1f6a85585b,e5f957a2b78b4a08cede2183cd59012f73beaffc38f0821d43bb458df08be222:5eb2ada6d8d007969c111064ae6c5de089e8bd61c0156cb49cc98484cea2b5d9,d0c1538ee0918c04ee545326cf232713bbb64fafa6fc3800b7ddd3069221fd15,development+reused_validation,"{""base"": ""equal"", ""borrow_bps"": 50.0, ""cap"": 1.0, ""control"": ""event"", ""covariance_days"": 126, ""diagnostic"": ""double_cost"", ""family"": ""ensemble"", ""har_train_min"": 504, ""lookback"": 63, ""overlay"": true, ""static_exposure"": null, ""target"": 0.09, ""threshold"": 0.05, ""trial_id"": ""E1-9"", ""universe"": [""SPY"", ""TLT"", ""GLD""]}",10 bp risky purchases+sales; borrow rf+50.0 bp,results/20261004T003009-2f16c796/E1-9-double_cost-947770b65f.csv,started,Attempt retained even if process fails,False
E1-9-double_cost-947770b65f,2026-10-04T00:31:15.703270+00:00,26552dd9c109058ba93a75bb8ba5de1f6a85585b,26552dd9c109058ba93a75bb8ba5de1f6a85585b,e5f957a2b78b4a08cede2183cd59012f73beaffc38f0821d43bb458df08be222:5eb2ada6d8d007969c111064ae6c5de089e8bd61c0156cb49cc98484cea2b5d9,d0c1538ee0918c04ee545326cf232713bbb64fafa6fc3800b7ddd3069221fd15,development+reused_validation,"{""base"": ""equal"", ""borrow_bps"": 50.0, ""cap"": 1.0, ""control"": ""event"", ""covariance_days"": 126, ""diagnostic"": ""double_cost"", ""family"": ""ensemble"", ""har_train_min"": 504, ""lookback"": 63, ""overlay"": true, ""static_exposure"": null, ""target"": 0.09, ""threshold"": 0.05, ""trial_id"": ""E1-9"", ""universe"": [""SPY"", ""TLT"", ""GLD""]}",10 bp risky purchases+sales; borrow rf+50.0 bp,results/20261004T003009-2f16c796/E1-9-double_cost-947770b65f.csv,completed,No OOS retuning; diagnostic not eligible for selection,False
E1-9-double_cost_base-9aae4eb194,2026-10-04T00:31:17.220012+00:00,26552dd9c109058ba93a75bb8ba5de1f6a85585b,26552dd9c109058ba93a75bb8ba5de1f6a85585b,e5f957a2b78b4a08cede2183cd59012f73beaffc38f0821d43bb458df08be222:5eb2ada6d8d007969c111064ae6c5de089e8bd61c0156cb49cc98484cea2b5d9,f12d8ac8bfb676dd21dfe3e30f22c531037411a538961b75ce503bf5ab0fd0c7,development+reused_validation,"{""base"": ""equal"", ""borrow_bps"": 50.0, ""cap"": 1.0, ""control"": ""event"", ""covariance_days"": 126, ""diagnostic"": ""double_cost_base"", ""family"": ""ensemble"", ""har_train_min"": 504, ""lookback"": 63, ""overlay"": false, ""static_exposure"": null, ""target"": 0.09, ""threshold"": 0.05, ""trial_id"": ""E1-9"", ""universe"": [""SPY"", ""TLT"", ""GLD""]}",10 bp risky purchases+sales; borrow rf+50.0 bp,results/20261004T003009-2f16c796/E1-9-double_cost_base-9aae4eb194.csv,started,Attempt retained even if process fails,False
E1-9-double_cost_base-9aae4eb194,2026-10-04T00:31:17.220012+00:00,26552dd9c109058ba93a75bb8ba5de1f6a85585b,26552dd9c109058ba93a75bb8ba5de1f6a85585b,e5f957a2b78b4a08cede2183cd59012f73beaffc38f0821d43bb458df08be222:5eb2ada6d8d007969c111064ae6c5de089e8bd61c0156cb49cc98484cea2b5d9,f12d8ac8bfb676dd21dfe3e30f22c531037411a538961b75ce503bf5ab0fd0c7,development+reused_validation,"{""base"": ""equal"", ""borrow_bps"": 50.0, ""cap"": 1.0, ""control"": ""event"", ""covariance_days"": 126, ""diagnostic"": ""double_cost_base"", ""family"": ""ensemble"", ""har_train_min"": 504, ""lookback"": 63, ""overlay"": false, ""static_exposure"": null, ""target"": 0.09, ""threshold"": 0.05, ""trial_id"": ""E1-9"", ""universe"": [""SPY"", ""TLT"", ""GLD""]}",10 bp risky purchases+sales; borrow rf+50.0 bp,results/20261004T003009-2f16c796/E1-9-double_cost_base-9aae4eb194.csv,completed,No OOS retuning; diagnostic not eligible for selection,False
E1-9-target_low-64c8ab8711,2026-10-04T00:31:18.895592+00:00,26552dd9c109058ba93a75bb8ba5de1f6a85585b,26552dd9c109058ba93a75bb8ba5de1f6a85585b,e5f957a2b78b4a08cede2183cd59012f73beaffc38f0821d43bb458df08be222:5eb2ada6d8d007969c111064ae6c5de089e8bd61c0156cb49cc98484cea2b5d9,91ff3674eb41444b052d58a859a58356f58a7e048b84d3cb047a60335b23bc53,development+reused_validation,"{""base"": ""equal"", ""borrow_bps"": 50.0, ""cap"": 1.0, ""control"": ""event"", ""covariance_days"": 126, ""diagnostic"": ""target_low"", ""family"": ""ensemble"", ""har_train_min"": 504, ""lookback"": 63, ""overlay"": true, ""static_exposure"": null, ""target"": 0.08, ""threshold"": 0.05, ""trial_id"": ""E1-9"", ""universe"": [""SPY"", ""TLT"", ""GLD""]}",5.0 bp risky purchases+sales; borrow rf+50.0 bp,results/20261004T003009-2f16c796/E1-9-target_low-64c8ab8711.csv,started,Attempt retained even if process fails,False
E1-9-target_low-64c8ab8711,2026-10-04T00:31:18.895592+00:00,26552dd9c109058ba93a75bb8ba5de1f6a85585b,26552dd9c109058ba93a75bb8ba5de1f6a85585b,e5f957a2b78b4a08cede2183cd59012f73beaffc38f0821d43bb458df08be222:5eb2ada6d8d007969c111064ae6c5de089e8bd61c0156cb49cc98484cea2b5d9,91ff3674eb41444b052d58a859a58356f58a7e048b84d3cb047a60335b23bc53,development+reused_validation,"{""base"": ""equal"", ""borrow_bps"": 50.0, ""cap"": 1.0, ""control"": ""event"", ""covariance_days"": 126, ""diagnostic"": ""target_low"", ""family"": ""ensemble"", ""har_train_min"": 504, ""lookback"": 63, ""overlay"": true, ""static_exposure"": null, ""target"": 0.08, ""threshold"": 0.05, ""trial_id"": ""E1-9"", ""universe"": [""SPY"", ""TLT"", ""GLD""]}",5.0 bp risky purchases+sales; borrow rf+50.0 bp,results/20261004T003009-2f16c796/E1-9-target_low-64c8ab8711.csv,completed,No OOS retuning; diagnostic not eligible for selection,False
E1-9-target_low_base-c8ae64b25a,2026-10-04T00:31:20.501942+00:00,26552dd9c109058ba93a75bb8ba5de1f6a85585b,26552dd9c109058ba93a75bb8ba5de1f6a85585b,e5f957a2b78b4a08cede2183cd59012f73beaffc38f0821d43bb458df08be222:5eb2ada6d8d007969c111064ae6c5de089e8bd61c0156cb49cc98484cea2b5d9,9b094116da426020a83e2f5c1b81fedc398794e8931c0d1af76a7101ecf6392a,development+reused_validation,"{""base"": ""equal"", ""borrow_bps"": 50.0, ""cap"": 1.0, ""control"": ""event"", ""covariance_days"": 126, ""diagnostic"": ""target_low_base"", ""family"": ""ensemble"", ""har_train_min"": 504, ""lookback"": 63, ""overlay"": false, ""static_exposure"": null, ""target"": 0.08, ""threshold"": 0.05, ""trial_id"": ""E1-9"", ""universe"": [""SPY"", ""TLT"", ""GLD""]}",5.0 bp risky purchases+sales; borrow rf+50.0 bp,results/20261004T003009-2f16c796/E1-9-target_low_base-c8ae64b25a.csv,started,Attempt retained even if process fails,False
E1-9-target_low_base-c8ae64b25a,2026-10-04T00:31:20.501942+00:00,26552dd9c109058ba93a75bb8ba5de1f6a85585b,26552dd9c109058ba93a75bb8ba5de1f6a85585b,e5f957a2b78b4a08cede2183cd59012f73beaffc38f0821d43bb458df08be222:5eb2ada6d8d007969c111064ae6c5de089e8bd61c0156cb49cc98484cea2b5d9,9b094116da426020a83e2f5c1b81fedc398794e8931c0d1af76a7101ecf6392a,development+reused_validation,"{""base"": ""equal"", ""borrow_bps"": 50.0, ""cap"": 1.0, ""control"": ""event"", ""covariance_days"": 126, ""diagnostic"": ""target_low_base"", ""family"": ""ensemble"", ""har_train_min"": 504, ""lookback"": 63, ""overlay"": false, ""static_exposure"": null, ""target"": 0.08, ""threshold"": 0.05, ""trial_id"": ""E1-9"", ""universe"": [""SPY"", ""TLT"", ""GLD""]}",5.0 bp risky purchases+sales; borrow rf+50.0 bp,results/20261004T003009-2f16c796/E1-9-target_low_base-c8ae64b25a.csv,completed,No OOS retuning; diagnostic not eligible for selection,False
E1-9-target_high-0db1e9f31c,2026-10-04T00:31:21.991679+00:00,26552dd9c109058ba93a75bb8ba5de1f6a85585b,26552dd9c109058ba93a75bb8ba5de1f6a85585b,e5f957a2b78b4a08cede2183cd59012f73beaffc38f0821d43bb458df08be222:5eb2ada6d8d007969c111064ae6c5de089e8bd61c0156cb49cc98484cea2b5d9,28ff862eba4faddb9ff8caa249db97f2ff957c4d3d5e89c4a91b47355964cee1,development+reused_validation,"{""base"": ""equal"", ""borrow_bps"": 50.0, ""cap"": 1.0, ""control"": ""event"", ""covariance_days"": 126, ""diagnostic"": ""target_high"", ""family"": ""ensemble"", ""har_train_min"": 504, ""lookback"": 63, ""overlay"": true, ""static_exposure"": null, ""target"": 0.09999999999999999, ""threshold"": 0.05, ""trial_id"": ""E1-9"", ""universe"": [""SPY"", ""TLT"", ""GLD""]}",5.0 bp risky purchases+sales; borrow rf+50.0 bp,results/20261004T003009-2f16c796/E1-9-target_high-0db1e9f31c.csv,started,Attempt retained even if process fails,False
E1-9-target_high-0db1e9f31c,2026-10-04T00:31:21.991679+00:00,26552dd9c109058ba93a75bb8ba5de1f6a85585b,26552dd9c109058ba93a75bb8ba5de1f6a85585b,e5f957a2b78b4a08cede2183cd59012f73beaffc38f0821d43bb458df08be222:5eb2ada6d8d007969c111064ae6c5de089e8bd61c0156cb49cc98484cea2b5d9,28ff862eba4faddb9ff8caa249db97f2ff957c4d3d5e89c4a91b47355964cee1,development+reused_validation,"{""base"": ""equal"", ""borrow_bps"": 50.0, ""cap"": 1.0, ""control"": ""event"", ""covariance_days"": 126, ""diagnostic"": ""target_high"", ""family"": ""ensemble"", ""har_train_min"": 504, ""lookback"": 63, ""overlay"": true, ""static_exposure"": null, ""target"": 0.09999999999999999, ""threshold"": 0.05, ""trial_id"": ""E1-9"", ""universe"": [""SPY"", ""TLT"", ""GLD""]}",5.0 bp risky purchases+sales; borrow rf+50.0 bp,results/20261004T003009-2f16c796/E1-9-target_high-0db1e9f31c.csv,completed,No OOS retuning; diagnostic not eligible for selection,False
E1-9-target_high_base-c1f67b5524,2026-10-04T00:31:23.490938+00:00,26552dd9c109058ba93a75bb8ba5de1f6a85585b,26552dd9c109058ba93a75bb8ba5de1f6a85585b,e5f957a2b78b4a08cede2183cd59012f73beaffc38f0821d43bb458df08be222:5eb2ada6d8d007969c111064ae6c5de089e8bd61c0156cb49cc98484cea2b5d9,b801b84d34039c0054a3065402b462c91bd31bdd6807559480f358666b932d63,development+reused_validation,"{""base"": ""equal"", ""borrow_bps"": 50.0, ""cap"": 1.0, ""control"": ""event"", ""covariance_days"": 126, ""diagnostic"": ""target_high_base"", ""family"": ""ensemble"", ""har_train_min"": 504, ""lookback"": 63, ""overlay"": false, ""static_exposure"": null, ""target"": 0.09999999999999999, ""threshold"": 0.05, ""trial_id"": ""E1-9"", ""universe"": [""SPY"", ""TLT"", ""GLD""]}",5.0 bp risky purchases+sales; borrow rf+50.0 bp,results/20261004T003009-2f16c796/E1-9-target_high_base-c1f67b5524.csv,started,Attempt retained even if process fails,False
E1-9-target_high_base-c1f67b5524,2026-10-04T00:31:23.490938+00:00,26552dd9c109058ba93a75bb8ba5de1f6a85585b,26552dd9c109058ba93a75bb8ba5de1f6a85585b,e5f957a2b78b4a08cede2183cd59012f73beaffc38f0821d43bb458df08be222:5eb2ada6d8d007969c111064ae6c5de089e8bd61c0156cb49cc98484cea2b5d9,b801b84d34039c0054a3065402b462c91bd31bdd6807559480f358666b932d63,development+reused_validation,"{""base"": ""equal"", ""borrow_bps"": 50.0, ""cap"": 1.0, ""control"": ""event"", ""covariance_days"": 126, ""diagnostic"": ""target_high_base"", ""family"": ""ensemble"", ""har_train_min"": 504, ""lookback"": 63, ""overlay"": false, ""static_exposure"": null, ""target"": 0.09999999999999999, ""threshold"": 0.05, ""trial_id"": ""E1-9"", ""universe"": [""SPY"", ""TLT"", ""GLD""]}",5.0 bp risky purchases+sales; borrow rf+50.0 bp,results/20261004T003009-2f16c796/E1-9-target_high_base-c1f67b5524.csv,completed,No OOS retuning; diagnostic not eligible for selection,False
E1-9-lookback_low-94f2981921,2026-10-04T00:31:24.991877+00:00,26552dd9c109058ba93a75bb8ba5de1f6a85585b,26552dd9c109058ba93a75bb8ba5de1f6a85585b,e5f957a2b78b4a08cede2183cd59012f73beaffc38f0821d43bb458df08be222:5eb2ada6d8d007969c111064ae6c5de089e8bd61c0156cb49cc98484cea2b5d9,e814da1fff7f9490c44c92e85f754bc06946b3d5e2f61c02c385637009a8a699,development+reused_validation,"{""base"": ""equal"", ""borrow_bps"": 50.0, ""cap"": 1.0, ""control"": ""event"", ""covariance_days"": 101, ""diagnostic"": ""lookback_low"", ""family"": ""ensemble"", ""har_train_min"": 403, ""lookback"": 50, ""overlay"": true, ""static_exposure"": null, ""target"": 0.09, ""threshold"": 0.05, ""trial_id"": ""E1-9"", ""universe"": [""SPY"", ""TLT"", ""GLD""]}",5.0 bp risky purchases+sales; borrow rf+50.0 bp,results/20261004T003009-2f16c796/E1-9-lookback_low-94f2981921.csv,started,Attempt retained even if process fails,False
E1-9-lookback_low-94f2981921,2026-10-04T00:31:24.991877+00:00,26552dd9c109058ba93a75bb8ba5de1f6a85585b,26552dd9c109058ba93a75bb8ba5de1f6a85585b,e5f957a2b78b4a08cede2183cd59012f73beaffc38f0821d43bb458df08be222:5eb2ada6d8d007969c111064ae6c5de089e8bd61c0156cb49cc98484cea2b5d9,e814da1fff7f9490c44c92e85f754bc06946b3d5e2f61c02c385637009a8a699,development+reused_validation,"{""base"": ""equal"", ""borrow_bps"": 50.0, ""cap"": 1.0, ""control"": ""event"", ""covariance_days"": 101, ""diagnostic"": ""lookback_low"", ""family"": ""ensemble"", ""har_train_min"": 403, ""lookback"": 50, ""overlay"": true, ""static_exposure"": null, ""target"": 0.09, ""threshold"": 0.05, ""trial_id"": ""E1-9"", ""universe"": [""SPY"", ""TLT"", ""GLD""]}",5.0 bp risky purchases+sales; borrow rf+50.0 bp,results/20261004T003009-2f16c796/E1-9-lookback_low-94f2981921.csv,completed,No OOS retuning; diagnostic not eligible for selection,False
E1-9-lookback_low_base-9701be4190,2026-10-04T00:31:26.492786+00:00,26552dd9c109058ba93a75bb8ba5de1f6a85585b,26552dd9c109058ba93a75bb8ba5de1f6a85585b,e5f957a2b78b4a08cede2183cd59012f73beaffc38f0821d43bb458df08be222:5eb2ada6d8d007969c111064ae6c5de089e8bd61c0156cb49cc98484cea2b5d9,cb93dfd0723ed350565901e65df5f9f502f26539989d6c38f04508586053adc3,development+reused_validation,"{""base"": ""equal"", ""borrow_bps"": 50.0, ""cap"": 1.0, ""control"": ""event"", ""covariance_days"": 101, ""diagnostic"": ""lookback_low_base"", ""family"": ""ensemble"", ""har_train_min"": 403, ""lookback"": 50, ""overlay"": false, ""static_exposure"": null, ""target"": 0.09, ""threshold"": 0.05, ""trial_id"": ""E1-9"", ""universe"": [""SPY"", ""TLT"", ""GLD""]}",5.0 bp risky purchases+sales; borrow rf+50.0 bp,results/20261004T003009-2f16c796/E1-9-lookback_low_base-9701be4190.csv,started,Attempt retained even if process fails,False
E1-9-lookback_low_base-9701be4190,2026-10-04T00:31:26.492786+00:00,26552dd9c109058ba93a75bb8ba5de1f6a85585b,26552dd9c109058ba93a75bb8ba5de1f6a85585b,e5f957a2b78b4a08cede2183cd59012f73beaffc38f0821d43bb458df08be222:5eb2ada6d8d007969c111064ae6c5de089e8bd61c0156cb49cc98484cea2b5d9,cb93dfd0723ed350565901e65df5f9f502f26539989d6c38f04508586053adc3,development+reused_validation,"{""base"": ""equal"", ""borrow_bps"": 50.0, ""cap"": 1.0, ""control"": ""event"", ""covariance_days"": 101, ""diagnostic"": ""lookback_low_base"", ""family"": ""ensemble"", ""har_train_min"": 403, ""lookback"": 50, ""overlay"": false, ""static_exposure"": null, ""target"": 0.09, ""threshold"": 0.05, ""trial_id"": ""E1-9"", ""universe"": [""SPY"", ""TLT"", ""GLD""]}",5.0 bp risky purchases+sales; borrow rf+50.0 bp,results/20261004T003009-2f16c796/E1-9-lookback_low_base-9701be4190.csv,completed,No OOS retuning; diagnostic not eligible for selection,False
E1-9-lookback_high-dc19500140,2026-10-04T00:31:28.062716+00:00,26552dd9c109058ba93a75bb8ba5de1f6a85585b,26552dd9c109058ba93a75bb8ba5de1f6a85585b,e5f957a2b78b4a08cede2183cd59012f73beaffc38f0821d43bb458df08be222:5eb2ada6d8d007969c111064ae6c5de089e8bd61c0156cb49cc98484cea2b5d9,e7059ce2322770a9b4d131b6a485549daa0cee4768fe0641ea3c8e09a71e3be2,development+reused_validation,"{""base"": ""equal"", ""borrow_bps"": 50.0, ""cap"": 1.0, ""control"": ""event"", ""covariance_days"": 151, ""diagnostic"": ""lookback_high"", ""family"": ""ensemble"", ""har_train_min"": 605, ""lookback"": 76, ""overlay"": true, ""static_exposure"": null, ""target"": 0.09, ""threshold"": 0.05, ""trial_id"": ""E1-9"", ""universe"": [""SPY"", ""TLT"", ""GLD""]}",5.0 bp risky purchases+sales; borrow rf+50.0 bp,results/20261004T003009-2f16c796/E1-9-lookback_high-dc19500140.csv,started,Attempt retained even if process fails,False
E1-9-lookback_high-dc19500140,2026-10-04T00:31:28.062716+00:00,26552dd9c109058ba93a75bb8ba5de1f6a85585b,26552dd9c109058ba93a75bb8ba5de1f6a85585b,e5f957a2b78b4a08cede2183cd59012f73beaffc38f0821d43bb458df08be222:5eb2ada6d8d007969c111064ae6c5de089e8bd61c0156cb49cc98484cea2b5d9,e7059ce2322770a9b4d131b6a485549daa0cee4768fe0641ea3c8e09a71e3be2,development+reused_validation,"{""base"": ""equal"", ""borrow_bps"": 50.0, ""cap"": 1.0, ""control"": ""event"", ""covariance_days"": 151, ""diagnostic"": ""lookback_high"", ""family"": ""ensemble"", ""har_train_min"": 605, ""lookback"": 76, ""overlay"": true, ""static_exposure"": null, ""target"": 0.09, ""threshold"": 0.05, ""trial_id"": ""E1-9"", ""universe"": [""SPY"", ""TLT"", ""GLD""]}",5.0 bp risky purchases+sales; borrow rf+50.0 bp,results/20261004T003009-2f16c796/E1-9-lookback_high-dc19500140.csv,completed,No OOS retuning; diagnostic not eligible for selection,False
E1-9-lookback_high_base-de00c0079f,2026-10-04T00:31:29.689369+00:00,26552dd9c109058ba93a75bb8ba5de1f6a85585b,26552dd9c109058ba93a75bb8ba5de1f6a85585b,e5f957a2b78b4a08cede2183cd59012f73beaffc38f0821d43bb458df08be222:5eb2ada6d8d007969c111064ae6c5de089e8bd61c0156cb49cc98484cea2b5d9,c6ed5baa5b0bb427ad984b561ab780b744d5d7bf2de68b9b3f05f1dbeae4c3b2,development+reused_validation,"{""base"": ""equal"", ""borrow_bps"": 50.0, ""cap"": 1.0, ""control"": ""event"", ""covariance_days"": 151, ""diagnostic"": ""lookback_high_base"", ""family"": ""ensemble"", ""har_train_min"": 605, ""lookback"": 76, ""overlay"": false, ""static_exposure"": null, ""target"": 0.09, ""threshold"": 0.05, ""trial_id"": ""E1-9"", ""universe"": [""SPY"", ""TLT"", ""GLD""]}",5.0 bp risky purchases+sales; borrow rf+50.0 bp,results/20261004T003009-2f16c796/E1-9-lookback_high_base-de00c0079f.csv,started,Attempt retained even if process fails,False
E1-9-lookback_high_base-de00c0079f,2026-10-04T00:31:29.689369+00:00,26552dd9c109058ba93a75bb8ba5de1f6a85585b,26552dd9c109058ba93a75bb8ba5de1f6a85585b,e5f957a2b78b4a08cede2183cd59012f73beaffc38f0821d43bb458df08be222:5eb2ada6d8d007969c111064ae6c5de089e8bd61c0156cb49cc98484cea2b5d9,c6ed5baa5b0bb427ad984b561ab780b744d5d7bf2de68b9b3f05f1dbeae4c3b2,development+reused_validation,"{""base"": ""equal"", ""borrow_bps"": 50.0, ""cap"": 1.0, ""control"": ""event"", ""covariance_days"": 151, ""diagnostic"": ""lookback_high_base"", ""family"": ""ensemble"", ""har_train_min"": 605, ""lookback"": 76, ""overlay"": false, ""static_exposure"": null, ""target"": 0.09, ""threshold"": 0.05, ""trial_id"": ""E1-9"", ""universe"": [""SPY"", ""TLT"", ""GLD""]}",5.0 bp risky purchases+sales; borrow rf+50.0 bp,results/20261004T003009-2f16c796/E1-9-lookback_high_base-de00c0079f.csv,completed,No OOS retuning; diagnostic not eligible for selection,False
E1-9-trigger_low-ef88da99c8,2026-10-04T00:31:31.193156+00:00,26552dd9c109058ba93a75bb8ba5de1f6a85585b,26552dd9c109058ba93a75bb8ba5de1f6a85585b,e5f957a2b78b4a08cede2183cd59012f73beaffc38f0821d43bb458df08be222:5eb2ada6d8d007969c111064ae6c5de089e8bd61c0156cb49cc98484cea2b5d9,2a414968281e6365706e6808d9d744b8c2aa90afc4e379ebf4b605b2af53a5ba,development+reused_validation,"{""base"": ""equal"", ""borrow_bps"": 50.0, ""cap"": 1.0, ""control"": ""event"", ""covariance_days"": 126, ""diagnostic"": ""trigger_low"", ""family"": ""ensemble"", ""har_train_min"": 504, ""lookback"": 63, ""overlay"": true, ""static_exposure"": null, ""target"": 0.09, ""threshold"": 0.04, ""trial_id"": ""E1-9"", ""universe"": [""SPY"", ""TLT"", ""GLD""]}",5.0 bp risky purchases+sales; borrow rf+50.0 bp,results/20261004T003009-2f16c796/E1-9-trigger_low-ef88da99c8.csv,started,Attempt retained even if process fails,False
E1-9-trigger_low-ef88da99c8,2026-10-04T00:31:31.193156+00:00,26552dd9c109058ba93a75bb8ba5de1f6a85585b,26552dd9c109058ba93a75bb8ba5de1f6a85585b,e5f957a2b78b4a08cede2183cd59012f73beaffc38f0821d43bb458df08be222:5eb2ada6d8d007969c111064ae6c5de089e8bd61c0156cb49cc98484cea2b5d9,2a414968281e6365706e6808d9d744b8c2aa90afc4e379ebf4b605b2af53a5ba,development+reused_validation,"{""base"": ""equal"", ""borrow_bps"": 50.0, ""cap"": 1.0, ""control"": ""event"", ""covariance_days"": 126, ""diagnostic"": ""trigger_low"", ""family"": ""ensemble"", ""har_train_min"": 504, ""lookback"": 63, ""overlay"": true, ""static_exposure"": null, ""target"": 0.09, ""threshold"": 0.04, ""trial_id"": ""E1-9"", ""universe"": [""SPY"", ""TLT"", ""GLD""]}",5.0 bp risky purchases+sales; borrow rf+50.0 bp,results/20261004T003009-2f16c796/E1-9-trigger_low-ef88da99c8.csv,completed,No OOS retuning; diagnostic not eligible for selection,False
E1-9-trigger_low_base-913d52321f,2026-10-04T00:31:32.706943+00:00,26552dd9c109058ba93a75bb8ba5de1f6a85585b,26552dd9c109058ba93a75bb8ba5de1f6a85585b,e5f957a2b78b4a08cede2183cd59012f73beaffc38f0821d43bb458df08be222:5eb2ada6d8d007969c111064ae6c5de089e8bd61c0156cb49cc98484cea2b5d9,a7104776d2dc6e1d22d99e1d7892c70e95d2d257496107960956251f9c9a9ce3,development+reused_validation,"{""base"": ""equal"", ""borrow_bps"": 50.0, ""cap"": 1.0, ""control"": ""event"", ""covariance_days"": 126, ""diagnostic"": ""trigger_low_base"", ""family"": ""ensemble"", ""har_train_min"": 504, ""lookback"": 63, ""overlay"": false, ""static_exposure"": null, ""target"": 0.09, ""threshold"": 0.04, ""trial_id"": ""E1-9"", ""universe"": [""SPY"", ""TLT"", ""GLD""]}",5.0 bp risky purchases+sales; borrow rf+50.0 bp,results/20261004T003009-2f16c796/E1-9-trigger_low_base-913d52321f.csv,started,Attempt retained even if process fails,False
E1-9-trigger_low_base-913d52321f,2026-10-04T00:31:32.706943+00:00,26552dd9c109058ba93a75bb8ba5de1f6a85585b,26552dd9c109058ba93a75bb8ba5de1f6a85585b,e5f957a2b78b4a08cede2183cd59012f73beaffc38f0821d43bb458df08be222:5eb2ada6d8d007969c111064ae6c5de089e8bd61c0156cb49cc98484cea2b5d9,a7104776d2dc6e1d22d99e1d7892c70e95d2d257496107960956251f9c9a9ce3,development+reused_validation,"{""base"": ""equal"", ""borrow_bps"": 50.0, ""cap"": 1.0, ""control"": ""event"", ""covariance_days"": 126, ""diagnostic"": ""trigger_low_base"", ""family"": ""ensemble"", ""har_train_min"": 504, ""lookback"": 63, ""overlay"": false, ""static_exposure"": null, ""target"": 0.09, ""threshold"": 0.04, ""trial_id"": ""E1-9"", ""universe"": [""SPY"", ""TLT"", ""GLD""]}",5.0 bp risky purchases+sales; borrow rf+50.0 bp,results/20261004T003009-2f16c796/E1-9-trigger_low_base-913d52321f.csv,completed,No OOS retuning; diagnostic not eligible for selection,False
E1-9-trigger_high-c9ed86e340,2026-10-04T00:31:34.219739+00:00,26552dd9c109058ba93a75bb8ba5de1f6a85585b,26552dd9c109058ba93a75bb8ba5de1f6a85585b,e5f957a2b78b4a08cede2183cd59012f73beaffc38f0821d43bb458df08be222:5eb2ada6d8d007969c111064ae6c5de089e8bd61c0156cb49cc98484cea2b5d9,78b4b361ca2d02379e0837282a80320b2f7560d0e22d5c31efb4b0da150c29eb,development+reused_validation,"{""base"": ""equal"", ""borrow_bps"": 50.0, ""cap"": 1.0, ""control"": ""event"", ""covariance_days"": 126, ""diagnostic"": ""trigger_high"", ""family"": ""ensemble"", ""har_train_min"": 504, ""lookback"": 63, ""overlay"": true, ""static_exposure"": null, ""target"": 0.09, ""threshold"": 0.06, ""trial_id"": ""E1-9"", ""universe"": [""SPY"", ""TLT"", ""GLD""]}",5.0 bp risky purchases+sales; borrow rf+50.0 bp,results/20261004T003009-2f16c796/E1-9-trigger_high-c9ed86e340.csv,started,Attempt retained even if process fails,False
E1-9-trigger_high-c9ed86e340,2026-10-04T00:31:34.219739+00:00,26552dd9c109058ba93a75bb8ba5de1f6a85585b,26552dd9c109058ba93a75bb8ba5de1f6a85585b,e5f957a2b78b4a08cede2183cd59012f73beaffc38f0821d43bb458df08be222:5eb2ada6d8d007969c111064ae6c5de089e8bd61c0156cb49cc98484cea2b5d9,78b4b361ca2d02379e0837282a80320b2f7560d0e22d5c31efb4b0da150c29eb,development+reused_validation,"{""base"": ""equal"", ""borrow_bps"": 50.0, ""cap"": 1.0, ""control"": ""event"", ""covariance_days"": 126, ""diagnostic"": ""trigger_high"", ""family"": ""ensemble"", ""har_train_min"": 504, ""lookback"": 63, ""overlay"": true, ""static_exposure"": null, ""target"": 0.09, ""threshold"": 0.06, ""trial_id"": ""E1-9"", ""universe"": [""SPY"", ""TLT"", ""GLD""]}",5.0 bp risky purchases+sales; borrow rf+50.0 bp,results/20261004T003009-2f16c796/E1-9-trigger_high-c9ed86e340.csv,completed,No OOS retuning; diagnostic not eligible for selection,False
E1-9-trigger_high_base-07240bc394,2026-10-04T00:31:35.796451+00:00,26552dd9c109058ba93a75bb8ba5de1f6a85585b,26552dd9c109058ba93a75bb8ba5de1f6a85585b,e5f957a2b78b4a08cede2183cd59012f73beaffc38f0821d43bb458df08be222:5eb2ada6d8d007969c111064ae6c5de089e8bd61c0156cb49cc98484cea2b5d9,04580a2e12fa7eb6f440e6b1ac97611c7a58643554042f60411cb607acf1bbc9,development+reused_validation,"{""base"": ""equal"", ""borrow_bps"": 50.0, ""cap"": 1.0, ""control"": ""event"", ""covariance_days"": 126, ""diagnostic"": ""trigger_high_base"", ""family"": ""ensemble"", ""har_train_min"": 504, ""lookback"": 63, ""overlay"": false, ""static_exposure"": null, ""target"": 0.09, ""threshold"": 0.06, ""trial_id"": ""E1-9"", ""universe"": [""SPY"", ""TLT"", ""GLD""]}",5.0 bp risky purchases+sales; borrow rf+50.0 bp,results/20261004T003009-2f16c796/E1-9-trigger_high_base-07240bc394.csv,started,Attempt retained even if process fails,False
E1-9-trigger_high_base-07240bc394,2026-10-04T00:31:35.796451+00:00,26552dd9c109058ba93a75bb8ba5de1f6a85585b,26552dd9c109058ba93a75bb8ba5de1f6a85585b,e5f957a2b78b4a08cede2183cd59012f73beaffc38f0821d43bb458df08be222:5eb2ada6d8d007969c111064ae6c5de089e8bd61c0156cb49cc98484cea2b5d9,04580a2e12fa7eb6f440e6b1ac97611c7a58643554042f60411cb607acf1bbc9,development+reused_validation,"{""base"": ""equal"", ""borrow_bps"": 50.0, ""cap"": 1.0, ""control"": ""event"", ""covariance_days"": 126, ""diagnostic"": ""trigger_high_base"", ""family"": ""ensemble"", ""har_train_min"": 504, ""lookback"": 63, ""overlay"": false, ""static_exposure"": null, ""target"": 0.09, ""threshold"": 0.06, ""trial_id"": ""E1-9"", ""universe"": [""SPY"", ""TLT"", ""GLD""]}",5.0 bp risky purchases+sales; borrow rf+50.0 bp,results/20261004T003009-2f16c796/E1-9-trigger_high_base-07240bc394.csv,completed,No OOS retuning; diagnostic not eligible for selection,False
E1-10-double_cost-a26d92bf87,2026-10-04T00:31:37.360752+00:00,26552dd9c109058ba93a75bb8ba5de1f6a85585b,26552dd9c109058ba93a75bb8ba5de1f6a85585b,e5f957a2b78b4a08cede2183cd59012f73beaffc38f0821d43bb458df08be222:5eb2ada6d8d007969c111064ae6c5de089e8bd61c0156cb49cc98484cea2b5d9,c41a9467466a6cd54cd1d2f60d827671c3baea596d15f997304f6c7f0299e68d,development+reused_validation,"{""base"": ""equal"", ""borrow_bps"": 50.0, ""cap"": 1.0, ""control"": ""event"", ""covariance_days"": 126, ""diagnostic"": ""double_cost"", ""family"": ""ensemble"", ""har_train_min"": 504, ""lookback"": 63, ""overlay"": true, ""static_exposure"": null, ""target"": 0.1, ""threshold"": 0.05, ""trial_id"": ""E1-10"", ""universe"": [""SPY"", ""TLT"", ""GLD""]}",10 bp risky purchases+sales; borrow rf+50.0 bp,results/20261004T003009-2f16c796/E1-10-double_cost-a26d92bf87.csv,started,Attempt retained even if process fails,False
E1-10-double_cost-a26d92bf87,2026-10-04T00:31:37.360752+00:00,26552dd9c109058ba93a75bb8ba5de1f6a85585b,26552dd9c109058ba93a75bb8ba5de1f6a85585b,e5f957a2b78b4a08cede2183cd59012f73beaffc38f0821d43bb458df08be222:5eb2ada6d8d007969c111064ae6c5de089e8bd61c0156cb49cc98484cea2b5d9,c41a9467466a6cd54cd1d2f60d827671c3baea596d15f997304f6c7f0299e68d,development+reused_validation,"{""base"": ""equal"", ""borrow_bps"": 50.0, ""cap"": 1.0, ""control"": ""event"", ""covariance_days"": 126, ""diagnostic"": ""double_cost"", ""family"": ""ensemble"", ""har_train_min"": 504, ""lookback"": 63, ""overlay"": true, ""static_exposure"": null, ""target"": 0.1, ""threshold"": 0.05, ""trial_id"": ""E1-10"", ""universe"": [""SPY"", ""TLT"", ""GLD""]}",10 bp risky purchases+sales; borrow rf+50.0 bp,results/20261004T003009-2f16c796/E1-10-double_cost-a26d92bf87.csv,completed,No OOS retuning; diagnostic not eligible for selection,False
E1-10-double_cost_base-45fc616fdd,2026-10-04T00:31:38.924969+00:00,26552dd9c109058ba93a75bb8ba5de1f6a85585b,26552dd9c109058ba93a75bb8ba5de1f6a85585b,e5f957a2b78b4a08cede2183cd59012f73beaffc38f0821d43bb458df08be222:5eb2ada6d8d007969c111064ae6c5de089e8bd61c0156cb49cc98484cea2b5d9,77d4a5962a7c63b72e838e25642085a811eaf2c7723d9a789347fcba59a45366,development+reused_validation,"{""base"": ""equal"", ""borrow_bps"": 50.0, ""cap"": 1.0, ""control"": ""event"", ""covariance_days"": 126, ""diagnostic"": ""double_cost_base"", ""family"": ""ensemble"", ""har_train_min"": 504, ""lookback"": 63, ""overlay"": false, ""static_exposure"": null, ""target"": 0.1, ""threshold"": 0.05, ""trial_id"": ""E1-10"", ""universe"": [""SPY"", ""TLT"", ""GLD""]}",10 bp risky purchases+sales; borrow rf+50.0 bp,results/20261004T003009-2f16c796/E1-10-double_cost_base-45fc616fdd.csv,started,Attempt retained even if process fails,False
E1-10-double_cost_base-45fc616fdd,2026-10-04T00:31:38.924969+00:00,26552dd9c109058ba93a75bb8ba5de1f6a85585b,26552dd9c109058ba93a75bb8ba5de1f6a85585b,e5f957a2b78b4a08cede2183cd59012f73beaffc38f0821d43bb458df08be222:5eb2ada6d8d007969c111064ae6c5de089e8bd61c0156cb49cc98484cea2b5d9,77d4a5962a7c63b72e838e25642085a811eaf2c7723d9a789347fcba59a45366,development+reused_validation,"{""base"": ""equal"", ""borrow_bps"": 50.0, ""cap"": 1.0, ""control"": ""event"", ""covariance_days"": 126, ""diagnostic"": ""double_cost_base"", ""family"": ""ensemble"", ""har_train_min"": 504, ""lookback"": 63, ""overlay"": false, ""static_exposure"": null, ""target"": 0.1, ""threshold"": 0.05, ""trial_id"": ""E1-10"", ""universe"": [""SPY"", ""TLT"", ""GLD""]}",10 bp risky purchases+sales; borrow rf+50.0 bp,results/20261004T003009-2f16c796/E1-10-double_cost_base-45fc616fdd.csv,completed,No OOS retuning; diagnostic not eligible for selection,False
E1-10-target_low-3ba147d1d2,2026-10-04T00:31:40.620991+00:00,26552dd9c109058ba93a75bb8ba5de1f6a85585b,26552dd9c109058ba93a75bb8ba5de1f6a85585b,e5f957a2b78b4a08cede2183cd59012f73beaffc38f0821d43bb458df08be222:5eb2ada6d8d007969c111064ae6c5de089e8bd61c0156cb49cc98484cea2b5d9,22d22cf7b5a2cf18dca35fe840b2f67315695a3b2b675aee02a9f9556c5bdf95,development+reused_validation,"{""base"": ""equal"", ""borrow_bps"": 50.0, ""cap"": 1.0, ""control"": ""event"", ""covariance_days"": 126, ""diagnostic"": ""target_low"", ""family"": ""ensemble"", ""har_train_min"": 504, ""lookback"": 63, ""overlay"": true, ""static_exposure"": null, ""target"": 0.09000000000000001, ""threshold"": 0.05, ""trial_id"": ""E1-10"", ""universe"": [""SPY"", ""TLT"", ""GLD""]}",5.0 bp risky purchases+sales; borrow rf+50.0 bp,results/20261004T003009-2f16c796/E1-10-target_low-3ba147d1d2.csv,started,Attempt retained even if process fails,False
E1-10-target_low-3ba147d1d2,2026-10-04T00:31:40.620991+00:00,26552dd9c109058ba93a75bb8ba5de1f6a85585b,26552dd9c109058ba93a75bb8ba5de1f6a85585b,e5f957a2b78b4a08cede2183cd59012f73beaffc38f0821d43bb458df08be222:5eb2ada6d8d007969c111064ae6c5de089e8bd61c0156cb49cc98484cea2b5d9,22d22cf7b5a2cf18dca35fe840b2f67315695a3b2b675aee02a9f9556c5bdf95,development+reused_validation,"{""base"": ""equal"", ""borrow_bps"": 50.0, ""cap"": 1.0, ""control"": ""event"", ""covariance_days"": 126, ""diagnostic"": ""target_low"", ""family"": ""ensemble"", ""har_train_min"": 504, ""lookback"": 63, ""overlay"": true, ""static_exposure"": null, ""target"": 0.09000000000000001, ""threshold"": 0.05, ""trial_id"": ""E1-10"", ""universe"": [""SPY"", ""TLT"", ""GLD""]}",5.0 bp risky purchases+sales; borrow rf+50.0 bp,results/20261004T003009-2f16c796/E1-10-target_low-3ba147d1d2.csv,completed,No OOS retuning; diagnostic not eligible for selection,False
E1-10-target_low_base-78ffacfffe,2026-10-04T00:31:42.196789+00:00,26552dd9c109058ba93a75bb8ba5de1f6a85585b,26552dd9c109058ba93a75bb8ba5de1f6a85585b,e5f957a2b78b4a08cede2183cd59012f73beaffc38f0821d43bb458df08be222:5eb2ada6d8d007969c111064ae6c5de089e8bd61c0156cb49cc98484cea2b5d9,30cedf264e3ea07fec7a4438e744b56e70743cc1f42f39e9aef2c82557d22232,development+reused_validation,"{""base"": ""equal"", ""borrow_bps"": 50.0, ""cap"": 1.0, ""control"": ""event"", ""covariance_days"": 126, ""diagnostic"": ""target_low_base"", ""family"": ""ensemble"", ""har_train_min"": 504, ""lookback"": 63, ""overlay"": false, ""static_exposure"": null, ""target"": 0.09000000000000001, ""threshold"": 0.05, ""trial_id"": ""E1-10"", ""universe"": [""SPY"", ""TLT"", ""GLD""]}",5.0 bp risky purchases+sales; borrow rf+50.0 bp,results/20261004T003009-2f16c796/E1-10-target_low_base-78ffacfffe.csv,started,Attempt retained even if process fails,False
E1-10-target_low_base-78ffacfffe,2026-10-04T00:31:42.196789+00:00,26552dd9c109058ba93a75bb8ba5de1f6a85585b,26552dd9c109058ba93a75bb8ba5de1f6a85585b,e5f957a2b78b4a08cede2183cd59012f73beaffc38f0821d43bb458df08be222:5eb2ada6d8d007969c111064ae6c5de089e8bd61c0156cb49cc98484cea2b5d9,30cedf264e3ea07fec7a4438e744b56e70743cc1f42f39e9aef2c82557d22232,development+reused_validation,"{""base"": ""equal"", ""borrow_bps"": 50.0, ""cap"": 1.0, ""control"": ""event"", ""covariance_days"": 126, ""diagnostic"": ""target_low_base"", ""family"": ""ensemble"", ""har_train_min"": 504, ""lookback"": 63, ""overlay"": false, ""static_exposure"": null, ""target"": 0.09000000000000001, ""threshold"": 0.05, ""trial_id"": ""E1-10"", ""universe"": [""SPY"", ""TLT"", ""GLD""]}",5.0 bp risky purchases+sales; borrow rf+50.0 bp,results/20261004T003009-2f16c796/E1-10-target_low_base-78ffacfffe.csv,completed,No OOS retuning; diagnostic not eligible for selection,False
E1-10-target_high-06276d979d,2026-10-04T00:31:43.712230+00:00,26552dd9c109058ba93a75bb8ba5de1f6a85585b,26552dd9c109058ba93a75bb8ba5de1f6a85585b,e5f957a2b78b4a08cede2183cd59012f73beaffc38f0821d43bb458df08be222:5eb2ada6d8d007969c111064ae6c5de089e8bd61c0156cb49cc98484cea2b5d9,8a3c31a39024afdca8dfbf47fb3e9dd4e58efc916b5b027823b3d3bc6e0fa8ca,development+reused_validation,"{""base"": ""equal"", ""borrow_bps"": 50.0, ""cap"": 1.0, ""control"": ""event"", ""covariance_days"": 126, ""diagnostic"": ""target_high"", ""family"": ""ensemble"", ""har_train_min"": 504, ""lookback"": 63, ""overlay"": true, ""static_exposure"": null, ""target"": 0.11, ""threshold"": 0.05, ""trial_id"": ""E1-10"", ""universe"": [""SPY"", ""TLT"", ""GLD""]}",5.0 bp risky purchases+sales; borrow rf+50.0 bp,results/20261004T003009-2f16c796/E1-10-target_high-06276d979d.csv,started,Attempt retained even if process fails,False
E1-10-target_high-06276d979d,2026-10-04T00:31:43.712230+00:00,26552dd9c109058ba93a75bb8ba5de1f6a85585b,26552dd9c109058ba93a75bb8ba5de1f6a85585b,e5f957a2b78b4a08cede2183cd59012f73beaffc38f0821d43bb458df08be222:5eb2ada6d8d007969c111064ae6c5de089e8bd61c0156cb49cc98484cea2b5d9,8a3c31a39024afdca8dfbf47fb3e9dd4e58efc916b5b027823b3d3bc6e0fa8ca,development+reused_validation,"{""base"": ""equal"", ""borrow_bps"": 50.0, ""cap"": 1.0, ""control"": ""event"", ""covariance_days"": 126, ""diagnostic"": ""target_high"", ""family"": ""ensemble"", ""har_train_min"": 504, ""lookback"": 63, ""overlay"": true, ""static_exposure"": null, ""target"": 0.11, ""threshold"": 0.05, ""trial_id"": ""E1-10"", ""universe"": [""SPY"", ""TLT"", ""GLD""]}",5.0 bp risky purchases+sales; borrow rf+50.0 bp,results/20261004T003009-2f16c796/E1-10-target_high-06276d979d.csv,completed,No OOS retuning; diagnostic not eligible for selection,False
E1-10-target_high_base-2113db30bc,2026-10-04T00:31:45.240024+00:00,26552dd9c109058ba93a75bb8ba5de1f6a85585b,26552dd9c109058ba93a75bb8ba5de1f6a85585b,e5f957a2b78b4a08cede2183cd59012f73beaffc38f0821d43bb458df08be222:5eb2ada6d8d007969c111064ae6c5de089e8bd61c0156cb49cc98484cea2b5d9,a015e46106b321b91ce97094d3445fe8b377f260060bbf181f1cd3238e4b542a,development+reused_validation,"{""base"": ""equal"", ""borrow_bps"": 50.0, ""cap"": 1.0, ""control"": ""event"", ""covariance_days"": 126, ""diagnostic"": ""target_high_base"", ""family"": ""ensemble"", ""har_train_min"": 504, ""lookback"": 63, ""overlay"": false, ""static_exposure"": null, ""target"": 0.11, ""threshold"": 0.05, ""trial_id"": ""E1-10"", ""universe"": [""SPY"", ""TLT"", ""GLD""]}",5.0 bp risky purchases+sales; borrow rf+50.0 bp,results/20261004T003009-2f16c796/E1-10-target_high_base-2113db30bc.csv,started,Attempt retained even if process fails,False
E1-10-target_high_base-2113db30bc,2026-10-04T00:31:45.240024+00:00,26552dd9c109058ba93a75bb8ba5de1f6a85585b,26552dd9c109058ba93a75bb8ba5de1f6a85585b,e5f957a2b78b4a08cede2183cd59012f73beaffc38f0821d43bb458df08be222:5eb2ada6d8d007969c111064ae6c5de089e8bd61c0156cb49cc98484cea2b5d9,a015e46106b321b91ce97094d3445fe8b377f260060bbf181f1cd3238e4b542a,development+reused_validation,"{""base"": ""equal"", ""borrow_bps"": 50.0, ""cap"": 1.0, ""control"": ""event"", ""covariance_days"": 126, ""diagnostic"": ""target_high_base"", ""family"": ""ensemble"", ""har_train_min"": 504, ""lookback"": 63, ""overlay"": false, ""static_exposure"": null, ""target"": 0.11, ""threshold"": 0.05, ""trial_id"": ""E1-10"", ""universe"": [""SPY"", ""TLT"", ""GLD""]}",5.0 bp risky purchases+sales; borrow rf+50.0 bp,results/20261004T003009-2f16c796/E1-10-target_high_base-2113db30bc.csv,completed,No OOS retuning; diagnostic not eligible for selection,False
E1-10-lookback_low-d4d398be80,2026-10-04T00:31:46.720451+00:00,26552dd9c109058ba93a75bb8ba5de1f6a85585b,26552dd9c109058ba93a75bb8ba5de1f6a85585b,e5f957a2b78b4a08cede2183cd59012f73beaffc38f0821d43bb458df08be222:5eb2ada6d8d007969c111064ae6c5de089e8bd61c0156cb49cc98484cea2b5d9,f2691301dd7af1a9b84950318d6cb1e3582780453f8f4b7816be8b46680216b0,development+reused_validation,"{""base"": ""equal"", ""borrow_bps"": 50.0, ""cap"": 1.0, ""control"": ""event"", ""covariance_days"": 101, ""diagnostic"": ""lookback_low"", ""family"": ""ensemble"", ""har_train_min"": 403, ""lookback"": 50, ""overlay"": true, ""static_exposure"": null, ""target"": 0.1, ""threshold"": 0.05, ""trial_id"": ""E1-10"", ""universe"": [""SPY"", ""TLT"", ""GLD""]}",5.0 bp risky purchases+sales; borrow rf+50.0 bp,results/20261004T003009-2f16c796/E1-10-lookback_low-d4d398be80.csv,started,Attempt retained even if process fails,False
E1-10-lookback_low-d4d398be80,2026-10-04T00:31:46.720451+00:00,26552dd9c109058ba93a75bb8ba5de1f6a85585b,26552dd9c109058ba93a75bb8ba5de1f6a85585b,e5f957a2b78b4a08cede2183cd59012f73beaffc38f0821d43bb458df08be222:5eb2ada6d8d007969c111064ae6c5de089e8bd61c0156cb49cc98484cea2b5d9,f2691301dd7af1a9b84950318d6cb1e3582780453f8f4b7816be8b46680216b0,development+reused_validation,"{""base"": ""equal"", ""borrow_bps"": 50.0, ""cap"": 1.0, ""control"": ""event"", ""covariance_days"": 101, ""diagnostic"": ""lookback_low"", ""family"": ""ensemble"", ""har_train_min"": 403, ""lookback"": 50, ""overlay"": true, ""static_exposure"": null, ""target"": 0.1, ""threshold"": 0.05, ""trial_id"": ""E1-10"", ""universe"": [""SPY"", ""TLT"", ""GLD""]}",5.0 bp risky purchases+sales; borrow rf+50.0 bp,results/20261004T003009-2f16c796/E1-10-lookback_low-d4d398be80.csv,completed,No OOS retuning; diagnostic not eligible for selection,False
E1-10-lookback_low_base-2a713d5ae1,2026-10-04T00:31:48.211765+00:00,26552dd9c109058ba93a75bb8ba5de1f6a85585b,26552dd9c109058ba93a75bb8ba5de1f6a85585b,e5f957a2b78b4a08cede2183cd59012f73beaffc38f0821d43bb458df08be222:5eb2ada6d8d007969c111064ae6c5de089e8bd61c0156cb49cc98484cea2b5d9,c1e5f3eb9873386148be6b4b89989e8dd4a45f940df48e69d1b9471d64573030,development+reused_validation,"{""base"": ""equal"", ""borrow_bps"": 50.0, ""cap"": 1.0, ""control"": ""event"", ""covariance_days"": 101, ""diagnostic"": ""lookback_low_base"", ""family"": ""ensemble"", ""har_train_min"": 403, ""lookback"": 50, ""overlay"": false, ""static_exposure"": null, ""target"": 0.1, ""threshold"": 0.05, ""trial_id"": ""E1-10"", ""universe"": [""SPY"", ""TLT"", ""GLD""]}",5.0 bp risky purchases+sales; borrow rf+50.0 bp,results/20261004T003009-2f16c796/E1-10-lookback_low_base-2a713d5ae1.csv,started,Attempt retained even if process fails,False
E1-10-lookback_low_base-2a713d5ae1,2026-10-04T00:31:48.211765+00:00,26552dd9c109058ba93a75bb8ba5de1f6a85585b,26552dd9c109058ba93a75bb8ba5de1f6a85585b,e5f957a2b78b4a08cede2183cd59012f73beaffc38f0821d43bb458df08be222:5eb2ada6d8d007969c111064ae6c5de089e8bd61c0156cb49cc98484cea2b5d9,c1e5f3eb9873386148be6b4b89989e8dd4a45f940df48e69d1b9471d64573030,development+reused_validation,"{""base"": ""equal"", ""borrow_bps"": 50.0, ""cap"": 1.0, ""control"": ""event"", ""covariance_days"": 101, ""diagnostic"": ""lookback_low_base"", ""family"": ""ensemble"", ""har_train_min"": 403, ""lookback"": 50, ""overlay"": false, ""static_exposure"": null, ""target"": 0.1, ""threshold"": 0.05, ""trial_id"": ""E1-10"", ""universe"": [""SPY"", ""TLT"", ""GLD""]}",5.0 bp risky purchases+sales; borrow rf+50.0 bp,results/20261004T003009-2f16c796/E1-10-lookback_low_base-2a713d5ae1.csv,completed,No OOS retuning; diagnostic not eligible for selection,False
E1-10-lookback_high-e1065b609e,2026-10-04T00:31:49.723268+00:00,26552dd9c109058ba93a75bb8ba5de1f6a85585b,26552dd9c109058ba93a75bb8ba5de1f6a85585b,e5f957a2b78b4a08cede2183cd59012f73beaffc38f0821d43bb458df08be222:5eb2ada6d8d007969c111064ae6c5de089e8bd61c0156cb49cc98484cea2b5d9,6f5ad5a7c5276f62a1a5f62f233262601126d276c2eda85e410c5a645f23605c,development+reused_validation,"{""base"": ""equal"", ""borrow_bps"": 50.0, ""cap"": 1.0, ""control"": ""event"", ""covariance_days"": 151, ""diagnostic"": ""lookback_high"", ""family"": ""ensemble"", ""har_train_min"": 605, ""lookback"": 76, ""overlay"": true, ""static_exposure"": null, ""target"": 0.1, ""threshold"": 0.05, ""trial_id"": ""E1-10"", ""universe"": [""SPY"", ""TLT"", ""GLD""]}",5.0 bp risky purchases+sales; borrow rf+50.0 bp,results/20261004T003009-2f16c796/E1-10-lookback_high-e1065b609e.csv,started,Attempt retained even if process fails,False
E1-10-lookback_high-e1065b609e,2026-10-04T00:31:49.723268+00:00,26552dd9c109058ba93a75bb8ba5de1f6a85585b,26552dd9c109058ba93a75bb8ba5de1f6a85585b,e5f957a2b78b4a08cede2183cd59012f73beaffc38f0821d43bb458df08be222:5eb2ada6d8d007969c111064ae6c5de089e8bd61c0156cb49cc98484cea2b5d9,6f5ad5a7c5276f62a1a5f62f233262601126d276c2eda85e410c5a645f23605c,development+reused_validation,"{""base"": ""equal"", ""borrow_bps"": 50.0, ""cap"": 1.0, ""control"": ""event"", ""covariance_days"": 151, ""diagnostic"": ""lookback_high"", ""family"": ""ensemble"", ""har_train_min"": 605, ""lookback"": 76, ""overlay"": true, ""static_exposure"": null, ""target"": 0.1, ""threshold"": 0.05, ""trial_id"": ""E1-10"", ""universe"": [""SPY"", ""TLT"", ""GLD""]}",5.0 bp risky purchases+sales; borrow rf+50.0 bp,results/20261004T003009-2f16c796/E1-10-lookback_high-e1065b609e.csv,completed,No OOS retuning; diagnostic not eligible for selection,False
E1-10-lookback_high_base-c6ebf879f7,2026-10-04T00:31:51.276839+00:00,26552dd9c109058ba93a75bb8ba5de1f6a85585b,26552dd9c109058ba93a75bb8ba5de1f6a85585b,e5f957a2b78b4a08cede2183cd59012f73beaffc38f0821d43bb458df08be222:5eb2ada6d8d007969c111064ae6c5de089e8bd61c0156cb49cc98484cea2b5d9,07397e23cf866308037e1c249639bafe8622a2aa3eff3aa3e2dfe3c1344689c1,development+reused_validation,"{""base"": ""equal"", ""borrow_bps"": 50.0, ""cap"": 1.0, ""control"": ""event"", ""covariance_days"": 151, ""diagnostic"": ""lookback_high_base"", ""family"": ""ensemble"", ""har_train_min"": 605, ""lookback"": 76, ""overlay"": false, ""static_exposure"": null, ""target"": 0.1, ""threshold"": 0.05, ""trial_id"": ""E1-10"", ""universe"": [""SPY"", ""TLT"", ""GLD""]}",5.0 bp risky purchases+sales; borrow rf+50.0 bp,results/20261004T003009-2f16c796/E1-10-lookback_high_base-c6ebf879f7.csv,started,Attempt retained even if process fails,False
E1-10-lookback_high_base-c6ebf879f7,2026-10-04T00:31:51.276839+00:00,26552dd9c109058ba93a75bb8ba5de1f6a85585b,26552dd9c109058ba93a75bb8ba5de1f6a85585b,e5f957a2b78b4a08cede2183cd59012f73beaffc38f0821d43bb458df08be222:5eb2ada6d8d007969c111064ae6c5de089e8bd61c0156cb49cc98484cea2b5d9,07397e23cf866308037e1c249639bafe8622a2aa3eff3aa3e2dfe3c1344689c1,development+reused_validation,"{""base"": ""equal"", ""borrow_bps"": 50.0, ""cap"": 1.0, ""control"": ""event"", ""covariance_days"": 151, ""diagnostic"": ""lookback_high_base"", ""family"": ""ensemble"", ""har_train_min"": 605, ""lookback"": 76, ""overlay"": false, ""static_exposure"": null, ""target"": 0.1, ""threshold"": 0.05, ""trial_id"": ""E1-10"", ""universe"": [""SPY"", ""TLT"", ""GLD""]}",5.0 bp risky purchases+sales; borrow rf+50.0 bp,results/20261004T003009-2f16c796/E1-10-lookback_high_base-c6ebf879f7.csv,completed,No OOS retuning; diagnostic not eligible for selection,False
E1-10-trigger_low-2097790e63,2026-10-04T00:31:52.768419+00:00,26552dd9c109058ba93a75bb8ba5de1f6a85585b,26552dd9c109058ba93a75bb8ba5de1f6a85585b,e5f957a2b78b4a08cede2183cd59012f73beaffc38f0821d43bb458df08be222:5eb2ada6d8d007969c111064ae6c5de089e8bd61c0156cb49cc98484cea2b5d9,af27341b334748cdd52bea5a2d03b5229574726a2efff4c889a9ebba55c037cb,development+reused_validation,"{""base"": ""equal"", ""borrow_bps"": 50.0, ""cap"": 1.0, ""control"": ""event"", ""covariance_days"": 126, ""diagnostic"": ""trigger_low"", ""family"": ""ensemble"", ""har_train_min"": 504, ""lookback"": 63, ""overlay"": true, ""static_exposure"": null, ""target"": 0.1, ""threshold"": 0.04, ""trial_id"": ""E1-10"", ""universe"": [""SPY"", ""TLT"", ""GLD""]}",5.0 bp risky purchases+sales; borrow rf+50.0 bp,results/20261004T003009-2f16c796/E1-10-trigger_low-2097790e63.csv,started,Attempt retained even if process fails,False
E1-10-trigger_low-2097790e63,2026-10-04T00:31:52.768419+00:00,26552dd9c109058ba93a75bb8ba5de1f6a85585b,26552dd9c109058ba93a75bb8ba5de1f6a85585b,e5f957a2b78b4a08cede2183cd59012f73beaffc38f0821d43bb458df08be222:5eb2ada6d8d007969c111064ae6c5de089e8bd61c0156cb49cc98484cea2b5d9,af27341b334748cdd52bea5a2d03b5229574726a2efff4c889a9ebba55c037cb,development+reused_validation,"{""base"": ""equal"", ""borrow_bps"": 50.0, ""cap"": 1.0, ""control"": ""event"", ""covariance_days"": 126, ""diagnostic"": ""trigger_low"", ""family"": ""ensemble"", ""har_train_min"": 504, ""lookback"": 63, ""overlay"": true, ""static_exposure"": null, ""target"": 0.1, ""threshold"": 0.04, ""trial_id"": ""E1-10"", ""universe"": [""SPY"", ""TLT"", ""GLD""]}",5.0 bp risky purchases+sales; borrow rf+50.0 bp,results/20261004T003009-2f16c796/E1-10-trigger_low-2097790e63.csv,completed,No OOS retuning; diagnostic not eligible for selection,False
E1-10-trigger_low_base-538a661d7c,2026-10-04T00:31:54.314924+00:00,26552dd9c109058ba93a75bb8ba5de1f6a85585b,26552dd9c109058ba93a75bb8ba5de1f6a85585b,e5f957a2b78b4a08cede2183cd59012f73beaffc38f0821d43bb458df08be222:5eb2ada6d8d007969c111064ae6c5de089e8bd61c0156cb49cc98484cea2b5d9,da8d09d12c3d03300f93b0105965e2cf39df16e48cbe1da70d07ec1937f660c0,development+reused_validation,"{""base"": ""equal"", ""borrow_bps"": 50.0, ""cap"": 1.0, ""control"": ""event"", ""covariance_days"": 126, ""diagnostic"": ""trigger_low_base"", ""family"": ""ensemble"", ""har_train_min"": 504, ""lookback"": 63, ""overlay"": false, ""static_exposure"": null, ""target"": 0.1, ""threshold"": 0.04, ""trial_id"": ""E1-10"", ""universe"": [""SPY"", ""TLT"", ""GLD""]}",5.0 bp risky purchases+sales; borrow rf+50.0 bp,results/20261004T003009-2f16c796/E1-10-trigger_low_base-538a661d7c.csv,started,Attempt retained even if process fails,False
E1-10-trigger_low_base-538a661d7c,2026-10-04T00:31:54.314924+00:00,26552dd9c109058ba93a75bb8ba5de1f6a85585b,26552dd9c109058ba93a75bb8ba5de1f6a85585b,e5f957a2b78b4a08cede2183cd59012f73beaffc38f0821d43bb458df08be222:5eb2ada6d8d007969c111064ae6c5de089e8bd61c0156cb49cc98484cea2b5d9,da8d09d12c3d03300f93b0105965e2cf39df16e48cbe1da70d07ec1937f660c0,development+reused_validation,"{""base"": ""equal"", ""borrow_bps"": 50.0, ""cap"": 1.0, ""control"": ""event"", ""covariance_days"": 126, ""diagnostic"": ""trigger_low_base"", ""family"": ""ensemble"", ""har_train_min"": 504, ""lookback"": 63, ""overlay"": false, ""static_exposure"": null, ""target"": 0.1, ""threshold"": 0.04, ""trial_id"": ""E1-10"", ""universe"": [""SPY"", ""TLT"", ""GLD""]}",5.0 bp risky purchases+sales; borrow rf+50.0 bp,results/20261004T003009-2f16c796/E1-10-trigger_low_base-538a661d7c.csv,completed,No OOS retuning; diagnostic not eligible for selection,False
E1-10-trigger_high-d74249f6c1,2026-10-04T00:31:55.878106+00:00,26552dd9c109058ba93a75bb8ba5de1f6a85585b,26552dd9c109058ba93a75bb8ba5de1f6a85585b,e5f957a2b78b4a08cede2183cd59012f73beaffc38f0821d43bb458df08be222:5eb2ada6d8d007969c111064ae6c5de089e8bd61c0156cb49cc98484cea2b5d9,5b19d14d3d377bdef78e9fd747d2481dc1448dddd896195fb0061c473f1c954b,development+reused_validation,"{""base"": ""equal"", ""borrow_bps"": 50.0, ""cap"": 1.0, ""control"": ""event"", ""covariance_days"": 126, ""diagnostic"": ""trigger_high"", ""family"": ""ensemble"", ""har_train_min"": 504, ""lookback"": 63, ""overlay"": true, ""static_exposure"": null, ""target"": 0.1, ""threshold"": 0.06, ""trial_id"": ""E1-10"", ""universe"": [""SPY"", ""TLT"", ""GLD""]}",5.0 bp risky purchases+sales; borrow rf+50.0 bp,results/20261004T003009-2f16c796/E1-10-trigger_high-d74249f6c1.csv,started,Attempt retained even if process fails,False
E1-10-trigger_high-d74249f6c1,2026-10-04T00:31:55.878106+00:00,26552dd9c109058ba93a75bb8ba5de1f6a85585b,26552dd9c109058ba93a75bb8ba5de1f6a85585b,e5f957a2b78b4a08cede2183cd59012f73beaffc38f0821d43bb458df08be222:5eb2ada6d8d007969c111064ae6c5de089e8bd61c0156cb49cc98484cea2b5d9,5b19d14d3d377bdef78e9fd747d2481dc1448dddd896195fb0061c473f1c954b,development+reused_validation,"{""base"": ""equal"", ""borrow_bps"": 50.0, ""cap"": 1.0, ""control"": ""event"", ""covariance_days"": 126, ""diagnostic"": ""trigger_high"", ""family"": ""ensemble"", ""har_train_min"": 504, ""lookback"": 63, ""overlay"": true, ""static_exposure"": null, ""target"": 0.1, ""threshold"": 0.06, ""trial_id"": ""E1-10"", ""universe"": [""SPY"", ""TLT"", ""GLD""]}",5.0 bp risky purchases+sales; borrow rf+50.0 bp,results/20261004T003009-2f16c796/E1-10-trigger_high-d74249f6c1.csv,completed,No OOS retuning; diagnostic not eligible for selection,False
E1-10-trigger_high_base-fdf3cf72d4,2026-10-04T00:31:57.433887+00:00,26552dd9c109058ba93a75bb8ba5de1f6a85585b,26552dd9c109058ba93a75bb8ba5de1f6a85585b,e5f957a2b78b4a08cede2183cd59012f73beaffc38f0821d43bb458df08be222:5eb2ada6d8d007969c111064ae6c5de089e8bd61c0156cb49cc98484cea2b5d9,c6a16fb8c266faa592838fb1f829a8707dc76747b67c2078c87af8ba5b85d703,development+reused_validation,"{""base"": ""equal"", ""borrow_bps"": 50.0, ""cap"": 1.0, ""control"": ""event"", ""covariance_days"": 126, ""diagnostic"": ""trigger_high_base"", ""family"": ""ensemble"", ""har_train_min"": 504, ""lookback"": 63, ""overlay"": false, ""static_exposure"": null, ""target"": 0.1, ""threshold"": 0.06, ""trial_id"": ""E1-10"", ""universe"": [""SPY"", ""TLT"", ""GLD""]}",5.0 bp risky purchases+sales; borrow rf+50.0 bp,results/20261004T003009-2f16c796/E1-10-trigger_high_base-fdf3cf72d4.csv,started,Attempt retained even if process fails,False
E1-10-trigger_high_base-fdf3cf72d4,2026-10-04T00:31:57.433887+00:00,26552dd9c109058ba93a75bb8ba5de1f6a85585b,26552dd9c109058ba93a75bb8ba5de1f6a85585b,e5f957a2b78b4a08cede2183cd59012f73beaffc38f0821d43bb458df08be222:5eb2ada6d8d007969c111064ae6c5de089e8bd61c0156cb49cc98484cea2b5d9,c6a16fb8c266faa592838fb1f829a8707dc76747b67c2078c87af8ba5b85d703,development+reused_validation,"{""base"": ""equal"", ""borrow_bps"": 50.0, ""cap"": 1.0, ""control"": ""event"", ""covariance_days"": 126, ""diagnostic"": ""trigger_high_base"", ""family"": ""ensemble"", ""har_train_min"": 504, ""lookback"": 63, ""overlay"": false, ""static_exposure"": null, ""target"": 0.1, ""threshold"": 0.06, ""trial_id"": ""E1-10"", ""universe"": [""SPY"", ""TLT"", ""GLD""]}",5.0 bp risky purchases+sales; borrow rf+50.0 bp,results/20261004T003009-2f16c796/E1-10-trigger_high_base-fdf3cf72d4.csv,completed,No OOS retuning; diagnostic not eligible for selection,False
E1-11-double_cost-0adc34d9f9,2026-10-04T00:31:58.960449+00:00,26552dd9c109058ba93a75bb8ba5de1f6a85585b,26552dd9c109058ba93a75bb8ba5de1f6a85585b,e5f957a2b78b4a08cede2183cd59012f73beaffc38f0821d43bb458df08be222:5eb2ada6d8d007969c111064ae6c5de089e8bd61c0156cb49cc98484cea2b5d9,84be9bf77327e71069f2c491d656d9a299eee0d24cd1e9e5ec1018ec1a5ca9e9,development+reused_validation,"{""base"": ""equal"", ""borrow_bps"": 50.0, ""cap"": 1.0, ""control"": ""event"", ""covariance_days"": 126, ""diagnostic"": ""double_cost"", ""family"": ""ensemble"", ""har_train_min"": 504, ""lookback"": 63, ""overlay"": true, ""static_exposure"": null, ""target"": 0.11, ""threshold"": 0.05, ""trial_id"": ""E1-11"", ""universe"": [""SPY"", ""TLT"", ""GLD""]}",10 bp risky purchases+sales; borrow rf+50.0 bp,results/20261004T003009-2f16c796/E1-11-double_cost-0adc34d9f9.csv,started,Attempt retained even if process fails,False
E1-11-double_cost-0adc34d9f9,2026-10-04T00:31:58.960449+00:00,26552dd9c109058ba93a75bb8ba5de1f6a85585b,26552dd9c109058ba93a75bb8ba5de1f6a85585b,e5f957a2b78b4a08cede2183cd59012f73beaffc38f0821d43bb458df08be222:5eb2ada6d8d007969c111064ae6c5de089e8bd61c0156cb49cc98484cea2b5d9,84be9bf77327e71069f2c491d656d9a299eee0d24cd1e9e5ec1018ec1a5ca9e9,development+reused_validation,"{""base"": ""equal"", ""borrow_bps"": 50.0, ""cap"": 1.0, ""control"": ""event"", ""covariance_days"": 126, ""diagnostic"": ""double_cost"", ""family"": ""ensemble"", ""har_train_min"": 504, ""lookback"": 63, ""overlay"": true, ""static_exposure"": null, ""target"": 0.11, ""threshold"": 0.05, ""trial_id"": ""E1-11"", ""universe"": [""SPY"", ""TLT"", ""GLD""]}",10 bp risky purchases+sales; borrow rf+50.0 bp,results/20261004T003009-2f16c796/E1-11-double_cost-0adc34d9f9.csv,completed,No OOS retuning; diagnostic not eligible for selection,False
E1-11-double_cost_base-3a0ec08e37,2026-10-04T00:32:00.494440+00:00,26552dd9c109058ba93a75bb8ba5de1f6a85585b,26552dd9c109058ba93a75bb8ba5de1f6a85585b,e5f957a2b78b4a08cede2183cd59012f73beaffc38f0821d43bb458df08be222:5eb2ada6d8d007969c111064ae6c5de089e8bd61c0156cb49cc98484cea2b5d9,42f5af452da8d739090c9734dcd09b17a1cda081133a4e818245fd8dd91dfdb7,development+reused_validation,"{""base"": ""equal"", ""borrow_bps"": 50.0, ""cap"": 1.0, ""control"": ""event"", ""covariance_days"": 126, ""diagnostic"": ""double_cost_base"", ""family"": ""ensemble"", ""har_train_min"": 504, ""lookback"": 63, ""overlay"": false, ""static_exposure"": null, ""target"": 0.11, ""threshold"": 0.05, ""trial_id"": ""E1-11"", ""universe"": [""SPY"", ""TLT"", ""GLD""]}",10 bp risky purchases+sales; borrow rf+50.0 bp,results/20261004T003009-2f16c796/E1-11-double_cost_base-3a0ec08e37.csv,started,Attempt retained even if process fails,False
E1-11-double_cost_base-3a0ec08e37,2026-10-04T00:32:00.494440+00:00,26552dd9c109058ba93a75bb8ba5de1f6a85585b,26552dd9c109058ba93a75bb8ba5de1f6a85585b,e5f957a2b78b4a08cede2183cd59012f73beaffc38f0821d43bb458df08be222:5eb2ada6d8d007969c111064ae6c5de089e8bd61c0156cb49cc98484cea2b5d9,42f5af452da8d739090c9734dcd09b17a1cda081133a4e818245fd8dd91dfdb7,development+reused_validation,"{""base"": ""equal"", ""borrow_bps"": 50.0, ""cap"": 1.0, ""control"": ""event"", ""covariance_days"": 126, ""diagnostic"": ""double_cost_base"", ""family"": ""ensemble"", ""har_train_min"": 504, ""lookback"": 63, ""overlay"": false, ""static_exposure"": null, ""target"": 0.11, ""threshold"": 0.05, ""trial_id"": ""E1-11"", ""universe"": [""SPY"", ""TLT"", ""GLD""]}",10 bp risky purchases+sales; borrow rf+50.0 bp,results/20261004T003009-2f16c796/E1-11-double_cost_base-3a0ec08e37.csv,completed,No OOS retuning; diagnostic not eligible for selection,False
E1-11-target_low-5bc05a1af2,2026-10-04T00:32:02.180074+00:00,26552dd9c109058ba93a75bb8ba5de1f6a85585b,26552dd9c109058ba93a75bb8ba5de1f6a85585b,e5f957a2b78b4a08cede2183cd59012f73beaffc38f0821d43bb458df08be222:5eb2ada6d8d007969c111064ae6c5de089e8bd61c0156cb49cc98484cea2b5d9,b8269594877cb351333b2bdbbb2c6c2722711650515959d386d34f9aff7d19ff,development+reused_validation,"{""base"": ""equal"", ""borrow_bps"": 50.0, ""cap"": 1.0, ""control"": ""event"", ""covariance_days"": 126, ""diagnostic"": ""target_low"", ""family"": ""ensemble"", ""har_train_min"": 504, ""lookback"": 63, ""overlay"": true, ""static_exposure"": null, ""target"": 0.1, ""threshold"": 0.05, ""trial_id"": ""E1-11"", ""universe"": [""SPY"", ""TLT"", ""GLD""]}",5.0 bp risky purchases+sales; borrow rf+50.0 bp,results/20261004T003009-2f16c796/E1-11-target_low-5bc05a1af2.csv,started,Attempt retained even if process fails,False
E1-11-target_low-5bc05a1af2,2026-10-04T00:32:02.180074+00:00,26552dd9c109058ba93a75bb8ba5de1f6a85585b,26552dd9c109058ba93a75bb8ba5de1f6a85585b,e5f957a2b78b4a08cede2183cd59012f73beaffc38f0821d43bb458df08be222:5eb2ada6d8d007969c111064ae6c5de089e8bd61c0156cb49cc98484cea2b5d9,b8269594877cb351333b2bdbbb2c6c2722711650515959d386d34f9aff7d19ff,development+reused_validation,"{""base"": ""equal"", ""borrow_bps"": 50.0, ""cap"": 1.0, ""control"": ""event"", ""covariance_days"": 126, ""diagnostic"": ""target_low"", ""family"": ""ensemble"", ""har_train_min"": 504, ""lookback"": 63, ""overlay"": true, ""static_exposure"": null, ""target"": 0.1, ""threshold"": 0.05, ""trial_id"": ""E1-11"", ""universe"": [""SPY"", ""TLT"", ""GLD""]}",5.0 bp risky purchases+sales; borrow rf+50.0 bp,results/20261004T003009-2f16c796/E1-11-target_low-5bc05a1af2.csv,completed,No OOS retuning; diagnostic not eligible for selection,False
E1-11-target_low_base-cbe7663a15,2026-10-04T00:32:03.943711+00:00,26552dd9c109058ba93a75bb8ba5de1f6a85585b,26552dd9c109058ba93a75bb8ba5de1f6a85585b,e5f957a2b78b4a08cede2183cd59012f73beaffc38f0821d43bb458df08be222:5eb2ada6d8d007969c111064ae6c5de089e8bd61c0156cb49cc98484cea2b5d9,f31c439b33199e29aa689fae235906ab6217f275f8790d938b5bc126b2e45d18,development+reused_validation,"{""base"": ""equal"", ""borrow_bps"": 50.0, ""cap"": 1.0, ""control"": ""event"", ""covariance_days"": 126, ""diagnostic"": ""target_low_base"", ""family"": ""ensemble"", ""har_train_min"": 504, ""lookback"": 63, ""overlay"": false, ""static_exposure"": null, ""target"": 0.1, ""threshold"": 0.05, ""trial_id"": ""E1-11"", ""universe"": [""SPY"", ""TLT"", ""GLD""]}",5.0 bp risky purchases+sales; borrow rf+50.0 bp,results/20261004T003009-2f16c796/E1-11-target_low_base-cbe7663a15.csv,started,Attempt retained even if process fails,False
E1-11-target_low_base-cbe7663a15,2026-10-04T00:32:03.943711+00:00,26552dd9c109058ba93a75bb8ba5de1f6a85585b,26552dd9c109058ba93a75bb8ba5de1f6a85585b,e5f957a2b78b4a08cede2183cd59012f73beaffc38f0821d43bb458df08be222:5eb2ada6d8d007969c111064ae6c5de089e8bd61c0156cb49cc98484cea2b5d9,f31c439b33199e29aa689fae235906ab6217f275f8790d938b5bc126b2e45d18,development+reused_validation,"{""base"": ""equal"", ""borrow_bps"": 50.0, ""cap"": 1.0, ""control"": ""event"", ""covariance_days"": 126, ""diagnostic"": ""target_low_base"", ""family"": ""ensemble"", ""har_train_min"": 504, ""lookback"": 63, ""overlay"": false, ""static_exposure"": null, ""target"": 0.1, ""threshold"": 0.05, ""trial_id"": ""E1-11"", ""universe"": [""SPY"", ""TLT"", ""GLD""]}",5.0 bp risky purchases+sales; borrow rf+50.0 bp,results/20261004T003009-2f16c796/E1-11-target_low_base-cbe7663a15.csv,completed,No OOS retuning; diagnostic not eligible for selection,False
E1-11-target_high-1793b017be,2026-10-04T00:32:05.414884+00:00,26552dd9c109058ba93a75bb8ba5de1f6a85585b,26552dd9c109058ba93a75bb8ba5de1f6a85585b,e5f957a2b78b4a08cede2183cd59012f73beaffc38f0821d43bb458df08be222:5eb2ada6d8d007969c111064ae6c5de089e8bd61c0156cb49cc98484cea2b5d9,c4f9d11675dd8aac9a8cac4baad29c05efd3f3ef6627bd772afb9b0d86fad0e9,development+reused_validation,"{""base"": ""equal"", ""borrow_bps"": 50.0, ""cap"": 1.0, ""control"": ""event"", ""covariance_days"": 126, ""diagnostic"": ""target_high"", ""family"": ""ensemble"", ""har_train_min"": 504, ""lookback"": 63, ""overlay"": true, ""static_exposure"": null, ""target"": 0.12, ""threshold"": 0.05, ""trial_id"": ""E1-11"", ""universe"": [""SPY"", ""TLT"", ""GLD""]}",5.0 bp risky purchases+sales; borrow rf+50.0 bp,results/20261004T003009-2f16c796/E1-11-target_high-1793b017be.csv,started,Attempt retained even if process fails,False
E1-11-target_high-1793b017be,2026-10-04T00:32:05.414884+00:00,26552dd9c109058ba93a75bb8ba5de1f6a85585b,26552dd9c109058ba93a75bb8ba5de1f6a85585b,e5f957a2b78b4a08cede2183cd59012f73beaffc38f0821d43bb458df08be222:5eb2ada6d8d007969c111064ae6c5de089e8bd61c0156cb49cc98484cea2b5d9,c4f9d11675dd8aac9a8cac4baad29c05efd3f3ef6627bd772afb9b0d86fad0e9,development+reused_validation,"{""base"": ""equal"", ""borrow_bps"": 50.0, ""cap"": 1.0, ""control"": ""event"", ""covariance_days"": 126, ""diagnostic"": ""target_high"", ""family"": ""ensemble"", ""har_train_min"": 504, ""lookback"": 63, ""overlay"": true, ""static_exposure"": null, ""target"": 0.12, ""threshold"": 0.05, ""trial_id"": ""E1-11"", ""universe"": [""SPY"", ""TLT"", ""GLD""]}",5.0 bp risky purchases+sales; borrow rf+50.0 bp,results/20261004T003009-2f16c796/E1-11-target_high-1793b017be.csv,completed,No OOS retuning; diagnostic not eligible for selection,False
E1-11-target_high_base-d54254fa26,2026-10-04T00:32:06.891849+00:00,26552dd9c109058ba93a75bb8ba5de1f6a85585b,26552dd9c109058ba93a75bb8ba5de1f6a85585b,e5f957a2b78b4a08cede2183cd59012f73beaffc38f0821d43bb458df08be222:5eb2ada6d8d007969c111064ae6c5de089e8bd61c0156cb49cc98484cea2b5d9,6102a865c0c35c8ed6d8e6d75c20376a5ea54e02e8040f73e50f053fbb3d586a,development+reused_validation,"{""base"": ""equal"", ""borrow_bps"": 50.0, ""cap"": 1.0, ""control"": ""event"", ""covariance_days"": 126, ""diagnostic"": ""target_high_base"", ""family"": ""ensemble"", ""har_train_min"": 504, ""lookback"": 63, ""overlay"": false, ""static_exposure"": null, ""target"": 0.12, ""threshold"": 0.05, ""trial_id"": ""E1-11"", ""universe"": [""SPY"", ""TLT"", ""GLD""]}",5.0 bp risky purchases+sales; borrow rf+50.0 bp,results/20261004T003009-2f16c796/E1-11-target_high_base-d54254fa26.csv,started,Attempt retained even if process fails,False
E1-11-target_high_base-d54254fa26,2026-10-04T00:32:06.891849+00:00,26552dd9c109058ba93a75bb8ba5de1f6a85585b,26552dd9c109058ba93a75bb8ba5de1f6a85585b,e5f957a2b78b4a08cede2183cd59012f73beaffc38f0821d43bb458df08be222:5eb2ada6d8d007969c111064ae6c5de089e8bd61c0156cb49cc98484cea2b5d9,6102a865c0c35c8ed6d8e6d75c20376a5ea54e02e8040f73e50f053fbb3d586a,development+reused_validation,"{""base"": ""equal"", ""borrow_bps"": 50.0, ""cap"": 1.0, ""control"": ""event"", ""covariance_days"": 126, ""diagnostic"": ""target_high_base"", ""family"": ""ensemble"", ""har_train_min"": 504, ""lookback"": 63, ""overlay"": false, ""static_exposure"": null, ""target"": 0.12, ""threshold"": 0.05, ""trial_id"": ""E1-11"", ""universe"": [""SPY"", ""TLT"", ""GLD""]}",5.0 bp risky purchases+sales; borrow rf+50.0 bp,results/20261004T003009-2f16c796/E1-11-target_high_base-d54254fa26.csv,completed,No OOS retuning; diagnostic not eligible for selection,False
E1-11-lookback_low-affe945a32,2026-10-04T00:32:08.370971+00:00,26552dd9c109058ba93a75bb8ba5de1f6a85585b,26552dd9c109058ba93a75bb8ba5de1f6a85585b,e5f957a2b78b4a08cede2183cd59012f73beaffc38f0821d43bb458df08be222:5eb2ada6d8d007969c111064ae6c5de089e8bd61c0156cb49cc98484cea2b5d9,89a296657c817d14f85847e78918af16fa6fbe0f1cbf93820dceee037e4861e2,development+reused_validation,"{""base"": ""equal"", ""borrow_bps"": 50.0, ""cap"": 1.0, ""control"": ""event"", ""covariance_days"": 101, ""diagnostic"": ""lookback_low"", ""family"": ""ensemble"", ""har_train_min"": 403, ""lookback"": 50, ""overlay"": true, ""static_exposure"": null, ""target"": 0.11, ""threshold"": 0.05, ""trial_id"": ""E1-11"", ""universe"": [""SPY"", ""TLT"", ""GLD""]}",5.0 bp risky purchases+sales; borrow rf+50.0 bp,results/20261004T003009-2f16c796/E1-11-lookback_low-affe945a32.csv,started,Attempt retained even if process fails,False
E1-11-lookback_low-affe945a32,2026-10-04T00:32:08.370971+00:00,26552dd9c109058ba93a75bb8ba5de1f6a85585b,26552dd9c109058ba93a75bb8ba5de1f6a85585b,e5f957a2b78b4a08cede2183cd59012f73beaffc38f0821d43bb458df08be222:5eb2ada6d8d007969c111064ae6c5de089e8bd61c0156cb49cc98484cea2b5d9,89a296657c817d14f85847e78918af16fa6fbe0f1cbf93820dceee037e4861e2,development+reused_validation,"{""base"": ""equal"", ""borrow_bps"": 50.0, ""cap"": 1.0, ""control"": ""event"", ""covariance_days"": 101, ""diagnostic"": ""lookback_low"", ""family"": ""ensemble"", ""har_train_min"": 403, ""lookback"": 50, ""overlay"": true, ""static_exposure"": null, ""target"": 0.11, ""threshold"": 0.05, ""trial_id"": ""E1-11"", ""universe"": [""SPY"", ""TLT"", ""GLD""]}",5.0 bp risky purchases+sales; borrow rf+50.0 bp,results/20261004T003009-2f16c796/E1-11-lookback_low-affe945a32.csv,completed,No OOS retuning; diagnostic not eligible for selection,False
E1-11-lookback_low_base-08c08fcf3e,2026-10-04T00:32:09.843780+00:00,26552dd9c109058ba93a75bb8ba5de1f6a85585b,26552dd9c109058ba93a75bb8ba5de1f6a85585b,e5f957a2b78b4a08cede2183cd59012f73beaffc38f0821d43bb458df08be222:5eb2ada6d8d007969c111064ae6c5de089e8bd61c0156cb49cc98484cea2b5d9,e8fb228d55b119b9fb1d92a457a785c1110626df4bda2b95b05c7a354bcd113e,development+reused_validation,"{""base"": ""equal"", ""borrow_bps"": 50.0, ""cap"": 1.0, ""control"": ""event"", ""covariance_days"": 101, ""diagnostic"": ""lookback_low_base"", ""family"": ""ensemble"", ""har_train_min"": 403, ""lookback"": 50, ""overlay"": false, ""static_exposure"": null, ""target"": 0.11, ""threshold"": 0.05, ""trial_id"": ""E1-11"", ""universe"": [""SPY"", ""TLT"", ""GLD""]}",5.0 bp risky purchases+sales; borrow rf+50.0 bp,results/20261004T003009-2f16c796/E1-11-lookback_low_base-08c08fcf3e.csv,started,Attempt retained even if process fails,False
E1-11-lookback_low_base-08c08fcf3e,2026-10-04T00:32:09.843780+00:00,26552dd9c109058ba93a75bb8ba5de1f6a85585b,26552dd9c109058ba93a75bb8ba5de1f6a85585b,e5f957a2b78b4a08cede2183cd59012f73beaffc38f0821d43bb458df08be222:5eb2ada6d8d007969c111064ae6c5de089e8bd61c0156cb49cc98484cea2b5d9,e8fb228d55b119b9fb1d92a457a785c1110626df4bda2b95b05c7a354bcd113e,development+reused_validation,"{""base"": ""equal"", ""borrow_bps"": 50.0, ""cap"": 1.0, ""control"": ""event"", ""covariance_days"": 101, ""diagnostic"": ""lookback_low_base"", ""family"": ""ensemble"", ""har_train_min"": 403, ""lookback"": 50, ""overlay"": false, ""static_exposure"": null, ""target"": 0.11, ""threshold"": 0.05, ""trial_id"": ""E1-11"", ""universe"": [""SPY"", ""TLT"", ""GLD""]}",5.0 bp risky purchases+sales; borrow rf+50.0 bp,results/20261004T003009-2f16c796/E1-11-lookback_low_base-08c08fcf3e.csv,completed,No OOS retuning; diagnostic not eligible for selection,False
E1-11-lookback_high-348bbb03a1,2026-10-04T00:32:11.348109+00:00,26552dd9c109058ba93a75bb8ba5de1f6a85585b,26552dd9c109058ba93a75bb8ba5de1f6a85585b,e5f957a2b78b4a08cede2183cd59012f73beaffc38f0821d43bb458df08be222:5eb2ada6d8d007969c111064ae6c5de089e8bd61c0156cb49cc98484cea2b5d9,9e2dab8a2708b97c55f5bc1e5d55c749498522d77166e6864333fcbff24c29be,development+reused_validation,"{""base"": ""equal"", ""borrow_bps"": 50.0, ""cap"": 1.0, ""control"": ""event"", ""covariance_days"": 151, ""diagnostic"": ""lookback_high"", ""family"": ""ensemble"", ""har_train_min"": 605, ""lookback"": 76, ""overlay"": true, ""static_exposure"": null, ""target"": 0.11, ""threshold"": 0.05, ""trial_id"": ""E1-11"", ""universe"": [""SPY"", ""TLT"", ""GLD""]}",5.0 bp risky purchases+sales; borrow rf+50.0 bp,results/20261004T003009-2f16c796/E1-11-lookback_high-348bbb03a1.csv,started,Attempt retained even if process fails,False
E1-11-lookback_high-348bbb03a1,2026-10-04T00:32:11.348109+00:00,26552dd9c109058ba93a75bb8ba5de1f6a85585b,26552dd9c109058ba93a75bb8ba5de1f6a85585b,e5f957a2b78b4a08cede2183cd59012f73beaffc38f0821d43bb458df08be222:5eb2ada6d8d007969c111064ae6c5de089e8bd61c0156cb49cc98484cea2b5d9,9e2dab8a2708b97c55f5bc1e5d55c749498522d77166e6864333fcbff24c29be,development+reused_validation,"{""base"": ""equal"", ""borrow_bps"": 50.0, ""cap"": 1.0, ""control"": ""event"", ""covariance_days"": 151, ""diagnostic"": ""lookback_high"", ""family"": ""ensemble"", ""har_train_min"": 605, ""lookback"": 76, ""overlay"": true, ""static_exposure"": null, ""target"": 0.11, ""threshold"": 0.05, ""trial_id"": ""E1-11"", ""universe"": [""SPY"", ""TLT"", ""GLD""]}",5.0 bp risky purchases+sales; borrow rf+50.0 bp,results/20261004T003009-2f16c796/E1-11-lookback_high-348bbb03a1.csv,completed,No OOS retuning; diagnostic not eligible for selection,False
E1-11-lookback_high_base-267060a5e0,2026-10-04T00:32:12.834165+00:00,26552dd9c109058ba93a75bb8ba5de1f6a85585b,26552dd9c109058ba93a75bb8ba5de1f6a85585b,e5f957a2b78b4a08cede2183cd59012f73beaffc38f0821d43bb458df08be222:5eb2ada6d8d007969c111064ae6c5de089e8bd61c0156cb49cc98484cea2b5d9,fd31b4f81344e4328720246cb353002ccc7ebd5581e0fd9149af331a298a2499,development+reused_validation,"{""base"": ""equal"", ""borrow_bps"": 50.0, ""cap"": 1.0, ""control"": ""event"", ""covariance_days"": 151, ""diagnostic"": ""lookback_high_base"", ""family"": ""ensemble"", ""har_train_min"": 605, ""lookback"": 76, ""overlay"": false, ""static_exposure"": null, ""target"": 0.11, ""threshold"": 0.05, ""trial_id"": ""E1-11"", ""universe"": [""SPY"", ""TLT"", ""GLD""]}",5.0 bp risky purchases+sales; borrow rf+50.0 bp,results/20261004T003009-2f16c796/E1-11-lookback_high_base-267060a5e0.csv,started,Attempt retained even if process fails,False
E1-11-lookback_high_base-267060a5e0,2026-10-04T00:32:12.834165+00:00,26552dd9c109058ba93a75bb8ba5de1f6a85585b,26552dd9c109058ba93a75bb8ba5de1f6a85585b,e5f957a2b78b4a08cede2183cd59012f73beaffc38f0821d43bb458df08be222:5eb2ada6d8d007969c111064ae6c5de089e8bd61c0156cb49cc98484cea2b5d9,fd31b4f81344e4328720246cb353002ccc7ebd5581e0fd9149af331a298a2499,development+reused_validation,"{""base"": ""equal"", ""borrow_bps"": 50.0, ""cap"": 1.0, ""control"": ""event"", ""covariance_days"": 151, ""diagnostic"": ""lookback_high_base"", ""family"": ""ensemble"", ""har_train_min"": 605, ""lookback"": 76, ""overlay"": false, ""static_exposure"": null, ""target"": 0.11, ""threshold"": 0.05, ""trial_id"": ""E1-11"", ""universe"": [""SPY"", ""TLT"", ""GLD""]}",5.0 bp risky purchases+sales; borrow rf+50.0 bp,results/20261004T003009-2f16c796/E1-11-lookback_high_base-267060a5e0.csv,completed,No OOS retuning; diagnostic not eligible for selection,False
E1-11-trigger_low-80c381db08,2026-10-04T00:32:14.305583+00:00,26552dd9c109058ba93a75bb8ba5de1f6a85585b,26552dd9c109058ba93a75bb8ba5de1f6a85585b,e5f957a2b78b4a08cede2183cd59012f73beaffc38f0821d43bb458df08be222:5eb2ada6d8d007969c111064ae6c5de089e8bd61c0156cb49cc98484cea2b5d9,58faf3987c307eb01d00fc72ce4315cdbcd9ccd3df911c3e27794c2884c98561,development+reused_validation,"{""base"": ""equal"", ""borrow_bps"": 50.0, ""cap"": 1.0, ""control"": ""event"", ""covariance_days"": 126, ""diagnostic"": ""trigger_low"", ""family"": ""ensemble"", ""har_train_min"": 504, ""lookback"": 63, ""overlay"": true, ""static_exposure"": null, ""target"": 0.11, ""threshold"": 0.04, ""trial_id"": ""E1-11"", ""universe"": [""SPY"", ""TLT"", ""GLD""]}",5.0 bp risky purchases+sales; borrow rf+50.0 bp,results/20261004T003009-2f16c796/E1-11-trigger_low-80c381db08.csv,started,Attempt retained even if process fails,False
E1-11-trigger_low-80c381db08,2026-10-04T00:32:14.305583+00:00,26552dd9c109058ba93a75bb8ba5de1f6a85585b,26552dd9c109058ba93a75bb8ba5de1f6a85585b,e5f957a2b78b4a08cede2183cd59012f73beaffc38f0821d43bb458df08be222:5eb2ada6d8d007969c111064ae6c5de089e8bd61c0156cb49cc98484cea2b5d9,58faf3987c307eb01d00fc72ce4315cdbcd9ccd3df911c3e27794c2884c98561,development+reused_validation,"{""base"": ""equal"", ""borrow_bps"": 50.0, ""cap"": 1.0, ""control"": ""event"", ""covariance_days"": 126, ""diagnostic"": ""trigger_low"", ""family"": ""ensemble"", ""har_train_min"": 504, ""lookback"": 63, ""overlay"": true, ""static_exposure"": null, ""target"": 0.11, ""threshold"": 0.04, ""trial_id"": ""E1-11"", ""universe"": [""SPY"", ""TLT"", ""GLD""]}",5.0 bp risky purchases+sales; borrow rf+50.0 bp,results/20261004T003009-2f16c796/E1-11-trigger_low-80c381db08.csv,completed,No OOS retuning; diagnostic not eligible for selection,False
E1-11-trigger_low_base-0777ecd41c,2026-10-04T00:32:15.820690+00:00,26552dd9c109058ba93a75bb8ba5de1f6a85585b,26552dd9c109058ba93a75bb8ba5de1f6a85585b,e5f957a2b78b4a08cede2183cd59012f73beaffc38f0821d43bb458df08be222:5eb2ada6d8d007969c111064ae6c5de089e8bd61c0156cb49cc98484cea2b5d9,5ec53426de93f3d8dadca7b19af23ed6dea11a057964aa7db57147df5e4b9a86,development+reused_validation,"{""base"": ""equal"", ""borrow_bps"": 50.0, ""cap"": 1.0, ""control"": ""event"", ""covariance_days"": 126, ""diagnostic"": ""trigger_low_base"", ""family"": ""ensemble"", ""har_train_min"": 504, ""lookback"": 63, ""overlay"": false, ""static_exposure"": null, ""target"": 0.11, ""threshold"": 0.04, ""trial_id"": ""E1-11"", ""universe"": [""SPY"", ""TLT"", ""GLD""]}",5.0 bp risky purchases+sales; borrow rf+50.0 bp,results/20261004T003009-2f16c796/E1-11-trigger_low_base-0777ecd41c.csv,started,Attempt retained even if process fails,False
E1-11-trigger_low_base-0777ecd41c,2026-10-04T00:32:15.820690+00:00,26552dd9c109058ba93a75bb8ba5de1f6a85585b,26552dd9c109058ba93a75bb8ba5de1f6a85585b,e5f957a2b78b4a08cede2183cd59012f73beaffc38f0821d43bb458df08be222:5eb2ada6d8d007969c111064ae6c5de089e8bd61c0156cb49cc98484cea2b5d9,5ec53426de93f3d8dadca7b19af23ed6dea11a057964aa7db57147df5e4b9a86,development+reused_validation,"{""base"": ""equal"", ""borrow_bps"": 50.0, ""cap"": 1.0, ""control"": ""event"", ""covariance_days"": 126, ""diagnostic"": ""trigger_low_base"", ""family"": ""ensemble"", ""har_train_min"": 504, ""lookback"": 63, ""overlay"": false, ""static_exposure"": null, ""target"": 0.11, ""threshold"": 0.04, ""trial_id"": ""E1-11"", ""universe"": [""SPY"", ""TLT"", ""GLD""]}",5.0 bp risky purchases+sales; borrow rf+50.0 bp,results/20261004T003009-2f16c796/E1-11-trigger_low_base-0777ecd41c.csv,completed,No OOS retuning; diagnostic not eligible for selection,False
E1-11-trigger_high-6e919ce900,2026-10-04T00:32:17.299714+00:00,26552dd9c109058ba93a75bb8ba5de1f6a85585b,26552dd9c109058ba93a75bb8ba5de1f6a85585b,e5f957a2b78b4a08cede2183cd59012f73beaffc38f0821d43bb458df08be222:5eb2ada6d8d007969c111064ae6c5de089e8bd61c0156cb49cc98484cea2b5d9,0191253ef98348cfdaa9d6168b3e2ab61f36c4deaa01f0446ef71204483d5f91,development+reused_validation,"{""base"": ""equal"", ""borrow_bps"": 50.0, ""cap"": 1.0, ""control"": ""event"", ""covariance_days"": 126, ""diagnostic"": ""trigger_high"", ""family"": ""ensemble"", ""har_train_min"": 504, ""lookback"": 63, ""overlay"": true, ""static_exposure"": null, ""target"": 0.11, ""threshold"": 0.06, ""trial_id"": ""E1-11"", ""universe"": [""SPY"", ""TLT"", ""GLD""]}",5.0 bp risky purchases+sales; borrow rf+50.0 bp,results/20261004T003009-2f16c796/E1-11-trigger_high-6e919ce900.csv,started,Attempt retained even if process fails,False
E1-11-trigger_high-6e919ce900,2026-10-04T00:32:17.299714+00:00,26552dd9c109058ba93a75bb8ba5de1f6a85585b,26552dd9c109058ba93a75bb8ba5de1f6a85585b,e5f957a2b78b4a08cede2183cd59012f73beaffc38f0821d43bb458df08be222:5eb2ada6d8d007969c111064ae6c5de089e8bd61c0156cb49cc98484cea2b5d9,0191253ef98348cfdaa9d6168b3e2ab61f36c4deaa01f0446ef71204483d5f91,development+reused_validation,"{""base"": ""equal"", ""borrow_bps"": 50.0, ""cap"": 1.0, ""control"": ""event"", ""covariance_days"": 126, ""diagnostic"": ""trigger_high"", ""family"": ""ensemble"", ""har_train_min"": 504, ""lookback"": 63, ""overlay"": true, ""static_exposure"": null, ""target"": 0.11, ""threshold"": 0.06, ""trial_id"": ""E1-11"", ""universe"": [""SPY"", ""TLT"", ""GLD""]}",5.0 bp risky purchases+sales; borrow rf+50.0 bp,results/20261004T003009-2f16c796/E1-11-trigger_high-6e919ce900.csv,completed,No OOS retuning; diagnostic not eligible for selection,False
E1-11-trigger_high_base-b49604d91b,2026-10-04T00:32:18.815202+00:00,26552dd9c109058ba93a75bb8ba5de1f6a85585b,26552dd9c109058ba93a75bb8ba5de1f6a85585b,e5f957a2b78b4a08cede2183cd59012f73beaffc38f0821d43bb458df08be222:5eb2ada6d8d007969c111064ae6c5de089e8bd61c0156cb49cc98484cea2b5d9,cfbe2973ffa0a630bfe788b2b355dd86e4165cee59f80b56c409b76847374da8,development+reused_validation,"{""base"": ""equal"", ""borrow_bps"": 50.0, ""cap"": 1.0, ""control"": ""event"", ""covariance_days"": 126, ""diagnostic"": ""trigger_high_base"", ""family"": ""ensemble"", ""har_train_min"": 504, ""lookback"": 63, ""overlay"": false, ""static_exposure"": null, ""target"": 0.11, ""threshold"": 0.06, ""trial_id"": ""E1-11"", ""universe"": [""SPY"", ""TLT"", ""GLD""]}",5.0 bp risky purchases+sales; borrow rf+50.0 bp,results/20261004T003009-2f16c796/E1-11-trigger_high_base-b49604d91b.csv,started,Attempt retained even if process fails,False
E1-11-trigger_high_base-b49604d91b,2026-10-04T00:32:18.815202+00:00,26552dd9c109058ba93a75bb8ba5de1f6a85585b,26552dd9c109058ba93a75bb8ba5de1f6a85585b,e5f957a2b78b4a08cede2183cd59012f73beaffc38f0821d43bb458df08be222:5eb2ada6d8d007969c111064ae6c5de089e8bd61c0156cb49cc98484cea2b5d9,cfbe2973ffa0a630bfe788b2b355dd86e4165cee59f80b56c409b76847374da8,development+reused_validation,"{""base"": ""equal"", ""borrow_bps"": 50.0, ""cap"": 1.0, ""control"": ""event"", ""covariance_days"": 126, ""diagnostic"": ""trigger_high_base"", ""family"": ""ensemble"", ""har_train_min"": 504, ""lookback"": 63, ""overlay"": false, ""static_exposure"": null, ""target"": 0.11, ""threshold"": 0.06, ""trial_id"": ""E1-11"", ""universe"": [""SPY"", ""TLT"", ""GLD""]}",5.0 bp risky purchases+sales; borrow rf+50.0 bp,results/20261004T003009-2f16c796/E1-11-trigger_high_base-b49604d91b.csv,completed,No OOS retuning; diagnostic not eligible for selection,False
E2-double_cost-7d46e7c071,2026-10-04T00:32:20.346540+00:00,26552dd9c109058ba93a75bb8ba5de1f6a85585b,26552dd9c109058ba93a75bb8ba5de1f6a85585b,e5f957a2b78b4a08cede2183cd59012f73beaffc38f0821d43bb458df08be222:5eb2ada6d8d007969c111064ae6c5de089e8bd61c0156cb49cc98484cea2b5d9,5b478a96796f02c2dfe1344042b3f66d5a3077ccb37f893d40bd16cc25965ae1,development+reused_validation,"{""base"": ""equal"", ""borrow_bps"": 50.0, ""cap"": 1.0, ""control"": ""event"", ""covariance_days"": 126, ""diagnostic"": ""double_cost"", ""family"": ""har"", ""har_train_min"": 504, ""lookback"": 63, ""overlay"": true, ""static_exposure"": null, ""target"": 0.1, ""threshold"": 0.05, ""trial_id"": ""E2"", ""universe"": [""SPY"", ""TLT"", ""GLD""]}",10 bp risky purchases+sales; borrow rf+50.0 bp,results/20261004T003009-2f16c796/E2-double_cost-7d46e7c071.csv,started,Attempt retained even if process fails,False
E2-double_cost-7d46e7c071,2026-10-04T00:32:20.346540+00:00,26552dd9c109058ba93a75bb8ba5de1f6a85585b,26552dd9c109058ba93a75bb8ba5de1f6a85585b,e5f957a2b78b4a08cede2183cd59012f73beaffc38f0821d43bb458df08be222:5eb2ada6d8d007969c111064ae6c5de089e8bd61c0156cb49cc98484cea2b5d9,5b478a96796f02c2dfe1344042b3f66d5a3077ccb37f893d40bd16cc25965ae1,development+reused_validation,"{""base"": ""equal"", ""borrow_bps"": 50.0, ""cap"": 1.0, ""control"": ""event"", ""covariance_days"": 126, ""diagnostic"": ""double_cost"", ""family"": ""har"", ""har_train_min"": 504, ""lookback"": 63, ""overlay"": true, ""static_exposure"": null, ""target"": 0.1, ""threshold"": 0.05, ""trial_id"": ""E2"", ""universe"": [""SPY"", ""TLT"", ""GLD""]}",10 bp risky purchases+sales; borrow rf+50.0 bp,results/20261004T003009-2f16c796/E2-double_cost-7d46e7c071.csv,completed,No OOS retuning; diagnostic not eligible for selection,False
E2-double_cost_base-0adc62f34a,2026-10-04T00:32:23.379772+00:00,26552dd9c109058ba93a75bb8ba5de1f6a85585b,26552dd9c109058ba93a75bb8ba5de1f6a85585b,e5f957a2b78b4a08cede2183cd59012f73beaffc38f0821d43bb458df08be222:5eb2ada6d8d007969c111064ae6c5de089e8bd61c0156cb49cc98484cea2b5d9,a80f2b8c8fe1beaf420da6ec6521f36e4a0cd6f765414392a4c2db53fd85c532,development+reused_validation,"{""base"": ""equal"", ""borrow_bps"": 50.0, ""cap"": 1.0, ""control"": ""event"", ""covariance_days"": 126, ""diagnostic"": ""double_cost_base"", ""family"": ""har"", ""har_train_min"": 504, ""lookback"": 63, ""overlay"": false, ""static_exposure"": null, ""target"": 0.1, ""threshold"": 0.05, ""trial_id"": ""E2"", ""universe"": [""SPY"", ""TLT"", ""GLD""]}",10 bp risky purchases+sales; borrow rf+50.0 bp,results/20261004T003009-2f16c796/E2-double_cost_base-0adc62f34a.csv,started,Attempt retained even if process fails,False
E2-double_cost_base-0adc62f34a,2026-10-04T00:32:23.379772+00:00,26552dd9c109058ba93a75bb8ba5de1f6a85585b,26552dd9c109058ba93a75bb8ba5de1f6a85585b,e5f957a2b78b4a08cede2183cd59012f73beaffc38f0821d43bb458df08be222:5eb2ada6d8d007969c111064ae6c5de089e8bd61c0156cb49cc98484cea2b5d9,a80f2b8c8fe1beaf420da6ec6521f36e4a0cd6f765414392a4c2db53fd85c532,development+reused_validation,"{""base"": ""equal"", ""borrow_bps"": 50.0, ""cap"": 1.0, ""control"": ""event"", ""covariance_days"": 126, ""diagnostic"": ""double_cost_base"", ""family"": ""har"", ""har_train_min"": 504, ""lookback"": 63, ""overlay"": false, ""static_exposure"": null, ""target"": 0.1, ""threshold"": 0.05, ""trial_id"": ""E2"", ""universe"": [""SPY"", ""TLT"", ""GLD""]}",10 bp risky purchases+sales; borrow rf+50.0 bp,results/20261004T003009-2f16c796/E2-double_cost_base-0adc62f34a.csv,completed,No OOS retuning; diagnostic not eligible for selection,False
E2-target_low-beb3749b68,2026-10-04T00:32:26.511917+00:00,26552dd9c109058ba93a75bb8ba5de1f6a85585b,26552dd9c109058ba93a75bb8ba5de1f6a85585b,e5f957a2b78b4a08cede2183cd59012f73beaffc38f0821d43bb458df08be222:5eb2ada6d8d007969c111064ae6c5de089e8bd61c0156cb49cc98484cea2b5d9,7889897c4d6485d2e00d7a0974b53b0bf627276f0518aac6ec0a149bf6080aa1,development+reused_validation,"{""base"": ""equal"", ""borrow_bps"": 50.0, ""cap"": 1.0, ""control"": ""event"", ""covariance_days"": 126, ""diagnostic"": ""target_low"", ""family"": ""har"", ""har_train_min"": 504, ""lookback"": 63, ""overlay"": true, ""static_exposure"": null, ""target"": 0.09000000000000001, ""threshold"": 0.05, ""trial_id"": ""E2"", ""universe"": [""SPY"", ""TLT"", ""GLD""]}",5.0 bp risky purchases+sales; borrow rf+50.0 bp,results/20261004T003009-2f16c796/E2-target_low-beb3749b68.csv,started,Attempt retained even if process fails,False
E2-target_low-beb3749b68,2026-10-04T00:32:26.511917+00:00,26552dd9c109058ba93a75bb8ba5de1f6a85585b,26552dd9c109058ba93a75bb8ba5de1f6a85585b,e5f957a2b78b4a08cede2183cd59012f73beaffc38f0821d43bb458df08be222:5eb2ada6d8d007969c111064ae6c5de089e8bd61c0156cb49cc98484cea2b5d9,7889897c4d6485d2e00d7a0974b53b0bf627276f0518aac6ec0a149bf6080aa1,development+reused_validation,"{""base"": ""equal"", ""borrow_bps"": 50.0, ""cap"": 1.0, ""control"": ""event"", ""covariance_days"": 126, ""diagnostic"": ""target_low"", ""family"": ""har"", ""har_train_min"": 504, ""lookback"": 63, ""overlay"": true, ""static_exposure"": null, ""target"": 0.09000000000000001, ""threshold"": 0.05, ""trial_id"": ""E2"", ""universe"": [""SPY"", ""TLT"", ""GLD""]}",5.0 bp risky purchases+sales; borrow rf+50.0 bp,results/20261004T003009-2f16c796/E2-target_low-beb3749b68.csv,completed,No OOS retuning; diagnostic not eligible for selection,False
E2-target_low_base-56ed271f3d,2026-10-04T00:32:29.557493+00:00,26552dd9c109058ba93a75bb8ba5de1f6a85585b,26552dd9c109058ba93a75bb8ba5de1f6a85585b,e5f957a2b78b4a08cede2183cd59012f73beaffc38f0821d43bb458df08be222:5eb2ada6d8d007969c111064ae6c5de089e8bd61c0156cb49cc98484cea2b5d9,6c606779338ed91e7b67887b5247411607dc9839e55fb4ae5689d800512c608d,development+reused_validation,"{""base"": ""equal"", ""borrow_bps"": 50.0, ""cap"": 1.0, ""control"": ""event"", ""covariance_days"": 126, ""diagnostic"": ""target_low_base"", ""family"": ""har"", ""har_train_min"": 504, ""lookback"": 63, ""overlay"": false, ""static_exposure"": null, ""target"": 0.09000000000000001, ""threshold"": 0.05, ""trial_id"": ""E2"", ""universe"": [""SPY"", ""TLT"", ""GLD""]}",5.0 bp risky purchases+sales; borrow rf+50.0 bp,results/20261004T003009-2f16c796/E2-target_low_base-56ed271f3d.csv,started,Attempt retained even if process fails,False
E2-target_low_base-56ed271f3d,2026-10-04T00:32:29.557493+00:00,26552dd9c109058ba93a75bb8ba5de1f6a85585b,26552dd9c109058ba93a75bb8ba5de1f6a85585b,e5f957a2b78b4a08cede2183cd59012f73beaffc38f0821d43bb458df08be222:5eb2ada6d8d007969c111064ae6c5de089e8bd61c0156cb49cc98484cea2b5d9,6c606779338ed91e7b67887b5247411607dc9839e55fb4ae5689d800512c608d,development+reused_validation,"{""base"": ""equal"", ""borrow_bps"": 50.0, ""cap"": 1.0, ""control"": ""event"", ""covariance_days"": 126, ""diagnostic"": ""target_low_base"", ""family"": ""har"", ""har_train_min"": 504, ""lookback"": 63, ""overlay"": false, ""static_exposure"": null, ""target"": 0.09000000000000001, ""threshold"": 0.05, ""trial_id"": ""E2"", ""universe"": [""SPY"", ""TLT"", ""GLD""]}",5.0 bp risky purchases+sales; borrow rf+50.0 bp,results/20261004T003009-2f16c796/E2-target_low_base-56ed271f3d.csv,completed,No OOS retuning; diagnostic not eligible for selection,False
E2-target_high-52e90dfac4,2026-10-04T00:32:32.651326+00:00,26552dd9c109058ba93a75bb8ba5de1f6a85585b,26552dd9c109058ba93a75bb8ba5de1f6a85585b,e5f957a2b78b4a08cede2183cd59012f73beaffc38f0821d43bb458df08be222:5eb2ada6d8d007969c111064ae6c5de089e8bd61c0156cb49cc98484cea2b5d9,398f190ba502bdc80f976fd8db426f43f06857077f77e86e3188fa8ba62231aa,development+reused_validation,"{""base"": ""equal"", ""borrow_bps"": 50.0, ""cap"": 1.0, ""control"": ""event"", ""covariance_days"": 126, ""diagnostic"": ""target_high"", ""family"": ""har"", ""har_train_min"": 504, ""lookback"": 63, ""overlay"": true, ""static_exposure"": null, ""target"": 0.11, ""threshold"": 0.05, ""trial_id"": ""E2"", ""universe"": [""SPY"", ""TLT"", ""GLD""]}",5.0 bp risky purchases+sales; borrow rf+50.0 bp,results/20261004T003009-2f16c796/E2-target_high-52e90dfac4.csv,started,Attempt retained even if process fails,False
E2-target_high-52e90dfac4,2026-10-04T00:32:32.651326+00:00,26552dd9c109058ba93a75bb8ba5de1f6a85585b,26552dd9c109058ba93a75bb8ba5de1f6a85585b,e5f957a2b78b4a08cede2183cd59012f73beaffc38f0821d43bb458df08be222:5eb2ada6d8d007969c111064ae6c5de089e8bd61c0156cb49cc98484cea2b5d9,398f190ba502bdc80f976fd8db426f43f06857077f77e86e3188fa8ba62231aa,development+reused_validation,"{""base"": ""equal"", ""borrow_bps"": 50.0, ""cap"": 1.0, ""control"": ""event"", ""covariance_days"": 126, ""diagnostic"": ""target_high"", ""family"": ""har"", ""har_train_min"": 504, ""lookback"": 63, ""overlay"": true, ""static_exposure"": null, ""target"": 0.11, ""threshold"": 0.05, ""trial_id"": ""E2"", ""universe"": [""SPY"", ""TLT"", ""GLD""]}",5.0 bp risky purchases+sales; borrow rf+50.0 bp,results/20261004T003009-2f16c796/E2-target_high-52e90dfac4.csv,completed,No OOS retuning; diagnostic not eligible for selection,False
E2-target_high_base-78aacfae5d,2026-10-04T00:32:35.739462+00:00,26552dd9c109058ba93a75bb8ba5de1f6a85585b,26552dd9c109058ba93a75bb8ba5de1f6a85585b,e5f957a2b78b4a08cede2183cd59012f73beaffc38f0821d43bb458df08be222:5eb2ada6d8d007969c111064ae6c5de089e8bd61c0156cb49cc98484cea2b5d9,291be0642bc5dd551fec77420415b6642060e02858051bf9b632a7c5dfa634a1,development+reused_validation,"{""base"": ""equal"", ""borrow_bps"": 50.0, ""cap"": 1.0, ""control"": ""event"", ""covariance_days"": 126, ""diagnostic"": ""target_high_base"", ""family"": ""har"", ""har_train_min"": 504, ""lookback"": 63, ""overlay"": false, ""static_exposure"": null, ""target"": 0.11, ""threshold"": 0.05, ""trial_id"": ""E2"", ""universe"": [""SPY"", ""TLT"", ""GLD""]}",5.0 bp risky purchases+sales; borrow rf+50.0 bp,results/20261004T003009-2f16c796/E2-target_high_base-78aacfae5d.csv,started,Attempt retained even if process fails,False
E2-target_high_base-78aacfae5d,2026-10-04T00:32:35.739462+00:00,26552dd9c109058ba93a75bb8ba5de1f6a85585b,26552dd9c109058ba93a75bb8ba5de1f6a85585b,e5f957a2b78b4a08cede2183cd59012f73beaffc38f0821d43bb458df08be222:5eb2ada6d8d007969c111064ae6c5de089e8bd61c0156cb49cc98484cea2b5d9,291be0642bc5dd551fec77420415b6642060e02858051bf9b632a7c5dfa634a1,development+reused_validation,"{""base"": ""equal"", ""borrow_bps"": 50.0, ""cap"": 1.0, ""control"": ""event"", ""covariance_days"": 126, ""diagnostic"": ""target_high_base"", ""family"": ""har"", ""har_train_min"": 504, ""lookback"": 63, ""overlay"": false, ""static_exposure"": null, ""target"": 0.11, ""threshold"": 0.05, ""trial_id"": ""E2"", ""universe"": [""SPY"", ""TLT"", ""GLD""]}",5.0 bp risky purchases+sales; borrow rf+50.0 bp,results/20261004T003009-2f16c796/E2-target_high_base-78aacfae5d.csv,completed,No OOS retuning; diagnostic not eligible for selection,False
E2-lookback_low-4c747bf1ee,2026-10-04T00:32:38.723488+00:00,26552dd9c109058ba93a75bb8ba5de1f6a85585b,26552dd9c109058ba93a75bb8ba5de1f6a85585b,e5f957a2b78b4a08cede2183cd59012f73beaffc38f0821d43bb458df08be222:5eb2ada6d8d007969c111064ae6c5de089e8bd61c0156cb49cc98484cea2b5d9,e966fb589f9c24bfb40a1b69cf27d761a22319c2040b9ff64d750569a043e517,development+reused_validation,"{""base"": ""equal"", ""borrow_bps"": 50.0, ""cap"": 1.0, ""control"": ""event"", ""covariance_days"": 101, ""diagnostic"": ""lookback_low"", ""family"": ""har"", ""har_train_min"": 403, ""lookback"": 50, ""overlay"": true, ""static_exposure"": null, ""target"": 0.1, ""threshold"": 0.05, ""trial_id"": ""E2"", ""universe"": [""SPY"", ""TLT"", ""GLD""]}",5.0 bp risky purchases+sales; borrow rf+50.0 bp,results/20261004T003009-2f16c796/E2-lookback_low-4c747bf1ee.csv,started,Attempt retained even if process fails,False
E2-lookback_low-4c747bf1ee,2026-10-04T00:32:38.723488+00:00,26552dd9c109058ba93a75bb8ba5de1f6a85585b,26552dd9c109058ba93a75bb8ba5de1f6a85585b,e5f957a2b78b4a08cede2183cd59012f73beaffc38f0821d43bb458df08be222:5eb2ada6d8d007969c111064ae6c5de089e8bd61c0156cb49cc98484cea2b5d9,e966fb589f9c24bfb40a1b69cf27d761a22319c2040b9ff64d750569a043e517,development+reused_validation,"{""base"": ""equal"", ""borrow_bps"": 50.0, ""cap"": 1.0, ""control"": ""event"", ""covariance_days"": 101, ""diagnostic"": ""lookback_low"", ""family"": ""har"", ""har_train_min"": 403, ""lookback"": 50, ""overlay"": true, ""static_exposure"": null, ""target"": 0.1, ""threshold"": 0.05, ""trial_id"": ""E2"", ""universe"": [""SPY"", ""TLT"", ""GLD""]}",5.0 bp risky purchases+sales; borrow rf+50.0 bp,results/20261004T003009-2f16c796/E2-lookback_low-4c747bf1ee.csv,completed,No OOS retuning; diagnostic not eligible for selection,False
E2-lookback_low_base-547f99bc11,2026-10-04T00:32:41.709507+00:00,26552dd9c109058ba93a75bb8ba5de1f6a85585b,26552dd9c109058ba93a75bb8ba5de1f6a85585b,e5f957a2b78b4a08cede2183cd59012f73beaffc38f0821d43bb458df08be222:5eb2ada6d8d007969c111064ae6c5de089e8bd61c0156cb49cc98484cea2b5d9,dd465c516bef1ab6a2c2e7845bb95cb859ba3a1870514bee3ca71b38f5147479,development+reused_validation,"{""base"": ""equal"", ""borrow_bps"": 50.0, ""cap"": 1.0, ""control"": ""event"", ""covariance_days"": 101, ""diagnostic"": ""lookback_low_base"", ""family"": ""har"", ""har_train_min"": 403, ""lookback"": 50, ""overlay"": false, ""static_exposure"": null, ""target"": 0.1, ""threshold"": 0.05, ""trial_id"": ""E2"", ""universe"": [""SPY"", ""TLT"", ""GLD""]}",5.0 bp risky purchases+sales; borrow rf+50.0 bp,results/20261004T003009-2f16c796/E2-lookback_low_base-547f99bc11.csv,started,Attempt retained even if process fails,False
E2-lookback_low_base-547f99bc11,2026-10-04T00:32:41.709507+00:00,26552dd9c109058ba93a75bb8ba5de1f6a85585b,26552dd9c109058ba93a75bb8ba5de1f6a85585b,e5f957a2b78b4a08cede2183cd59012f73beaffc38f0821d43bb458df08be222:5eb2ada6d8d007969c111064ae6c5de089e8bd61c0156cb49cc98484cea2b5d9,dd465c516bef1ab6a2c2e7845bb95cb859ba3a1870514bee3ca71b38f5147479,development+reused_validation,"{""base"": ""equal"", ""borrow_bps"": 50.0, ""cap"": 1.0, ""control"": ""event"", ""covariance_days"": 101, ""diagnostic"": ""lookback_low_base"", ""family"": ""har"", ""har_train_min"": 403, ""lookback"": 50, ""overlay"": false, ""static_exposure"": null, ""target"": 0.1, ""threshold"": 0.05, ""trial_id"": ""E2"", ""universe"": [""SPY"", ""TLT"", ""GLD""]}",5.0 bp risky purchases+sales; borrow rf+50.0 bp,results/20261004T003009-2f16c796/E2-lookback_low_base-547f99bc11.csv,completed,No OOS retuning; diagnostic not eligible for selection,False
E2-lookback_high-3f4d992125,2026-10-04T00:32:44.763069+00:00,26552dd9c109058ba93a75bb8ba5de1f6a85585b,26552dd9c109058ba93a75bb8ba5de1f6a85585b,e5f957a2b78b4a08cede2183cd59012f73beaffc38f0821d43bb458df08be222:5eb2ada6d8d007969c111064ae6c5de089e8bd61c0156cb49cc98484cea2b5d9,5ba2edb9e0881145f9f1caf2ff44ac43ee4e50aac72932aa51a59636588a6e2e,development+reused_validation,"{""base"": ""equal"", ""borrow_bps"": 50.0, ""cap"": 1.0, ""control"": ""event"", ""covariance_days"": 151, ""diagnostic"": ""lookback_high"", ""family"": ""har"", ""har_train_min"": 605, ""lookback"": 76, ""overlay"": true, ""static_exposure"": null, ""target"": 0.1, ""threshold"": 0.05, ""trial_id"": ""E2"", ""universe"": [""SPY"", ""TLT"", ""GLD""]}",5.0 bp risky purchases+sales; borrow rf+50.0 bp,results/20261004T003009-2f16c796/E2-lookback_high-3f4d992125.csv,started,Attempt retained even if process fails,False
E2-lookback_high-3f4d992125,2026-10-04T00:32:44.763069+00:00,26552dd9c109058ba93a75bb8ba5de1f6a85585b,26552dd9c109058ba93a75bb8ba5de1f6a85585b,e5f957a2b78b4a08cede2183cd59012f73beaffc38f0821d43bb458df08be222:5eb2ada6d8d007969c111064ae6c5de089e8bd61c0156cb49cc98484cea2b5d9,5ba2edb9e0881145f9f1caf2ff44ac43ee4e50aac72932aa51a59636588a6e2e,development+reused_validation,"{""base"": ""equal"", ""borrow_bps"": 50.0, ""cap"": 1.0, ""control"": ""event"", ""covariance_days"": 151, ""diagnostic"": ""lookback_high"", ""family"": ""har"", ""har_train_min"": 605, ""lookback"": 76, ""overlay"": true, ""static_exposure"": null, ""target"": 0.1, ""threshold"": 0.05, ""trial_id"": ""E2"", ""universe"": [""SPY"", ""TLT"", ""GLD""]}",5.0 bp risky purchases+sales; borrow rf+50.0 bp,results/20261004T003009-2f16c796/E2-lookback_high-3f4d992125.csv,completed,No OOS retuning; diagnostic not eligible for selection,False
E2-lookback_high_base-85a6725379,2026-10-04T00:32:47.818670+00:00,26552dd9c109058ba93a75bb8ba5de1f6a85585b,26552dd9c109058ba93a75bb8ba5de1f6a85585b,e5f957a2b78b4a08cede2183cd59012f73beaffc38f0821d43bb458df08be222:5eb2ada6d8d007969c111064ae6c5de089e8bd61c0156cb49cc98484cea2b5d9,98b94fc16fbbef856017f7372b075b7901fb5d29d199662ea13060fda6402b78,development+reused_validation,"{""base"": ""equal"", ""borrow_bps"": 50.0, ""cap"": 1.0, ""control"": ""event"", ""covariance_days"": 151, ""diagnostic"": ""lookback_high_base"", ""family"": ""har"", ""har_train_min"": 605, ""lookback"": 76, ""overlay"": false, ""static_exposure"": null, ""target"": 0.1, ""threshold"": 0.05, ""trial_id"": ""E2"", ""universe"": [""SPY"", ""TLT"", ""GLD""]}",5.0 bp risky purchases+sales; borrow rf+50.0 bp,results/20261004T003009-2f16c796/E2-lookback_high_base-85a6725379.csv,started,Attempt retained even if process fails,False
E2-lookback_high_base-85a6725379,2026-10-04T00:32:47.818670+00:00,26552dd9c109058ba93a75bb8ba5de1f6a85585b,26552dd9c109058ba93a75bb8ba5de1f6a85585b,e5f957a2b78b4a08cede2183cd59012f73beaffc38f0821d43bb458df08be222:5eb2ada6d8d007969c111064ae6c5de089e8bd61c0156cb49cc98484cea2b5d9,98b94fc16fbbef856017f7372b075b7901fb5d29d199662ea13060fda6402b78,development+reused_validation,"{""base"": ""equal"", ""borrow_bps"": 50.0, ""cap"": 1.0, ""control"": ""event"", ""covariance_days"": 151, ""diagnostic"": ""lookback_high_base"", ""family"": ""har"", ""har_train_min"": 605, ""lookback"": 76, ""overlay"": false, ""static_exposure"": null, ""target"": 0.1, ""threshold"": 0.05, ""trial_id"": ""E2"", ""universe"": [""SPY"", ""TLT"", ""GLD""]}",5.0 bp risky purchases+sales; borrow rf+50.0 bp,results/20261004T003009-2f16c796/E2-lookback_high_base-85a6725379.csv,completed,No OOS retuning; diagnostic not eligible for selection,False
E2-trigger_low-a9c5a58457,2026-10-04T00:32:50.792259+00:00,26552dd9c109058ba93a75bb8ba5de1f6a85585b,26552dd9c109058ba93a75bb8ba5de1f6a85585b,e5f957a2b78b4a08cede2183cd59012f73beaffc38f0821d43bb458df08be222:5eb2ada6d8d007969c111064ae6c5de089e8bd61c0156cb49cc98484cea2b5d9,35951aa55568e909275045ec90165d347537a0612e6c2926010c294ae89db9d8,development+reused_validation,"{""base"": ""equal"", ""borrow_bps"": 50.0, ""cap"": 1.0, ""control"": ""event"", ""covariance_days"": 126, ""diagnostic"": ""trigger_low"", ""family"": ""har"", ""har_train_min"": 504, ""lookback"": 63, ""overlay"": true, ""static_exposure"": null, ""target"": 0.1, ""threshold"": 0.04, ""trial_id"": ""E2"", ""universe"": [""SPY"", ""TLT"", ""GLD""]}",5.0 bp risky purchases+sales; borrow rf+50.0 bp,results/20261004T003009-2f16c796/E2-trigger_low-a9c5a58457.csv,started,Attempt retained even if process fails,False
E2-trigger_low-a9c5a58457,2026-10-04T00:32:50.792259+00:00,26552dd9c109058ba93a75bb8ba5de1f6a85585b,26552dd9c109058ba93a75bb8ba5de1f6a85585b,e5f957a2b78b4a08cede2183cd59012f73beaffc38f0821d43bb458df08be222:5eb2ada6d8d007969c111064ae6c5de089e8bd61c0156cb49cc98484cea2b5d9,35951aa55568e909275045ec90165d347537a0612e6c2926010c294ae89db9d8,development+reused_validation,"{""base"": ""equal"", ""borrow_bps"": 50.0, ""cap"": 1.0, ""control"": ""event"", ""covariance_days"": 126, ""diagnostic"": ""trigger_low"", ""family"": ""har"", ""har_train_min"": 504, ""lookback"": 63, ""overlay"": true, ""static_exposure"": null, ""target"": 0.1, ""threshold"": 0.04, ""trial_id"": ""E2"", ""universe"": [""SPY"", ""TLT"", ""GLD""]}",5.0 bp risky purchases+sales; borrow rf+50.0 bp,results/20261004T003009-2f16c796/E2-trigger_low-a9c5a58457.csv,completed,No OOS retuning; diagnostic not eligible for selection,False
E2-trigger_low_base-a971a1a3f8,2026-10-04T00:32:53.882368+00:00,26552dd9c109058ba93a75bb8ba5de1f6a85585b,26552dd9c109058ba93a75bb8ba5de1f6a85585b,e5f957a2b78b4a08cede2183cd59012f73beaffc38f0821d43bb458df08be222:5eb2ada6d8d007969c111064ae6c5de089e8bd61c0156cb49cc98484cea2b5d9,1528c0acb2058cb603cb60b9d9978c5298c90fd4dd9ecf010f58225e83775092,development+reused_validation,"{""base"": ""equal"", ""borrow_bps"": 50.0, ""cap"": 1.0, ""control"": ""event"", ""covariance_days"": 126, ""diagnostic"": ""trigger_low_base"", ""family"": ""har"", ""har_train_min"": 504, ""lookback"": 63, ""overlay"": false, ""static_exposure"": null, ""target"": 0.1, ""threshold"": 0.04, ""trial_id"": ""E2"", ""universe"": [""SPY"", ""TLT"", ""GLD""]}",5.0 bp risky purchases+sales; borrow rf+50.0 bp,results/20261004T003009-2f16c796/E2-trigger_low_base-a971a1a3f8.csv,started,Attempt retained even if process fails,False
E2-trigger_low_base-a971a1a3f8,2026-10-04T00:32:53.882368+00:00,26552dd9c109058ba93a75bb8ba5de1f6a85585b,26552dd9c109058ba93a75bb8ba5de1f6a85585b,e5f957a2b78b4a08cede2183cd59012f73beaffc38f0821d43bb458df08be222:5eb2ada6d8d007969c111064ae6c5de089e8bd61c0156cb49cc98484cea2b5d9,1528c0acb2058cb603cb60b9d9978c5298c90fd4dd9ecf010f58225e83775092,development+reused_validation,"{""base"": ""equal"", ""borrow_bps"": 50.0, ""cap"": 1.0, ""control"": ""event"", ""covariance_days"": 126, ""diagnostic"": ""trigger_low_base"", ""family"": ""har"", ""har_train_min"": 504, ""lookback"": 63, ""overlay"": false, ""static_exposure"": null, ""target"": 0.1, ""threshold"": 0.04, ""trial_id"": ""E2"", ""universe"": [""SPY"", ""TLT"", ""GLD""]}",5.0 bp risky purchases+sales; borrow rf+50.0 bp,results/20261004T003009-2f16c796/E2-trigger_low_base-a971a1a3f8.csv,completed,No OOS retuning; diagnostic not eligible for selection,False
E2-trigger_high-7866ac4d7b,2026-10-04T00:32:56.951086+00:00,26552dd9c109058ba93a75bb8ba5de1f6a85585b,26552dd9c109058ba93a75bb8ba5de1f6a85585b,e5f957a2b78b4a08cede2183cd59012f73beaffc38f0821d43bb458df08be222:5eb2ada6d8d007969c111064ae6c5de089e8bd61c0156cb49cc98484cea2b5d9,8bfbfbedabfc381dc2118237604f23efdb27e45192ca14c84258ca7ab4fe539c,development+reused_validation,"{""base"": ""equal"", ""borrow_bps"": 50.0, ""cap"": 1.0, ""control"": ""event"", ""covariance_days"": 126, ""diagnostic"": ""trigger_high"", ""family"": ""har"", ""har_train_min"": 504, ""lookback"": 63, ""overlay"": true, ""static_exposure"": null, ""target"": 0.1, ""threshold"": 0.06, ""trial_id"": ""E2"", ""universe"": [""SPY"", ""TLT"", ""GLD""]}",5.0 bp risky purchases+sales; borrow rf+50.0 bp,results/20261004T003009-2f16c796/E2-trigger_high-7866ac4d7b.csv,started,Attempt retained even if process fails,False
E2-trigger_high-7866ac4d7b,2026-10-04T00:32:56.951086+00:00,26552dd9c109058ba93a75bb8ba5de1f6a85585b,26552dd9c109058ba93a75bb8ba5de1f6a85585b,e5f957a2b78b4a08cede2183cd59012f73beaffc38f0821d43bb458df08be222:5eb2ada6d8d007969c111064ae6c5de089e8bd61c0156cb49cc98484cea2b5d9,8bfbfbedabfc381dc2118237604f23efdb27e45192ca14c84258ca7ab4fe539c,development+reused_validation,"{""base"": ""equal"", ""borrow_bps"": 50.0, ""cap"": 1.0, ""control"": ""event"", ""covariance_days"": 126, ""diagnostic"": ""trigger_high"", ""family"": ""har"", ""har_train_min"": 504, ""lookback"": 63, ""overlay"": true, ""static_exposure"": null, ""target"": 0.1, ""threshold"": 0.06, ""trial_id"": ""E2"", ""universe"": [""SPY"", ""TLT"", ""GLD""]}",5.0 bp risky purchases+sales; borrow rf+50.0 bp,results/20261004T003009-2f16c796/E2-trigger_high-7866ac4d7b.csv,completed,No OOS retuning; diagnostic not eligible for selection,False
E2-trigger_high_base-7d377a0a2d,2026-10-04T00:33:00.106771+00:00,26552dd9c109058ba93a75bb8ba5de1f6a85585b,26552dd9c109058ba93a75bb8ba5de1f6a85585b,e5f957a2b78b4a08cede2183cd59012f73beaffc38f0821d43bb458df08be222:5eb2ada6d8d007969c111064ae6c5de089e8bd61c0156cb49cc98484cea2b5d9,c396e9fadb5ee50dddd63d53ef60968ce60869d2e165e0cb0a7308a5abc047a9,development+reused_validation,"{""base"": ""equal"", ""borrow_bps"": 50.0, ""cap"": 1.0, ""control"": ""event"", ""covariance_days"": 126, ""diagnostic"": ""trigger_high_base"", ""family"": ""har"", ""har_train_min"": 504, ""lookback"": 63, ""overlay"": false, ""static_exposure"": null, ""target"": 0.1, ""threshold"": 0.06, ""trial_id"": ""E2"", ""universe"": [""SPY"", ""TLT"", ""GLD""]}",5.0 bp risky purchases+sales; borrow rf+50.0 bp,results/20261004T003009-2f16c796/E2-trigger_high_base-7d377a0a2d.csv,started,Attempt retained even if process fails,False
E2-trigger_high_base-7d377a0a2d,2026-10-04T00:33:00.106771+00:00,26552dd9c109058ba93a75bb8ba5de1f6a85585b,26552dd9c109058ba93a75bb8ba5de1f6a85585b,e5f957a2b78b4a08cede2183cd59012f73beaffc38f0821d43bb458df08be222:5eb2ada6d8d007969c111064ae6c5de089e8bd61c0156cb49cc98484cea2b5d9,c396e9fadb5ee50dddd63d53ef60968ce60869d2e165e0cb0a7308a5abc047a9,development+reused_validation,"{""base"": ""equal"", ""borrow_bps"": 50.0, ""cap"": 1.0, ""control"": ""event"", ""covariance_days"": 126, ""diagnostic"": ""trigger_high_base"", ""family"": ""har"", ""har_train_min"": 504, ""lookback"": 63, ""overlay"": false, ""static_exposure"": null, ""target"": 0.1, ""threshold"": 0.06, ""trial_id"": ""E2"", ""universe"": [""SPY"", ""TLT"", ""GLD""]}",5.0 bp risky purchases+sales; borrow rf+50.0 bp,results/20261004T003009-2f16c796/E2-trigger_high_base-7d377a0a2d.csv,completed,No OOS retuning; diagnostic not eligible for selection,False
E3-20-double_cost-e825ca575f,2026-10-04T00:33:03.225874+00:00,26552dd9c109058ba93a75bb8ba5de1f6a85585b,26552dd9c109058ba93a75bb8ba5de1f6a85585b,e5f957a2b78b4a08cede2183cd59012f73beaffc38f0821d43bb458df08be222:5eb2ada6d8d007969c111064ae6c5de089e8bd61c0156cb49cc98484cea2b5d9,5d6001b93c2069c50f48b0ad78e5c402f936a8f0d7f02ff13e55c0fab6e61e93,development+reused_validation,"{""base"": ""equal"", ""borrow_bps"": 50.0, ""cap"": 1.0, ""control"": ""event"", ""covariance_days"": 126, ""diagnostic"": ""double_cost"", ""family"": ""range"", ""har_train_min"": 504, ""lookback"": 20, ""overlay"": true, ""static_exposure"": null, ""target"": 0.1, ""threshold"": 0.05, ""trial_id"": ""E3-20"", ""universe"": [""SPY"", ""TLT"", ""GLD""]}",10 bp risky purchases+sales; borrow rf+50.0 bp,results/20261004T003009-2f16c796/E3-20-double_cost-e825ca575f.csv,started,Attempt retained even if process fails,False
E3-20-double_cost-e825ca575f,2026-10-04T00:33:03.225874+00:00,26552dd9c109058ba93a75bb8ba5de1f6a85585b,26552dd9c109058ba93a75bb8ba5de1f6a85585b,e5f957a2b78b4a08cede2183cd59012f73beaffc38f0821d43bb458df08be222:5eb2ada6d8d007969c111064ae6c5de089e8bd61c0156cb49cc98484cea2b5d9,5d6001b93c2069c50f48b0ad78e5c402f936a8f0d7f02ff13e55c0fab6e61e93,development+reused_validation,"{""base"": ""equal"", ""borrow_bps"": 50.0, ""cap"": 1.0, ""control"": ""event"", ""covariance_days"": 126, ""diagnostic"": ""double_cost"", ""family"": ""range"", ""har_train_min"": 504, ""lookback"": 20, ""overlay"": true, ""static_exposure"": null, ""target"": 0.1, ""threshold"": 0.05, ""trial_id"": ""E3-20"", ""universe"": [""SPY"", ""TLT"", ""GLD""]}",10 bp risky purchases+sales; borrow rf+50.0 bp,results/20261004T003009-2f16c796/E3-20-double_cost-e825ca575f.csv,completed,No OOS retuning; diagnostic not eligible for selection,False
E3-20-double_cost_base-65c47fa042,2026-10-04T00:33:05.425793+00:00,26552dd9c109058ba93a75bb8ba5de1f6a85585b,26552dd9c109058ba93a75bb8ba5de1f6a85585b,e5f957a2b78b4a08cede2183cd59012f73beaffc38f0821d43bb458df08be222:5eb2ada6d8d007969c111064ae6c5de089e8bd61c0156cb49cc98484cea2b5d9,5f4b13716ad1099e0acd40d37a7b2cddee8aba5cfbab172b424d66b941b835d4,development+reused_validation,"{""base"": ""equal"", ""borrow_bps"": 50.0, ""cap"": 1.0, ""control"": ""event"", ""covariance_days"": 126, ""diagnostic"": ""double_cost_base"", ""family"": ""range"", ""har_train_min"": 504, ""lookback"": 20, ""overlay"": false, ""static_exposure"": null, ""target"": 0.1, ""threshold"": 0.05, ""trial_id"": ""E3-20"", ""universe"": [""SPY"", ""TLT"", ""GLD""]}",10 bp risky purchases+sales; borrow rf+50.0 bp,results/20261004T003009-2f16c796/E3-20-double_cost_base-65c47fa042.csv,started,Attempt retained even if process fails,False
E3-20-double_cost_base-65c47fa042,2026-10-04T00:33:05.425793+00:00,26552dd9c109058ba93a75bb8ba5de1f6a85585b,26552dd9c109058ba93a75bb8ba5de1f6a85585b,e5f957a2b78b4a08cede2183cd59012f73beaffc38f0821d43bb458df08be222:5eb2ada6d8d007969c111064ae6c5de089e8bd61c0156cb49cc98484cea2b5d9,5f4b13716ad1099e0acd40d37a7b2cddee8aba5cfbab172b424d66b941b835d4,development+reused_validation,"{""base"": ""equal"", ""borrow_bps"": 50.0, ""cap"": 1.0, ""control"": ""event"", ""covariance_days"": 126, ""diagnostic"": ""double_cost_base"", ""family"": ""range"", ""har_train_min"": 504, ""lookback"": 20, ""overlay"": false, ""static_exposure"": null, ""target"": 0.1, ""threshold"": 0.05, ""trial_id"": ""E3-20"", ""universe"": [""SPY"", ""TLT"", ""GLD""]}",10 bp risky purchases+sales; borrow rf+50.0 bp,results/20261004T003009-2f16c796/E3-20-double_cost_base-65c47fa042.csv,completed,No OOS retuning; diagnostic not eligible for selection,False
E3-20-target_low-404b96c165,2026-10-04T00:33:07.874680+00:00,26552dd9c109058ba93a75bb8ba5de1f6a85585b,26552dd9c109058ba93a75bb8ba5de1f6a85585b,e5f957a2b78b4a08cede2183cd59012f73beaffc38f0821d43bb458df08be222:5eb2ada6d8d007969c111064ae6c5de089e8bd61c0156cb49cc98484cea2b5d9,39652f4101b06f6c6c5afafa7bb5d8eb349da9d9b9568d32e9f96462f3d273fb,development+reused_validation,"{""base"": ""equal"", ""borrow_bps"": 50.0, ""cap"": 1.0, ""control"": ""event"", ""covariance_days"": 126, ""diagnostic"": ""target_low"", ""family"": ""range"", ""har_train_min"": 504, ""lookback"": 20, ""overlay"": true, ""static_exposure"": null, ""target"": 0.09000000000000001, ""threshold"": 0.05, ""trial_id"": ""E3-20"", ""universe"": [""SPY"", ""TLT"", ""GLD""]}",5.0 bp risky purchases+sales; borrow rf+50.0 bp,results/20261004T003009-2f16c796/E3-20-target_low-404b96c165.csv,started,Attempt retained even if process fails,False
E3-20-target_low-404b96c165,2026-10-04T00:33:07.874680+00:00,26552dd9c109058ba93a75bb8ba5de1f6a85585b,26552dd9c109058ba93a75bb8ba5de1f6a85585b,e5f957a2b78b4a08cede2183cd59012f73beaffc38f0821d43bb458df08be222:5eb2ada6d8d007969c111064ae6c5de089e8bd61c0156cb49cc98484cea2b5d9,39652f4101b06f6c6c5afafa7bb5d8eb349da9d9b9568d32e9f96462f3d273fb,development+reused_validation,"{""base"": ""equal"", ""borrow_bps"": 50.0, ""cap"": 1.0, ""control"": ""event"", ""covariance_days"": 126, ""diagnostic"": ""target_low"", ""family"": ""range"", ""har_train_min"": 504, ""lookback"": 20, ""overlay"": true, ""static_exposure"": null, ""target"": 0.09000000000000001, ""threshold"": 0.05, ""trial_id"": ""E3-20"", ""universe"": [""SPY"", ""TLT"", ""GLD""]}",5.0 bp risky purchases+sales; borrow rf+50.0 bp,results/20261004T003009-2f16c796/E3-20-target_low-404b96c165.csv,completed,No OOS retuning; diagnostic not eligible for selection,False
E3-20-target_low_base-347e3b0d7b,2026-10-04T00:33:10.097867+00:00,26552dd9c109058ba93a75bb8ba5de1f6a85585b,26552dd9c109058ba93a75bb8ba5de1f6a85585b,e5f957a2b78b4a08cede2183cd59012f73beaffc38f0821d43bb458df08be222:5eb2ada6d8d007969c111064ae6c5de089e8bd61c0156cb49cc98484cea2b5d9,723304e6ebe800c41b5f9f501d16312f400afb0314cc807ded647be0da3f424d,development+reused_validation,"{""base"": ""equal"", ""borrow_bps"": 50.0, ""cap"": 1.0, ""control"": ""event"", ""covariance_days"": 126, ""diagnostic"": ""target_low_base"", ""family"": ""range"", ""har_train_min"": 504, ""lookback"": 20, ""overlay"": false, ""static_exposure"": null, ""target"": 0.09000000000000001, ""threshold"": 0.05, ""trial_id"": ""E3-20"", ""universe"": [""SPY"", ""TLT"", ""GLD""]}",5.0 bp risky purchases+sales; borrow rf+50.0 bp,results/20261004T003009-2f16c796/E3-20-target_low_base-347e3b0d7b.csv,started,Attempt retained even if process fails,False
E3-20-target_low_base-347e3b0d7b,2026-10-04T00:33:10.097867+00:00,26552dd9c109058ba93a75bb8ba5de1f6a85585b,26552dd9c109058ba93a75bb8ba5de1f6a85585b,e5f957a2b78b4a08cede2183cd59012f73beaffc38f0821d43bb458df08be222:5eb2ada6d8d007969c111064ae6c5de089e8bd61c0156cb49cc98484cea2b5d9,723304e6ebe800c41b5f9f501d16312f400afb0314cc807ded647be0da3f424d,development+reused_validation,"{""base"": ""equal"", ""borrow_bps"": 50.0, ""cap"": 1.0, ""control"": ""event"", ""covariance_days"": 126, ""diagnostic"": ""target_low_base"", ""family"": ""range"", ""har_train_min"": 504, ""lookback"": 20, ""overlay"": false, ""static_exposure"": null, ""target"": 0.09000000000000001, ""threshold"": 0.05, ""trial_id"": ""E3-20"", ""universe"": [""SPY"", ""TLT"", ""GLD""]}",5.0 bp risky purchases+sales; borrow rf+50.0 bp,results/20261004T003009-2f16c796/E3-20-target_low_base-347e3b0d7b.csv,completed,No OOS retuning; diagnostic not eligible for selection,False
E3-20-target_high-b38ad7acbe,2026-10-04T00:33:12.300454+00:00,26552dd9c109058ba93a75bb8ba5de1f6a85585b,26552dd9c109058ba93a75bb8ba5de1f6a85585b,e5f957a2b78b4a08cede2183cd59012f73beaffc38f0821d43bb458df08be222:5eb2ada6d8d007969c111064ae6c5de089e8bd61c0156cb49cc98484cea2b5d9,969065e641b7eff0ca639808a7710ba994e4d76322849e8a45defce0aecc0e4d,development+reused_validation,"{""base"": ""equal"", ""borrow_bps"": 50.0, ""cap"": 1.0, ""control"": ""event"", ""covariance_days"": 126, ""diagnostic"": ""target_high"", ""family"": ""range"", ""har_train_min"": 504, ""lookback"": 20, ""overlay"": true, ""static_exposure"": null, ""target"": 0.11, ""threshold"": 0.05, ""trial_id"": ""E3-20"", ""universe"": [""SPY"", ""TLT"", ""GLD""]}",5.0 bp risky purchases+sales; borrow rf+50.0 bp,results/20261004T003009-2f16c796/E3-20-target_high-b38ad7acbe.csv,started,Attempt retained even if process fails,False
E3-20-target_high-b38ad7acbe,2026-10-04T00:33:12.300454+00:00,26552dd9c109058ba93a75bb8ba5de1f6a85585b,26552dd9c109058ba93a75bb8ba5de1f6a85585b,e5f957a2b78b4a08cede2183cd59012f73beaffc38f0821d43bb458df08be222:5eb2ada6d8d007969c111064ae6c5de089e8bd61c0156cb49cc98484cea2b5d9,969065e641b7eff0ca639808a7710ba994e4d76322849e8a45defce0aecc0e4d,development+reused_validation,"{""base"": ""equal"", ""borrow_bps"": 50.0, ""cap"": 1.0, ""control"": ""event"", ""covariance_days"": 126, ""diagnostic"": ""target_high"", ""family"": ""range"", ""har_train_min"": 504, ""lookback"": 20, ""overlay"": true, ""static_exposure"": null, ""target"": 0.11, ""threshold"": 0.05, ""trial_id"": ""E3-20"", ""universe"": [""SPY"", ""TLT"", ""GLD""]}",5.0 bp risky purchases+sales; borrow rf+50.0 bp,results/20261004T003009-2f16c796/E3-20-target_high-b38ad7acbe.csv,completed,No OOS retuning; diagnostic not eligible for selection,False
E3-20-target_high_base-d0687af015,2026-10-04T00:33:14.550345+00:00,26552dd9c109058ba93a75bb8ba5de1f6a85585b,26552dd9c109058ba93a75bb8ba5de1f6a85585b,e5f957a2b78b4a08cede2183cd59012f73beaffc38f0821d43bb458df08be222:5eb2ada6d8d007969c111064ae6c5de089e8bd61c0156cb49cc98484cea2b5d9,a8966faace467321c65b95ed96570d0f8c4d7fe9a4b702164087c01f4246af24,development+reused_validation,"{""base"": ""equal"", ""borrow_bps"": 50.0, ""cap"": 1.0, ""control"": ""event"", ""covariance_days"": 126, ""diagnostic"": ""target_high_base"", ""family"": ""range"", ""har_train_min"": 504, ""lookback"": 20, ""overlay"": false, ""static_exposure"": null, ""target"": 0.11, ""threshold"": 0.05, ""trial_id"": ""E3-20"", ""universe"": [""SPY"", ""TLT"", ""GLD""]}",5.0 bp risky purchases+sales; borrow rf+50.0 bp,results/20261004T003009-2f16c796/E3-20-target_high_base-d0687af015.csv,started,Attempt retained even if process fails,False
E3-20-target_high_base-d0687af015,2026-10-04T00:33:14.550345+00:00,26552dd9c109058ba93a75bb8ba5de1f6a85585b,26552dd9c109058ba93a75bb8ba5de1f6a85585b,e5f957a2b78b4a08cede2183cd59012f73beaffc38f0821d43bb458df08be222:5eb2ada6d8d007969c111064ae6c5de089e8bd61c0156cb49cc98484cea2b5d9,a8966faace467321c65b95ed96570d0f8c4d7fe9a4b702164087c01f4246af24,development+reused_validation,"{""base"": ""equal"", ""borrow_bps"": 50.0, ""cap"": 1.0, ""control"": ""event"", ""covariance_days"": 126, ""diagnostic"": ""target_high_base"", ""family"": ""range"", ""har_train_min"": 504, ""lookback"": 20, ""overlay"": false, ""static_exposure"": null, ""target"": 0.11, ""threshold"": 0.05, ""trial_id"": ""E3-20"", ""universe"": [""SPY"", ""TLT"", ""GLD""]}",5.0 bp risky purchases+sales; borrow rf+50.0 bp,results/20261004T003009-2f16c796/E3-20-target_high_base-d0687af015.csv,completed,No OOS retuning; diagnostic not eligible for selection,False
E3-20-lookback_low-1b18949024,2026-10-04T00:33:16.872983+00:00,26552dd9c109058ba93a75bb8ba5de1f6a85585b,26552dd9c109058ba93a75bb8ba5de1f6a85585b,e5f957a2b78b4a08cede2183cd59012f73beaffc38f0821d43bb458df08be222:5eb2ada6d8d007969c111064ae6c5de089e8bd61c0156cb49cc98484cea2b5d9,de6030fbef04c4693b69f4d459a2aa90636e5f7e82e7f3315a90bec27213a425,development+reused_validation,"{""base"": ""equal"", ""borrow_bps"": 50.0, ""cap"": 1.0, ""control"": ""event"", ""covariance_days"": 101, ""diagnostic"": ""lookback_low"", ""family"": ""range"", ""har_train_min"": 403, ""lookback"": 16, ""overlay"": true, ""static_exposure"": null, ""target"": 0.1, ""threshold"": 0.05, ""trial_id"": ""E3-20"", ""universe"": [""SPY"", ""TLT"", ""GLD""]}",5.0 bp risky purchases+sales; borrow rf+50.0 bp,results/20261004T003009-2f16c796/E3-20-lookback_low-1b18949024.csv,started,Attempt retained even if process fails,False
E3-20-lookback_low-1b18949024,2026-10-04T00:33:16.872983+00:00,26552dd9c109058ba93a75bb8ba5de1f6a85585b,26552dd9c109058ba93a75bb8ba5de1f6a85585b,e5f957a2b78b4a08cede2183cd59012f73beaffc38f0821d43bb458df08be222:5eb2ada6d8d007969c111064ae6c5de089e8bd61c0156cb49cc98484cea2b5d9,de6030fbef04c4693b69f4d459a2aa90636e5f7e82e7f3315a90bec27213a425,development+reused_validation,"{""base"": ""equal"", ""borrow_bps"": 50.0, ""cap"": 1.0, ""control"": ""event"", ""covariance_days"": 101, ""diagnostic"": ""lookback_low"", ""family"": ""range"", ""har_train_min"": 403, ""lookback"": 16, ""overlay"": true, ""static_exposure"": null, ""target"": 0.1, ""threshold"": 0.05, ""trial_id"": ""E3-20"", ""universe"": [""SPY"", ""TLT"", ""GLD""]}",5.0 bp risky purchases+sales; borrow rf+50.0 bp,results/20261004T003009-2f16c796/E3-20-lookback_low-1b18949024.csv,completed,No OOS retuning; diagnostic not eligible for selection,False
E3-20-lookback_low_base-274fa61eb1,2026-10-04T00:33:19.391664+00:00,26552dd9c109058ba93a75bb8ba5de1f6a85585b,26552dd9c109058ba93a75bb8ba5de1f6a85585b,e5f957a2b78b4a08cede2183cd59012f73beaffc38f0821d43bb458df08be222:5eb2ada6d8d007969c111064ae6c5de089e8bd61c0156cb49cc98484cea2b5d9,e2a4e5d3035a3aba9a29829ceea45b66a09a1154f44446a56d23c5a204738e40,development+reused_validation,"{""base"": ""equal"", ""borrow_bps"": 50.0, ""cap"": 1.0, ""control"": ""event"", ""covariance_days"": 101, ""diagnostic"": ""lookback_low_base"", ""family"": ""range"", ""har_train_min"": 403, ""lookback"": 16, ""overlay"": false, ""static_exposure"": null, ""target"": 0.1, ""threshold"": 0.05, ""trial_id"": ""E3-20"", ""universe"": [""SPY"", ""TLT"", ""GLD""]}",5.0 bp risky purchases+sales; borrow rf+50.0 bp,results/20261004T003009-2f16c796/E3-20-lookback_low_base-274fa61eb1.csv,started,Attempt retained even if process fails,False
E3-20-lookback_low_base-274fa61eb1,2026-10-04T00:33:19.391664+00:00,26552dd9c109058ba93a75bb8ba5de1f6a85585b,26552dd9c109058ba93a75bb8ba5de1f6a85585b,e5f957a2b78b4a08cede2183cd59012f73beaffc38f0821d43bb458df08be222:5eb2ada6d8d007969c111064ae6c5de089e8bd61c0156cb49cc98484cea2b5d9,e2a4e5d3035a3aba9a29829ceea45b66a09a1154f44446a56d23c5a204738e40,development+reused_validation,"{""base"": ""equal"", ""borrow_bps"": 50.0, ""cap"": 1.0, ""control"": ""event"", ""covariance_days"": 101, ""diagnostic"": ""lookback_low_base"", ""family"": ""range"", ""har_train_min"": 403, ""lookback"": 16, ""overlay"": false, ""static_exposure"": null, ""target"": 0.1, ""threshold"": 0.05, ""trial_id"": ""E3-20"", ""universe"": [""SPY"", ""TLT"", ""GLD""]}",5.0 bp risky purchases+sales; borrow rf+50.0 bp,results/20261004T003009-2f16c796/E3-20-lookback_low_base-274fa61eb1.csv,completed,No OOS retuning; diagnostic not eligible for selection,False
E3-20-lookback_high-2fd8c3b7ae,2026-10-04T00:33:21.720645+00:00,26552dd9c109058ba93a75bb8ba5de1f6a85585b,26552dd9c109058ba93a75bb8ba5de1f6a85585b,e5f957a2b78b4a08cede2183cd59012f73beaffc38f0821d43bb458df08be222:5eb2ada6d8d007969c111064ae6c5de089e8bd61c0156cb49cc98484cea2b5d9,40200fa93aeb1861b75896758b3353e4e4942f5a8239b332d42d195f20a3d6ae,development+reused_validation,"{""base"": ""equal"", ""borrow_bps"": 50.0, ""cap"": 1.0, ""control"": ""event"", ""covariance_days"": 151, ""diagnostic"": ""lookback_high"", ""family"": ""range"", ""har_train_min"": 605, ""lookback"": 24, ""overlay"": true, ""static_exposure"": null, ""target"": 0.1, ""threshold"": 0.05, ""trial_id"": ""E3-20"", ""universe"": [""SPY"", ""TLT"", ""GLD""]}",5.0 bp risky purchases+sales; borrow rf+50.0 bp,results/20261004T003009-2f16c796/E3-20-lookback_high-2fd8c3b7ae.csv,started,Attempt retained even if process fails,False
E3-20-lookback_high-2fd8c3b7ae,2026-10-04T00:33:21.720645+00:00,26552dd9c109058ba93a75bb8ba5de1f6a85585b,26552dd9c109058ba93a75bb8ba5de1f6a85585b,e5f957a2b78b4a08cede2183cd59012f73beaffc38f0821d43bb458df08be222:5eb2ada6d8d007969c111064ae6c5de089e8bd61c0156cb49cc98484cea2b5d9,40200fa93aeb1861b75896758b3353e4e4942f5a8239b332d42d195f20a3d6ae,development+reused_validation,"{""base"": ""equal"", ""borrow_bps"": 50.0, ""cap"": 1.0, ""control"": ""event"", ""covariance_days"": 151, ""diagnostic"": ""lookback_high"", ""family"": ""range"", ""har_train_min"": 605, ""lookback"": 24, ""overlay"": true, ""static_exposure"": null, ""target"": 0.1, ""threshold"": 0.05, ""trial_id"": ""E3-20"", ""universe"": [""SPY"", ""TLT"", ""GLD""]}",5.0 bp risky purchases+sales; borrow rf+50.0 bp,results/20261004T003009-2f16c796/E3-20-lookback_high-2fd8c3b7ae.csv,completed,No OOS retuning; diagnostic not eligible for selection,False
E3-20-lookback_high_base-6cb74c012c,2026-10-04T00:33:23.988189+00:00,26552dd9c109058ba93a75bb8ba5de1f6a85585b,26552dd9c109058ba93a75bb8ba5de1f6a85585b,e5f957a2b78b4a08cede2183cd59012f73beaffc38f0821d43bb458df08be222:5eb2ada6d8d007969c111064ae6c5de089e8bd61c0156cb49cc98484cea2b5d9,58e5aa24cc318eced57b1663ec7d2b416ea23f43fa5aea9829c2958d9bbf4b60,development+reused_validation,"{""base"": ""equal"", ""borrow_bps"": 50.0, ""cap"": 1.0, ""control"": ""event"", ""covariance_days"": 151, ""diagnostic"": ""lookback_high_base"", ""family"": ""range"", ""har_train_min"": 605, ""lookback"": 24, ""overlay"": false, ""static_exposure"": null, ""target"": 0.1, ""threshold"": 0.05, ""trial_id"": ""E3-20"", ""universe"": [""SPY"", ""TLT"", ""GLD""]}",5.0 bp risky purchases+sales; borrow rf+50.0 bp,results/20261004T003009-2f16c796/E3-20-lookback_high_base-6cb74c012c.csv,started,Attempt retained even if process fails,False
E3-20-lookback_high_base-6cb74c012c,2026-10-04T00:33:23.988189+00:00,26552dd9c109058ba93a75bb8ba5de1f6a85585b,26552dd9c109058ba93a75bb8ba5de1f6a85585b,e5f957a2b78b4a08cede2183cd59012f73beaffc38f0821d43bb458df08be222:5eb2ada6d8d007969c111064ae6c5de089e8bd61c0156cb49cc98484cea2b5d9,58e5aa24cc318eced57b1663ec7d2b416ea23f43fa5aea9829c2958d9bbf4b60,development+reused_validation,"{""base"": ""equal"", ""borrow_bps"": 50.0, ""cap"": 1.0, ""control"": ""event"", ""covariance_days"": 151, ""diagnostic"": ""lookback_high_base"", ""family"": ""range"", ""har_train_min"": 605, ""lookback"": 24, ""overlay"": false, ""static_exposure"": null, ""target"": 0.1, ""threshold"": 0.05, ""trial_id"": ""E3-20"", ""universe"": [""SPY"", ""TLT"", ""GLD""]}",5.0 bp risky purchases+sales; borrow rf+50.0 bp,results/20261004T003009-2f16c796/E3-20-lookback_high_base-6cb74c012c.csv,completed,No OOS retuning; diagnostic not eligible for selection,False
E3-20-trigger_low-5be89ae997,2026-10-04T00:33:26.237995+00:00,26552dd9c109058ba93a75bb8ba5de1f6a85585b,26552dd9c109058ba93a75bb8ba5de1f6a85585b,e5f957a2b78b4a08cede2183cd59012f73beaffc38f0821d43bb458df08be222:5eb2ada6d8d007969c111064ae6c5de089e8bd61c0156cb49cc98484cea2b5d9,41023d3351dd57739dd62674a2d24ec1dfad83ec871960526f4c094175024c2c,development+reused_validation,"{""base"": ""equal"", ""borrow_bps"": 50.0, ""cap"": 1.0, ""control"": ""event"", ""covariance_days"": 126, ""diagnostic"": ""trigger_low"", ""family"": ""range"", ""har_train_min"": 504, ""lookback"": 20, ""overlay"": true, ""static_exposure"": null, ""target"": 0.1, ""threshold"": 0.04, ""trial_id"": ""E3-20"", ""universe"": [""SPY"", ""TLT"", ""GLD""]}",5.0 bp risky purchases+sales; borrow rf+50.0 bp,results/20261004T003009-2f16c796/E3-20-trigger_low-5be89ae997.csv,started,Attempt retained even if process fails,False
E3-20-trigger_low-5be89ae997,2026-10-04T00:33:26.237995+00:00,26552dd9c109058ba93a75bb8ba5de1f6a85585b,26552dd9c109058ba93a75bb8ba5de1f6a85585b,e5f957a2b78b4a08cede2183cd59012f73beaffc38f0821d43bb458df08be222:5eb2ada6d8d007969c111064ae6c5de089e8bd61c0156cb49cc98484cea2b5d9,41023d3351dd57739dd62674a2d24ec1dfad83ec871960526f4c094175024c2c,development+reused_validation,"{""base"": ""equal"", ""borrow_bps"": 50.0, ""cap"": 1.0, ""control"": ""event"", ""covariance_days"": 126, ""diagnostic"": ""trigger_low"", ""family"": ""range"", ""har_train_min"": 504, ""lookback"": 20, ""overlay"": true, ""static_exposure"": null, ""target"": 0.1, ""threshold"": 0.04, ""trial_id"": ""E3-20"", ""universe"": [""SPY"", ""TLT"", ""GLD""]}",5.0 bp risky purchases+sales; borrow rf+50.0 bp,results/20261004T003009-2f16c796/E3-20-trigger_low-5be89ae997.csv,completed,No OOS retuning; diagnostic not eligible for selection,False
E3-20-trigger_low_base-9a37d5fd09,2026-10-04T00:33:28.443153+00:00,26552dd9c109058ba93a75bb8ba5de1f6a85585b,26552dd9c109058ba93a75bb8ba5de1f6a85585b,e5f957a2b78b4a08cede2183cd59012f73beaffc38f0821d43bb458df08be222:5eb2ada6d8d007969c111064ae6c5de089e8bd61c0156cb49cc98484cea2b5d9,a5822ad19130909ab44c898a5ca09d6c36933bbc68de9cd97f8fdc777c96bd97,development+reused_validation,"{""base"": ""equal"", ""borrow_bps"": 50.0, ""cap"": 1.0, ""control"": ""event"", ""covariance_days"": 126, ""diagnostic"": ""trigger_low_base"", ""family"": ""range"", ""har_train_min"": 504, ""lookback"": 20, ""overlay"": false, ""static_exposure"": null, ""target"": 0.1, ""threshold"": 0.04, ""trial_id"": ""E3-20"", ""universe"": [""SPY"", ""TLT"", ""GLD""]}",5.0 bp risky purchases+sales; borrow rf+50.0 bp,results/20261004T003009-2f16c796/E3-20-trigger_low_base-9a37d5fd09.csv,started,Attempt retained even if process fails,False
E3-20-trigger_low_base-9a37d5fd09,2026-10-04T00:33:28.443153+00:00,26552dd9c109058ba93a75bb8ba5de1f6a85585b,26552dd9c109058ba93a75bb8ba5de1f6a85585b,e5f957a2b78b4a08cede2183cd59012f73beaffc38f0821d43bb458df08be222:5eb2ada6d8d007969c111064ae6c5de089e8bd61c0156cb49cc98484cea2b5d9,a5822ad19130909ab44c898a5ca09d6c36933bbc68de9cd97f8fdc777c96bd97,development+reused_validation,"{""base"": ""equal"", ""borrow_bps"": 50.0, ""cap"": 1.0, ""control"": ""event"", ""covariance_days"": 126, ""diagnostic"": ""trigger_low_base"", ""family"": ""range"", ""har_train_min"": 504, ""lookback"": 20, ""overlay"": false, ""static_exposure"": null, ""target"": 0.1, ""threshold"": 0.04, ""trial_id"": ""E3-20"", ""universe"": [""SPY"", ""TLT"", ""GLD""]}",5.0 bp risky purchases+sales; borrow rf+50.0 bp,results/20261004T003009-2f16c796/E3-20-trigger_low_base-9a37d5fd09.csv,completed,No OOS retuning; diagnostic not eligible for selection,False
E3-20-trigger_high-33eadf732f,2026-10-04T00:33:30.650260+00:00,26552dd9c109058ba93a75bb8ba5de1f6a85585b,26552dd9c109058ba93a75bb8ba5de1f6a85585b,e5f957a2b78b4a08cede2183cd59012f73beaffc38f0821d43bb458df08be222:5eb2ada6d8d007969c111064ae6c5de089e8bd61c0156cb49cc98484cea2b5d9,c43ce55a9c2d9dd728721f107e80651fbd72a17bdf53fee22d56663c52447036,development+reused_validation,"{""base"": ""equal"", ""borrow_bps"": 50.0, ""cap"": 1.0, ""control"": ""event"", ""covariance_days"": 126, ""diagnostic"": ""trigger_high"", ""family"": ""range"", ""har_train_min"": 504, ""lookback"": 20, ""overlay"": true, ""static_exposure"": null, ""target"": 0.1, ""threshold"": 0.06, ""trial_id"": ""E3-20"", ""universe"": [""SPY"", ""TLT"", ""GLD""]}",5.0 bp risky purchases+sales; borrow rf+50.0 bp,results/20261004T003009-2f16c796/E3-20-trigger_high-33eadf732f.csv,started,Attempt retained even if process fails,False
E3-20-trigger_high-33eadf732f,2026-10-04T00:33:30.650260+00:00,26552dd9c109058ba93a75bb8ba5de1f6a85585b,26552dd9c109058ba93a75bb8ba5de1f6a85585b,e5f957a2b78b4a08cede2183cd59012f73beaffc38f0821d43bb458df08be222:5eb2ada6d8d007969c111064ae6c5de089e8bd61c0156cb49cc98484cea2b5d9,c43ce55a9c2d9dd728721f107e80651fbd72a17bdf53fee22d56663c52447036,development+reused_validation,"{""base"": ""equal"", ""borrow_bps"": 50.0, ""cap"": 1.0, ""control"": ""event"", ""covariance_days"": 126, ""diagnostic"": ""trigger_high"", ""family"": ""range"", ""har_train_min"": 504, ""lookback"": 20, ""overlay"": true, ""static_exposure"": null, ""target"": 0.1, ""threshold"": 0.06, ""trial_id"": ""E3-20"", ""universe"": [""SPY"", ""TLT"", ""GLD""]}",5.0 bp risky purchases+sales; borrow rf+50.0 bp,results/20261004T003009-2f16c796/E3-20-trigger_high-33eadf732f.csv,completed,No OOS retuning; diagnostic not eligible for selection,False
E3-20-trigger_high_base-6de4ccc04a,2026-10-04T00:33:32.799351+00:00,26552dd9c109058ba93a75bb8ba5de1f6a85585b,26552dd9c109058ba93a75bb8ba5de1f6a85585b,e5f957a2b78b4a08cede2183cd59012f73beaffc38f0821d43bb458df08be222:5eb2ada6d8d007969c111064ae6c5de089e8bd61c0156cb49cc98484cea2b5d9,e4d8f7bb60d64abbcfcd6edb3b53c07a20e96308edec4a959cc52e347d9694f4,development+reused_validation,"{""base"": ""equal"", ""borrow_bps"": 50.0, ""cap"": 1.0, ""control"": ""event"", ""covariance_days"": 126, ""diagnostic"": ""trigger_high_base"", ""family"": ""range"", ""har_train_min"": 504, ""lookback"": 20, ""overlay"": false, ""static_exposure"": null, ""target"": 0.1, ""threshold"": 0.06, ""trial_id"": ""E3-20"", ""universe"": [""SPY"", ""TLT"", ""GLD""]}",5.0 bp risky purchases+sales; borrow rf+50.0 bp,results/20261004T003009-2f16c796/E3-20-trigger_high_base-6de4ccc04a.csv,started,Attempt retained even if process fails,False
E3-20-trigger_high_base-6de4ccc04a,2026-10-04T00:33:32.799351+00:00,26552dd9c109058ba93a75bb8ba5de1f6a85585b,26552dd9c109058ba93a75bb8ba5de1f6a85585b,e5f957a2b78b4a08cede2183cd59012f73beaffc38f0821d43bb458df08be222:5eb2ada6d8d007969c111064ae6c5de089e8bd61c0156cb49cc98484cea2b5d9,e4d8f7bb60d64abbcfcd6edb3b53c07a20e96308edec4a959cc52e347d9694f4,development+reused_validation,"{""base"": ""equal"", ""borrow_bps"": 50.0, ""cap"": 1.0, ""control"": ""event"", ""covariance_days"": 126, ""diagnostic"": ""trigger_high_base"", ""family"": ""range"", ""har_train_min"": 504, ""lookback"": 20, ""overlay"": false, ""static_exposure"": null, ""target"": 0.1, ""threshold"": 0.06, ""trial_id"": ""E3-20"", ""universe"": [""SPY"", ""TLT"", ""GLD""]}",5.0 bp risky purchases+sales; borrow rf+50.0 bp,results/20261004T003009-2f16c796/E3-20-trigger_high_base-6de4ccc04a.csv,completed,No OOS retuning; diagnostic not eligible for selection,False
E3-63-double_cost-9fde220836,2026-10-04T00:33:35.024907+00:00,26552dd9c109058ba93a75bb8ba5de1f6a85585b,26552dd9c109058ba93a75bb8ba5de1f6a85585b,e5f957a2b78b4a08cede2183cd59012f73beaffc38f0821d43bb458df08be222:5eb2ada6d8d007969c111064ae6c5de089e8bd61c0156cb49cc98484cea2b5d9,621da93c4592ae4db1be3d96cb43c342ad5d38cba5c58e643950d15bae654464,development+reused_validation,"{""base"": ""equal"", ""borrow_bps"": 50.0, ""cap"": 1.0, ""control"": ""event"", ""covariance_days"": 126, ""diagnostic"": ""double_cost"", ""family"": ""range"", ""har_train_min"": 504, ""lookback"": 63, ""overlay"": true, ""static_exposure"": null, ""target"": 0.1, ""threshold"": 0.05, ""trial_id"": ""E3-63"", ""universe"": [""SPY"", ""TLT"", ""GLD""]}",10 bp risky purchases+sales; borrow rf+50.0 bp,results/20261004T003009-2f16c796/E3-63-double_cost-9fde220836.csv,started,Attempt retained even if process fails,False
E3-63-double_cost-9fde220836,2026-10-04T00:33:35.024907+00:00,26552dd9c109058ba93a75bb8ba5de1f6a85585b,26552dd9c109058ba93a75bb8ba5de1f6a85585b,e5f957a2b78b4a08cede2183cd59012f73beaffc38f0821d43bb458df08be222:5eb2ada6d8d007969c111064ae6c5de089e8bd61c0156cb49cc98484cea2b5d9,621da93c4592ae4db1be3d96cb43c342ad5d38cba5c58e643950d15bae654464,development+reused_validation,"{""base"": ""equal"", ""borrow_bps"": 50.0, ""cap"": 1.0, ""control"": ""event"", ""covariance_days"": 126, ""diagnostic"": ""double_cost"", ""family"": ""range"", ""har_train_min"": 504, ""lookback"": 63, ""overlay"": true, ""static_exposure"": null, ""target"": 0.1, ""threshold"": 0.05, ""trial_id"": ""E3-63"", ""universe"": [""SPY"", ""TLT"", ""GLD""]}",10 bp risky purchases+sales; borrow rf+50.0 bp,results/20261004T003009-2f16c796/E3-63-double_cost-9fde220836.csv,completed,No OOS retuning; diagnostic not eligible for selection,False
E3-63-double_cost_base-c05da19c92,2026-10-04T00:33:37.177041+00:00,26552dd9c109058ba93a75bb8ba5de1f6a85585b,26552dd9c109058ba93a75bb8ba5de1f6a85585b,e5f957a2b78b4a08cede2183cd59012f73beaffc38f0821d43bb458df08be222:5eb2ada6d8d007969c111064ae6c5de089e8bd61c0156cb49cc98484cea2b5d9,47cee988d7aff995df120b1a6db6644f571b9694080ba8a1182bee9f01f67456,development+reused_validation,"{""base"": ""equal"", ""borrow_bps"": 50.0, ""cap"": 1.0, ""control"": ""event"", ""covariance_days"": 126, ""diagnostic"": ""double_cost_base"", ""family"": ""range"", ""har_train_min"": 504, ""lookback"": 63, ""overlay"": false, ""static_exposure"": null, ""target"": 0.1, ""threshold"": 0.05, ""trial_id"": ""E3-63"", ""universe"": [""SPY"", ""TLT"", ""GLD""]}",10 bp risky purchases+sales; borrow rf+50.0 bp,results/20261004T003009-2f16c796/E3-63-double_cost_base-c05da19c92.csv,started,Attempt retained even if process fails,False
E3-63-double_cost_base-c05da19c92,2026-10-04T00:33:37.177041+00:00,26552dd9c109058ba93a75bb8ba5de1f6a85585b,26552dd9c109058ba93a75bb8ba5de1f6a85585b,e5f957a2b78b4a08cede2183cd59012f73beaffc38f0821d43bb458df08be222:5eb2ada6d8d007969c111064ae6c5de089e8bd61c0156cb49cc98484cea2b5d9,47cee988d7aff995df120b1a6db6644f571b9694080ba8a1182bee9f01f67456,development+reused_validation,"{""base"": ""equal"", ""borrow_bps"": 50.0, ""cap"": 1.0, ""control"": ""event"", ""covariance_days"": 126, ""diagnostic"": ""double_cost_base"", ""family"": ""range"", ""har_train_min"": 504, ""lookback"": 63, ""overlay"": false, ""static_exposure"": null, ""target"": 0.1, ""threshold"": 0.05, ""trial_id"": ""E3-63"", ""universe"": [""SPY"", ""TLT"", ""GLD""]}",10 bp risky purchases+sales; borrow rf+50.0 bp,results/20261004T003009-2f16c796/E3-63-double_cost_base-c05da19c92.csv,completed,No OOS retuning; diagnostic not eligible for selection,False
E3-63-target_low-decc6113af,2026-10-04T00:33:39.582221+00:00,26552dd9c109058ba93a75bb8ba5de1f6a85585b,26552dd9c109058ba93a75bb8ba5de1f6a85585b,e5f957a2b78b4a08cede2183cd59012f73beaffc38f0821d43bb458df08be222:5eb2ada6d8d007969c111064ae6c5de089e8bd61c0156cb49cc98484cea2b5d9,a7b01f617fcfcf646da0caf25f6e1bdacac7a03b2449135e35e84dbc5063a283,development+reused_validation,"{""base"": ""equal"", ""borrow_bps"": 50.0, ""cap"": 1.0, ""control"": ""event"", ""covariance_days"": 126, ""diagnostic"": ""target_low"", ""family"": ""range"", ""har_train_min"": 504, ""lookback"": 63, ""overlay"": true, ""static_exposure"": null, ""target"": 0.09000000000000001, ""threshold"": 0.05, ""trial_id"": ""E3-63"", ""universe"": [""SPY"", ""TLT"", ""GLD""]}",5.0 bp risky purchases+sales; borrow rf+50.0 bp,results/20261004T003009-2f16c796/E3-63-target_low-decc6113af.csv,started,Attempt retained even if process fails,False
E3-63-target_low-decc6113af,2026-10-04T00:33:39.582221+00:00,26552dd9c109058ba93a75bb8ba5de1f6a85585b,26552dd9c109058ba93a75bb8ba5de1f6a85585b,e5f957a2b78b4a08cede2183cd59012f73beaffc38f0821d43bb458df08be222:5eb2ada6d8d007969c111064ae6c5de089e8bd61c0156cb49cc98484cea2b5d9,a7b01f617fcfcf646da0caf25f6e1bdacac7a03b2449135e35e84dbc5063a283,development+reused_validation,"{""base"": ""equal"", ""borrow_bps"": 50.0, ""cap"": 1.0, ""control"": ""event"", ""covariance_days"": 126, ""diagnostic"": ""target_low"", ""family"": ""range"", ""har_train_min"": 504, ""lookback"": 63, ""overlay"": true, ""static_exposure"": null, ""target"": 0.09000000000000001, ""threshold"": 0.05, ""trial_id"": ""E3-63"", ""universe"": [""SPY"", ""TLT"", ""GLD""]}",5.0 bp risky purchases+sales; borrow rf+50.0 bp,results/20261004T003009-2f16c796/E3-63-target_low-decc6113af.csv,completed,No OOS retuning; diagnostic not eligible for selection,False
E3-63-target_low_base-5a2fc0337c,2026-10-04T00:33:41.762699+00:00,26552dd9c109058ba93a75bb8ba5de1f6a85585b,26552dd9c109058ba93a75bb8ba5de1f6a85585b,e5f957a2b78b4a08cede2183cd59012f73beaffc38f0821d43bb458df08be222:5eb2ada6d8d007969c111064ae6c5de089e8bd61c0156cb49cc98484cea2b5d9,ac2e681bedfd190734d3503f7153b3725fb3809eee52220a7c20bfe3f9b68cbb,development+reused_validation,"{""base"": ""equal"", ""borrow_bps"": 50.0, ""cap"": 1.0, ""control"": ""event"", ""covariance_days"": 126, ""diagnostic"": ""target_low_base"", ""family"": ""range"", ""har_train_min"": 504, ""lookback"": 63, ""overlay"": false, ""static_exposure"": null, ""target"": 0.09000000000000001, ""threshold"": 0.05, ""trial_id"": ""E3-63"", ""universe"": [""SPY"", ""TLT"", ""GLD""]}",5.0 bp risky purchases+sales; borrow rf+50.0 bp,results/20261004T003009-2f16c796/E3-63-target_low_base-5a2fc0337c.csv,started,Attempt retained even if process fails,False
E3-63-target_low_base-5a2fc0337c,2026-10-04T00:33:41.762699+00:00,26552dd9c109058ba93a75bb8ba5de1f6a85585b,26552dd9c109058ba93a75bb8ba5de1f6a85585b,e5f957a2b78b4a08cede2183cd59012f73beaffc38f0821d43bb458df08be222:5eb2ada6d8d007969c111064ae6c5de089e8bd61c0156cb49cc98484cea2b5d9,ac2e681bedfd190734d3503f7153b3725fb3809eee52220a7c20bfe3f9b68cbb,development+reused_validation,"{""base"": ""equal"", ""borrow_bps"": 50.0, ""cap"": 1.0, ""control"": ""event"", ""covariance_days"": 126, ""diagnostic"": ""target_low_base"", ""family"": ""range"", ""har_train_min"": 504, ""lookback"": 63, ""overlay"": false, ""static_exposure"": null, ""target"": 0.09000000000000001, ""threshold"": 0.05, ""trial_id"": ""E3-63"", ""universe"": [""SPY"", ""TLT"", ""GLD""]}",5.0 bp risky purchases+sales; borrow rf+50.0 bp,results/20261004T003009-2f16c796/E3-63-target_low_base-5a2fc0337c.csv,completed,No OOS retuning; diagnostic not eligible for selection,False
E3-63-target_high-86a3fee187,2026-10-04T00:33:44.061047+00:00,26552dd9c109058ba93a75bb8ba5de1f6a85585b,26552dd9c109058ba93a75bb8ba5de1f6a85585b,e5f957a2b78b4a08cede2183cd59012f73beaffc38f0821d43bb458df08be222:5eb2ada6d8d007969c111064ae6c5de089e8bd61c0156cb49cc98484cea2b5d9,bab115b3659a4ea5dd05a599445a4b3caad88213481c2053c17cd79d14391192,development+reused_validation,"{""base"": ""equal"", ""borrow_bps"": 50.0, ""cap"": 1.0, ""control"": ""event"", ""covariance_days"": 126, ""diagnostic"": ""target_high"", ""family"": ""range"", ""har_train_min"": 504, ""lookback"": 63, ""overlay"": true, ""static_exposure"": null, ""target"": 0.11, ""threshold"": 0.05, ""trial_id"": ""E3-63"", ""universe"": [""SPY"", ""TLT"", ""GLD""]}",5.0 bp risky purchases+sales; borrow rf+50.0 bp,results/20261004T003009-2f16c796/E3-63-target_high-86a3fee187.csv,started,Attempt retained even if process fails,False
E3-63-target_high-86a3fee187,2026-10-04T00:33:44.061047+00:00,26552dd9c109058ba93a75bb8ba5de1f6a85585b,26552dd9c109058ba93a75bb8ba5de1f6a85585b,e5f957a2b78b4a08cede2183cd59012f73beaffc38f0821d43bb458df08be222:5eb2ada6d8d007969c111064ae6c5de089e8bd61c0156cb49cc98484cea2b5d9,bab115b3659a4ea5dd05a599445a4b3caad88213481c2053c17cd79d14391192,development+reused_validation,"{""base"": ""equal"", ""borrow_bps"": 50.0, ""cap"": 1.0, ""control"": ""event"", ""covariance_days"": 126, ""diagnostic"": ""target_high"", ""family"": ""range"", ""har_train_min"": 504, ""lookback"": 63, ""overlay"": true, ""static_exposure"": null, ""target"": 0.11, ""threshold"": 0.05, ""trial_id"": ""E3-63"", ""universe"": [""SPY"", ""TLT"", ""GLD""]}",5.0 bp risky purchases+sales; borrow rf+50.0 bp,results/20261004T003009-2f16c796/E3-63-target_high-86a3fee187.csv,completed,No OOS retuning; diagnostic not eligible for selection,False
E3-63-target_high_base-01e3598780,2026-10-04T00:33:46.344489+00:00,26552dd9c109058ba93a75bb8ba5de1f6a85585b,26552dd9c109058ba93a75bb8ba5de1f6a85585b,e5f957a2b78b4a08cede2183cd59012f73beaffc38f0821d43bb458df08be222:5eb2ada6d8d007969c111064ae6c5de089e8bd61c0156cb49cc98484cea2b5d9,2b8d5e92e7c5afe1f0eda592af5bcd364a0dbb158b7db1893454c703a82dd7d0,development+reused_validation,"{""base"": ""equal"", ""borrow_bps"": 50.0, ""cap"": 1.0, ""control"": ""event"", ""covariance_days"": 126, ""diagnostic"": ""target_high_base"", ""family"": ""range"", ""har_train_min"": 504, ""lookback"": 63, ""overlay"": false, ""static_exposure"": null, ""target"": 0.11, ""threshold"": 0.05, ""trial_id"": ""E3-63"", ""universe"": [""SPY"", ""TLT"", ""GLD""]}",5.0 bp risky purchases+sales; borrow rf+50.0 bp,results/20261004T003009-2f16c796/E3-63-target_high_base-01e3598780.csv,started,Attempt retained even if process fails,False
E3-63-target_high_base-01e3598780,2026-10-04T00:33:46.344489+00:00,26552dd9c109058ba93a75bb8ba5de1f6a85585b,26552dd9c109058ba93a75bb8ba5de1f6a85585b,e5f957a2b78b4a08cede2183cd59012f73beaffc38f0821d43bb458df08be222:5eb2ada6d8d007969c111064ae6c5de089e8bd61c0156cb49cc98484cea2b5d9,2b8d5e92e7c5afe1f0eda592af5bcd364a0dbb158b7db1893454c703a82dd7d0,development+reused_validation,"{""base"": ""equal"", ""borrow_bps"": 50.0, ""cap"": 1.0, ""control"": ""event"", ""covariance_days"": 126, ""diagnostic"": ""target_high_base"", ""family"": ""range"", ""har_train_min"": 504, ""lookback"": 63, ""overlay"": false, ""static_exposure"": null, ""target"": 0.11, ""threshold"": 0.05, ""trial_id"": ""E3-63"", ""universe"": [""SPY"", ""TLT"", ""GLD""]}",5.0 bp risky purchases+sales; borrow rf+50.0 bp,results/20261004T003009-2f16c796/E3-63-target_high_base-01e3598780.csv,completed,No OOS retuning; diagnostic not eligible for selection,False
E3-63-lookback_low-a8ca24ea64,2026-10-04T00:33:48.549106+00:00,26552dd9c109058ba93a75bb8ba5de1f6a85585b,26552dd9c109058ba93a75bb8ba5de1f6a85585b,e5f957a2b78b4a08cede2183cd59012f73beaffc38f0821d43bb458df08be222:5eb2ada6d8d007969c111064ae6c5de089e8bd61c0156cb49cc98484cea2b5d9,5d4221a756f09d233cc1a0735259d1ac685335386b0cd302d02bf8a36f4a0acc,development+reused_validation,"{""base"": ""equal"", ""borrow_bps"": 50.0, ""cap"": 1.0, ""control"": ""event"", ""covariance_days"": 101, ""diagnostic"": ""lookback_low"", ""family"": ""range"", ""har_train_min"": 403, ""lookback"": 50, ""overlay"": true, ""static_exposure"": null, ""target"": 0.1, ""threshold"": 0.05, ""trial_id"": ""E3-63"", ""universe"": [""SPY"", ""TLT"", ""GLD""]}",5.0 bp risky purchases+sales; borrow rf+50.0 bp,results/20261004T003009-2f16c796/E3-63-lookback_low-a8ca24ea64.csv,started,Attempt retained even if process fails,False
E3-63-lookback_low-a8ca24ea64,2026-10-04T00:33:48.549106+00:00,26552dd9c109058ba93a75bb8ba5de1f6a85585b,26552dd9c109058ba93a75bb8ba5de1f6a85585b,e5f957a2b78b4a08cede2183cd59012f73beaffc38f0821d43bb458df08be222:5eb2ada6d8d007969c111064ae6c5de089e8bd61c0156cb49cc98484cea2b5d9,5d4221a756f09d233cc1a0735259d1ac685335386b0cd302d02bf8a36f4a0acc,development+reused_validation,"{""base"": ""equal"", ""borrow_bps"": 50.0, ""cap"": 1.0, ""control"": ""event"", ""covariance_days"": 101, ""diagnostic"": ""lookback_low"", ""family"": ""range"", ""har_train_min"": 403, ""lookback"": 50, ""overlay"": true, ""static_exposure"": null, ""target"": 0.1, ""threshold"": 0.05, ""trial_id"": ""E3-63"", ""universe"": [""SPY"", ""TLT"", ""GLD""]}",5.0 bp risky purchases+sales; borrow rf+50.0 bp,results/20261004T003009-2f16c796/E3-63-lookback_low-a8ca24ea64.csv,completed,No OOS retuning; diagnostic not eligible for selection,False
E3-63-lookback_low_base-3b22d65695,2026-10-04T00:33:50.707749+00:00,26552dd9c109058ba93a75bb8ba5de1f6a85585b,26552dd9c109058ba93a75bb8ba5de1f6a85585b,e5f957a2b78b4a08cede2183cd59012f73beaffc38f0821d43bb458df08be222:5eb2ada6d8d007969c111064ae6c5de089e8bd61c0156cb49cc98484cea2b5d9,9b4b44c77fc76688c4cb3bb12093b4959d50b8102494b2570aee2b7753ec8b97,development+reused_validation,"{""base"": ""equal"", ""borrow_bps"": 50.0, ""cap"": 1.0, ""control"": ""event"", ""covariance_days"": 101, ""diagnostic"": ""lookback_low_base"", ""family"": ""range"", ""har_train_min"": 403, ""lookback"": 50, ""overlay"": false, ""static_exposure"": null, ""target"": 0.1, ""threshold"": 0.05, ""trial_id"": ""E3-63"", ""universe"": [""SPY"", ""TLT"", ""GLD""]}",5.0 bp risky purchases+sales; borrow rf+50.0 bp,results/20261004T003009-2f16c796/E3-63-lookback_low_base-3b22d65695.csv,started,Attempt retained even if process fails,False
E3-63-lookback_low_base-3b22d65695,2026-10-04T00:33:50.707749+00:00,26552dd9c109058ba93a75bb8ba5de1f6a85585b,26552dd9c109058ba93a75bb8ba5de1f6a85585b,e5f957a2b78b4a08cede2183cd59012f73beaffc38f0821d43bb458df08be222:5eb2ada6d8d007969c111064ae6c5de089e8bd61c0156cb49cc98484cea2b5d9,9b4b44c77fc76688c4cb3bb12093b4959d50b8102494b2570aee2b7753ec8b97,development+reused_validation,"{""base"": ""equal"", ""borrow_bps"": 50.0, ""cap"": 1.0, ""control"": ""event"", ""covariance_days"": 101, ""diagnostic"": ""lookback_low_base"", ""family"": ""range"", ""har_train_min"": 403, ""lookback"": 50, ""overlay"": false, ""static_exposure"": null, ""target"": 0.1, ""threshold"": 0.05, ""trial_id"": ""E3-63"", ""universe"": [""SPY"", ""TLT"", ""GLD""]}",5.0 bp risky purchases+sales; borrow rf+50.0 bp,results/20261004T003009-2f16c796/E3-63-lookback_low_base-3b22d65695.csv,completed,No OOS retuning; diagnostic not eligible for selection,False
E3-63-lookback_high-e618c50f6d,2026-10-04T00:33:52.898589+00:00,26552dd9c109058ba93a75bb8ba5de1f6a85585b,26552dd9c109058ba93a75bb8ba5de1f6a85585b,e5f957a2b78b4a08cede2183cd59012f73beaffc38f0821d43bb458df08be222:5eb2ada6d8d007969c111064ae6c5de089e8bd61c0156cb49cc98484cea2b5d9,52e8146185d4b882711ec42e4e5b62d60366a9329b8973f3a2a74d10d26f3c08,development+reused_validation,"{""base"": ""equal"", ""borrow_bps"": 50.0, ""cap"": 1.0, ""control"": ""event"", ""covariance_days"": 151, ""diagnostic"": ""lookback_high"", ""family"": ""range"", ""har_train_min"": 605, ""lookback"": 76, ""overlay"": true, ""static_exposure"": null, ""target"": 0.1, ""threshold"": 0.05, ""trial_id"": ""E3-63"", ""universe"": [""SPY"", ""TLT"", ""GLD""]}",5.0 bp risky purchases+sales; borrow rf+50.0 bp,results/20261004T003009-2f16c796/E3-63-lookback_high-e618c50f6d.csv,started,Attempt retained even if process fails,False
E3-63-lookback_high-e618c50f6d,2026-10-04T00:33:52.898589+00:00,26552dd9c109058ba93a75bb8ba5de1f6a85585b,26552dd9c109058ba93a75bb8ba5de1f6a85585b,e5f957a2b78b4a08cede2183cd59012f73beaffc38f0821d43bb458df08be222:5eb2ada6d8d007969c111064ae6c5de089e8bd61c0156cb49cc98484cea2b5d9,52e8146185d4b882711ec42e4e5b62d60366a9329b8973f3a2a74d10d26f3c08,development+reused_validation,"{""base"": ""equal"", ""borrow_bps"": 50.0, ""cap"": 1.0, ""control"": ""event"", ""covariance_days"": 151, ""diagnostic"": ""lookback_high"", ""family"": ""range"", ""har_train_min"": 605, ""lookback"": 76, ""overlay"": true, ""static_exposure"": null, ""target"": 0.1, ""threshold"": 0.05, ""trial_id"": ""E3-63"", ""universe"": [""SPY"", ""TLT"", ""GLD""]}",5.0 bp risky purchases+sales; borrow rf+50.0 bp,results/20261004T003009-2f16c796/E3-63-lookback_high-e618c50f6d.csv,completed,No OOS retuning; diagnostic not eligible for selection,False
E3-63-lookback_high_base-bf85c48cbc,2026-10-04T00:33:55.124691+00:00,26552dd9c109058ba93a75bb8ba5de1f6a85585b,26552dd9c109058ba93a75bb8ba5de1f6a85585b,e5f957a2b78b4a08cede2183cd59012f73beaffc38f0821d43bb458df08be222:5eb2ada6d8d007969c111064ae6c5de089e8bd61c0156cb49cc98484cea2b5d9,42eb775e6134da2e127c1e85f3b78b32393aacc4c41b9692d835680ed845cfc7,development+reused_validation,"{""base"": ""equal"", ""borrow_bps"": 50.0, ""cap"": 1.0, ""control"": ""event"", ""covariance_days"": 151, ""diagnostic"": ""lookback_high_base"", ""family"": ""range"", ""har_train_min"": 605, ""lookback"": 76, ""overlay"": false, ""static_exposure"": null, ""target"": 0.1, ""threshold"": 0.05, ""trial_id"": ""E3-63"", ""universe"": [""SPY"", ""TLT"", ""GLD""]}",5.0 bp risky purchases+sales; borrow rf+50.0 bp,results/20261004T003009-2f16c796/E3-63-lookback_high_base-bf85c48cbc.csv,started,Attempt retained even if process fails,False
E3-63-lookback_high_base-bf85c48cbc,2026-10-04T00:33:55.124691+00:00,26552dd9c109058ba93a75bb8ba5de1f6a85585b,26552dd9c109058ba93a75bb8ba5de1f6a85585b,e5f957a2b78b4a08cede2183cd59012f73beaffc38f0821d43bb458df08be222:5eb2ada6d8d007969c111064ae6c5de089e8bd61c0156cb49cc98484cea2b5d9,42eb775e6134da2e127c1e85f3b78b32393aacc4c41b9692d835680ed845cfc7,development+reused_validation,"{""base"": ""equal"", ""borrow_bps"": 50.0, ""cap"": 1.0, ""control"": ""event"", ""covariance_days"": 151, ""diagnostic"": ""lookback_high_base"", ""family"": ""range"", ""har_train_min"": 605, ""lookback"": 76, ""overlay"": false, ""static_exposure"": null, ""target"": 0.1, ""threshold"": 0.05, ""trial_id"": ""E3-63"", ""universe"": [""SPY"", ""TLT"", ""GLD""]}",5.0 bp risky purchases+sales; borrow rf+50.0 bp,results/20261004T003009-2f16c796/E3-63-lookback_high_base-bf85c48cbc.csv,completed,No OOS retuning; diagnostic not eligible for selection,False
E3-63-trigger_low-a30a2da546,2026-10-04T00:33:57.332589+00:00,26552dd9c109058ba93a75bb8ba5de1f6a85585b,26552dd9c109058ba93a75bb8ba5de1f6a85585b,e5f957a2b78b4a08cede2183cd59012f73beaffc38f0821d43bb458df08be222:5eb2ada6d8d007969c111064ae6c5de089e8bd61c0156cb49cc98484cea2b5d9,89b85b96374c84c5452c70980fd92ef1d3833901bf1e5e37fae44596fc72e3c2,development+reused_validation,"{""base"": ""equal"", ""borrow_bps"": 50.0, ""cap"": 1.0, ""control"": ""event"", ""covariance_days"": 126, ""diagnostic"": ""trigger_low"", ""family"": ""range"", ""har_train_min"": 504, ""lookback"": 63, ""overlay"": true, ""static_exposure"": null, ""target"": 0.1, ""threshold"": 0.04, ""trial_id"": ""E3-63"", ""universe"": [""SPY"", ""TLT"", ""GLD""]}",5.0 bp risky purchases+sales; borrow rf+50.0 bp,results/20261004T003009-2f16c796/E3-63-trigger_low-a30a2da546.csv,started,Attempt retained even if process fails,False
E3-63-trigger_low-a30a2da546,2026-10-04T00:33:57.332589+00:00,26552dd9c109058ba93a75bb8ba5de1f6a85585b,26552dd9c109058ba93a75bb8ba5de1f6a85585b,e5f957a2b78b4a08cede2183cd59012f73beaffc38f0821d43bb458df08be222:5eb2ada6d8d007969c111064ae6c5de089e8bd61c0156cb49cc98484cea2b5d9,89b85b96374c84c5452c70980fd92ef1d3833901bf1e5e37fae44596fc72e3c2,development+reused_validation,"{""base"": ""equal"", ""borrow_bps"": 50.0, ""cap"": 1.0, ""control"": ""event"", ""covariance_days"": 126, ""diagnostic"": ""trigger_low"", ""family"": ""range"", ""har_train_min"": 504, ""lookback"": 63, ""overlay"": true, ""static_exposure"": null, ""target"": 0.1, ""threshold"": 0.04, ""trial_id"": ""E3-63"", ""universe"": [""SPY"", ""TLT"", ""GLD""]}",5.0 bp risky purchases+sales; borrow rf+50.0 bp,results/20261004T003009-2f16c796/E3-63-trigger_low-a30a2da546.csv,completed,No OOS retuning; diagnostic not eligible for selection,False
E3-63-trigger_low_base-1e566d3b93,2026-10-04T00:33:59.487101+00:00,26552dd9c109058ba93a75bb8ba5de1f6a85585b,26552dd9c109058ba93a75bb8ba5de1f6a85585b,e5f957a2b78b4a08cede2183cd59012f73beaffc38f0821d43bb458df08be222:5eb2ada6d8d007969c111064ae6c5de089e8bd61c0156cb49cc98484cea2b5d9,ca9e6ab9ea57d048add25da17be0a0219e8bb07d0cd408bfaf8068f66d4e92fa,development+reused_validation,"{""base"": ""equal"", ""borrow_bps"": 50.0, ""cap"": 1.0, ""control"": ""event"", ""covariance_days"": 126, ""diagnostic"": ""trigger_low_base"", ""family"": ""range"", ""har_train_min"": 504, ""lookback"": 63, ""overlay"": false, ""static_exposure"": null, ""target"": 0.1, ""threshold"": 0.04, ""trial_id"": ""E3-63"", ""universe"": [""SPY"", ""TLT"", ""GLD""]}",5.0 bp risky purchases+sales; borrow rf+50.0 bp,results/20261004T003009-2f16c796/E3-63-trigger_low_base-1e566d3b93.csv,started,Attempt retained even if process fails,False
E3-63-trigger_low_base-1e566d3b93,2026-10-04T00:33:59.487101+00:00,26552dd9c109058ba93a75bb8ba5de1f6a85585b,26552dd9c109058ba93a75bb8ba5de1f6a85585b,e5f957a2b78b4a08cede2183cd59012f73beaffc38f0821d43bb458df08be222:5eb2ada6d8d007969c111064ae6c5de089e8bd61c0156cb49cc98484cea2b5d9,ca9e6ab9ea57d048add25da17be0a0219e8bb07d0cd408bfaf8068f66d4e92fa,development+reused_validation,"{""base"": ""equal"", ""borrow_bps"": 50.0, ""cap"": 1.0, ""control"": ""event"", ""covariance_days"": 126, ""diagnostic"": ""trigger_low_base"", ""family"": ""range"", ""har_train_min"": 504, ""lookback"": 63, ""overlay"": false, ""static_exposure"": null, ""target"": 0.1, ""threshold"": 0.04, ""trial_id"": ""E3-63"", ""universe"": [""SPY"", ""TLT"", ""GLD""]}",5.0 bp risky purchases+sales; borrow rf+50.0 bp,results/20261004T003009-2f16c796/E3-63-trigger_low_base-1e566d3b93.csv,completed,No OOS retuning; diagnostic not eligible for selection,False
E3-63-trigger_high-6f94069ea2,2026-10-04T00:34:01.659446+00:00,26552dd9c109058ba93a75bb8ba5de1f6a85585b,26552dd9c109058ba93a75bb8ba5de1f6a85585b,e5f957a2b78b4a08cede2183cd59012f73beaffc38f0821d43bb458df08be222:5eb2ada6d8d007969c111064ae6c5de089e8bd61c0156cb49cc98484cea2b5d9,c023ca9eb4a68177ee5487d228f45dc5a9b3a7de2a74213c1ef3fe3dd99033d9,development+reused_validation,"{""base"": ""equal"", ""borrow_bps"": 50.0, ""cap"": 1.0, ""control"": ""event"", ""covariance_days"": 126, ""diagnostic"": ""trigger_high"", ""family"": ""range"", ""har_train_min"": 504, ""lookback"": 63, ""overlay"": true, ""static_exposure"": null, ""target"": 0.1, ""threshold"": 0.06, ""trial_id"": ""E3-63"", ""universe"": [""SPY"", ""TLT"", ""GLD""]}",5.0 bp risky purchases+sales; borrow rf+50.0 bp,results/20261004T003009-2f16c796/E3-63-trigger_high-6f94069ea2.csv,started,Attempt retained even if process fails,False
E3-63-trigger_high-6f94069ea2,2026-10-04T00:34:01.659446+00:00,26552dd9c109058ba93a75bb8ba5de1f6a85585b,26552dd9c109058ba93a75bb8ba5de1f6a85585b,e5f957a2b78b4a08cede2183cd59012f73beaffc38f0821d43bb458df08be222:5eb2ada6d8d007969c111064ae6c5de089e8bd61c0156cb49cc98484cea2b5d9,c023ca9eb4a68177ee5487d228f45dc5a9b3a7de2a74213c1ef3fe3dd99033d9,development+reused_validation,"{""base"": ""equal"", ""borrow_bps"": 50.0, ""cap"": 1.0, ""control"": ""event"", ""covariance_days"": 126, ""diagnostic"": ""trigger_high"", ""family"": ""range"", ""har_train_min"": 504, ""lookback"": 63, ""overlay"": true, ""static_exposure"": null, ""target"": 0.1, ""threshold"": 0.06, ""trial_id"": ""E3-63"", ""universe"": [""SPY"", ""TLT"", ""GLD""]}",5.0 bp risky purchases+sales; borrow rf+50.0 bp,results/20261004T003009-2f16c796/E3-63-trigger_high-6f94069ea2.csv,completed,No OOS retuning; diagnostic not eligible for selection,False
E3-63-trigger_high_base-d761c08723,2026-10-04T00:34:03.997298+00:00,26552dd9c109058ba93a75bb8ba5de1f6a85585b,26552dd9c109058ba93a75bb8ba5de1f6a85585b,e5f957a2b78b4a08cede2183cd59012f73beaffc38f0821d43bb458df08be222:5eb2ada6d8d007969c111064ae6c5de089e8bd61c0156cb49cc98484cea2b5d9,870e3c9a55daa3d4a920907f87762f3dab5571fecc76f96242041eab9cbaff15,development+reused_validation,"{""base"": ""equal"", ""borrow_bps"": 50.0, ""cap"": 1.0, ""control"": ""event"", ""covariance_days"": 126, ""diagnostic"": ""trigger_high_base"", ""family"": ""range"", ""har_train_min"": 504, ""lookback"": 63, ""overlay"": false, ""static_exposure"": null, ""target"": 0.1, ""threshold"": 0.06, ""trial_id"": ""E3-63"", ""universe"": [""SPY"", ""TLT"", ""GLD""]}",5.0 bp risky purchases+sales; borrow rf+50.0 bp,results/20261004T003009-2f16c796/E3-63-trigger_high_base-d761c08723.csv,started,Attempt retained even if process fails,False
E3-63-trigger_high_base-d761c08723,2026-10-04T00:34:03.997298+00:00,26552dd9c109058ba93a75bb8ba5de1f6a85585b,26552dd9c109058ba93a75bb8ba5de1f6a85585b,e5f957a2b78b4a08cede2183cd59012f73beaffc38f0821d43bb458df08be222:5eb2ada6d8d007969c111064ae6c5de089e8bd61c0156cb49cc98484cea2b5d9,870e3c9a55daa3d4a920907f87762f3dab5571fecc76f96242041eab9cbaff15,development+reused_validation,"{""base"": ""equal"", ""borrow_bps"": 50.0, ""cap"": 1.0, ""control"": ""event"", ""covariance_days"": 126, ""diagnostic"": ""trigger_high_base"", ""family"": ""range"", ""har_train_min"": 504, ""lookback"": 63, ""overlay"": false, ""static_exposure"": null, ""target"": 0.1, ""threshold"": 0.06, ""trial_id"": ""E3-63"", ""universe"": [""SPY"", ""TLT"", ""GLD""]}",5.0 bp risky purchases+sales; borrow rf+50.0 bp,results/20261004T003009-2f16c796/E3-63-trigger_high_base-d761c08723.csv,completed,No OOS retuning; diagnostic not eligible for selection,False
E4-double_cost-871549879f,2026-10-04T00:34:06.216816+00:00,26552dd9c109058ba93a75bb8ba5de1f6a85585b,26552dd9c109058ba93a75bb8ba5de1f6a85585b,e5f957a2b78b4a08cede2183cd59012f73beaffc38f0821d43bb458df08be222:5eb2ada6d8d007969c111064ae6c5de089e8bd61c0156cb49cc98484cea2b5d9,72f00449bdddb4005e99fb464ee491eb02e4ea0f6fab0aa2d6dfc73ad92421ee,development+reused_validation,"{""base"": ""minvar"", ""borrow_bps"": 50.0, ""cap"": 1.0, ""control"": ""event"", ""covariance_days"": 126, ""diagnostic"": ""double_cost"", ""family"": ""ensemble"", ""har_train_min"": 504, ""lookback"": 63, ""overlay"": true, ""static_exposure"": null, ""target"": 0.1, ""threshold"": 0.05, ""trial_id"": ""E4"", ""universe"": [""SPY"", ""TLT"", ""GLD""]}",10 bp risky purchases+sales; borrow rf+50.0 bp,results/20261004T003009-2f16c796/E4-double_cost-871549879f.csv,started,Attempt retained even if process fails,False
E4-double_cost-871549879f,2026-10-04T00:34:06.216816+00:00,26552dd9c109058ba93a75bb8ba5de1f6a85585b,26552dd9c109058ba93a75bb8ba5de1f6a85585b,e5f957a2b78b4a08cede2183cd59012f73beaffc38f0821d43bb458df08be222:5eb2ada6d8d007969c111064ae6c5de089e8bd61c0156cb49cc98484cea2b5d9,72f00449bdddb4005e99fb464ee491eb02e4ea0f6fab0aa2d6dfc73ad92421ee,development+reused_validation,"{""base"": ""minvar"", ""borrow_bps"": 50.0, ""cap"": 1.0, ""control"": ""event"", ""covariance_days"": 126, ""diagnostic"": ""double_cost"", ""family"": ""ensemble"", ""har_train_min"": 504, ""lookback"": 63, ""overlay"": true, ""static_exposure"": null, ""target"": 0.1, ""threshold"": 0.05, ""trial_id"": ""E4"", ""universe"": [""SPY"", ""TLT"", ""GLD""]}",10 bp risky purchases+sales; borrow rf+50.0 bp,results/20261004T003009-2f16c796/E4-double_cost-871549879f.csv,completed,No OOS retuning; diagnostic not eligible for selection,False
E4-double_cost_base-647fff1428,2026-10-04T00:34:07.864889+00:00,26552dd9c109058ba93a75bb8ba5de1f6a85585b,26552dd9c109058ba93a75bb8ba5de1f6a85585b,e5f957a2b78b4a08cede2183cd59012f73beaffc38f0821d43bb458df08be222:5eb2ada6d8d007969c111064ae6c5de089e8bd61c0156cb49cc98484cea2b5d9,d9302037f7de55a2837f65c5c280f8b984716c8ffdc39566c11fcdc636cf1f52,development+reused_validation,"{""base"": ""minvar"", ""borrow_bps"": 50.0, ""cap"": 1.0, ""control"": ""event"", ""covariance_days"": 126, ""diagnostic"": ""double_cost_base"", ""family"": ""ensemble"", ""har_train_min"": 504, ""lookback"": 63, ""overlay"": false, ""static_exposure"": null, ""target"": 0.1, ""threshold"": 0.05, ""trial_id"": ""E4"", ""universe"": [""SPY"", ""TLT"", ""GLD""]}",10 bp risky purchases+sales; borrow rf+50.0 bp,results/20261004T003009-2f16c796/E4-double_cost_base-647fff1428.csv,started,Attempt retained even if process fails,False
E4-double_cost_base-647fff1428,2026-10-04T00:34:07.864889+00:00,26552dd9c109058ba93a75bb8ba5de1f6a85585b,26552dd9c109058ba93a75bb8ba5de1f6a85585b,e5f957a2b78b4a08cede2183cd59012f73beaffc38f0821d43bb458df08be222:5eb2ada6d8d007969c111064ae6c5de089e8bd61c0156cb49cc98484cea2b5d9,d9302037f7de55a2837f65c5c280f8b984716c8ffdc39566c11fcdc636cf1f52,development+reused_validation,"{""base"": ""minvar"", ""borrow_bps"": 50.0, ""cap"": 1.0, ""control"": ""event"", ""covariance_days"": 126, ""diagnostic"": ""double_cost_base"", ""family"": ""ensemble"", ""har_train_min"": 504, ""lookback"": 63, ""overlay"": false, ""static_exposure"": null, ""target"": 0.1, ""threshold"": 0.05, ""trial_id"": ""E4"", ""universe"": [""SPY"", ""TLT"", ""GLD""]}",10 bp risky purchases+sales; borrow rf+50.0 bp,results/20261004T003009-2f16c796/E4-double_cost_base-647fff1428.csv,completed,No OOS retuning; diagnostic not eligible for selection,False
E4-target_low-9dd8c0b5cc,2026-10-04T00:34:09.678714+00:00,26552dd9c109058ba93a75bb8ba5de1f6a85585b,26552dd9c109058ba93a75bb8ba5de1f6a85585b,e5f957a2b78b4a08cede2183cd59012f73beaffc38f0821d43bb458df08be222:5eb2ada6d8d007969c111064ae6c5de089e8bd61c0156cb49cc98484cea2b5d9,d23f4a46ab9fca9ff6fad9480765ea9b94c9f823bebae02c80e0b0ea4abf54e4,development+reused_validation,"{""base"": ""minvar"", ""borrow_bps"": 50.0, ""cap"": 1.0, ""control"": ""event"", ""covariance_days"": 126, ""diagnostic"": ""target_low"", ""family"": ""ensemble"", ""har_train_min"": 504, ""lookback"": 63, ""overlay"": true, ""static_exposure"": null, ""target"": 0.09000000000000001, ""threshold"": 0.05, ""trial_id"": ""E4"", ""universe"": [""SPY"", ""TLT"", ""GLD""]}",5.0 bp risky purchases+sales; borrow rf+50.0 bp,results/20261004T003009-2f16c796/E4-target_low-9dd8c0b5cc.csv,started,Attempt retained even if process fails,False
E4-target_low-9dd8c0b5cc,2026-10-04T00:34:09.678714+00:00,26552dd9c109058ba93a75bb8ba5de1f6a85585b,26552dd9c109058ba93a75bb8ba5de1f6a85585b,e5f957a2b78b4a08cede2183cd59012f73beaffc38f0821d43bb458df08be222:5eb2ada6d8d007969c111064ae6c5de089e8bd61c0156cb49cc98484cea2b5d9,d23f4a46ab9fca9ff6fad9480765ea9b94c9f823bebae02c80e0b0ea4abf54e4,development+reused_validation,"{""base"": ""minvar"", ""borrow_bps"": 50.0, ""cap"": 1.0, ""control"": ""event"", ""covariance_days"": 126, ""diagnostic"": ""target_low"", ""family"": ""ensemble"", ""har_train_min"": 504, ""lookback"": 63, ""overlay"": true, ""static_exposure"": null, ""target"": 0.09000000000000001, ""threshold"": 0.05, ""trial_id"": ""E4"", ""universe"": [""SPY"", ""TLT"", ""GLD""]}",5.0 bp risky purchases+sales; borrow rf+50.0 bp,results/20261004T003009-2f16c796/E4-target_low-9dd8c0b5cc.csv,completed,No OOS retuning; diagnostic not eligible for selection,False
E4-target_low_base-7434e6b4f7,2026-10-04T00:34:11.353732+00:00,26552dd9c109058ba93a75bb8ba5de1f6a85585b,26552dd9c109058ba93a75bb8ba5de1f6a85585b,e5f957a2b78b4a08cede2183cd59012f73beaffc38f0821d43bb458df08be222:5eb2ada6d8d007969c111064ae6c5de089e8bd61c0156cb49cc98484cea2b5d9,cddc15835c8c09f07c70e1a6c3c1e932e52a0daa4b891feb72dee6fad2e63c0f,development+reused_validation,"{""base"": ""minvar"", ""borrow_bps"": 50.0, ""cap"": 1.0, ""control"": ""event"", ""covariance_days"": 126, ""diagnostic"": ""target_low_base"", ""family"": ""ensemble"", ""har_train_min"": 504, ""lookback"": 63, ""overlay"": false, ""static_exposure"": null, ""target"": 0.09000000000000001, ""threshold"": 0.05, ""trial_id"": ""E4"", ""universe"": [""SPY"", ""TLT"", ""GLD""]}",5.0 bp risky purchases+sales; borrow rf+50.0 bp,results/20261004T003009-2f16c796/E4-target_low_base-7434e6b4f7.csv,started,Attempt retained even if process fails,False
E4-target_low_base-7434e6b4f7,2026-10-04T00:34:11.353732+00:00,26552dd9c109058ba93a75bb8ba5de1f6a85585b,26552dd9c109058ba93a75bb8ba5de1f6a85585b,e5f957a2b78b4a08cede2183cd59012f73beaffc38f0821d43bb458df08be222:5eb2ada6d8d007969c111064ae6c5de089e8bd61c0156cb49cc98484cea2b5d9,cddc15835c8c09f07c70e1a6c3c1e932e52a0daa4b891feb72dee6fad2e63c0f,development+reused_validation,"{""base"": ""minvar"", ""borrow_bps"": 50.0, ""cap"": 1.0, ""control"": ""event"", ""covariance_days"": 126, ""diagnostic"": ""target_low_base"", ""family"": ""ensemble"", ""har_train_min"": 504, ""lookback"": 63, ""overlay"": false, ""static_exposure"": null, ""target"": 0.09000000000000001, ""threshold"": 0.05, ""trial_id"": ""E4"", ""universe"": [""SPY"", ""TLT"", ""GLD""]}",5.0 bp risky purchases+sales; borrow rf+50.0 bp,results/20261004T003009-2f16c796/E4-target_low_base-7434e6b4f7.csv,completed,No OOS retuning; diagnostic not eligible for selection,False
E4-target_high-b4c02ad133,2026-10-04T00:34:12.989716+00:00,26552dd9c109058ba93a75bb8ba5de1f6a85585b,26552dd9c109058ba93a75bb8ba5de1f6a85585b,e5f957a2b78b4a08cede2183cd59012f73beaffc38f0821d43bb458df08be222:5eb2ada6d8d007969c111064ae6c5de089e8bd61c0156cb49cc98484cea2b5d9,8e4310f008081d3faf4b70f2b47c706622d4bc4beb684310f05e87a1dea232df,development+reused_validation,"{""base"": ""minvar"", ""borrow_bps"": 50.0, ""cap"": 1.0, ""control"": ""event"", ""covariance_days"": 126, ""diagnostic"": ""target_high"", ""family"": ""ensemble"", ""har_train_min"": 504, ""lookback"": 63, ""overlay"": true, ""static_exposure"": null, ""target"": 0.11, ""threshold"": 0.05, ""trial_id"": ""E4"", ""universe"": [""SPY"", ""TLT"", ""GLD""]}",5.0 bp risky purchases+sales; borrow rf+50.0 bp,results/20261004T003009-2f16c796/E4-target_high-b4c02ad133.csv,started,Attempt retained even if process fails,False
E4-target_high-b4c02ad133,2026-10-04T00:34:12.989716+00:00,26552dd9c109058ba93a75bb8ba5de1f6a85585b,26552dd9c109058ba93a75bb8ba5de1f6a85585b,e5f957a2b78b4a08cede2183cd59012f73beaffc38f0821d43bb458df08be222:5eb2ada6d8d007969c111064ae6c5de089e8bd61c0156cb49cc98484cea2b5d9,8e4310f008081d3faf4b70f2b47c706622d4bc4beb684310f05e87a1dea232df,development+reused_validation,"{""base"": ""minvar"", ""borrow_bps"": 50.0, ""cap"": 1.0, ""control"": ""event"", ""covariance_days"": 126, ""diagnostic"": ""target_high"", ""family"": ""ensemble"", ""har_train_min"": 504, ""lookback"": 63, ""overlay"": true, ""static_exposure"": null, ""target"": 0.11, ""threshold"": 0.05, ""trial_id"": ""E4"", ""universe"": [""SPY"", ""TLT"", ""GLD""]}",5.0 bp risky purchases+sales; borrow rf+50.0 bp,results/20261004T003009-2f16c796/E4-target_high-b4c02ad133.csv,completed,No OOS retuning; diagnostic not eligible for selection,False
E4-target_high_base-5583561094,2026-10-04T00:34:14.625801+00:00,26552dd9c109058ba93a75bb8ba5de1f6a85585b,26552dd9c109058ba93a75bb8ba5de1f6a85585b,e5f957a2b78b4a08cede2183cd59012f73beaffc38f0821d43bb458df08be222:5eb2ada6d8d007969c111064ae6c5de089e8bd61c0156cb49cc98484cea2b5d9,f52dbf66790a979131554a7f61e7f31a9a6f13a6a662de9c29bc43162bb9ca37,development+reused_validation,"{""base"": ""minvar"", ""borrow_bps"": 50.0, ""cap"": 1.0, ""control"": ""event"", ""covariance_days"": 126, ""diagnostic"": ""target_high_base"", ""family"": ""ensemble"", ""har_train_min"": 504, ""lookback"": 63, ""overlay"": false, ""static_exposure"": null, ""target"": 0.11, ""threshold"": 0.05, ""trial_id"": ""E4"", ""universe"": [""SPY"", ""TLT"", ""GLD""]}",5.0 bp risky purchases+sales; borrow rf+50.0 bp,results/20261004T003009-2f16c796/E4-target_high_base-5583561094.csv,started,Attempt retained even if process fails,False
E4-target_high_base-5583561094,2026-10-04T00:34:14.625801+00:00,26552dd9c109058ba93a75bb8ba5de1f6a85585b,26552dd9c109058ba93a75bb8ba5de1f6a85585b,e5f957a2b78b4a08cede2183cd59012f73beaffc38f0821d43bb458df08be222:5eb2ada6d8d007969c111064ae6c5de089e8bd61c0156cb49cc98484cea2b5d9,f52dbf66790a979131554a7f61e7f31a9a6f13a6a662de9c29bc43162bb9ca37,development+reused_validation,"{""base"": ""minvar"", ""borrow_bps"": 50.0, ""cap"": 1.0, ""control"": ""event"", ""covariance_days"": 126, ""diagnostic"": ""target_high_base"", ""family"": ""ensemble"", ""har_train_min"": 504, ""lookback"": 63, ""overlay"": false, ""static_exposure"": null, ""target"": 0.11, ""threshold"": 0.05, ""trial_id"": ""E4"", ""universe"": [""SPY"", ""TLT"", ""GLD""]}",5.0 bp risky purchases+sales; borrow rf+50.0 bp,results/20261004T003009-2f16c796/E4-target_high_base-5583561094.csv,completed,No OOS retuning; diagnostic not eligible for selection,False
E4-lookback_low-d6c9f037e6,2026-10-04T00:34:16.266550+00:00,26552dd9c109058ba93a75bb8ba5de1f6a85585b,26552dd9c109058ba93a75bb8ba5de1f6a85585b,e5f957a2b78b4a08cede2183cd59012f73beaffc38f0821d43bb458df08be222:5eb2ada6d8d007969c111064ae6c5de089e8bd61c0156cb49cc98484cea2b5d9,d44ade63c51ca477501af8f98ad3cc95f98e36d559797cde4ade28cc14b82fe1,development+reused_validation,"{""base"": ""minvar"", ""borrow_bps"": 50.0, ""cap"": 1.0, ""control"": ""event"", ""covariance_days"": 101, ""diagnostic"": ""lookback_low"", ""family"": ""ensemble"", ""har_train_min"": 403, ""lookback"": 50, ""overlay"": true, ""static_exposure"": null, ""target"": 0.1, ""threshold"": 0.05, ""trial_id"": ""E4"", ""universe"": [""SPY"", ""TLT"", ""GLD""]}",5.0 bp risky purchases+sales; borrow rf+50.0 bp,results/20261004T003009-2f16c796/E4-lookback_low-d6c9f037e6.csv,started,Attempt retained even if process fails,False
E4-lookback_low-d6c9f037e6,2026-10-04T00:34:16.266550+00:00,26552dd9c109058ba93a75bb8ba5de1f6a85585b,26552dd9c109058ba93a75bb8ba5de1f6a85585b,e5f957a2b78b4a08cede2183cd59012f73beaffc38f0821d43bb458df08be222:5eb2ada6d8d007969c111064ae6c5de089e8bd61c0156cb49cc98484cea2b5d9,d44ade63c51ca477501af8f98ad3cc95f98e36d559797cde4ade28cc14b82fe1,development+reused_validation,"{""base"": ""minvar"", ""borrow_bps"": 50.0, ""cap"": 1.0, ""control"": ""event"", ""covariance_days"": 101, ""diagnostic"": ""lookback_low"", ""family"": ""ensemble"", ""har_train_min"": 403, ""lookback"": 50, ""overlay"": true, ""static_exposure"": null, ""target"": 0.1, ""threshold"": 0.05, ""trial_id"": ""E4"", ""universe"": [""SPY"", ""TLT"", ""GLD""]}",5.0 bp risky purchases+sales; borrow rf+50.0 bp,results/20261004T003009-2f16c796/E4-lookback_low-d6c9f037e6.csv,completed,No OOS retuning; diagnostic not eligible for selection,False
E4-lookback_low_base-5943fa745d,2026-10-04T00:34:17.894615+00:00,26552dd9c109058ba93a75bb8ba5de1f6a85585b,26552dd9c109058ba93a75bb8ba5de1f6a85585b,e5f957a2b78b4a08cede2183cd59012f73beaffc38f0821d43bb458df08be222:5eb2ada6d8d007969c111064ae6c5de089e8bd61c0156cb49cc98484cea2b5d9,9893b16b6bcb57fc827d82a54d4b45ca858a1911de5f92bb9a6bb597dd6ac13a,development+reused_validation,"{""base"": ""minvar"", ""borrow_bps"": 50.0, ""cap"": 1.0, ""control"": ""event"", ""covariance_days"": 101, ""diagnostic"": ""lookback_low_base"", ""family"": ""ensemble"", ""har_train_min"": 403, ""lookback"": 50, ""overlay"": false, ""static_exposure"": null, ""target"": 0.1, ""threshold"": 0.05, ""trial_id"": ""E4"", ""universe"": [""SPY"", ""TLT"", ""GLD""]}",5.0 bp risky purchases+sales; borrow rf+50.0 bp,results/20261004T003009-2f16c796/E4-lookback_low_base-5943fa745d.csv,started,Attempt retained even if process fails,False
E4-lookback_low_base-5943fa745d,2026-10-04T00:34:17.894615+00:00,26552dd9c109058ba93a75bb8ba5de1f6a85585b,26552dd9c109058ba93a75bb8ba5de1f6a85585b,e5f957a2b78b4a08cede2183cd59012f73beaffc38f0821d43bb458df08be222:5eb2ada6d8d007969c111064ae6c5de089e8bd61c0156cb49cc98484cea2b5d9,9893b16b6bcb57fc827d82a54d4b45ca858a1911de5f92bb9a6bb597dd6ac13a,development+reused_validation,"{""base"": ""minvar"", ""borrow_bps"": 50.0, ""cap"": 1.0, ""control"": ""event"", ""covariance_days"": 101, ""diagnostic"": ""lookback_low_base"", ""family"": ""ensemble"", ""har_train_min"": 403, ""lookback"": 50, ""overlay"": false, ""static_exposure"": null, ""target"": 0.1, ""threshold"": 0.05, ""trial_id"": ""E4"", ""universe"": [""SPY"", ""TLT"", ""GLD""]}",5.0 bp risky purchases+sales; borrow rf+50.0 bp,results/20261004T003009-2f16c796/E4-lookback_low_base-5943fa745d.csv,completed,No OOS retuning; diagnostic not eligible for selection,False
E4-lookback_high-646135bce4,2026-10-04T00:34:19.564425+00:00,26552dd9c109058ba93a75bb8ba5de1f6a85585b,26552dd9c109058ba93a75bb8ba5de1f6a85585b,e5f957a2b78b4a08cede2183cd59012f73beaffc38f0821d43bb458df08be222:5eb2ada6d8d007969c111064ae6c5de089e8bd61c0156cb49cc98484cea2b5d9,7be41017559f2cac9df381308c0d58afb07531f1d3bc647c8ffe6107de093750,development+reused_validation,"{""base"": ""minvar"", ""borrow_bps"": 50.0, ""cap"": 1.0, ""control"": ""event"", ""covariance_days"": 151, ""diagnostic"": ""lookback_high"", ""family"": ""ensemble"", ""har_train_min"": 605, ""lookback"": 76, ""overlay"": true, ""static_exposure"": null, ""target"": 0.1, ""threshold"": 0.05, ""trial_id"": ""E4"", ""universe"": [""SPY"", ""TLT"", ""GLD""]}",5.0 bp risky purchases+sales; borrow rf+50.0 bp,results/20261004T003009-2f16c796/E4-lookback_high-646135bce4.csv,started,Attempt retained even if process fails,False
E4-lookback_high-646135bce4,2026-10-04T00:34:19.564425+00:00,26552dd9c109058ba93a75bb8ba5de1f6a85585b,26552dd9c109058ba93a75bb8ba5de1f6a85585b,e5f957a2b78b4a08cede2183cd59012f73beaffc38f0821d43bb458df08be222:5eb2ada6d8d007969c111064ae6c5de089e8bd61c0156cb49cc98484cea2b5d9,7be41017559f2cac9df381308c0d58afb07531f1d3bc647c8ffe6107de093750,development+reused_validation,"{""base"": ""minvar"", ""borrow_bps"": 50.0, ""cap"": 1.0, ""control"": ""event"", ""covariance_days"": 151, ""diagnostic"": ""lookback_high"", ""family"": ""ensemble"", ""har_train_min"": 605, ""lookback"": 76, ""overlay"": true, ""static_exposure"": null, ""target"": 0.1, ""threshold"": 0.05, ""trial_id"": ""E4"", ""universe"": [""SPY"", ""TLT"", ""GLD""]}",5.0 bp risky purchases+sales; borrow rf+50.0 bp,results/20261004T003009-2f16c796/E4-lookback_high-646135bce4.csv,completed,No OOS retuning; diagnostic not eligible for selection,False
E4-lookback_high_base-7055a03691,2026-10-04T00:34:21.198726+00:00,26552dd9c109058ba93a75bb8ba5de1f6a85585b,26552dd9c109058ba93a75bb8ba5de1f6a85585b,e5f957a2b78b4a08cede2183cd59012f73beaffc38f0821d43bb458df08be222:5eb2ada6d8d007969c111064ae6c5de089e8bd61c0156cb49cc98484cea2b5d9,737b3c9e9df5aaede56517e04ae5f1ae777c7283030a7efb36a2a1611c0e243a,development+reused_validation,"{""base"": ""minvar"", ""borrow_bps"": 50.0, ""cap"": 1.0, ""control"": ""event"", ""covariance_days"": 151, ""diagnostic"": ""lookback_high_base"", ""family"": ""ensemble"", ""har_train_min"": 605, ""lookback"": 76, ""overlay"": false, ""static_exposure"": null, ""target"": 0.1, ""threshold"": 0.05, ""trial_id"": ""E4"", ""universe"": [""SPY"", ""TLT"", ""GLD""]}",5.0 bp risky purchases+sales; borrow rf+50.0 bp,results/20261004T003009-2f16c796/E4-lookback_high_base-7055a03691.csv,started,Attempt retained even if process fails,False
E4-lookback_high_base-7055a03691,2026-10-04T00:34:21.198726+00:00,26552dd9c109058ba93a75bb8ba5de1f6a85585b,26552dd9c109058ba93a75bb8ba5de1f6a85585b,e5f957a2b78b4a08cede2183cd59012f73beaffc38f0821d43bb458df08be222:5eb2ada6d8d007969c111064ae6c5de089e8bd61c0156cb49cc98484cea2b5d9,737b3c9e9df5aaede56517e04ae5f1ae777c7283030a7efb36a2a1611c0e243a,development+reused_validation,"{""base"": ""minvar"", ""borrow_bps"": 50.0, ""cap"": 1.0, ""control"": ""event"", ""covariance_days"": 151, ""diagnostic"": ""lookback_high_base"", ""family"": ""ensemble"", ""har_train_min"": 605, ""lookback"": 76, ""overlay"": false, ""static_exposure"": null, ""target"": 0.1, ""threshold"": 0.05, ""trial_id"": ""E4"", ""universe"": [""SPY"", ""TLT"", ""GLD""]}",5.0 bp risky purchases+sales; borrow rf+50.0 bp,results/20261004T003009-2f16c796/E4-lookback_high_base-7055a03691.csv,completed,No OOS retuning; diagnostic not eligible for selection,False
E4-trigger_low-454e0a2dd9,2026-10-04T00:34:22.838143+00:00,26552dd9c109058ba93a75bb8ba5de1f6a85585b,26552dd9c109058ba93a75bb8ba5de1f6a85585b,e5f957a2b78b4a08cede2183cd59012f73beaffc38f0821d43bb458df08be222:5eb2ada6d8d007969c111064ae6c5de089e8bd61c0156cb49cc98484cea2b5d9,8356e4c5ea2bcc8f371a44a7331df0e97dcf48eef33a8e03b80b5cdcc65b521e,development+reused_validation,"{""base"": ""minvar"", ""borrow_bps"": 50.0, ""cap"": 1.0, ""control"": ""event"", ""covariance_days"": 126, ""diagnostic"": ""trigger_low"", ""family"": ""ensemble"", ""har_train_min"": 504, ""lookback"": 63, ""overlay"": true, ""static_exposure"": null, ""target"": 0.1, ""threshold"": 0.04, ""trial_id"": ""E4"", ""universe"": [""SPY"", ""TLT"", ""GLD""]}",5.0 bp risky purchases+sales; borrow rf+50.0 bp,results/20261004T003009-2f16c796/E4-trigger_low-454e0a2dd9.csv,started,Attempt retained even if process fails,False
E4-trigger_low-454e0a2dd9,2026-10-04T00:34:22.838143+00:00,26552dd9c109058ba93a75bb8ba5de1f6a85585b,26552dd9c109058ba93a75bb8ba5de1f6a85585b,e5f957a2b78b4a08cede2183cd59012f73beaffc38f0821d43bb458df08be222:5eb2ada6d8d007969c111064ae6c5de089e8bd61c0156cb49cc98484cea2b5d9,8356e4c5ea2bcc8f371a44a7331df0e97dcf48eef33a8e03b80b5cdcc65b521e,development+reused_validation,"{""base"": ""minvar"", ""borrow_bps"": 50.0, ""cap"": 1.0, ""control"": ""event"", ""covariance_days"": 126, ""diagnostic"": ""trigger_low"", ""family"": ""ensemble"", ""har_train_min"": 504, ""lookback"": 63, ""overlay"": true, ""static_exposure"": null, ""target"": 0.1, ""threshold"": 0.04, ""trial_id"": ""E4"", ""universe"": [""SPY"", ""TLT"", ""GLD""]}",5.0 bp risky purchases+sales; borrow rf+50.0 bp,results/20261004T003009-2f16c796/E4-trigger_low-454e0a2dd9.csv,completed,No OOS retuning; diagnostic not eligible for selection,False
E4-trigger_low_base-b62357dd65,2026-10-04T00:34:24.473537+00:00,26552dd9c109058ba93a75bb8ba5de1f6a85585b,26552dd9c109058ba93a75bb8ba5de1f6a85585b,e5f957a2b78b4a08cede2183cd59012f73beaffc38f0821d43bb458df08be222:5eb2ada6d8d007969c111064ae6c5de089e8bd61c0156cb49cc98484cea2b5d9,d6b408d664e875472a3b594769361c81e4a88f32da1360b4a3523c4346f407da,development+reused_validation,"{""base"": ""minvar"", ""borrow_bps"": 50.0, ""cap"": 1.0, ""control"": ""event"", ""covariance_days"": 126, ""diagnostic"": ""trigger_low_base"", ""family"": ""ensemble"", ""har_train_min"": 504, ""lookback"": 63, ""overlay"": false, ""static_exposure"": null, ""target"": 0.1, ""threshold"": 0.04, ""trial_id"": ""E4"", ""universe"": [""SPY"", ""TLT"", ""GLD""]}",5.0 bp risky purchases+sales; borrow rf+50.0 bp,results/20261004T003009-2f16c796/E4-trigger_low_base-b62357dd65.csv,started,Attempt retained even if process fails,False
E4-trigger_low_base-b62357dd65,2026-10-04T00:34:24.473537+00:00,26552dd9c109058ba93a75bb8ba5de1f6a85585b,26552dd9c109058ba93a75bb8ba5de1f6a85585b,e5f957a2b78b4a08cede2183cd59012f73beaffc38f0821d43bb458df08be222:5eb2ada6d8d007969c111064ae6c5de089e8bd61c0156cb49cc98484cea2b5d9,d6b408d664e875472a3b594769361c81e4a88f32da1360b4a3523c4346f407da,development+reused_validation,"{""base"": ""minvar"", ""borrow_bps"": 50.0, ""cap"": 1.0, ""control"": ""event"", ""covariance_days"": 126, ""diagnostic"": ""trigger_low_base"", ""family"": ""ensemble"", ""har_train_min"": 504, ""lookback"": 63, ""overlay"": false, ""static_exposure"": null, ""target"": 0.1, ""threshold"": 0.04, ""trial_id"": ""E4"", ""universe"": [""SPY"", ""TLT"", ""GLD""]}",5.0 bp risky purchases+sales; borrow rf+50.0 bp,results/20261004T003009-2f16c796/E4-trigger_low_base-b62357dd65.csv,completed,No OOS retuning; diagnostic not eligible for selection,False
E4-trigger_high-52398e27d6,2026-10-04T00:34:26.104267+00:00,26552dd9c109058ba93a75bb8ba5de1f6a85585b,26552dd9c109058ba93a75bb8ba5de1f6a85585b,e5f957a2b78b4a08cede2183cd59012f73beaffc38f0821d43bb458df08be222:5eb2ada6d8d007969c111064ae6c5de089e8bd61c0156cb49cc98484cea2b5d9,083530f9df738867a3861cf753582d8a924d928b37721e55f620605fffba907c,development+reused_validation,"{""base"": ""minvar"", ""borrow_bps"": 50.0, ""cap"": 1.0, ""control"": ""event"", ""covariance_days"": 126, ""diagnostic"": ""trigger_high"", ""family"": ""ensemble"", ""har_train_min"": 504, ""lookback"": 63, ""overlay"": true, ""static_exposure"": null, ""target"": 0.1, ""threshold"": 0.06, ""trial_id"": ""E4"", ""universe"": [""SPY"", ""TLT"", ""GLD""]}",5.0 bp risky purchases+sales; borrow rf+50.0 bp,results/20261004T003009-2f16c796/E4-trigger_high-52398e27d6.csv,started,Attempt retained even if process fails,False
E4-trigger_high-52398e27d6,2026-10-04T00:34:26.104267+00:00,26552dd9c109058ba93a75bb8ba5de1f6a85585b,26552dd9c109058ba93a75bb8ba5de1f6a85585b,e5f957a2b78b4a08cede2183cd59012f73beaffc38f0821d43bb458df08be222:5eb2ada6d8d007969c111064ae6c5de089e8bd61c0156cb49cc98484cea2b5d9,083530f9df738867a3861cf753582d8a924d928b37721e55f620605fffba907c,development+reused_validation,"{""base"": ""minvar"", ""borrow_bps"": 50.0, ""cap"": 1.0, ""control"": ""event"", ""covariance_days"": 126, ""diagnostic"": ""trigger_high"", ""family"": ""ensemble"", ""har_train_min"": 504, ""lookback"": 63, ""overlay"": true, ""static_exposure"": null, ""target"": 0.1, ""threshold"": 0.06, ""trial_id"": ""E4"", ""universe"": [""SPY"", ""TLT"", ""GLD""]}",5.0 bp risky purchases+sales; borrow rf+50.0 bp,results/20261004T003009-2f16c796/E4-trigger_high-52398e27d6.csv,completed,No OOS retuning; diagnostic not eligible for selection,False
E4-trigger_high_base-159214762b,2026-10-04T00:34:27.770061+00:00,26552dd9c109058ba93a75bb8ba5de1f6a85585b,26552dd9c109058ba93a75bb8ba5de1f6a85585b,e5f957a2b78b4a08cede2183cd59012f73beaffc38f0821d43bb458df08be222:5eb2ada6d8d007969c111064ae6c5de089e8bd61c0156cb49cc98484cea2b5d9,e98fccf250c2ddbfe9a414b2d93378f81fb1568632927a6b8e3e049eae9f7c30,development+reused_validation,"{""base"": ""minvar"", ""borrow_bps"": 50.0, ""cap"": 1.0, ""control"": ""event"", ""covariance_days"": 126, ""diagnostic"": ""trigger_high_base"", ""family"": ""ensemble"", ""har_train_min"": 504, ""lookback"": 63, ""overlay"": false, ""static_exposure"": null, ""target"": 0.1, ""threshold"": 0.06, ""trial_id"": ""E4"", ""universe"": [""SPY"", ""TLT"", ""GLD""]}",5.0 bp risky purchases+sales; borrow rf+50.0 bp,results/20261004T003009-2f16c796/E4-trigger_high_base-159214762b.csv,started,Attempt retained even if process fails,False
E4-trigger_high_base-159214762b,2026-10-04T00:34:27.770061+00:00,26552dd9c109058ba93a75bb8ba5de1f6a85585b,26552dd9c109058ba93a75bb8ba5de1f6a85585b,e5f957a2b78b4a08cede2183cd59012f73beaffc38f0821d43bb458df08be222:5eb2ada6d8d007969c111064ae6c5de089e8bd61c0156cb49cc98484cea2b5d9,e98fccf250c2ddbfe9a414b2d93378f81fb1568632927a6b8e3e049eae9f7c30,development+reused_validation,"{""base"": ""minvar"", ""borrow_bps"": 50.0, ""cap"": 1.0, ""control"": ""event"", ""covariance_days"": 126, ""diagnostic"": ""trigger_high_base"", ""family"": ""ensemble"", ""har_train_min"": 504, ""lookback"": 63, ""overlay"": false, ""static_exposure"": null, ""target"": 0.1, ""threshold"": 0.06, ""trial_id"": ""E4"", ""universe"": [""SPY"", ""TLT"", ""GLD""]}",5.0 bp risky purchases+sales; borrow rf+50.0 bp,results/20261004T003009-2f16c796/E4-trigger_high_base-159214762b.csv,completed,No OOS retuning; diagnostic not eligible for selection,False
E5-double_cost-3266bcb8c8,2026-10-04T00:34:29.450022+00:00,26552dd9c109058ba93a75bb8ba5de1f6a85585b,26552dd9c109058ba93a75bb8ba5de1f6a85585b,e5f957a2b78b4a08cede2183cd59012f73beaffc38f0821d43bb458df08be222:5eb2ada6d8d007969c111064ae6c5de089e8bd61c0156cb49cc98484cea2b5d9,0a2561f2cc1fee1a971f2f7ad8e301f0c8812c05070da277e6aede5c91ff0d9b,development+reused_validation,"{""base"": ""erc"", ""borrow_bps"": 50.0, ""cap"": 1.0, ""control"": ""event"", ""covariance_days"": 126, ""diagnostic"": ""double_cost"", ""family"": ""ensemble"", ""har_train_min"": 504, ""lookback"": 63, ""overlay"": true, ""static_exposure"": null, ""target"": 0.1, ""threshold"": 0.05, ""trial_id"": ""E5"", ""universe"": [""SPY"", ""TLT"", ""GLD""]}",10 bp risky purchases+sales; borrow rf+50.0 bp,results/20261004T003009-2f16c796/E5-double_cost-3266bcb8c8.csv,started,Attempt retained even if process fails,False
E5-double_cost-3266bcb8c8,2026-10-04T00:34:29.450022+00:00,26552dd9c109058ba93a75bb8ba5de1f6a85585b,26552dd9c109058ba93a75bb8ba5de1f6a85585b,e5f957a2b78b4a08cede2183cd59012f73beaffc38f0821d43bb458df08be222:5eb2ada6d8d007969c111064ae6c5de089e8bd61c0156cb49cc98484cea2b5d9,0a2561f2cc1fee1a971f2f7ad8e301f0c8812c05070da277e6aede5c91ff0d9b,development+reused_validation,"{""base"": ""erc"", ""borrow_bps"": 50.0, ""cap"": 1.0, ""control"": ""event"", ""covariance_days"": 126, ""diagnostic"": ""double_cost"", ""family"": ""ensemble"", ""har_train_min"": 504, ""lookback"": 63, ""overlay"": true, ""static_exposure"": null, ""target"": 0.1, ""threshold"": 0.05, ""trial_id"": ""E5"", ""universe"": [""SPY"", ""TLT"", ""GLD""]}",10 bp risky purchases+sales; borrow rf+50.0 bp,results/20261004T003009-2f16c796/E5-double_cost-3266bcb8c8.csv,completed,No OOS retuning; diagnostic not eligible for selection,False
E5-double_cost_base-835c61555b,2026-10-04T00:34:31.174078+00:00,26552dd9c109058ba93a75bb8ba5de1f6a85585b,26552dd9c109058ba93a75bb8ba5de1f6a85585b,e5f957a2b78b4a08cede2183cd59012f73beaffc38f0821d43bb458df08be222:5eb2ada6d8d007969c111064ae6c5de089e8bd61c0156cb49cc98484cea2b5d9,a7d1032161f9daa417be7264eb16561ff4a6b4b43aad19289506350c89981985,development+reused_validation,"{""base"": ""erc"", ""borrow_bps"": 50.0, ""cap"": 1.0, ""control"": ""event"", ""covariance_days"": 126, ""diagnostic"": ""double_cost_base"", ""family"": ""ensemble"", ""har_train_min"": 504, ""lookback"": 63, ""overlay"": false, ""static_exposure"": null, ""target"": 0.1, ""threshold"": 0.05, ""trial_id"": ""E5"", ""universe"": [""SPY"", ""TLT"", ""GLD""]}",10 bp risky purchases+sales; borrow rf+50.0 bp,results/20261004T003009-2f16c796/E5-double_cost_base-835c61555b.csv,started,Attempt retained even if process fails,False
E5-double_cost_base-835c61555b,2026-10-04T00:34:31.174078+00:00,26552dd9c109058ba93a75bb8ba5de1f6a85585b,26552dd9c109058ba93a75bb8ba5de1f6a85585b,e5f957a2b78b4a08cede2183cd59012f73beaffc38f0821d43bb458df08be222:5eb2ada6d8d007969c111064ae6c5de089e8bd61c0156cb49cc98484cea2b5d9,a7d1032161f9daa417be7264eb16561ff4a6b4b43aad19289506350c89981985,development+reused_validation,"{""base"": ""erc"", ""borrow_bps"": 50.0, ""cap"": 1.0, ""control"": ""event"", ""covariance_days"": 126, ""diagnostic"": ""double_cost_base"", ""family"": ""ensemble"", ""har_train_min"": 504, ""lookback"": 63, ""overlay"": false, ""static_exposure"": null, ""target"": 0.1, ""threshold"": 0.05, ""trial_id"": ""E5"", ""universe"": [""SPY"", ""TLT"", ""GLD""]}",10 bp risky purchases+sales; borrow rf+50.0 bp,results/20261004T003009-2f16c796/E5-double_cost_base-835c61555b.csv,completed,No OOS retuning; diagnostic not eligible for selection,False
E5-target_low-7dc57cda65,2026-10-04T00:34:33.064631+00:00,26552dd9c109058ba93a75bb8ba5de1f6a85585b,26552dd9c109058ba93a75bb8ba5de1f6a85585b,e5f957a2b78b4a08cede2183cd59012f73beaffc38f0821d43bb458df08be222:5eb2ada6d8d007969c111064ae6c5de089e8bd61c0156cb49cc98484cea2b5d9,96a6f877ffcc749b7e01da5af68c85f03db92a67dccef2c8b0317675e5476a8c,development+reused_validation,"{""base"": ""erc"", ""borrow_bps"": 50.0, ""cap"": 1.0, ""control"": ""event"", ""covariance_days"": 126, ""diagnostic"": ""target_low"", ""family"": ""ensemble"", ""har_train_min"": 504, ""lookback"": 63, ""overlay"": true, ""static_exposure"": null, ""target"": 0.09000000000000001, ""threshold"": 0.05, ""trial_id"": ""E5"", ""universe"": [""SPY"", ""TLT"", ""GLD""]}",5.0 bp risky purchases+sales; borrow rf+50.0 bp,results/20261004T003009-2f16c796/E5-target_low-7dc57cda65.csv,started,Attempt retained even if process fails,False
E5-target_low-7dc57cda65,2026-10-04T00:34:33.064631+00:00,26552dd9c109058ba93a75bb8ba5de1f6a85585b,26552dd9c109058ba93a75bb8ba5de1f6a85585b,e5f957a2b78b4a08cede2183cd59012f73beaffc38f0821d43bb458df08be222:5eb2ada6d8d007969c111064ae6c5de089e8bd61c0156cb49cc98484cea2b5d9,96a6f877ffcc749b7e01da5af68c85f03db92a67dccef2c8b0317675e5476a8c,development+reused_validation,"{""base"": ""erc"", ""borrow_bps"": 50.0, ""cap"": 1.0, ""control"": ""event"", ""covariance_days"": 126, ""diagnostic"": ""target_low"", ""family"": ""ensemble"", ""har_train_min"": 504, ""lookback"": 63, ""overlay"": true, ""static_exposure"": null, ""target"": 0.09000000000000001, ""threshold"": 0.05, ""trial_id"": ""E5"", ""universe"": [""SPY"", ""TLT"", ""GLD""]}",5.0 bp risky purchases+sales; borrow rf+50.0 bp,results/20261004T003009-2f16c796/E5-target_low-7dc57cda65.csv,completed,No OOS retuning; diagnostic not eligible for selection,False
E5-target_low_base-7b3c722c84,2026-10-04T00:34:34.850918+00:00,26552dd9c109058ba93a75bb8ba5de1f6a85585b,26552dd9c109058ba93a75bb8ba5de1f6a85585b,e5f957a2b78b4a08cede2183cd59012f73beaffc38f0821d43bb458df08be222:5eb2ada6d8d007969c111064ae6c5de089e8bd61c0156cb49cc98484cea2b5d9,cf51e5641bf64deef89f6a39f9fe016ac0138728aeba967d41888513356ff37a,development+reused_validation,"{""base"": ""erc"", ""borrow_bps"": 50.0, ""cap"": 1.0, ""control"": ""event"", ""covariance_days"": 126, ""diagnostic"": ""target_low_base"", ""family"": ""ensemble"", ""har_train_min"": 504, ""lookback"": 63, ""overlay"": false, ""static_exposure"": null, ""target"": 0.09000000000000001, ""threshold"": 0.05, ""trial_id"": ""E5"", ""universe"": [""SPY"", ""TLT"", ""GLD""]}",5.0 bp risky purchases+sales; borrow rf+50.0 bp,results/20261004T003009-2f16c796/E5-target_low_base-7b3c722c84.csv,started,Attempt retained even if process fails,False
E5-target_low_base-7b3c722c84,2026-10-04T00:34:34.850918+00:00,26552dd9c109058ba93a75bb8ba5de1f6a85585b,26552dd9c109058ba93a75bb8ba5de1f6a85585b,e5f957a2b78b4a08cede2183cd59012f73beaffc38f0821d43bb458df08be222:5eb2ada6d8d007969c111064ae6c5de089e8bd61c0156cb49cc98484cea2b5d9,cf51e5641bf64deef89f6a39f9fe016ac0138728aeba967d41888513356ff37a,development+reused_validation,"{""base"": ""erc"", ""borrow_bps"": 50.0, ""cap"": 1.0, ""control"": ""event"", ""covariance_days"": 126, ""diagnostic"": ""target_low_base"", ""family"": ""ensemble"", ""har_train_min"": 504, ""lookback"": 63, ""overlay"": false, ""static_exposure"": null, ""target"": 0.09000000000000001, ""threshold"": 0.05, ""trial_id"": ""E5"", ""universe"": [""SPY"", ""TLT"", ""GLD""]}",5.0 bp risky purchases+sales; borrow rf+50.0 bp,results/20261004T003009-2f16c796/E5-target_low_base-7b3c722c84.csv,completed,No OOS retuning; diagnostic not eligible for selection,False
E5-target_high-fd8edf6a36,2026-10-04T00:34:36.676442+00:00,26552dd9c109058ba93a75bb8ba5de1f6a85585b,26552dd9c109058ba93a75bb8ba5de1f6a85585b,e5f957a2b78b4a08cede2183cd59012f73beaffc38f0821d43bb458df08be222:5eb2ada6d8d007969c111064ae6c5de089e8bd61c0156cb49cc98484cea2b5d9,a73ba9056b3f7ecf0a83e2df38aca0fe2f3522e9b0680a2595375f0d382ab508,development+reused_validation,"{""base"": ""erc"", ""borrow_bps"": 50.0, ""cap"": 1.0, ""control"": ""event"", ""covariance_days"": 126, ""diagnostic"": ""target_high"", ""family"": ""ensemble"", ""har_train_min"": 504, ""lookback"": 63, ""overlay"": true, ""static_exposure"": null, ""target"": 0.11, ""threshold"": 0.05, ""trial_id"": ""E5"", ""universe"": [""SPY"", ""TLT"", ""GLD""]}",5.0 bp risky purchases+sales; borrow rf+50.0 bp,results/20261004T003009-2f16c796/E5-target_high-fd8edf6a36.csv,started,Attempt retained even if process fails,False
E5-target_high-fd8edf6a36,2026-10-04T00:34:36.676442+00:00,26552dd9c109058ba93a75bb8ba5de1f6a85585b,26552dd9c109058ba93a75bb8ba5de1f6a85585b,e5f957a2b78b4a08cede2183cd59012f73beaffc38f0821d43bb458df08be222:5eb2ada6d8d007969c111064ae6c5de089e8bd61c0156cb49cc98484cea2b5d9,a73ba9056b3f7ecf0a83e2df38aca0fe2f3522e9b0680a2595375f0d382ab508,development+reused_validation,"{""base"": ""erc"", ""borrow_bps"": 50.0, ""cap"": 1.0, ""control"": ""event"", ""covariance_days"": 126, ""diagnostic"": ""target_high"", ""family"": ""ensemble"", ""har_train_min"": 504, ""lookback"": 63, ""overlay"": true, ""static_exposure"": null, ""target"": 0.11, ""threshold"": 0.05, ""trial_id"": ""E5"", ""universe"": [""SPY"", ""TLT"", ""GLD""]}",5.0 bp risky purchases+sales; borrow rf+50.0 bp,results/20261004T003009-2f16c796/E5-target_high-fd8edf6a36.csv,completed,No OOS retuning; diagnostic not eligible for selection,False
E5-target_high_base-3dca8cc085,2026-10-04T00:34:38.489060+00:00,26552dd9c109058ba93a75bb8ba5de1f6a85585b,26552dd9c109058ba93a75bb8ba5de1f6a85585b,e5f957a2b78b4a08cede2183cd59012f73beaffc38f0821d43bb458df08be222:5eb2ada6d8d007969c111064ae6c5de089e8bd61c0156cb49cc98484cea2b5d9,06668b3ed7176000dbdece05cacf005c6a8621834aa9bfabaca11f592be44f25,development+reused_validation,"{""base"": ""erc"", ""borrow_bps"": 50.0, ""cap"": 1.0, ""control"": ""event"", ""covariance_days"": 126, ""diagnostic"": ""target_high_base"", ""family"": ""ensemble"", ""har_train_min"": 504, ""lookback"": 63, ""overlay"": false, ""static_exposure"": null, ""target"": 0.11, ""threshold"": 0.05, ""trial_id"": ""E5"", ""universe"": [""SPY"", ""TLT"", ""GLD""]}",5.0 bp risky purchases+sales; borrow rf+50.0 bp,results/20261004T003009-2f16c796/E5-target_high_base-3dca8cc085.csv,started,Attempt retained even if process fails,False
E5-target_high_base-3dca8cc085,2026-10-04T00:34:38.489060+00:00,26552dd9c109058ba93a75bb8ba5de1f6a85585b,26552dd9c109058ba93a75bb8ba5de1f6a85585b,e5f957a2b78b4a08cede2183cd59012f73beaffc38f0821d43bb458df08be222:5eb2ada6d8d007969c111064ae6c5de089e8bd61c0156cb49cc98484cea2b5d9,06668b3ed7176000dbdece05cacf005c6a8621834aa9bfabaca11f592be44f25,development+reused_validation,"{""base"": ""erc"", ""borrow_bps"": 50.0, ""cap"": 1.0, ""control"": ""event"", ""covariance_days"": 126, ""diagnostic"": ""target_high_base"", ""family"": ""ensemble"", ""har_train_min"": 504, ""lookback"": 63, ""overlay"": false, ""static_exposure"": null, ""target"": 0.11, ""threshold"": 0.05, ""trial_id"": ""E5"", ""universe"": [""SPY"", ""TLT"", ""GLD""]}",5.0 bp risky purchases+sales; borrow rf+50.0 bp,results/20261004T003009-2f16c796/E5-target_high_base-3dca8cc085.csv,completed,No OOS retuning; diagnostic not eligible for selection,False
E5-lookback_low-c8e0ae0958,2026-10-04T00:34:40.243312+00:00,26552dd9c109058ba93a75bb8ba5de1f6a85585b,26552dd9c109058ba93a75bb8ba5de1f6a85585b,e5f957a2b78b4a08cede2183cd59012f73beaffc38f0821d43bb458df08be222:5eb2ada6d8d007969c111064ae6c5de089e8bd61c0156cb49cc98484cea2b5d9,f7f9c30c5ebf07902e511c8ef363c43c2048a72c7a4a779e298a60d8021022b8,development+reused_validation,"{""base"": ""erc"", ""borrow_bps"": 50.0, ""cap"": 1.0, ""control"": ""event"", ""covariance_days"": 101, ""diagnostic"": ""lookback_low"", ""family"": ""ensemble"", ""har_train_min"": 403, ""lookback"": 50, ""overlay"": true, ""static_exposure"": null, ""target"": 0.1, ""threshold"": 0.05, ""trial_id"": ""E5"", ""universe"": [""SPY"", ""TLT"", ""GLD""]}",5.0 bp risky purchases+sales; borrow rf+50.0 bp,results/20261004T003009-2f16c796/E5-lookback_low-c8e0ae0958.csv,started,Attempt retained even if process fails,False
E5-lookback_low-c8e0ae0958,2026-10-04T00:34:40.243312+00:00,26552dd9c109058ba93a75bb8ba5de1f6a85585b,26552dd9c109058ba93a75bb8ba5de1f6a85585b,e5f957a2b78b4a08cede2183cd59012f73beaffc38f0821d43bb458df08be222:5eb2ada6d8d007969c111064ae6c5de089e8bd61c0156cb49cc98484cea2b5d9,f7f9c30c5ebf07902e511c8ef363c43c2048a72c7a4a779e298a60d8021022b8,development+reused_validation,"{""base"": ""erc"", ""borrow_bps"": 50.0, ""cap"": 1.0, ""control"": ""event"", ""covariance_days"": 101, ""diagnostic"": ""lookback_low"", ""family"": ""ensemble"", ""har_train_min"": 403, ""lookback"": 50, ""overlay"": true, ""static_exposure"": null, ""target"": 0.1, ""threshold"": 0.05, ""trial_id"": ""E5"", ""universe"": [""SPY"", ""TLT"", ""GLD""]}",5.0 bp risky purchases+sales; borrow rf+50.0 bp,results/20261004T003009-2f16c796/E5-lookback_low-c8e0ae0958.csv,completed,No OOS retuning; diagnostic not eligible for selection,False
E5-lookback_low_base-996b292634,2026-10-04T00:34:41.949315+00:00,26552dd9c109058ba93a75bb8ba5de1f6a85585b,26552dd9c109058ba93a75bb8ba5de1f6a85585b,e5f957a2b78b4a08cede2183cd59012f73beaffc38f0821d43bb458df08be222:5eb2ada6d8d007969c111064ae6c5de089e8bd61c0156cb49cc98484cea2b5d9,3425ddd27ec2c1ba33c6eb7813f3b07356273bef53cca462b4ea56f93d071a7a,development+reused_validation,"{""base"": ""erc"", ""borrow_bps"": 50.0, ""cap"": 1.0, ""control"": ""event"", ""covariance_days"": 101, ""diagnostic"": ""lookback_low_base"", ""family"": ""ensemble"", ""har_train_min"": 403, ""lookback"": 50, ""overlay"": false, ""static_exposure"": null, ""target"": 0.1, ""threshold"": 0.05, ""trial_id"": ""E5"", ""universe"": [""SPY"", ""TLT"", ""GLD""]}",5.0 bp risky purchases+sales; borrow rf+50.0 bp,results/20261004T003009-2f16c796/E5-lookback_low_base-996b292634.csv,started,Attempt retained even if process fails,False
E5-lookback_low_base-996b292634,2026-10-04T00:34:41.949315+00:00,26552dd9c109058ba93a75bb8ba5de1f6a85585b,26552dd9c109058ba93a75bb8ba5de1f6a85585b,e5f957a2b78b4a08cede2183cd59012f73beaffc38f0821d43bb458df08be222:5eb2ada6d8d007969c111064ae6c5de089e8bd61c0156cb49cc98484cea2b5d9,3425ddd27ec2c1ba33c6eb7813f3b07356273bef53cca462b4ea56f93d071a7a,development+reused_validation,"{""base"": ""erc"", ""borrow_bps"": 50.0, ""cap"": 1.0, ""control"": ""event"", ""covariance_days"": 101, ""diagnostic"": ""lookback_low_base"", ""family"": ""ensemble"", ""har_train_min"": 403, ""lookback"": 50, ""overlay"": false, ""static_exposure"": null, ""target"": 0.1, ""threshold"": 0.05, ""trial_id"": ""E5"", ""universe"": [""SPY"", ""TLT"", ""GLD""]}",5.0 bp risky purchases+sales; borrow rf+50.0 bp,results/20261004T003009-2f16c796/E5-lookback_low_base-996b292634.csv,completed,No OOS retuning; diagnostic not eligible for selection,False
E5-lookback_high-20859a74a1,2026-10-04T00:34:43.690692+00:00,26552dd9c109058ba93a75bb8ba5de1f6a85585b,26552dd9c109058ba93a75bb8ba5de1f6a85585b,e5f957a2b78b4a08cede2183cd59012f73beaffc38f0821d43bb458df08be222:5eb2ada6d8d007969c111064ae6c5de089e8bd61c0156cb49cc98484cea2b5d9,998862ecc0eef8b7ad2bed00505a97e038e8f59e8cbcf9a7d71f11631e2d807c,development+reused_validation,"{""base"": ""erc"", ""borrow_bps"": 50.0, ""cap"": 1.0, ""control"": ""event"", ""covariance_days"": 151, ""diagnostic"": ""lookback_high"", ""family"": ""ensemble"", ""har_train_min"": 605, ""lookback"": 76, ""overlay"": true, ""static_exposure"": null, ""target"": 0.1, ""threshold"": 0.05, ""trial_id"": ""E5"", ""universe"": [""SPY"", ""TLT"", ""GLD""]}",5.0 bp risky purchases+sales; borrow rf+50.0 bp,results/20261004T003009-2f16c796/E5-lookback_high-20859a74a1.csv,started,Attempt retained even if process fails,False
E5-lookback_high-20859a74a1,2026-10-04T00:34:43.690692+00:00,26552dd9c109058ba93a75bb8ba5de1f6a85585b,26552dd9c109058ba93a75bb8ba5de1f6a85585b,e5f957a2b78b4a08cede2183cd59012f73beaffc38f0821d43bb458df08be222:5eb2ada6d8d007969c111064ae6c5de089e8bd61c0156cb49cc98484cea2b5d9,998862ecc0eef8b7ad2bed00505a97e038e8f59e8cbcf9a7d71f11631e2d807c,development+reused_validation,"{""base"": ""erc"", ""borrow_bps"": 50.0, ""cap"": 1.0, ""control"": ""event"", ""covariance_days"": 151, ""diagnostic"": ""lookback_high"", ""family"": ""ensemble"", ""har_train_min"": 605, ""lookback"": 76, ""overlay"": true, ""static_exposure"": null, ""target"": 0.1, ""threshold"": 0.05, ""trial_id"": ""E5"", ""universe"": [""SPY"", ""TLT"", ""GLD""]}",5.0 bp risky purchases+sales; borrow rf+50.0 bp,results/20261004T003009-2f16c796/E5-lookback_high-20859a74a1.csv,completed,No OOS retuning; diagnostic not eligible for selection,False
E5-lookback_high_base-8038ae0d02,2026-10-04T00:34:45.399973+00:00,26552dd9c109058ba93a75bb8ba5de1f6a85585b,26552dd9c109058ba93a75bb8ba5de1f6a85585b,e5f957a2b78b4a08cede2183cd59012f73beaffc38f0821d43bb458df08be222:5eb2ada6d8d007969c111064ae6c5de089e8bd61c0156cb49cc98484cea2b5d9,76bf33cff3993d9cfac8b148c09ff98d2049c345cc42dcaf116837f0ee314b79,development+reused_validation,"{""base"": ""erc"", ""borrow_bps"": 50.0, ""cap"": 1.0, ""control"": ""event"", ""covariance_days"": 151, ""diagnostic"": ""lookback_high_base"", ""family"": ""ensemble"", ""har_train_min"": 605, ""lookback"": 76, ""overlay"": false, ""static_exposure"": null, ""target"": 0.1, ""threshold"": 0.05, ""trial_id"": ""E5"", ""universe"": [""SPY"", ""TLT"", ""GLD""]}",5.0 bp risky purchases+sales; borrow rf+50.0 bp,results/20261004T003009-2f16c796/E5-lookback_high_base-8038ae0d02.csv,started,Attempt retained even if process fails,False
E5-lookback_high_base-8038ae0d02,2026-10-04T00:34:45.399973+00:00,26552dd9c109058ba93a75bb8ba5de1f6a85585b,26552dd9c109058ba93a75bb8ba5de1f6a85585b,e5f957a2b78b4a08cede2183cd59012f73beaffc38f0821d43bb458df08be222:5eb2ada6d8d007969c111064ae6c5de089e8bd61c0156cb49cc98484cea2b5d9,76bf33cff3993d9cfac8b148c09ff98d2049c345cc42dcaf116837f0ee314b79,development+reused_validation,"{""base"": ""erc"", ""borrow_bps"": 50.0, ""cap"": 1.0, ""control"": ""event"", ""covariance_days"": 151, ""diagnostic"": ""lookback_high_base"", ""family"": ""ensemble"", ""har_train_min"": 605, ""lookback"": 76, ""overlay"": false, ""static_exposure"": null, ""target"": 0.1, ""threshold"": 0.05, ""trial_id"": ""E5"", ""universe"": [""SPY"", ""TLT"", ""GLD""]}",5.0 bp risky purchases+sales; borrow rf+50.0 bp,results/20261004T003009-2f16c796/E5-lookback_high_base-8038ae0d02.csv,completed,No OOS retuning; diagnostic not eligible for selection,False
E5-trigger_low-94e8779096,2026-10-04T00:34:47.121410+00:00,26552dd9c109058ba93a75bb8ba5de1f6a85585b,26552dd9c109058ba93a75bb8ba5de1f6a85585b,e5f957a2b78b4a08cede2183cd59012f73beaffc38f0821d43bb458df08be222:5eb2ada6d8d007969c111064ae6c5de089e8bd61c0156cb49cc98484cea2b5d9,037fcdf33d6a6fcbc058f8e0131696acda158eee8eb1769f067974da97506b7c,development+reused_validation,"{""base"": ""erc"", ""borrow_bps"": 50.0, ""cap"": 1.0, ""control"": ""event"", ""covariance_days"": 126, ""diagnostic"": ""trigger_low"", ""family"": ""ensemble"", ""har_train_min"": 504, ""lookback"": 63, ""overlay"": true, ""static_exposure"": null, ""target"": 0.1, ""threshold"": 0.04, ""trial_id"": ""E5"", ""universe"": [""SPY"", ""TLT"", ""GLD""]}",5.0 bp risky purchases+sales; borrow rf+50.0 bp,results/20261004T003009-2f16c796/E5-trigger_low-94e8779096.csv,started,Attempt retained even if process fails,False
E5-trigger_low-94e8779096,2026-10-04T00:34:47.121410+00:00,26552dd9c109058ba93a75bb8ba5de1f6a85585b,26552dd9c109058ba93a75bb8ba5de1f6a85585b,e5f957a2b78b4a08cede2183cd59012f73beaffc38f0821d43bb458df08be222:5eb2ada6d8d007969c111064ae6c5de089e8bd61c0156cb49cc98484cea2b5d9,037fcdf33d6a6fcbc058f8e0131696acda158eee8eb1769f067974da97506b7c,development+reused_validation,"{""base"": ""erc"", ""borrow_bps"": 50.0, ""cap"": 1.0, ""control"": ""event"", ""covariance_days"": 126, ""diagnostic"": ""trigger_low"", ""family"": ""ensemble"", ""har_train_min"": 504, ""lookback"": 63, ""overlay"": true, ""static_exposure"": null, ""target"": 0.1, ""threshold"": 0.04, ""trial_id"": ""E5"", ""universe"": [""SPY"", ""TLT"", ""GLD""]}",5.0 bp risky purchases+sales; borrow rf+50.0 bp,results/20261004T003009-2f16c796/E5-trigger_low-94e8779096.csv,completed,No OOS retuning; diagnostic not eligible for selection,False
E5-trigger_low_base-52e4148f91,2026-10-04T00:34:48.843077+00:00,26552dd9c109058ba93a75bb8ba5de1f6a85585b,26552dd9c109058ba93a75bb8ba5de1f6a85585b,e5f957a2b78b4a08cede2183cd59012f73beaffc38f0821d43bb458df08be222:5eb2ada6d8d007969c111064ae6c5de089e8bd61c0156cb49cc98484cea2b5d9,585e55e211f98b6051214c3a50bc8ef6c87adfa5f9f9149e2440976e00862767,development+reused_validation,"{""base"": ""erc"", ""borrow_bps"": 50.0, ""cap"": 1.0, ""control"": ""event"", ""covariance_days"": 126, ""diagnostic"": ""trigger_low_base"", ""family"": ""ensemble"", ""har_train_min"": 504, ""lookback"": 63, ""overlay"": false, ""static_exposure"": null, ""target"": 0.1, ""threshold"": 0.04, ""trial_id"": ""E5"", ""universe"": [""SPY"", ""TLT"", ""GLD""]}",5.0 bp risky purchases+sales; borrow rf+50.0 bp,results/20261004T003009-2f16c796/E5-trigger_low_base-52e4148f91.csv,started,Attempt retained even if process fails,False
E5-trigger_low_base-52e4148f91,2026-10-04T00:34:48.843077+00:00,26552dd9c109058ba93a75bb8ba5de1f6a85585b,26552dd9c109058ba93a75bb8ba5de1f6a85585b,e5f957a2b78b4a08cede2183cd59012f73beaffc38f0821d43bb458df08be222:5eb2ada6d8d007969c111064ae6c5de089e8bd61c0156cb49cc98484cea2b5d9,585e55e211f98b6051214c3a50bc8ef6c87adfa5f9f9149e2440976e00862767,development+reused_validation,"{""base"": ""erc"", ""borrow_bps"": 50.0, ""cap"": 1.0, ""control"": ""event"", ""covariance_days"": 126, ""diagnostic"": ""trigger_low_base"", ""family"": ""ensemble"", ""har_train_min"": 504, ""lookback"": 63, ""overlay"": false, ""static_exposure"": null, ""target"": 0.1, ""threshold"": 0.04, ""trial_id"": ""E5"", ""universe"": [""SPY"", ""TLT"", ""GLD""]}",5.0 bp risky purchases+sales; borrow rf+50.0 bp,results/20261004T003009-2f16c796/E5-trigger_low_base-52e4148f91.csv,completed,No OOS retuning; diagnostic not eligible for selection,False
E5-trigger_high-db95203d74,2026-10-04T00:34:50.552370+00:00,26552dd9c109058ba93a75bb8ba5de1f6a85585b,26552dd9c109058ba93a75bb8ba5de1f6a85585b,e5f957a2b78b4a08cede2183cd59012f73beaffc38f0821d43bb458df08be222:5eb2ada6d8d007969c111064ae6c5de089e8bd61c0156cb49cc98484cea2b5d9,e5999b98f0223006b4e14e30446fc6d084d737e4c53f819f715a84213eadef95,development+reused_validation,"{""base"": ""erc"", ""borrow_bps"": 50.0, ""cap"": 1.0, ""control"": ""event"", ""covariance_days"": 126, ""diagnostic"": ""trigger_high"", ""family"": ""ensemble"", ""har_train_min"": 504, ""lookback"": 63, ""overlay"": true, ""static_exposure"": null, ""target"": 0.1, ""threshold"": 0.06, ""trial_id"": ""E5"", ""universe"": [""SPY"", ""TLT"", ""GLD""]}",5.0 bp risky purchases+sales; borrow rf+50.0 bp,results/20261004T003009-2f16c796/E5-trigger_high-db95203d74.csv,started,Attempt retained even if process fails,False
E5-trigger_high-db95203d74,2026-10-04T00:34:50.552370+00:00,26552dd9c109058ba93a75bb8ba5de1f6a85585b,26552dd9c109058ba93a75bb8ba5de1f6a85585b,e5f957a2b78b4a08cede2183cd59012f73beaffc38f0821d43bb458df08be222:5eb2ada6d8d007969c111064ae6c5de089e8bd61c0156cb49cc98484cea2b5d9,e5999b98f0223006b4e14e30446fc6d084d737e4c53f819f715a84213eadef95,development+reused_validation,"{""base"": ""erc"", ""borrow_bps"": 50.0, ""cap"": 1.0, ""control"": ""event"", ""covariance_days"": 126, ""diagnostic"": ""trigger_high"", ""family"": ""ensemble"", ""har_train_min"": 504, ""lookback"": 63, ""overlay"": true, ""static_exposure"": null, ""target"": 0.1, ""threshold"": 0.06, ""trial_id"": ""E5"", ""universe"": [""SPY"", ""TLT"", ""GLD""]}",5.0 bp risky purchases+sales; borrow rf+50.0 bp,results/20261004T003009-2f16c796/E5-trigger_high-db95203d74.csv,completed,No OOS retuning; diagnostic not eligible for selection,False
E5-trigger_high_base-5c56c42f80,2026-10-04T00:34:52.307037+00:00,26552dd9c109058ba93a75bb8ba5de1f6a85585b,26552dd9c109058ba93a75bb8ba5de1f6a85585b,e5f957a2b78b4a08cede2183cd59012f73beaffc38f0821d43bb458df08be222:5eb2ada6d8d007969c111064ae6c5de089e8bd61c0156cb49cc98484cea2b5d9,0c9c0cfc213d70c830a321451122649e299cb79d1ba1079564fb9c77184ebd0e,development+reused_validation,"{""base"": ""erc"", ""borrow_bps"": 50.0, ""cap"": 1.0, ""control"": ""event"", ""covariance_days"": 126, ""diagnostic"": ""trigger_high_base"", ""family"": ""ensemble"", ""har_train_min"": 504, ""lookback"": 63, ""overlay"": false, ""static_exposure"": null, ""target"": 0.1, ""threshold"": 0.06, ""trial_id"": ""E5"", ""universe"": [""SPY"", ""TLT"", ""GLD""]}",5.0 bp risky purchases+sales; borrow rf+50.0 bp,results/20261004T003009-2f16c796/E5-trigger_high_base-5c56c42f80.csv,started,Attempt retained even if process fails,False
E5-trigger_high_base-5c56c42f80,2026-10-04T00:34:52.307037+00:00,26552dd9c109058ba93a75bb8ba5de1f6a85585b,26552dd9c109058ba93a75bb8ba5de1f6a85585b,e5f957a2b78b4a08cede2183cd59012f73beaffc38f0821d43bb458df08be222:5eb2ada6d8d007969c111064ae6c5de089e8bd61c0156cb49cc98484cea2b5d9,0c9c0cfc213d70c830a321451122649e299cb79d1ba1079564fb9c77184ebd0e,development+reused_validation,"{""base"": ""erc"", ""borrow_bps"": 50.0, ""cap"": 1.0, ""control"": ""event"", ""covariance_days"": 126, ""diagnostic"": ""trigger_high_base"", ""family"": ""ensemble"", ""har_train_min"": 504, ""lookback"": 63, ""overlay"": false, ""static_exposure"": null, ""target"": 0.1, ""threshold"": 0.06, ""trial_id"": ""E5"", ""universe"": [""SPY"", ""TLT"", ""GLD""]}",5.0 bp risky purchases+sales; borrow rf+50.0 bp,results/20261004T003009-2f16c796/E5-trigger_high_base-5c56c42f80.csv,completed,No OOS retuning; diagnostic not eligible for selection,False
E6-double_cost-7e7dc6667d,2026-10-04T00:34:54.074080+00:00,26552dd9c109058ba93a75bb8ba5de1f6a85585b,26552dd9c109058ba93a75bb8ba5de1f6a85585b,e5f957a2b78b4a08cede2183cd59012f73beaffc38f0821d43bb458df08be222:5eb2ada6d8d007969c111064ae6c5de089e8bd61c0156cb49cc98484cea2b5d9,c0f98e5a1f5656df72b1ce039bb869e5949fd60c5659b7c730c933e0ddc0b269,development+reused_validation,"{""base"": ""erc"", ""borrow_bps"": 50.0, ""cap"": 1.0, ""control"": ""event"", ""covariance_days"": 126, ""diagnostic"": ""double_cost"", ""family"": ""ensemble"", ""har_train_min"": 504, ""lookback"": 63, ""overlay"": true, ""static_exposure"": null, ""target"": 0.1, ""threshold"": 0.05, ""trial_id"": ""E6"", ""universe"": [""QQQ"", ""IWM"", ""HYG"", ""TLT"", ""GLD"", ""DBC""]}",10 bp risky purchases+sales; borrow rf+50.0 bp,results/20261004T003009-2f16c796/E6-double_cost-7e7dc6667d.csv,started,Attempt retained even if process fails,False
E6-double_cost-7e7dc6667d,2026-10-04T00:34:54.074080+00:00,26552dd9c109058ba93a75bb8ba5de1f6a85585b,26552dd9c109058ba93a75bb8ba5de1f6a85585b,e5f957a2b78b4a08cede2183cd59012f73beaffc38f0821d43bb458df08be222:5eb2ada6d8d007969c111064ae6c5de089e8bd61c0156cb49cc98484cea2b5d9,c0f98e5a1f5656df72b1ce039bb869e5949fd60c5659b7c730c933e0ddc0b269,development+reused_validation,"{""base"": ""erc"", ""borrow_bps"": 50.0, ""cap"": 1.0, ""control"": ""event"", ""covariance_days"": 126, ""diagnostic"": ""double_cost"", ""family"": ""ensemble"", ""har_train_min"": 504, ""lookback"": 63, ""overlay"": true, ""static_exposure"": null, ""target"": 0.1, ""threshold"": 0.05, ""trial_id"": ""E6"", ""universe"": [""QQQ"", ""IWM"", ""HYG"", ""TLT"", ""GLD"", ""DBC""]}",10 bp risky purchases+sales; borrow rf+50.0 bp,results/20261004T003009-2f16c796/E6-double_cost-7e7dc6667d.csv,completed,No OOS retuning; diagnostic not eligible for selection,False
E6-double_cost_base-8ca70f051f,2026-10-04T00:34:56.508160+00:00,26552dd9c109058ba93a75bb8ba5de1f6a85585b,26552dd9c109058ba93a75bb8ba5de1f6a85585b,e5f957a2b78b4a08cede2183cd59012f73beaffc38f0821d43bb458df08be222:5eb2ada6d8d007969c111064ae6c5de089e8bd61c0156cb49cc98484cea2b5d9,0aea3ead28a2c5ea7ea2e6b14353d1473ce24dc40c14edf5386425bed714f376,development+reused_validation,"{""base"": ""erc"", ""borrow_bps"": 50.0, ""cap"": 1.0, ""control"": ""event"", ""covariance_days"": 126, ""diagnostic"": ""double_cost_base"", ""family"": ""ensemble"", ""har_train_min"": 504, ""lookback"": 63, ""overlay"": false, ""static_exposure"": null, ""target"": 0.1, ""threshold"": 0.05, ""trial_id"": ""E6"", ""universe"": [""QQQ"", ""IWM"", ""HYG"", ""TLT"", ""GLD"", ""DBC""]}",10 bp risky purchases+sales; borrow rf+50.0 bp,results/20261004T003009-2f16c796/E6-double_cost_base-8ca70f051f.csv,started,Attempt retained even if process fails,False
E6-double_cost_base-8ca70f051f,2026-10-04T00:34:56.508160+00:00,26552dd9c109058ba93a75bb8ba5de1f6a85585b,26552dd9c109058ba93a75bb8ba5de1f6a85585b,e5f957a2b78b4a08cede2183cd59012f73beaffc38f0821d43bb458df08be222:5eb2ada6d8d007969c111064ae6c5de089e8bd61c0156cb49cc98484cea2b5d9,0aea3ead28a2c5ea7ea2e6b14353d1473ce24dc40c14edf5386425bed714f376,development+reused_validation,"{""base"": ""erc"", ""borrow_bps"": 50.0, ""cap"": 1.0, ""control"": ""event"", ""covariance_days"": 126, ""diagnostic"": ""double_cost_base"", ""family"": ""ensemble"", ""har_train_min"": 504, ""lookback"": 63, ""overlay"": false, ""static_exposure"": null, ""target"": 0.1, ""threshold"": 0.05, ""trial_id"": ""E6"", ""universe"": [""QQQ"", ""IWM"", ""HYG"", ""TLT"", ""GLD"", ""DBC""]}",10 bp risky purchases+sales; borrow rf+50.0 bp,results/20261004T003009-2f16c796/E6-double_cost_base-8ca70f051f.csv,completed,No OOS retuning; diagnostic not eligible for selection,False
E6-target_low-88f2ed50b3,2026-10-04T00:34:59.156442+00:00,26552dd9c109058ba93a75bb8ba5de1f6a85585b,26552dd9c109058ba93a75bb8ba5de1f6a85585b,e5f957a2b78b4a08cede2183cd59012f73beaffc38f0821d43bb458df08be222:5eb2ada6d8d007969c111064ae6c5de089e8bd61c0156cb49cc98484cea2b5d9,fc526835d3b2084919b48dd7ca53210c51fed625aa8bb6bc42ddbdf7f270d626,development+reused_validation,"{""base"": ""erc"", ""borrow_bps"": 50.0, ""cap"": 1.0, ""control"": ""event"", ""covariance_days"": 126, ""diagnostic"": ""target_low"", ""family"": ""ensemble"", ""har_train_min"": 504, ""lookback"": 63, ""overlay"": true, ""static_exposure"": null, ""target"": 0.09000000000000001, ""threshold"": 0.05, ""trial_id"": ""E6"", ""universe"": [""QQQ"", ""IWM"", ""HYG"", ""TLT"", ""GLD"", ""DBC""]}",5.0 bp risky purchases+sales; borrow rf+50.0 bp,results/20261004T003009-2f16c796/E6-target_low-88f2ed50b3.csv,started,Attempt retained even if process fails,False
E6-target_low-88f2ed50b3,2026-10-04T00:34:59.156442+00:00,26552dd9c109058ba93a75bb8ba5de1f6a85585b,26552dd9c109058ba93a75bb8ba5de1f6a85585b,e5f957a2b78b4a08cede2183cd59012f73beaffc38f0821d43bb458df08be222:5eb2ada6d8d007969c111064ae6c5de089e8bd61c0156cb49cc98484cea2b5d9,fc526835d3b2084919b48dd7ca53210c51fed625aa8bb6bc42ddbdf7f270d626,development+reused_validation,"{""base"": ""erc"", ""borrow_bps"": 50.0, ""cap"": 1.0, ""control"": ""event"", ""covariance_days"": 126, ""diagnostic"": ""target_low"", ""family"": ""ensemble"", ""har_train_min"": 504, ""lookback"": 63, ""overlay"": true, ""static_exposure"": null, ""target"": 0.09000000000000001, ""threshold"": 0.05, ""trial_id"": ""E6"", ""universe"": [""QQQ"", ""IWM"", ""HYG"", ""TLT"", ""GLD"", ""DBC""]}",5.0 bp risky purchases+sales; borrow rf+50.0 bp,results/20261004T003009-2f16c796/E6-target_low-88f2ed50b3.csv,completed,No OOS retuning; diagnostic not eligible for selection,False
E6-target_low_base-a25a6d65c6,2026-10-04T00:35:01.732811+00:00,26552dd9c109058ba93a75bb8ba5de1f6a85585b,26552dd9c109058ba93a75bb8ba5de1f6a85585b,e5f957a2b78b4a08cede2183cd59012f73beaffc38f0821d43bb458df08be222:5eb2ada6d8d007969c111064ae6c5de089e8bd61c0156cb49cc98484cea2b5d9,a7aa87e6fd460fa8c4ecf63cae59764de291ffd98d9664a3eeff85be78904f45,development+reused_validation,"{""base"": ""erc"", ""borrow_bps"": 50.0, ""cap"": 1.0, ""control"": ""event"", ""covariance_days"": 126, ""diagnostic"": ""target_low_base"", ""family"": ""ensemble"", ""har_train_min"": 504, ""lookback"": 63, ""overlay"": false, ""static_exposure"": null, ""target"": 0.09000000000000001, ""threshold"": 0.05, ""trial_id"": ""E6"", ""universe"": [""QQQ"", ""IWM"", ""HYG"", ""TLT"", ""GLD"", ""DBC""]}",5.0 bp risky purchases+sales; borrow rf+50.0 bp,results/20261004T003009-2f16c796/E6-target_low_base-a25a6d65c6.csv,started,Attempt retained even if process fails,False
E6-target_low_base-a25a6d65c6,2026-10-04T00:35:01.732811+00:00,26552dd9c109058ba93a75bb8ba5de1f6a85585b,26552dd9c109058ba93a75bb8ba5de1f6a85585b,e5f957a2b78b4a08cede2183cd59012f73beaffc38f0821d43bb458df08be222:5eb2ada6d8d007969c111064ae6c5de089e8bd61c0156cb49cc98484cea2b5d9,a7aa87e6fd460fa8c4ecf63cae59764de291ffd98d9664a3eeff85be78904f45,development+reused_validation,"{""base"": ""erc"", ""borrow_bps"": 50.0, ""cap"": 1.0, ""control"": ""event"", ""covariance_days"": 126, ""diagnostic"": ""target_low_base"", ""family"": ""ensemble"", ""har_train_min"": 504, ""lookback"": 63, ""overlay"": false, ""static_exposure"": null, ""target"": 0.09000000000000001, ""threshold"": 0.05, ""trial_id"": ""E6"", ""universe"": [""QQQ"", ""IWM"", ""HYG"", ""TLT"", ""GLD"", ""DBC""]}",5.0 bp risky purchases+sales; borrow rf+50.0 bp,results/20261004T003009-2f16c796/E6-target_low_base-a25a6d65c6.csv,completed,No OOS retuning; diagnostic not eligible for selection,False
E6-target_high-50ca6db947,2026-10-04T00:35:04.304005+00:00,26552dd9c109058ba93a75bb8ba5de1f6a85585b,26552dd9c109058ba93a75bb8ba5de1f6a85585b,e5f957a2b78b4a08cede2183cd59012f73beaffc38f0821d43bb458df08be222:5eb2ada6d8d007969c111064ae6c5de089e8bd61c0156cb49cc98484cea2b5d9,00bda2cb409111a13713b6f6b706194b1378ee0ca456f25cb37505b049edeb1c,development+reused_validation,"{""base"": ""erc"", ""borrow_bps"": 50.0, ""cap"": 1.0, ""control"": ""event"", ""covariance_days"": 126, ""diagnostic"": ""target_high"", ""family"": ""ensemble"", ""har_train_min"": 504, ""lookback"": 63, ""overlay"": true, ""static_exposure"": null, ""target"": 0.11, ""threshold"": 0.05, ""trial_id"": ""E6"", ""universe"": [""QQQ"", ""IWM"", ""HYG"", ""TLT"", ""GLD"", ""DBC""]}",5.0 bp risky purchases+sales; borrow rf+50.0 bp,results/20261004T003009-2f16c796/E6-target_high-50ca6db947.csv,started,Attempt retained even if process fails,False
E6-target_high-50ca6db947,2026-10-04T00:35:04.304005+00:00,26552dd9c109058ba93a75bb8ba5de1f6a85585b,26552dd9c109058ba93a75bb8ba5de1f6a85585b,e5f957a2b78b4a08cede2183cd59012f73beaffc38f0821d43bb458df08be222:5eb2ada6d8d007969c111064ae6c5de089e8bd61c0156cb49cc98484cea2b5d9,00bda2cb409111a13713b6f6b706194b1378ee0ca456f25cb37505b049edeb1c,development+reused_validation,"{""base"": ""erc"", ""borrow_bps"": 50.0, ""cap"": 1.0, ""control"": ""event"", ""covariance_days"": 126, ""diagnostic"": ""target_high"", ""family"": ""ensemble"", ""har_train_min"": 504, ""lookback"": 63, ""overlay"": true, ""static_exposure"": null, ""target"": 0.11, ""threshold"": 0.05, ""trial_id"": ""E6"", ""universe"": [""QQQ"", ""IWM"", ""HYG"", ""TLT"", ""GLD"", ""DBC""]}",5.0 bp risky purchases+sales; borrow rf+50.0 bp,results/20261004T003009-2f16c796/E6-target_high-50ca6db947.csv,completed,No OOS retuning; diagnostic not eligible for selection,False
E6-target_high_base-fa4d620aed,2026-10-04T00:35:06.839863+00:00,26552dd9c109058ba93a75bb8ba5de1f6a85585b,26552dd9c109058ba93a75bb8ba5de1f6a85585b,e5f957a2b78b4a08cede2183cd59012f73beaffc38f0821d43bb458df08be222:5eb2ada6d8d007969c111064ae6c5de089e8bd61c0156cb49cc98484cea2b5d9,113b25fc40e9b48e532f348136b7e687448ad1d9b9fbccf8a9393ae538401ccb,development+reused_validation,"{""base"": ""erc"", ""borrow_bps"": 50.0, ""cap"": 1.0, ""control"": ""event"", ""covariance_days"": 126, ""diagnostic"": ""target_high_base"", ""family"": ""ensemble"", ""har_train_min"": 504, ""lookback"": 63, ""overlay"": false, ""static_exposure"": null, ""target"": 0.11, ""threshold"": 0.05, ""trial_id"": ""E6"", ""universe"": [""QQQ"", ""IWM"", ""HYG"", ""TLT"", ""GLD"", ""DBC""]}",5.0 bp risky purchases+sales; borrow rf+50.0 bp,results/20261004T003009-2f16c796/E6-target_high_base-fa4d620aed.csv,started,Attempt retained even if process fails,False
E6-target_high_base-fa4d620aed,2026-10-04T00:35:06.839863+00:00,26552dd9c109058ba93a75bb8ba5de1f6a85585b,26552dd9c109058ba93a75bb8ba5de1f6a85585b,e5f957a2b78b4a08cede2183cd59012f73beaffc38f0821d43bb458df08be222:5eb2ada6d8d007969c111064ae6c5de089e8bd61c0156cb49cc98484cea2b5d9,113b25fc40e9b48e532f348136b7e687448ad1d9b9fbccf8a9393ae538401ccb,development+reused_validation,"{""base"": ""erc"", ""borrow_bps"": 50.0, ""cap"": 1.0, ""control"": ""event"", ""covariance_days"": 126, ""diagnostic"": ""target_high_base"", ""family"": ""ensemble"", ""har_train_min"": 504, ""lookback"": 63, ""overlay"": false, ""static_exposure"": null, ""target"": 0.11, ""threshold"": 0.05, ""trial_id"": ""E6"", ""universe"": [""QQQ"", ""IWM"", ""HYG"", ""TLT"", ""GLD"", ""DBC""]}",5.0 bp risky purchases+sales; borrow rf+50.0 bp,results/20261004T003009-2f16c796/E6-target_high_base-fa4d620aed.csv,completed,No OOS retuning; diagnostic not eligible for selection,False
E6-lookback_low-9aadccba67,2026-10-04T00:35:09.337428+00:00,26552dd9c109058ba93a75bb8ba5de1f6a85585b,26552dd9c109058ba93a75bb8ba5de1f6a85585b,e5f957a2b78b4a08cede2183cd59012f73beaffc38f0821d43bb458df08be222:5eb2ada6d8d007969c111064ae6c5de089e8bd61c0156cb49cc98484cea2b5d9,7d4556d85b53f66038b5426e362bc2ae064966091c4cf5a4182129b5ffb887bb,development+reused_validation,"{""base"": ""erc"", ""borrow_bps"": 50.0, ""cap"": 1.0, ""control"": ""event"", ""covariance_days"": 101, ""diagnostic"": ""lookback_low"", ""family"": ""ensemble"", ""har_train_min"": 403, ""lookback"": 50, ""overlay"": true, ""static_exposure"": null, ""target"": 0.1, ""threshold"": 0.05, ""trial_id"": ""E6"", ""universe"": [""QQQ"", ""IWM"", ""HYG"", ""TLT"", ""GLD"", ""DBC""]}",5.0 bp risky purchases+sales; borrow rf+50.0 bp,results/20261004T003009-2f16c796/E6-lookback_low-9aadccba67.csv,started,Attempt retained even if process fails,False
E6-lookback_low-9aadccba67,2026-10-04T00:35:09.337428+00:00,26552dd9c109058ba93a75bb8ba5de1f6a85585b,26552dd9c109058ba93a75bb8ba5de1f6a85585b,e5f957a2b78b4a08cede2183cd59012f73beaffc38f0821d43bb458df08be222:5eb2ada6d8d007969c111064ae6c5de089e8bd61c0156cb49cc98484cea2b5d9,7d4556d85b53f66038b5426e362bc2ae064966091c4cf5a4182129b5ffb887bb,development+reused_validation,"{""base"": ""erc"", ""borrow_bps"": 50.0, ""cap"": 1.0, ""control"": ""event"", ""covariance_days"": 101, ""diagnostic"": ""lookback_low"", ""family"": ""ensemble"", ""har_train_min"": 403, ""lookback"": 50, ""overlay"": true, ""static_exposure"": null, ""target"": 0.1, ""threshold"": 0.05, ""trial_id"": ""E6"", ""universe"": [""QQQ"", ""IWM"", ""HYG"", ""TLT"", ""GLD"", ""DBC""]}",5.0 bp risky purchases+sales; borrow rf+50.0 bp,results/20261004T003009-2f16c796/E6-lookback_low-9aadccba67.csv,completed,No OOS retuning; diagnostic not eligible for selection,False
E6-lookback_low_base-9afef0e441,2026-10-04T00:35:11.820030+00:00,26552dd9c109058ba93a75bb8ba5de1f6a85585b,26552dd9c109058ba93a75bb8ba5de1f6a85585b,e5f957a2b78b4a08cede2183cd59012f73beaffc38f0821d43bb458df08be222:5eb2ada6d8d007969c111064ae6c5de089e8bd61c0156cb49cc98484cea2b5d9,65ce02fee88e3e02262ab0e3b328dccfc217920aa0d978d5bf104547cd13e05e,development+reused_validation,"{""base"": ""erc"", ""borrow_bps"": 50.0, ""cap"": 1.0, ""control"": ""event"", ""covariance_days"": 101, ""diagnostic"": ""lookback_low_base"", ""family"": ""ensemble"", ""har_train_min"": 403, ""lookback"": 50, ""overlay"": false, ""static_exposure"": null, ""target"": 0.1, ""threshold"": 0.05, ""trial_id"": ""E6"", ""universe"": [""QQQ"", ""IWM"", ""HYG"", ""TLT"", ""GLD"", ""DBC""]}",5.0 bp risky purchases+sales; borrow rf+50.0 bp,results/20261004T003009-2f16c796/E6-lookback_low_base-9afef0e441.csv,started,Attempt retained even if process fails,False
E6-lookback_low_base-9afef0e441,2026-10-04T00:35:11.820030+00:00,26552dd9c109058ba93a75bb8ba5de1f6a85585b,26552dd9c109058ba93a75bb8ba5de1f6a85585b,e5f957a2b78b4a08cede2183cd59012f73beaffc38f0821d43bb458df08be222:5eb2ada6d8d007969c111064ae6c5de089e8bd61c0156cb49cc98484cea2b5d9,65ce02fee88e3e02262ab0e3b328dccfc217920aa0d978d5bf104547cd13e05e,development+reused_validation,"{""base"": ""erc"", ""borrow_bps"": 50.0, ""cap"": 1.0, ""control"": ""event"", ""covariance_days"": 101, ""diagnostic"": ""lookback_low_base"", ""family"": ""ensemble"", ""har_train_min"": 403, ""lookback"": 50, ""overlay"": false, ""static_exposure"": null, ""target"": 0.1, ""threshold"": 0.05, ""trial_id"": ""E6"", ""universe"": [""QQQ"", ""IWM"", ""HYG"", ""TLT"", ""GLD"", ""DBC""]}",5.0 bp risky purchases+sales; borrow rf+50.0 bp,results/20261004T003009-2f16c796/E6-lookback_low_base-9afef0e441.csv,completed,No OOS retuning; diagnostic not eligible for selection,False
E6-lookback_high-e31e42da01,2026-10-04T00:35:14.286892+00:00,26552dd9c109058ba93a75bb8ba5de1f6a85585b,26552dd9c109058ba93a75bb8ba5de1f6a85585b,e5f957a2b78b4a08cede2183cd59012f73beaffc38f0821d43bb458df08be222:5eb2ada6d8d007969c111064ae6c5de089e8bd61c0156cb49cc98484cea2b5d9,23c3f921b6896b28c525697330cbbbc9e5d8ab2af47e0c208ae2c1cfa989f228,development+reused_validation,"{""base"": ""erc"", ""borrow_bps"": 50.0, ""cap"": 1.0, ""control"": ""event"", ""covariance_days"": 151, ""diagnostic"": ""lookback_high"", ""family"": ""ensemble"", ""har_train_min"": 605, ""lookback"": 76, ""overlay"": true, ""static_exposure"": null, ""target"": 0.1, ""threshold"": 0.05, ""trial_id"": ""E6"", ""universe"": [""QQQ"", ""IWM"", ""HYG"", ""TLT"", ""GLD"", ""DBC""]}",5.0 bp risky purchases+sales; borrow rf+50.0 bp,results/20261004T003009-2f16c796/E6-lookback_high-e31e42da01.csv,started,Attempt retained even if process fails,False
E6-lookback_high-e31e42da01,2026-10-04T00:35:14.286892+00:00,26552dd9c109058ba93a75bb8ba5de1f6a85585b,26552dd9c109058ba93a75bb8ba5de1f6a85585b,e5f957a2b78b4a08cede2183cd59012f73beaffc38f0821d43bb458df08be222:5eb2ada6d8d007969c111064ae6c5de089e8bd61c0156cb49cc98484cea2b5d9,23c3f921b6896b28c525697330cbbbc9e5d8ab2af47e0c208ae2c1cfa989f228,development+reused_validation,"{""base"": ""erc"", ""borrow_bps"": 50.0, ""cap"": 1.0, ""control"": ""event"", ""covariance_days"": 151, ""diagnostic"": ""lookback_high"", ""family"": ""ensemble"", ""har_train_min"": 605, ""lookback"": 76, ""overlay"": true, ""static_exposure"": null, ""target"": 0.1, ""threshold"": 0.05, ""trial_id"": ""E6"", ""universe"": [""QQQ"", ""IWM"", ""HYG"", ""TLT"", ""GLD"", ""DBC""]}",5.0 bp risky purchases+sales; borrow rf+50.0 bp,results/20261004T003009-2f16c796/E6-lookback_high-e31e42da01.csv,completed,No OOS retuning; diagnostic not eligible for selection,False
E6-lookback_high_base-9f49b3b33c,2026-10-04T00:35:16.744484+00:00,26552dd9c109058ba93a75bb8ba5de1f6a85585b,26552dd9c109058ba93a75bb8ba5de1f6a85585b,e5f957a2b78b4a08cede2183cd59012f73beaffc38f0821d43bb458df08be222:5eb2ada6d8d007969c111064ae6c5de089e8bd61c0156cb49cc98484cea2b5d9,34427dfcd5232e21eb5443ea34268177ceae6dda754eaca1f2578080471c3401,development+reused_validation,"{""base"": ""erc"", ""borrow_bps"": 50.0, ""cap"": 1.0, ""control"": ""event"", ""covariance_days"": 151, ""diagnostic"": ""lookback_high_base"", ""family"": ""ensemble"", ""har_train_min"": 605, ""lookback"": 76, ""overlay"": false, ""static_exposure"": null, ""target"": 0.1, ""threshold"": 0.05, ""trial_id"": ""E6"", ""universe"": [""QQQ"", ""IWM"", ""HYG"", ""TLT"", ""GLD"", ""DBC""]}",5.0 bp risky purchases+sales; borrow rf+50.0 bp,results/20261004T003009-2f16c796/E6-lookback_high_base-9f49b3b33c.csv,started,Attempt retained even if process fails,False
E6-lookback_high_base-9f49b3b33c,2026-10-04T00:35:16.744484+00:00,26552dd9c109058ba93a75bb8ba5de1f6a85585b,26552dd9c109058ba93a75bb8ba5de1f6a85585b,e5f957a2b78b4a08cede2183cd59012f73beaffc38f0821d43bb458df08be222:5eb2ada6d8d007969c111064ae6c5de089e8bd61c0156cb49cc98484cea2b5d9,34427dfcd5232e21eb5443ea34268177ceae6dda754eaca1f2578080471c3401,development+reused_validation,"{""base"": ""erc"", ""borrow_bps"": 50.0, ""cap"": 1.0, ""control"": ""event"", ""covariance_days"": 151, ""diagnostic"": ""lookback_high_base"", ""family"": ""ensemble"", ""har_train_min"": 605, ""lookback"": 76, ""overlay"": false, ""static_exposure"": null, ""target"": 0.1, ""threshold"": 0.05, ""trial_id"": ""E6"", ""universe"": [""QQQ"", ""IWM"", ""HYG"", ""TLT"", ""GLD"", ""DBC""]}",5.0 bp risky purchases+sales; borrow rf+50.0 bp,results/20261004T003009-2f16c796/E6-lookback_high_base-9f49b3b33c.csv,completed,No OOS retuning; diagnostic not eligible for selection,False
E6-trigger_low-45234b34c7,2026-10-04T00:35:19.156599+00:00,26552dd9c109058ba93a75bb8ba5de1f6a85585b,26552dd9c109058ba93a75bb8ba5de1f6a85585b,e5f957a2b78b4a08cede2183cd59012f73beaffc38f0821d43bb458df08be222:5eb2ada6d8d007969c111064ae6c5de089e8bd61c0156cb49cc98484cea2b5d9,27ba3eadc3b5048e79ba33518f041c2ba108fd39dbb3d38663eb89107da102e5,development+reused_validation,"{""base"": ""erc"", ""borrow_bps"": 50.0, ""cap"": 1.0, ""control"": ""event"", ""covariance_days"": 126, ""diagnostic"": ""trigger_low"", ""family"": ""ensemble"", ""har_train_min"": 504, ""lookback"": 63, ""overlay"": true, ""static_exposure"": null, ""target"": 0.1, ""threshold"": 0.04, ""trial_id"": ""E6"", ""universe"": [""QQQ"", ""IWM"", ""HYG"", ""TLT"", ""GLD"", ""DBC""]}",5.0 bp risky purchases+sales; borrow rf+50.0 bp,results/20261004T003009-2f16c796/E6-trigger_low-45234b34c7.csv,started,Attempt retained even if process fails,False
E6-trigger_low-45234b34c7,2026-10-04T00:35:19.156599+00:00,26552dd9c109058ba93a75bb8ba5de1f6a85585b,26552dd9c109058ba93a75bb8ba5de1f6a85585b,e5f957a2b78b4a08cede2183cd59012f73beaffc38f0821d43bb458df08be222:5eb2ada6d8d007969c111064ae6c5de089e8bd61c0156cb49cc98484cea2b5d9,27ba3eadc3b5048e79ba33518f041c2ba108fd39dbb3d38663eb89107da102e5,development+reused_validation,"{""base"": ""erc"", ""borrow_bps"": 50.0, ""cap"": 1.0, ""control"": ""event"", ""covariance_days"": 126, ""diagnostic"": ""trigger_low"", ""family"": ""ensemble"", ""har_train_min"": 504, ""lookback"": 63, ""overlay"": true, ""static_exposure"": null, ""target"": 0.1, ""threshold"": 0.04, ""trial_id"": ""E6"", ""universe"": [""QQQ"", ""IWM"", ""HYG"", ""TLT"", ""GLD"", ""DBC""]}",5.0 bp risky purchases+sales; borrow rf+50.0 bp,results/20261004T003009-2f16c796/E6-trigger_low-45234b34c7.csv,completed,No OOS retuning; diagnostic not eligible for selection,False
E6-trigger_low_base-1d25a50583,2026-10-04T00:35:21.588534+00:00,26552dd9c109058ba93a75bb8ba5de1f6a85585b,26552dd9c109058ba93a75bb8ba5de1f6a85585b,e5f957a2b78b4a08cede2183cd59012f73beaffc38f0821d43bb458df08be222:5eb2ada6d8d007969c111064ae6c5de089e8bd61c0156cb49cc98484cea2b5d9,9a1713950ac5e732c4945c5669386bb30bf4f1b63a48ce71bb9d5abee1ce57c3,development+reused_validation,"{""base"": ""erc"", ""borrow_bps"": 50.0, ""cap"": 1.0, ""control"": ""event"", ""covariance_days"": 126, ""diagnostic"": ""trigger_low_base"", ""family"": ""ensemble"", ""har_train_min"": 504, ""lookback"": 63, ""overlay"": false, ""static_exposure"": null, ""target"": 0.1, ""threshold"": 0.04, ""trial_id"": ""E6"", ""universe"": [""QQQ"", ""IWM"", ""HYG"", ""TLT"", ""GLD"", ""DBC""]}",5.0 bp risky purchases+sales; borrow rf+50.0 bp,results/20261004T003009-2f16c796/E6-trigger_low_base-1d25a50583.csv,started,Attempt retained even if process fails,False
E6-trigger_low_base-1d25a50583,2026-10-04T00:35:21.588534+00:00,26552dd9c109058ba93a75bb8ba5de1f6a85585b,26552dd9c109058ba93a75bb8ba5de1f6a85585b,e5f957a2b78b4a08cede2183cd59012f73beaffc38f0821d43bb458df08be222:5eb2ada6d8d007969c111064ae6c5de089e8bd61c0156cb49cc98484cea2b5d9,9a1713950ac5e732c4945c5669386bb30bf4f1b63a48ce71bb9d5abee1ce57c3,development+reused_validation,"{""base"": ""erc"", ""borrow_bps"": 50.0, ""cap"": 1.0, ""control"": ""event"", ""covariance_days"": 126, ""diagnostic"": ""trigger_low_base"", ""family"": ""ensemble"", ""har_train_min"": 504, ""lookback"": 63, ""overlay"": false, ""static_exposure"": null, ""target"": 0.1, ""threshold"": 0.04, ""trial_id"": ""E6"", ""universe"": [""QQQ"", ""IWM"", ""HYG"", ""TLT"", ""GLD"", ""DBC""]}",5.0 bp risky purchases+sales; borrow rf+50.0 bp,results/20261004T003009-2f16c796/E6-trigger_low_base-1d25a50583.csv,completed,No OOS retuning; diagnostic not eligible for selection,False
E6-trigger_high-182dec56b2,2026-10-04T00:35:23.980796+00:00,26552dd9c109058ba93a75bb8ba5de1f6a85585b,26552dd9c109058ba93a75bb8ba5de1f6a85585b,e5f957a2b78b4a08cede2183cd59012f73beaffc38f0821d43bb458df08be222:5eb2ada6d8d007969c111064ae6c5de089e8bd61c0156cb49cc98484cea2b5d9,dc1cb6c25ebae3715ea68ed078239ab3abb7704935d3f3751b319988e64007f4,development+reused_validation,"{""base"": ""erc"", ""borrow_bps"": 50.0, ""cap"": 1.0, ""control"": ""event"", ""covariance_days"": 126, ""diagnostic"": ""trigger_high"", ""family"": ""ensemble"", ""har_train_min"": 504, ""lookback"": 63, ""overlay"": true, ""static_exposure"": null, ""target"": 0.1, ""threshold"": 0.06, ""trial_id"": ""E6"", ""universe"": [""QQQ"", ""IWM"", ""HYG"", ""TLT"", ""GLD"", ""DBC""]}",5.0 bp risky purchases+sales; borrow rf+50.0 bp,results/20261004T003009-2f16c796/E6-trigger_high-182dec56b2.csv,started,Attempt retained even if process fails,False
E6-trigger_high-182dec56b2,2026-10-04T00:35:23.980796+00:00,26552dd9c109058ba93a75bb8ba5de1f6a85585b,26552dd9c109058ba93a75bb8ba5de1f6a85585b,e5f957a2b78b4a08cede2183cd59012f73beaffc38f0821d43bb458df08be222:5eb2ada6d8d007969c111064ae6c5de089e8bd61c0156cb49cc98484cea2b5d9,dc1cb6c25ebae3715ea68ed078239ab3abb7704935d3f3751b319988e64007f4,development+reused_validation,"{""base"": ""erc"", ""borrow_bps"": 50.0, ""cap"": 1.0, ""control"": ""event"", ""covariance_days"": 126, ""diagnostic"": ""trigger_high"", ""family"": ""ensemble"", ""har_train_min"": 504, ""lookback"": 63, ""overlay"": true, ""static_exposure"": null, ""target"": 0.1, ""threshold"": 0.06, ""trial_id"": ""E6"", ""universe"": [""QQQ"", ""IWM"", ""HYG"", ""TLT"", ""GLD"", ""DBC""]}",5.0 bp risky purchases+sales; borrow rf+50.0 bp,results/20261004T003009-2f16c796/E6-trigger_high-182dec56b2.csv,completed,No OOS retuning; diagnostic not eligible for selection,False
E6-trigger_high_base-4a3bab87be,2026-10-04T00:35:26.465287+00:00,26552dd9c109058ba93a75bb8ba5de1f6a85585b,26552dd9c109058ba93a75bb8ba5de1f6a85585b,e5f957a2b78b4a08cede2183cd59012f73beaffc38f0821d43bb458df08be222:5eb2ada6d8d007969c111064ae6c5de089e8bd61c0156cb49cc98484cea2b5d9,4187943b117da47df51f33c000c488aef22b0176b8c36436bd9b01787a334cca,development+reused_validation,"{""base"": ""erc"", ""borrow_bps"": 50.0, ""cap"": 1.0, ""control"": ""event"", ""covariance_days"": 126, ""diagnostic"": ""trigger_high_base"", ""family"": ""ensemble"", ""har_train_min"": 504, ""lookback"": 63, ""overlay"": false, ""static_exposure"": null, ""target"": 0.1, ""threshold"": 0.06, ""trial_id"": ""E6"", ""universe"": [""QQQ"", ""IWM"", ""HYG"", ""TLT"", ""GLD"", ""DBC""]}",5.0 bp risky purchases+sales; borrow rf+50.0 bp,results/20261004T003009-2f16c796/E6-trigger_high_base-4a3bab87be.csv,started,Attempt retained even if process fails,False
E6-trigger_high_base-4a3bab87be,2026-10-04T00:35:26.465287+00:00,26552dd9c109058ba93a75bb8ba5de1f6a85585b,26552dd9c109058ba93a75bb8ba5de1f6a85585b,e5f957a2b78b4a08cede2183cd59012f73beaffc38f0821d43bb458df08be222:5eb2ada6d8d007969c111064ae6c5de089e8bd61c0156cb49cc98484cea2b5d9,4187943b117da47df51f33c000c488aef22b0176b8c36436bd9b01787a334cca,development+reused_validation,"{""base"": ""erc"", ""borrow_bps"": 50.0, ""cap"": 1.0, ""control"": ""event"", ""covariance_days"": 126, ""diagnostic"": ""trigger_high_base"", ""family"": ""ensemble"", ""har_train_min"": 504, ""lookback"": 63, ""overlay"": false, ""static_exposure"": null, ""target"": 0.1, ""threshold"": 0.06, ""trial_id"": ""E6"", ""universe"": [""QQQ"", ""IWM"", ""HYG"", ""TLT"", ""GLD"", ""DBC""]}",5.0 bp risky purchases+sales; borrow rf+50.0 bp,results/20261004T003009-2f16c796/E6-trigger_high_base-4a3bab87be.csv,completed,No OOS retuning; diagnostic not eligible for selection,False
E7-double_cost-033dc9ffdf,2026-10-04T00:35:28.899153+00:00,26552dd9c109058ba93a75bb8ba5de1f6a85585b,26552dd9c109058ba93a75bb8ba5de1f6a85585b,e5f957a2b78b4a08cede2183cd59012f73beaffc38f0821d43bb458df08be222:5eb2ada6d8d007969c111064ae6c5de089e8bd61c0156cb49cc98484cea2b5d9,b361be3728b3cc9333a9bff7f25541f288f78522878e6bbc336f2d5762d094e9,development+reused_validation,"{""base"": ""equal"", ""borrow_bps"": 50.0, ""cap"": 1.0, ""control"": ""asymmetric"", ""covariance_days"": 126, ""diagnostic"": ""double_cost"", ""family"": ""ensemble"", ""har_train_min"": 504, ""lookback"": 63, ""overlay"": true, ""static_exposure"": null, ""target"": 0.1, ""threshold"": 0.05, ""trial_id"": ""E7"", ""universe"": [""SPY"", ""TLT"", ""GLD""]}",10 bp risky purchases+sales; borrow rf+50.0 bp,results/20261004T003009-2f16c796/E7-double_cost-033dc9ffdf.csv,started,Attempt retained even if process fails,False
E7-double_cost-033dc9ffdf,2026-10-04T00:35:28.899153+00:00,26552dd9c109058ba93a75bb8ba5de1f6a85585b,26552dd9c109058ba93a75bb8ba5de1f6a85585b,e5f957a2b78b4a08cede2183cd59012f73beaffc38f0821d43bb458df08be222:5eb2ada6d8d007969c111064ae6c5de089e8bd61c0156cb49cc98484cea2b5d9,b361be3728b3cc9333a9bff7f25541f288f78522878e6bbc336f2d5762d094e9,development+reused_validation,"{""base"": ""equal"", ""borrow_bps"": 50.0, ""cap"": 1.0, ""control"": ""asymmetric"", ""covariance_days"": 126, ""diagnostic"": ""double_cost"", ""family"": ""ensemble"", ""har_train_min"": 504, ""lookback"": 63, ""overlay"": true, ""static_exposure"": null, ""target"": 0.1, ""threshold"": 0.05, ""trial_id"": ""E7"", ""universe"": [""SPY"", ""TLT"", ""GLD""]}",10 bp risky purchases+sales; borrow rf+50.0 bp,results/20261004T003009-2f16c796/E7-double_cost-033dc9ffdf.csv,completed,No OOS retuning; diagnostic not eligible for selection,False
E7-double_cost_base-8eee4ea283,2026-10-04T00:35:30.958921+00:00,26552dd9c109058ba93a75bb8ba5de1f6a85585b,26552dd9c109058ba93a75bb8ba5de1f6a85585b,e5f957a2b78b4a08cede2183cd59012f73beaffc38f0821d43bb458df08be222:5eb2ada6d8d007969c111064ae6c5de089e8bd61c0156cb49cc98484cea2b5d9,988c1daffb30af92d90b97ffe4613ab48be473f95534b6474b9d5a69cca02476,development+reused_validation,"{""base"": ""equal"", ""borrow_bps"": 50.0, ""cap"": 1.0, ""control"": ""asymmetric"", ""covariance_days"": 126, ""diagnostic"": ""double_cost_base"", ""family"": ""ensemble"", ""har_train_min"": 504, ""lookback"": 63, ""overlay"": false, ""static_exposure"": null, ""target"": 0.1, ""threshold"": 0.05, ""trial_id"": ""E7"", ""universe"": [""SPY"", ""TLT"", ""GLD""]}",10 bp risky purchases+sales; borrow rf+50.0 bp,results/20261004T003009-2f16c796/E7-double_cost_base-8eee4ea283.csv,started,Attempt retained even if process fails,False
E7-double_cost_base-8eee4ea283,2026-10-04T00:35:30.958921+00:00,26552dd9c109058ba93a75bb8ba5de1f6a85585b,26552dd9c109058ba93a75bb8ba5de1f6a85585b,e5f957a2b78b4a08cede2183cd59012f73beaffc38f0821d43bb458df08be222:5eb2ada6d8d007969c111064ae6c5de089e8bd61c0156cb49cc98484cea2b5d9,988c1daffb30af92d90b97ffe4613ab48be473f95534b6474b9d5a69cca02476,development+reused_validation,"{""base"": ""equal"", ""borrow_bps"": 50.0, ""cap"": 1.0, ""control"": ""asymmetric"", ""covariance_days"": 126, ""diagnostic"": ""double_cost_base"", ""family"": ""ensemble"", ""har_train_min"": 504, ""lookback"": 63, ""overlay"": false, ""static_exposure"": null, ""target"": 0.1, ""threshold"": 0.05, ""trial_id"": ""E7"", ""universe"": [""SPY"", ""TLT"", ""GLD""]}",10 bp risky purchases+sales; borrow rf+50.0 bp,results/20261004T003009-2f16c796/E7-double_cost_base-8eee4ea283.csv,completed,No OOS retuning; diagnostic not eligible for selection,False
E7-target_low-7e5c75b9ce,2026-10-04T00:35:32.704768+00:00,26552dd9c109058ba93a75bb8ba5de1f6a85585b,26552dd9c109058ba93a75bb8ba5de1f6a85585b,e5f957a2b78b4a08cede2183cd59012f73beaffc38f0821d43bb458df08be222:5eb2ada6d8d007969c111064ae6c5de089e8bd61c0156cb49cc98484cea2b5d9,62a82f15f2078cce492d5e812112ddabf8f342b88c7aca756f56dfbc06373443,development+reused_validation,"{""base"": ""equal"", ""borrow_bps"": 50.0, ""cap"": 1.0, ""control"": ""asymmetric"", ""covariance_days"": 126, ""diagnostic"": ""target_low"", ""family"": ""ensemble"", ""har_train_min"": 504, ""lookback"": 63, ""overlay"": true, ""static_exposure"": null, ""target"": 0.09000000000000001, ""threshold"": 0.05, ""trial_id"": ""E7"", ""universe"": [""SPY"", ""TLT"", ""GLD""]}",5.0 bp risky purchases+sales; borrow rf+50.0 bp,results/20261004T003009-2f16c796/E7-target_low-7e5c75b9ce.csv,started,Attempt retained even if process fails,False
E7-target_low-7e5c75b9ce,2026-10-04T00:35:32.704768+00:00,26552dd9c109058ba93a75bb8ba5de1f6a85585b,26552dd9c109058ba93a75bb8ba5de1f6a85585b,e5f957a2b78b4a08cede2183cd59012f73beaffc38f0821d43bb458df08be222:5eb2ada6d8d007969c111064ae6c5de089e8bd61c0156cb49cc98484cea2b5d9,62a82f15f2078cce492d5e812112ddabf8f342b88c7aca756f56dfbc06373443,development+reused_validation,"{""base"": ""equal"", ""borrow_bps"": 50.0, ""cap"": 1.0, ""control"": ""asymmetric"", ""covariance_days"": 126, ""diagnostic"": ""target_low"", ""family"": ""ensemble"", ""har_train_min"": 504, ""lookback"": 63, ""overlay"": true, ""static_exposure"": null, ""target"": 0.09000000000000001, ""threshold"": 0.05, ""trial_id"": ""E7"", ""universe"": [""SPY"", ""TLT"", ""GLD""]}",5.0 bp risky purchases+sales; borrow rf+50.0 bp,results/20261004T003009-2f16c796/E7-target_low-7e5c75b9ce.csv,completed,No OOS retuning; diagnostic not eligible for selection,False
E7-target_low_base-9b59872e88,2026-10-04T00:35:34.228460+00:00,26552dd9c109058ba93a75bb8ba5de1f6a85585b,26552dd9c109058ba93a75bb8ba5de1f6a85585b,e5f957a2b78b4a08cede2183cd59012f73beaffc38f0821d43bb458df08be222:5eb2ada6d8d007969c111064ae6c5de089e8bd61c0156cb49cc98484cea2b5d9,e04b6cc12e8df500d0d64a84374408856ea81f701cb7998b4d634644d081d0cb,development+reused_validation,"{""base"": ""equal"", ""borrow_bps"": 50.0, ""cap"": 1.0, ""control"": ""asymmetric"", ""covariance_days"": 126, ""diagnostic"": ""target_low_base"", ""family"": ""ensemble"", ""har_train_min"": 504, ""lookback"": 63, ""overlay"": false, ""static_exposure"": null, ""target"": 0.09000000000000001, ""threshold"": 0.05, ""trial_id"": ""E7"", ""universe"": [""SPY"", ""TLT"", ""GLD""]}",5.0 bp risky purchases+sales; borrow rf+50.0 bp,results/20261004T003009-2f16c796/E7-target_low_base-9b59872e88.csv,started,Attempt retained even if process fails,False
E7-target_low_base-9b59872e88,2026-10-04T00:35:34.228460+00:00,26552dd9c109058ba93a75bb8ba5de1f6a85585b,26552dd9c109058ba93a75bb8ba5de1f6a85585b,e5f957a2b78b4a08cede2183cd59012f73beaffc38f0821d43bb458df08be222:5eb2ada6d8d007969c111064ae6c5de089e8bd61c0156cb49cc98484cea2b5d9,e04b6cc12e8df500d0d64a84374408856ea81f701cb7998b4d634644d081d0cb,development+reused_validation,"{""base"": ""equal"", ""borrow_bps"": 50.0, ""cap"": 1.0, ""control"": ""asymmetric"", ""covariance_days"": 126, ""diagnostic"": ""target_low_base"", ""family"": ""ensemble"", ""har_train_min"": 504, ""lookback"": 63, ""overlay"": false, ""static_exposure"": null, ""target"": 0.09000000000000001, ""threshold"": 0.05, ""trial_id"": ""E7"", ""universe"": [""SPY"", ""TLT"", ""GLD""]}",5.0 bp risky purchases+sales; borrow rf+50.0 bp,results/20261004T003009-2f16c796/E7-target_low_base-9b59872e88.csv,completed,No OOS retuning; diagnostic not eligible for selection,False
E7-target_high-08ea1e7ad9,2026-10-04T00:35:35.708489+00:00,26552dd9c109058ba93a75bb8ba5de1f6a85585b,26552dd9c109058ba93a75bb8ba5de1f6a85585b,e5f957a2b78b4a08cede2183cd59012f73beaffc38f0821d43bb458df08be222:5eb2ada6d8d007969c111064ae6c5de089e8bd61c0156cb49cc98484cea2b5d9,b45657ecf14442f2ff326a0e63448ed31c6a2dd8aa4009e37aed11cbc157e1b5,development+reused_validation,"{""base"": ""equal"", ""borrow_bps"": 50.0, ""cap"": 1.0, ""control"": ""asymmetric"", ""covariance_days"": 126, ""diagnostic"": ""target_high"", ""family"": ""ensemble"", ""har_train_min"": 504, ""lookback"": 63, ""overlay"": true, ""static_exposure"": null, ""target"": 0.11, ""threshold"": 0.05, ""trial_id"": ""E7"", ""universe"": [""SPY"", ""TLT"", ""GLD""]}",5.0 bp risky purchases+sales; borrow rf+50.0 bp,results/20261004T003009-2f16c796/E7-target_high-08ea1e7ad9.csv,started,Attempt retained even if process fails,False
E7-target_high-08ea1e7ad9,2026-10-04T00:35:35.708489+00:00,26552dd9c109058ba93a75bb8ba5de1f6a85585b,26552dd9c109058ba93a75bb8ba5de1f6a85585b,e5f957a2b78b4a08cede2183cd59012f73beaffc38f0821d43bb458df08be222:5eb2ada6d8d007969c111064ae6c5de089e8bd61c0156cb49cc98484cea2b5d9,b45657ecf14442f2ff326a0e63448ed31c6a2dd8aa4009e37aed11cbc157e1b5,development+reused_validation,"{""base"": ""equal"", ""borrow_bps"": 50.0, ""cap"": 1.0, ""control"": ""asymmetric"", ""covariance_days"": 126, ""diagnostic"": ""target_high"", ""family"": ""ensemble"", ""har_train_min"": 504, ""lookback"": 63, ""overlay"": true, ""static_exposure"": null, ""target"": 0.11, ""threshold"": 0.05, ""trial_id"": ""E7"", ""universe"": [""SPY"", ""TLT"", ""GLD""]}",5.0 bp risky purchases+sales; borrow rf+50.0 bp,results/20261004T003009-2f16c796/E7-target_high-08ea1e7ad9.csv,completed,No OOS retuning; diagnostic not eligible for selection,False
E7-target_high_base-2a550e323f,2026-10-04T00:35:37.184735+00:00,26552dd9c109058ba93a75bb8ba5de1f6a85585b,26552dd9c109058ba93a75bb8ba5de1f6a85585b,e5f957a2b78b4a08cede2183cd59012f73beaffc38f0821d43bb458df08be222:5eb2ada6d8d007969c111064ae6c5de089e8bd61c0156cb49cc98484cea2b5d9,b9c5fa207ae6362505df91efb001f2bfc41a9a5ea41893ef3a9eadc5b1a2be40,development+reused_validation,"{""base"": ""equal"", ""borrow_bps"": 50.0, ""cap"": 1.0, ""control"": ""asymmetric"", ""covariance_days"": 126, ""diagnostic"": ""target_high_base"", ""family"": ""ensemble"", ""har_train_min"": 504, ""lookback"": 63, ""overlay"": false, ""static_exposure"": null, ""target"": 0.11, ""threshold"": 0.05, ""trial_id"": ""E7"", ""universe"": [""SPY"", ""TLT"", ""GLD""]}",5.0 bp risky purchases+sales; borrow rf+50.0 bp,results/20261004T003009-2f16c796/E7-target_high_base-2a550e323f.csv,started,Attempt retained even if process fails,False
E7-target_high_base-2a550e323f,2026-10-04T00:35:37.184735+00:00,26552dd9c109058ba93a75bb8ba5de1f6a85585b,26552dd9c109058ba93a75bb8ba5de1f6a85585b,e5f957a2b78b4a08cede2183cd59012f73beaffc38f0821d43bb458df08be222:5eb2ada6d8d007969c111064ae6c5de089e8bd61c0156cb49cc98484cea2b5d9,b9c5fa207ae6362505df91efb001f2bfc41a9a5ea41893ef3a9eadc5b1a2be40,development+reused_validation,"{""base"": ""equal"", ""borrow_bps"": 50.0, ""cap"": 1.0, ""control"": ""asymmetric"", ""covariance_days"": 126, ""diagnostic"": ""target_high_base"", ""family"": ""ensemble"", ""har_train_min"": 504, ""lookback"": 63, ""overlay"": false, ""static_exposure"": null, ""target"": 0.11, ""threshold"": 0.05, ""trial_id"": ""E7"", ""universe"": [""SPY"", ""TLT"", ""GLD""]}",5.0 bp risky purchases+sales; borrow rf+50.0 bp,results/20261004T003009-2f16c796/E7-target_high_base-2a550e323f.csv,completed,No OOS retuning; diagnostic not eligible for selection,False
E7-lookback_low-77d3f8a109,2026-10-04T00:35:38.764371+00:00,26552dd9c109058ba93a75bb8ba5de1f6a85585b,26552dd9c109058ba93a75bb8ba5de1f6a85585b,e5f957a2b78b4a08cede2183cd59012f73beaffc38f0821d43bb458df08be222:5eb2ada6d8d007969c111064ae6c5de089e8bd61c0156cb49cc98484cea2b5d9,0eb8037ebb1ec4441a5c3fd154091784247dacc0779c56e98dd0c183d86b51c4,development+reused_validation,"{""base"": ""equal"", ""borrow_bps"": 50.0, ""cap"": 1.0, ""control"": ""asymmetric"", ""covariance_days"": 101, ""diagnostic"": ""lookback_low"", ""family"": ""ensemble"", ""har_train_min"": 403, ""lookback"": 50, ""overlay"": true, ""static_exposure"": null, ""target"": 0.1, ""threshold"": 0.05, ""trial_id"": ""E7"", ""universe"": [""SPY"", ""TLT"", ""GLD""]}",5.0 bp risky purchases+sales; borrow rf+50.0 bp,results/20261004T003009-2f16c796/E7-lookback_low-77d3f8a109.csv,started,Attempt retained even if process fails,False
E7-lookback_low-77d3f8a109,2026-10-04T00:35:38.764371+00:00,26552dd9c109058ba93a75bb8ba5de1f6a85585b,26552dd9c109058ba93a75bb8ba5de1f6a85585b,e5f957a2b78b4a08cede2183cd59012f73beaffc38f0821d43bb458df08be222:5eb2ada6d8d007969c111064ae6c5de089e8bd61c0156cb49cc98484cea2b5d9,0eb8037ebb1ec4441a5c3fd154091784247dacc0779c56e98dd0c183d86b51c4,development+reused_validation,"{""base"": ""equal"", ""borrow_bps"": 50.0, ""cap"": 1.0, ""control"": ""asymmetric"", ""covariance_days"": 101, ""diagnostic"": ""lookback_low"", ""family"": ""ensemble"", ""har_train_min"": 403, ""lookback"": 50, ""overlay"": true, ""static_exposure"": null, ""target"": 0.1, ""threshold"": 0.05, ""trial_id"": ""E7"", ""universe"": [""SPY"", ""TLT"", ""GLD""]}",5.0 bp risky purchases+sales; borrow rf+50.0 bp,results/20261004T003009-2f16c796/E7-lookback_low-77d3f8a109.csv,completed,No OOS retuning; diagnostic not eligible for selection,False
E7-lookback_low_base-8e3ea7da25,2026-10-04T00:35:40.359491+00:00,26552dd9c109058ba93a75bb8ba5de1f6a85585b,26552dd9c109058ba93a75bb8ba5de1f6a85585b,e5f957a2b78b4a08cede2183cd59012f73beaffc38f0821d43bb458df08be222:5eb2ada6d8d007969c111064ae6c5de089e8bd61c0156cb49cc98484cea2b5d9,8f477e748b6b951c5155841fa18286791e8cef50fb96c0bf81eb619aeaa55b1d,development+reused_validation,"{""base"": ""equal"", ""borrow_bps"": 50.0, ""cap"": 1.0, ""control"": ""asymmetric"", ""covariance_days"": 101, ""diagnostic"": ""lookback_low_base"", ""family"": ""ensemble"", ""har_train_min"": 403, ""lookback"": 50, ""overlay"": false, ""static_exposure"": null, ""target"": 0.1, ""threshold"": 0.05, ""trial_id"": ""E7"", ""universe"": [""SPY"", ""TLT"", ""GLD""]}",5.0 bp risky purchases+sales; borrow rf+50.0 bp,results/20261004T003009-2f16c796/E7-lookback_low_base-8e3ea7da25.csv,started,Attempt retained even if process fails,False
E7-lookback_low_base-8e3ea7da25,2026-10-04T00:35:40.359491+00:00,26552dd9c109058ba93a75bb8ba5de1f6a85585b,26552dd9c109058ba93a75bb8ba5de1f6a85585b,e5f957a2b78b4a08cede2183cd59012f73beaffc38f0821d43bb458df08be222:5eb2ada6d8d007969c111064ae6c5de089e8bd61c0156cb49cc98484cea2b5d9,8f477e748b6b951c5155841fa18286791e8cef50fb96c0bf81eb619aeaa55b1d,development+reused_validation,"{""base"": ""equal"", ""borrow_bps"": 50.0, ""cap"": 1.0, ""control"": ""asymmetric"", ""covariance_days"": 101, ""diagnostic"": ""lookback_low_base"", ""family"": ""ensemble"", ""har_train_min"": 403, ""lookback"": 50, ""overlay"": false, ""static_exposure"": null, ""target"": 0.1, ""threshold"": 0.05, ""trial_id"": ""E7"", ""universe"": [""SPY"", ""TLT"", ""GLD""]}",5.0 bp risky purchases+sales; borrow rf+50.0 bp,results/20261004T003009-2f16c796/E7-lookback_low_base-8e3ea7da25.csv,completed,No OOS retuning; diagnostic not eligible for selection,False
E7-lookback_high-20d4e67f13,2026-10-04T00:35:41.846001+00:00,26552dd9c109058ba93a75bb8ba5de1f6a85585b,26552dd9c109058ba93a75bb8ba5de1f6a85585b,e5f957a2b78b4a08cede2183cd59012f73beaffc38f0821d43bb458df08be222:5eb2ada6d8d007969c111064ae6c5de089e8bd61c0156cb49cc98484cea2b5d9,5fd03b15c9d22dc7ce720bfcdf99ef420df815eed2a134cb20408bfaca606673,development+reused_validation,"{""base"": ""equal"", ""borrow_bps"": 50.0, ""cap"": 1.0, ""control"": ""asymmetric"", ""covariance_days"": 151, ""diagnostic"": ""lookback_high"", ""family"": ""ensemble"", ""har_train_min"": 605, ""lookback"": 76, ""overlay"": true, ""static_exposure"": null, ""target"": 0.1, ""threshold"": 0.05, ""trial_id"": ""E7"", ""universe"": [""SPY"", ""TLT"", ""GLD""]}",5.0 bp risky purchases+sales; borrow rf+50.0 bp,results/20261004T003009-2f16c796/E7-lookback_high-20d4e67f13.csv,started,Attempt retained even if process fails,False
E7-lookback_high-20d4e67f13,2026-10-04T00:35:41.846001+00:00,26552dd9c109058ba93a75bb8ba5de1f6a85585b,26552dd9c109058ba93a75bb8ba5de1f6a85585b,e5f957a2b78b4a08cede2183cd59012f73beaffc38f0821d43bb458df08be222:5eb2ada6d8d007969c111064ae6c5de089e8bd61c0156cb49cc98484cea2b5d9,5fd03b15c9d22dc7ce720bfcdf99ef420df815eed2a134cb20408bfaca606673,development+reused_validation,"{""base"": ""equal"", ""borrow_bps"": 50.0, ""cap"": 1.0, ""control"": ""asymmetric"", ""covariance_days"": 151, ""diagnostic"": ""lookback_high"", ""family"": ""ensemble"", ""har_train_min"": 605, ""lookback"": 76, ""overlay"": true, ""static_exposure"": null, ""target"": 0.1, ""threshold"": 0.05, ""trial_id"": ""E7"", ""universe"": [""SPY"", ""TLT"", ""GLD""]}",5.0 bp risky purchases+sales; borrow rf+50.0 bp,results/20261004T003009-2f16c796/E7-lookback_high-20d4e67f13.csv,completed,No OOS retuning; diagnostic not eligible for selection,False
E7-lookback_high_base-500d618cae,2026-10-04T00:35:43.366728+00:00,26552dd9c109058ba93a75bb8ba5de1f6a85585b,26552dd9c109058ba93a75bb8ba5de1f6a85585b,e5f957a2b78b4a08cede2183cd59012f73beaffc38f0821d43bb458df08be222:5eb2ada6d8d007969c111064ae6c5de089e8bd61c0156cb49cc98484cea2b5d9,8fd25bd0c5f9a58d6c47bf4bc15d61c12c35fda575f2e88a11ed1b29a4dd4f8e,development+reused_validation,"{""base"": ""equal"", ""borrow_bps"": 50.0, ""cap"": 1.0, ""control"": ""asymmetric"", ""covariance_days"": 151, ""diagnostic"": ""lookback_high_base"", ""family"": ""ensemble"", ""har_train_min"": 605, ""lookback"": 76, ""overlay"": false, ""static_exposure"": null, ""target"": 0.1, ""threshold"": 0.05, ""trial_id"": ""E7"", ""universe"": [""SPY"", ""TLT"", ""GLD""]}",5.0 bp risky purchases+sales; borrow rf+50.0 bp,results/20261004T003009-2f16c796/E7-lookback_high_base-500d618cae.csv,started,Attempt retained even if process fails,False
E7-lookback_high_base-500d618cae,2026-10-04T00:35:43.366728+00:00,26552dd9c109058ba93a75bb8ba5de1f6a85585b,26552dd9c109058ba93a75bb8ba5de1f6a85585b,e5f957a2b78b4a08cede2183cd59012f73beaffc38f0821d43bb458df08be222:5eb2ada6d8d007969c111064ae6c5de089e8bd61c0156cb49cc98484cea2b5d9,8fd25bd0c5f9a58d6c47bf4bc15d61c12c35fda575f2e88a11ed1b29a4dd4f8e,development+reused_validation,"{""base"": ""equal"", ""borrow_bps"": 50.0, ""cap"": 1.0, ""control"": ""asymmetric"", ""covariance_days"": 151, ""diagnostic"": ""lookback_high_base"", ""family"": ""ensemble"", ""har_train_min"": 605, ""lookback"": 76, ""overlay"": false, ""static_exposure"": null, ""target"": 0.1, ""threshold"": 0.05, ""trial_id"": ""E7"", ""universe"": [""SPY"", ""TLT"", ""GLD""]}",5.0 bp risky purchases+sales; borrow rf+50.0 bp,results/20261004T003009-2f16c796/E7-lookback_high_base-500d618cae.csv,completed,No OOS retuning; diagnostic not eligible for selection,False
E7-trigger_low-17f8678997,2026-10-04T00:35:44.930473+00:00,26552dd9c109058ba93a75bb8ba5de1f6a85585b,26552dd9c109058ba93a75bb8ba5de1f6a85585b,e5f957a2b78b4a08cede2183cd59012f73beaffc38f0821d43bb458df08be222:5eb2ada6d8d007969c111064ae6c5de089e8bd61c0156cb49cc98484cea2b5d9,ca0f16a6507e098592616c1d9a385b3f39af926b71b7e6d60f2a40687347b53a,development+reused_validation,"{""base"": ""equal"", ""borrow_bps"": 50.0, ""cap"": 1.0, ""control"": ""asymmetric"", ""covariance_days"": 126, ""diagnostic"": ""trigger_low"", ""family"": ""ensemble"", ""har_train_min"": 504, ""lookback"": 63, ""overlay"": true, ""static_exposure"": null, ""target"": 0.1, ""threshold"": 0.04, ""trial_id"": ""E7"", ""universe"": [""SPY"", ""TLT"", ""GLD""]}",5.0 bp risky purchases+sales; borrow rf+50.0 bp,results/20261004T003009-2f16c796/E7-trigger_low-17f8678997.csv,started,Attempt retained even if process fails,False
E7-trigger_low-17f8678997,2026-10-04T00:35:44.930473+00:00,26552dd9c109058ba93a75bb8ba5de1f6a85585b,26552dd9c109058ba93a75bb8ba5de1f6a85585b,e5f957a2b78b4a08cede2183cd59012f73beaffc38f0821d43bb458df08be222:5eb2ada6d8d007969c111064ae6c5de089e8bd61c0156cb49cc98484cea2b5d9,ca0f16a6507e098592616c1d9a385b3f39af926b71b7e6d60f2a40687347b53a,development+reused_validation,"{""base"": ""equal"", ""borrow_bps"": 50.0, ""cap"": 1.0, ""control"": ""asymmetric"", ""covariance_days"": 126, ""diagnostic"": ""trigger_low"", ""family"": ""ensemble"", ""har_train_min"": 504, ""lookback"": 63, ""overlay"": true, ""static_exposure"": null, ""target"": 0.1, ""threshold"": 0.04, ""trial_id"": ""E7"", ""universe"": [""SPY"", ""TLT"", ""GLD""]}",5.0 bp risky purchases+sales; borrow rf+50.0 bp,results/20261004T003009-2f16c796/E7-trigger_low-17f8678997.csv,completed,No OOS retuning; diagnostic not eligible for selection,False
E7-trigger_low_base-ad86a363c2,2026-10-04T00:35:46.447387+00:00,26552dd9c109058ba93a75bb8ba5de1f6a85585b,26552dd9c109058ba93a75bb8ba5de1f6a85585b,e5f957a2b78b4a08cede2183cd59012f73beaffc38f0821d43bb458df08be222:5eb2ada6d8d007969c111064ae6c5de089e8bd61c0156cb49cc98484cea2b5d9,966370f1b4027a9e15f020276eb8cb00c6df7e2b4df014fbd733e5c0efcb793a,development+reused_validation,"{""base"": ""equal"", ""borrow_bps"": 50.0, ""cap"": 1.0, ""control"": ""asymmetric"", ""covariance_days"": 126, ""diagnostic"": ""trigger_low_base"", ""family"": ""ensemble"", ""har_train_min"": 504, ""lookback"": 63, ""overlay"": false, ""static_exposure"": null, ""target"": 0.1, ""threshold"": 0.04, ""trial_id"": ""E7"", ""universe"": [""SPY"", ""TLT"", ""GLD""]}",5.0 bp risky purchases+sales; borrow rf+50.0 bp,results/20261004T003009-2f16c796/E7-trigger_low_base-ad86a363c2.csv,started,Attempt retained even if process fails,False
E7-trigger_low_base-ad86a363c2,2026-10-04T00:35:46.447387+00:00,26552dd9c109058ba93a75bb8ba5de1f6a85585b,26552dd9c109058ba93a75bb8ba5de1f6a85585b,e5f957a2b78b4a08cede2183cd59012f73beaffc38f0821d43bb458df08be222:5eb2ada6d8d007969c111064ae6c5de089e8bd61c0156cb49cc98484cea2b5d9,966370f1b4027a9e15f020276eb8cb00c6df7e2b4df014fbd733e5c0efcb793a,development+reused_validation,"{""base"": ""equal"", ""borrow_bps"": 50.0, ""cap"": 1.0, ""control"": ""asymmetric"", ""covariance_days"": 126, ""diagnostic"": ""trigger_low_base"", ""family"": ""ensemble"", ""har_train_min"": 504, ""lookback"": 63, ""overlay"": false, ""static_exposure"": null, ""target"": 0.1, ""threshold"": 0.04, ""trial_id"": ""E7"", ""universe"": [""SPY"", ""TLT"", ""GLD""]}",5.0 bp risky purchases+sales; borrow rf+50.0 bp,results/20261004T003009-2f16c796/E7-trigger_low_base-ad86a363c2.csv,completed,No OOS retuning; diagnostic not eligible for selection,False
E7-trigger_high-412f094926,2026-10-04T00:35:47.976929+00:00,26552dd9c109058ba93a75bb8ba5de1f6a85585b,26552dd9c109058ba93a75bb8ba5de1f6a85585b,e5f957a2b78b4a08cede2183cd59012f73beaffc38f0821d43bb458df08be222:5eb2ada6d8d007969c111064ae6c5de089e8bd61c0156cb49cc98484cea2b5d9,527c3130e3c86408a8156b343146b3bb8716d3cb0a6c440bd5a5bf24f045efdb,development+reused_validation,"{""base"": ""equal"", ""borrow_bps"": 50.0, ""cap"": 1.0, ""control"": ""asymmetric"", ""covariance_days"": 126, ""diagnostic"": ""trigger_high"", ""family"": ""ensemble"", ""har_train_min"": 504, ""lookback"": 63, ""overlay"": true, ""static_exposure"": null, ""target"": 0.1, ""threshold"": 0.06, ""trial_id"": ""E7"", ""universe"": [""SPY"", ""TLT"", ""GLD""]}",5.0 bp risky purchases+sales; borrow rf+50.0 bp,results/20261004T003009-2f16c796/E7-trigger_high-412f094926.csv,started,Attempt retained even if process fails,False
E7-trigger_high-412f094926,2026-10-04T00:35:47.976929+00:00,26552dd9c109058ba93a75bb8ba5de1f6a85585b,26552dd9c109058ba93a75bb8ba5de1f6a85585b,e5f957a2b78b4a08cede2183cd59012f73beaffc38f0821d43bb458df08be222:5eb2ada6d8d007969c111064ae6c5de089e8bd61c0156cb49cc98484cea2b5d9,527c3130e3c86408a8156b343146b3bb8716d3cb0a6c440bd5a5bf24f045efdb,development+reused_validation,"{""base"": ""equal"", ""borrow_bps"": 50.0, ""cap"": 1.0, ""control"": ""asymmetric"", ""covariance_days"": 126, ""diagnostic"": ""trigger_high"", ""family"": ""ensemble"", ""har_train_min"": 504, ""lookback"": 63, ""overlay"": true, ""static_exposure"": null, ""target"": 0.1, ""threshold"": 0.06, ""trial_id"": ""E7"", ""universe"": [""SPY"", ""TLT"", ""GLD""]}",5.0 bp risky purchases+sales; borrow rf+50.0 bp,results/20261004T003009-2f16c796/E7-trigger_high-412f094926.csv,completed,No OOS retuning; diagnostic not eligible for selection,False
E7-trigger_high_base-09f6ce38d6,2026-10-04T00:35:49.454374+00:00,26552dd9c109058ba93a75bb8ba5de1f6a85585b,26552dd9c109058ba93a75bb8ba5de1f6a85585b,e5f957a2b78b4a08cede2183cd59012f73beaffc38f0821d43bb458df08be222:5eb2ada6d8d007969c111064ae6c5de089e8bd61c0156cb49cc98484cea2b5d9,d908f31034b308fed11e3395270432eaa98e2ab362ed0f9d43c4fb571ea0b0bc,development+reused_validation,"{""base"": ""equal"", ""borrow_bps"": 50.0, ""cap"": 1.0, ""control"": ""asymmetric"", ""covariance_days"": 126, ""diagnostic"": ""trigger_high_base"", ""family"": ""ensemble"", ""har_train_min"": 504, ""lookback"": 63, ""overlay"": false, ""static_exposure"": null, ""target"": 0.1, ""threshold"": 0.06, ""trial_id"": ""E7"", ""universe"": [""SPY"", ""TLT"", ""GLD""]}",5.0 bp risky purchases+sales; borrow rf+50.0 bp,results/20261004T003009-2f16c796/E7-trigger_high_base-09f6ce38d6.csv,started,Attempt retained even if process fails,False
E7-trigger_high_base-09f6ce38d6,2026-10-04T00:35:49.454374+00:00,26552dd9c109058ba93a75bb8ba5de1f6a85585b,26552dd9c109058ba93a75bb8ba5de1f6a85585b,e5f957a2b78b4a08cede2183cd59012f73beaffc38f0821d43bb458df08be222:5eb2ada6d8d007969c111064ae6c5de089e8bd61c0156cb49cc98484cea2b5d9,d908f31034b308fed11e3395270432eaa98e2ab362ed0f9d43c4fb571ea0b0bc,development+reused_validation,"{""base"": ""equal"", ""borrow_bps"": 50.0, ""cap"": 1.0, ""control"": ""asymmetric"", ""covariance_days"": 126, ""diagnostic"": ""trigger_high_base"", ""family"": ""ensemble"", ""har_train_min"": 504, ""lookback"": 63, ""overlay"": false, ""static_exposure"": null, ""target"": 0.1, ""threshold"": 0.06, ""trial_id"": ""E7"", ""universe"": [""SPY"", ""TLT"", ""GLD""]}",5.0 bp risky purchases+sales; borrow rf+50.0 bp,results/20261004T003009-2f16c796/E7-trigger_high_base-09f6ce38d6.csv,completed,No OOS retuning; diagnostic not eligible for selection,False
E8-double_cost-325ae007de,2026-10-04T00:35:50.964934+00:00,26552dd9c109058ba93a75bb8ba5de1f6a85585b,26552dd9c109058ba93a75bb8ba5de1f6a85585b,e5f957a2b78b4a08cede2183cd59012f73beaffc38f0821d43bb458df08be222:5eb2ada6d8d007969c111064ae6c5de089e8bd61c0156cb49cc98484cea2b5d9,5d1deb3f753fd6c05190bfc8f234e8d267ecdddd7b50f3553c361206aa994703,development+reused_validation,"{""base"": ""equal"", ""borrow_bps"": 50.0, ""cap"": 1.25, ""control"": ""asymmetric"", ""covariance_days"": 126, ""diagnostic"": ""double_cost"", ""family"": ""ensemble"", ""har_train_min"": 504, ""lookback"": 63, ""overlay"": true, ""static_exposure"": null, ""target"": 0.1, ""threshold"": 0.05, ""trial_id"": ""E8"", ""universe"": [""SPY"", ""TLT"", ""GLD""]}",10 bp risky purchases+sales; borrow rf+50.0 bp,results/20261004T003009-2f16c796/E8-double_cost-325ae007de.csv,started,Attempt retained even if process fails,False
E8-double_cost-325ae007de,2026-10-04T00:35:50.964934+00:00,26552dd9c109058ba93a75bb8ba5de1f6a85585b,26552dd9c109058ba93a75bb8ba5de1f6a85585b,e5f957a2b78b4a08cede2183cd59012f73beaffc38f0821d43bb458df08be222:5eb2ada6d8d007969c111064ae6c5de089e8bd61c0156cb49cc98484cea2b5d9,5d1deb3f753fd6c05190bfc8f234e8d267ecdddd7b50f3553c361206aa994703,development+reused_validation,"{""base"": ""equal"", ""borrow_bps"": 50.0, ""cap"": 1.25, ""control"": ""asymmetric"", ""covariance_days"": 126, ""diagnostic"": ""double_cost"", ""family"": ""ensemble"", ""har_train_min"": 504, ""lookback"": 63, ""overlay"": true, ""static_exposure"": null, ""target"": 0.1, ""threshold"": 0.05, ""trial_id"": ""E8"", ""universe"": [""SPY"", ""TLT"", ""GLD""]}",10 bp risky purchases+sales; borrow rf+50.0 bp,results/20261004T003009-2f16c796/E8-double_cost-325ae007de.csv,completed,No OOS retuning; diagnostic not eligible for selection,False
E8-double_cost_base-d8085df5df,2026-10-04T00:35:53.220936+00:00,26552dd9c109058ba93a75bb8ba5de1f6a85585b,26552dd9c109058ba93a75bb8ba5de1f6a85585b,e5f957a2b78b4a08cede2183cd59012f73beaffc38f0821d43bb458df08be222:5eb2ada6d8d007969c111064ae6c5de089e8bd61c0156cb49cc98484cea2b5d9,125e8bd816d6f6e4d4a5eefbb31000a3ec3ca1203745bcd015b37fd6977871ac,development+reused_validation,"{""base"": ""equal"", ""borrow_bps"": 50.0, ""cap"": 1.25, ""control"": ""asymmetric"", ""covariance_days"": 126, ""diagnostic"": ""double_cost_base"", ""family"": ""ensemble"", ""har_train_min"": 504, ""lookback"": 63, ""overlay"": false, ""static_exposure"": null, ""target"": 0.1, ""threshold"": 0.05, ""trial_id"": ""E8"", ""universe"": [""SPY"", ""TLT"", ""GLD""]}",10 bp risky purchases+sales; borrow rf+50.0 bp,results/20261004T003009-2f16c796/E8-double_cost_base-d8085df5df.csv,started,Attempt retained even if process fails,False
E8-double_cost_base-d8085df5df,2026-10-04T00:35:53.220936+00:00,26552dd9c109058ba93a75bb8ba5de1f6a85585b,26552dd9c109058ba93a75bb8ba5de1f6a85585b,e5f957a2b78b4a08cede2183cd59012f73beaffc38f0821d43bb458df08be222:5eb2ada6d8d007969c111064ae6c5de089e8bd61c0156cb49cc98484cea2b5d9,125e8bd816d6f6e4d4a5eefbb31000a3ec3ca1203745bcd015b37fd6977871ac,development+reused_validation,"{""base"": ""equal"", ""borrow_bps"": 50.0, ""cap"": 1.25, ""control"": ""asymmetric"", ""covariance_days"": 126, ""diagnostic"": ""double_cost_base"", ""family"": ""ensemble"", ""har_train_min"": 504, ""lookback"": 63, ""overlay"": false, ""static_exposure"": null, ""target"": 0.1, ""threshold"": 0.05, ""trial_id"": ""E8"", ""universe"": [""SPY"", ""TLT"", ""GLD""]}",10 bp risky purchases+sales; borrow rf+50.0 bp,results/20261004T003009-2f16c796/E8-double_cost_base-d8085df5df.csv,completed,No OOS retuning; diagnostic not eligible for selection,False
E8-target_low-c16380ea39,2026-10-04T00:35:54.977923+00:00,26552dd9c109058ba93a75bb8ba5de1f6a85585b,26552dd9c109058ba93a75bb8ba5de1f6a85585b,e5f957a2b78b4a08cede2183cd59012f73beaffc38f0821d43bb458df08be222:5eb2ada6d8d007969c111064ae6c5de089e8bd61c0156cb49cc98484cea2b5d9,cb7d448efe1b01832defdcbfd2b44a91d2afe9ee493726e1071e95d4bb1a9178,development+reused_validation,"{""base"": ""equal"", ""borrow_bps"": 50.0, ""cap"": 1.25, ""control"": ""asymmetric"", ""covariance_days"": 126, ""diagnostic"": ""target_low"", ""family"": ""ensemble"", ""har_train_min"": 504, ""lookback"": 63, ""overlay"": true, ""static_exposure"": null, ""target"": 0.09000000000000001, ""threshold"": 0.05, ""trial_id"": ""E8"", ""universe"": [""SPY"", ""TLT"", ""GLD""]}",5.0 bp risky purchases+sales; borrow rf+50.0 bp,results/20261004T003009-2f16c796/E8-target_low-c16380ea39.csv,started,Attempt retained even if process fails,False
E8-target_low-c16380ea39,2026-10-04T00:35:54.977923+00:00,26552dd9c109058ba93a75bb8ba5de1f6a85585b,26552dd9c109058ba93a75bb8ba5de1f6a85585b,e5f957a2b78b4a08cede2183cd59012f73beaffc38f0821d43bb458df08be222:5eb2ada6d8d007969c111064ae6c5de089e8bd61c0156cb49cc98484cea2b5d9,cb7d448efe1b01832defdcbfd2b44a91d2afe9ee493726e1071e95d4bb1a9178,development+reused_validation,"{""base"": ""equal"", ""borrow_bps"": 50.0, ""cap"": 1.25, ""control"": ""asymmetric"", ""covariance_days"": 126, ""diagnostic"": ""target_low"", ""family"": ""ensemble"", ""har_train_min"": 504, ""lookback"": 63, ""overlay"": true, ""static_exposure"": null, ""target"": 0.09000000000000001, ""threshold"": 0.05, ""trial_id"": ""E8"", ""universe"": [""SPY"", ""TLT"", ""GLD""]}",5.0 bp risky purchases+sales; borrow rf+50.0 bp,results/20261004T003009-2f16c796/E8-target_low-c16380ea39.csv,completed,No OOS retuning; diagnostic not eligible for selection,False
E8-target_low_base-1cef4637f7,2026-10-04T00:35:57.314467+00:00,26552dd9c109058ba93a75bb8ba5de1f6a85585b,26552dd9c109058ba93a75bb8ba5de1f6a85585b,e5f957a2b78b4a08cede2183cd59012f73beaffc38f0821d43bb458df08be222:5eb2ada6d8d007969c111064ae6c5de089e8bd61c0156cb49cc98484cea2b5d9,8da881a9fc9709c69ec4bcbb2919a83397ecefb2f76b1444a2ab0eca92523c82,development+reused_validation,"{""base"": ""equal"", ""borrow_bps"": 50.0, ""cap"": 1.25, ""control"": ""asymmetric"", ""covariance_days"": 126, ""diagnostic"": ""target_low_base"", ""family"": ""ensemble"", ""har_train_min"": 504, ""lookback"": 63, ""overlay"": false, ""static_exposure"": null, ""target"": 0.09000000000000001, ""threshold"": 0.05, ""trial_id"": ""E8"", ""universe"": [""SPY"", ""TLT"", ""GLD""]}",5.0 bp risky purchases+sales; borrow rf+50.0 bp,results/20261004T003009-2f16c796/E8-target_low_base-1cef4637f7.csv,started,Attempt retained even if process fails,False
E8-target_low_base-1cef4637f7,2026-10-04T00:35:57.314467+00:00,26552dd9c109058ba93a75bb8ba5de1f6a85585b,26552dd9c109058ba93a75bb8ba5de1f6a85585b,e5f957a2b78b4a08cede2183cd59012f73beaffc38f0821d43bb458df08be222:5eb2ada6d8d007969c111064ae6c5de089e8bd61c0156cb49cc98484cea2b5d9,8da881a9fc9709c69ec4bcbb2919a83397ecefb2f76b1444a2ab0eca92523c82,development+reused_validation,"{""base"": ""equal"", ""borrow_bps"": 50.0, ""cap"": 1.25, ""control"": ""asymmetric"", ""covariance_days"": 126, ""diagnostic"": ""target_low_base"", ""family"": ""ensemble"", ""har_train_min"": 504, ""lookback"": 63, ""overlay"": false, ""static_exposure"": null, ""target"": 0.09000000000000001, ""threshold"": 0.05, ""trial_id"": ""E8"", ""universe"": [""SPY"", ""TLT"", ""GLD""]}",5.0 bp risky purchases+sales; borrow rf+50.0 bp,results/20261004T003009-2f16c796/E8-target_low_base-1cef4637f7.csv,completed,No OOS retuning; diagnostic not eligible for selection,False
E8-target_high-c2fb26fb6b,2026-10-04T00:35:58.847755+00:00,26552dd9c109058ba93a75bb8ba5de1f6a85585b,26552dd9c109058ba93a75bb8ba5de1f6a85585b,e5f957a2b78b4a08cede2183cd59012f73beaffc38f0821d43bb458df08be222:5eb2ada6d8d007969c111064ae6c5de089e8bd61c0156cb49cc98484cea2b5d9,3d48f03d284cd4bd1d5f92b77f68426515f78105d8b00e0ce902e381839cc2ac,development+reused_validation,"{""base"": ""equal"", ""borrow_bps"": 50.0, ""cap"": 1.25, ""control"": ""asymmetric"", ""covariance_days"": 126, ""diagnostic"": ""target_high"", ""family"": ""ensemble"", ""har_train_min"": 504, ""lookback"": 63, ""overlay"": true, ""static_exposure"": null, ""target"": 0.11, ""threshold"": 0.05, ""trial_id"": ""E8"", ""universe"": [""SPY"", ""TLT"", ""GLD""]}",5.0 bp risky purchases+sales; borrow rf+50.0 bp,results/20261004T003009-2f16c796/E8-target_high-c2fb26fb6b.csv,started,Attempt retained even if process fails,False
E8-target_high-c2fb26fb6b,2026-10-04T00:35:58.847755+00:00,26552dd9c109058ba93a75bb8ba5de1f6a85585b,26552dd9c109058ba93a75bb8ba5de1f6a85585b,e5f957a2b78b4a08cede2183cd59012f73beaffc38f0821d43bb458df08be222:5eb2ada6d8d007969c111064ae6c5de089e8bd61c0156cb49cc98484cea2b5d9,3d48f03d284cd4bd1d5f92b77f68426515f78105d8b00e0ce902e381839cc2ac,development+reused_validation,"{""base"": ""equal"", ""borrow_bps"": 50.0, ""cap"": 1.25, ""control"": ""asymmetric"", ""covariance_days"": 126, ""diagnostic"": ""target_high"", ""family"": ""ensemble"", ""har_train_min"": 504, ""lookback"": 63, ""overlay"": true, ""static_exposure"": null, ""target"": 0.11, ""threshold"": 0.05, ""trial_id"": ""E8"", ""universe"": [""SPY"", ""TLT"", ""GLD""]}",5.0 bp risky purchases+sales; borrow rf+50.0 bp,results/20261004T003009-2f16c796/E8-target_high-c2fb26fb6b.csv,completed,No OOS retuning; diagnostic not eligible for selection,False
E8-target_high_base-fb401619f6,2026-10-04T00:36:01.090886+00:00,26552dd9c109058ba93a75bb8ba5de1f6a85585b,26552dd9c109058ba93a75bb8ba5de1f6a85585b,e5f957a2b78b4a08cede2183cd59012f73beaffc38f0821d43bb458df08be222:5eb2ada6d8d007969c111064ae6c5de089e8bd61c0156cb49cc98484cea2b5d9,47b480f274039e8f0189ebb2ce815d305ae9c9555f7131f9166b2da39234cf05,development+reused_validation,"{""base"": ""equal"", ""borrow_bps"": 50.0, ""cap"": 1.25, ""control"": ""asymmetric"", ""covariance_days"": 126, ""diagnostic"": ""target_high_base"", ""family"": ""ensemble"", ""har_train_min"": 504, ""lookback"": 63, ""overlay"": false, ""static_exposure"": null, ""target"": 0.11, ""threshold"": 0.05, ""trial_id"": ""E8"", ""universe"": [""SPY"", ""TLT"", ""GLD""]}",5.0 bp risky purchases+sales; borrow rf+50.0 bp,results/20261004T003009-2f16c796/E8-target_high_base-fb401619f6.csv,started,Attempt retained even if process fails,False
E8-target_high_base-fb401619f6,2026-10-04T00:36:01.090886+00:00,26552dd9c109058ba93a75bb8ba5de1f6a85585b,26552dd9c109058ba93a75bb8ba5de1f6a85585b,e5f957a2b78b4a08cede2183cd59012f73beaffc38f0821d43bb458df08be222:5eb2ada6d8d007969c111064ae6c5de089e8bd61c0156cb49cc98484cea2b5d9,47b480f274039e8f0189ebb2ce815d305ae9c9555f7131f9166b2da39234cf05,development+reused_validation,"{""base"": ""equal"", ""borrow_bps"": 50.0, ""cap"": 1.25, ""control"": ""asymmetric"", ""covariance_days"": 126, ""diagnostic"": ""target_high_base"", ""family"": ""ensemble"", ""har_train_min"": 504, ""lookback"": 63, ""overlay"": false, ""static_exposure"": null, ""target"": 0.11, ""threshold"": 0.05, ""trial_id"": ""E8"", ""universe"": [""SPY"", ""TLT"", ""GLD""]}",5.0 bp risky purchases+sales; borrow rf+50.0 bp,results/20261004T003009-2f16c796/E8-target_high_base-fb401619f6.csv,completed,No OOS retuning; diagnostic not eligible for selection,False
E8-lookback_low-b779a2bcac,2026-10-04T00:36:02.623167+00:00,26552dd9c109058ba93a75bb8ba5de1f6a85585b,26552dd9c109058ba93a75bb8ba5de1f6a85585b,e5f957a2b78b4a08cede2183cd59012f73beaffc38f0821d43bb458df08be222:5eb2ada6d8d007969c111064ae6c5de089e8bd61c0156cb49cc98484cea2b5d9,353ce3c82dbacd74c9c86f90843713b4976c270d8d0c0e10c7c00cad5080b4f3,development+reused_validation,"{""base"": ""equal"", ""borrow_bps"": 50.0, ""cap"": 1.25, ""control"": ""asymmetric"", ""covariance_days"": 101, ""diagnostic"": ""lookback_low"", ""family"": ""ensemble"", ""har_train_min"": 403, ""lookback"": 50, ""overlay"": true, ""static_exposure"": null, ""target"": 0.1, ""threshold"": 0.05, ""trial_id"": ""E8"", ""universe"": [""SPY"", ""TLT"", ""GLD""]}",5.0 bp risky purchases+sales; borrow rf+50.0 bp,results/20261004T003009-2f16c796/E8-lookback_low-b779a2bcac.csv,started,Attempt retained even if process fails,False
E8-lookback_low-b779a2bcac,2026-10-04T00:36:02.623167+00:00,26552dd9c109058ba93a75bb8ba5de1f6a85585b,26552dd9c109058ba93a75bb8ba5de1f6a85585b,e5f957a2b78b4a08cede2183cd59012f73beaffc38f0821d43bb458df08be222:5eb2ada6d8d007969c111064ae6c5de089e8bd61c0156cb49cc98484cea2b5d9,353ce3c82dbacd74c9c86f90843713b4976c270d8d0c0e10c7c00cad5080b4f3,development+reused_validation,"{""base"": ""equal"", ""borrow_bps"": 50.0, ""cap"": 1.25, ""control"": ""asymmetric"", ""covariance_days"": 101, ""diagnostic"": ""lookback_low"", ""family"": ""ensemble"", ""har_train_min"": 403, ""lookback"": 50, ""overlay"": true, ""static_exposure"": null, ""target"": 0.1, ""threshold"": 0.05, ""trial_id"": ""E8"", ""universe"": [""SPY"", ""TLT"", ""GLD""]}",5.0 bp risky purchases+sales; borrow rf+50.0 bp,results/20261004T003009-2f16c796/E8-lookback_low-b779a2bcac.csv,completed,No OOS retuning; diagnostic not eligible for selection,False
E8-lookback_low_base-cab6ce1f4b,2026-10-04T00:36:04.883269+00:00,26552dd9c109058ba93a75bb8ba5de1f6a85585b,26552dd9c109058ba93a75bb8ba5de1f6a85585b,e5f957a2b78b4a08cede2183cd59012f73beaffc38f0821d43bb458df08be222:5eb2ada6d8d007969c111064ae6c5de089e8bd61c0156cb49cc98484cea2b5d9,ee7d050c7261dfde13426efb4930d926dbecffb4613d66fb8b934f98e0f4c7c9,development+reused_validation,"{""base"": ""equal"", ""borrow_bps"": 50.0, ""cap"": 1.25, ""control"": ""asymmetric"", ""covariance_days"": 101, ""diagnostic"": ""lookback_low_base"", ""family"": ""ensemble"", ""har_train_min"": 403, ""lookback"": 50, ""overlay"": false, ""static_exposure"": null, ""target"": 0.1, ""threshold"": 0.05, ""trial_id"": ""E8"", ""universe"": [""SPY"", ""TLT"", ""GLD""]}",5.0 bp risky purchases+sales; borrow rf+50.0 bp,results/20261004T003009-2f16c796/E8-lookback_low_base-cab6ce1f4b.csv,started,Attempt retained even if process fails,False
E8-lookback_low_base-cab6ce1f4b,2026-10-04T00:36:04.883269+00:00,26552dd9c109058ba93a75bb8ba5de1f6a85585b,26552dd9c109058ba93a75bb8ba5de1f6a85585b,e5f957a2b78b4a08cede2183cd59012f73beaffc38f0821d43bb458df08be222:5eb2ada6d8d007969c111064ae6c5de089e8bd61c0156cb49cc98484cea2b5d9,ee7d050c7261dfde13426efb4930d926dbecffb4613d66fb8b934f98e0f4c7c9,development+reused_validation,"{""base"": ""equal"", ""borrow_bps"": 50.0, ""cap"": 1.25, ""control"": ""asymmetric"", ""covariance_days"": 101, ""diagnostic"": ""lookback_low_base"", ""family"": ""ensemble"", ""har_train_min"": 403, ""lookback"": 50, ""overlay"": false, ""static_exposure"": null, ""target"": 0.1, ""threshold"": 0.05, ""trial_id"": ""E8"", ""universe"": [""SPY"", ""TLT"", ""GLD""]}",5.0 bp risky purchases+sales; borrow rf+50.0 bp,results/20261004T003009-2f16c796/E8-lookback_low_base-cab6ce1f4b.csv,completed,No OOS retuning; diagnostic not eligible for selection,False
E8-lookback_high-46a2f19f4f,2026-10-04T00:36:06.370969+00:00,26552dd9c109058ba93a75bb8ba5de1f6a85585b,26552dd9c109058ba93a75bb8ba5de1f6a85585b,e5f957a2b78b4a08cede2183cd59012f73beaffc38f0821d43bb458df08be222:5eb2ada6d8d007969c111064ae6c5de089e8bd61c0156cb49cc98484cea2b5d9,35961e21ace6c6c939f7c340c307fa0cccd01ed409181dcb1a520bba94b9e0b0,development+reused_validation,"{""base"": ""equal"", ""borrow_bps"": 50.0, ""cap"": 1.25, ""control"": ""asymmetric"", ""covariance_days"": 151, ""diagnostic"": ""lookback_high"", ""family"": ""ensemble"", ""har_train_min"": 605, ""lookback"": 76, ""overlay"": true, ""static_exposure"": null, ""target"": 0.1, ""threshold"": 0.05, ""trial_id"": ""E8"", ""universe"": [""SPY"", ""TLT"", ""GLD""]}",5.0 bp risky purchases+sales; borrow rf+50.0 bp,results/20261004T003009-2f16c796/E8-lookback_high-46a2f19f4f.csv,started,Attempt retained even if process fails,False
E8-lookback_high-46a2f19f4f,2026-10-04T00:36:06.370969+00:00,26552dd9c109058ba93a75bb8ba5de1f6a85585b,26552dd9c109058ba93a75bb8ba5de1f6a85585b,e5f957a2b78b4a08cede2183cd59012f73beaffc38f0821d43bb458df08be222:5eb2ada6d8d007969c111064ae6c5de089e8bd61c0156cb49cc98484cea2b5d9,35961e21ace6c6c939f7c340c307fa0cccd01ed409181dcb1a520bba94b9e0b0,development+reused_validation,"{""base"": ""equal"", ""borrow_bps"": 50.0, ""cap"": 1.25, ""control"": ""asymmetric"", ""covariance_days"": 151, ""diagnostic"": ""lookback_high"", ""family"": ""ensemble"", ""har_train_min"": 605, ""lookback"": 76, ""overlay"": true, ""static_exposure"": null, ""target"": 0.1, ""threshold"": 0.05, ""trial_id"": ""E8"", ""universe"": [""SPY"", ""TLT"", ""GLD""]}",5.0 bp risky purchases+sales; borrow rf+50.0 bp,results/20261004T003009-2f16c796/E8-lookback_high-46a2f19f4f.csv,completed,No OOS retuning; diagnostic not eligible for selection,False
E8-lookback_high_base-f8c58be168,2026-10-04T00:36:08.623459+00:00,26552dd9c109058ba93a75bb8ba5de1f6a85585b,26552dd9c109058ba93a75bb8ba5de1f6a85585b,e5f957a2b78b4a08cede2183cd59012f73beaffc38f0821d43bb458df08be222:5eb2ada6d8d007969c111064ae6c5de089e8bd61c0156cb49cc98484cea2b5d9,03cea3db6755e5bbc24b9d973a18814dd35b956cdd0ce756ba28d27f9eba4644,development+reused_validation,"{""base"": ""equal"", ""borrow_bps"": 50.0, ""cap"": 1.25, ""control"": ""asymmetric"", ""covariance_days"": 151, ""diagnostic"": ""lookback_high_base"", ""family"": ""ensemble"", ""har_train_min"": 605, ""lookback"": 76, ""overlay"": false, ""static_exposure"": null, ""target"": 0.1, ""threshold"": 0.05, ""trial_id"": ""E8"", ""universe"": [""SPY"", ""TLT"", ""GLD""]}",5.0 bp risky purchases+sales; borrow rf+50.0 bp,results/20261004T003009-2f16c796/E8-lookback_high_base-f8c58be168.csv,started,Attempt retained even if process fails,False
E8-lookback_high_base-f8c58be168,2026-10-04T00:36:08.623459+00:00,26552dd9c109058ba93a75bb8ba5de1f6a85585b,26552dd9c109058ba93a75bb8ba5de1f6a85585b,e5f957a2b78b4a08cede2183cd59012f73beaffc38f0821d43bb458df08be222:5eb2ada6d8d007969c111064ae6c5de089e8bd61c0156cb49cc98484cea2b5d9,03cea3db6755e5bbc24b9d973a18814dd35b956cdd0ce756ba28d27f9eba4644,development+reused_validation,"{""base"": ""equal"", ""borrow_bps"": 50.0, ""cap"": 1.25, ""control"": ""asymmetric"", ""covariance_days"": 151, ""diagnostic"": ""lookback_high_base"", ""family"": ""ensemble"", ""har_train_min"": 605, ""lookback"": 76, ""overlay"": false, ""static_exposure"": null, ""target"": 0.1, ""threshold"": 0.05, ""trial_id"": ""E8"", ""universe"": [""SPY"", ""TLT"", ""GLD""]}",5.0 bp risky purchases+sales; borrow rf+50.0 bp,results/20261004T003009-2f16c796/E8-lookback_high_base-f8c58be168.csv,completed,No OOS retuning; diagnostic not eligible for selection,False
E8-trigger_low-766497b671,2026-10-04T00:36:10.113922+00:00,26552dd9c109058ba93a75bb8ba5de1f6a85585b,26552dd9c109058ba93a75bb8ba5de1f6a85585b,e5f957a2b78b4a08cede2183cd59012f73beaffc38f0821d43bb458df08be222:5eb2ada6d8d007969c111064ae6c5de089e8bd61c0156cb49cc98484cea2b5d9,eb810b74a7f52a8d53cd79d252f0fc0bd77c175b79cdda79baa96c5d5bbeb499,development+reused_validation,"{""base"": ""equal"", ""borrow_bps"": 50.0, ""cap"": 1.25, ""control"": ""asymmetric"", ""covariance_days"": 126, ""diagnostic"": ""trigger_low"", ""family"": ""ensemble"", ""har_train_min"": 504, ""lookback"": 63, ""overlay"": true, ""static_exposure"": null, ""target"": 0.1, ""threshold"": 0.04, ""trial_id"": ""E8"", ""universe"": [""SPY"", ""TLT"", ""GLD""]}",5.0 bp risky purchases+sales; borrow rf+50.0 bp,results/20261004T003009-2f16c796/E8-trigger_low-766497b671.csv,started,Attempt retained even if process fails,False
E8-trigger_low-766497b671,2026-10-04T00:36:10.113922+00:00,26552dd9c109058ba93a75bb8ba5de1f6a85585b,26552dd9c109058ba93a75bb8ba5de1f6a85585b,e5f957a2b78b4a08cede2183cd59012f73beaffc38f0821d43bb458df08be222:5eb2ada6d8d007969c111064ae6c5de089e8bd61c0156cb49cc98484cea2b5d9,eb810b74a7f52a8d53cd79d252f0fc0bd77c175b79cdda79baa96c5d5bbeb499,development+reused_validation,"{""base"": ""equal"", ""borrow_bps"": 50.0, ""cap"": 1.25, ""control"": ""asymmetric"", ""covariance_days"": 126, ""diagnostic"": ""trigger_low"", ""family"": ""ensemble"", ""har_train_min"": 504, ""lookback"": 63, ""overlay"": true, ""static_exposure"": null, ""target"": 0.1, ""threshold"": 0.04, ""trial_id"": ""E8"", ""universe"": [""SPY"", ""TLT"", ""GLD""]}",5.0 bp risky purchases+sales; borrow rf+50.0 bp,results/20261004T003009-2f16c796/E8-trigger_low-766497b671.csv,completed,No OOS retuning; diagnostic not eligible for selection,False
E8-trigger_low_base-1cc39cad4e,2026-10-04T00:36:12.398064+00:00,26552dd9c109058ba93a75bb8ba5de1f6a85585b,26552dd9c109058ba93a75bb8ba5de1f6a85585b,e5f957a2b78b4a08cede2183cd59012f73beaffc38f0821d43bb458df08be222:5eb2ada6d8d007969c111064ae6c5de089e8bd61c0156cb49cc98484cea2b5d9,894296526ca3abc8b1035c94d423b1efb47d034d515342ff59d741a63e7c1cc0,development+reused_validation,"{""base"": ""equal"", ""borrow_bps"": 50.0, ""cap"": 1.25, ""control"": ""asymmetric"", ""covariance_days"": 126, ""diagnostic"": ""trigger_low_base"", ""family"": ""ensemble"", ""har_train_min"": 504, ""lookback"": 63, ""overlay"": false, ""static_exposure"": null, ""target"": 0.1, ""threshold"": 0.04, ""trial_id"": ""E8"", ""universe"": [""SPY"", ""TLT"", ""GLD""]}",5.0 bp risky purchases+sales; borrow rf+50.0 bp,results/20261004T003009-2f16c796/E8-trigger_low_base-1cc39cad4e.csv,started,Attempt retained even if process fails,False
E8-trigger_low_base-1cc39cad4e,2026-10-04T00:36:12.398064+00:00,26552dd9c109058ba93a75bb8ba5de1f6a85585b,26552dd9c109058ba93a75bb8ba5de1f6a85585b,e5f957a2b78b4a08cede2183cd59012f73beaffc38f0821d43bb458df08be222:5eb2ada6d8d007969c111064ae6c5de089e8bd61c0156cb49cc98484cea2b5d9,894296526ca3abc8b1035c94d423b1efb47d034d515342ff59d741a63e7c1cc0,development+reused_validation,"{""base"": ""equal"", ""borrow_bps"": 50.0, ""cap"": 1.25, ""control"": ""asymmetric"", ""covariance_days"": 126, ""diagnostic"": ""trigger_low_base"", ""family"": ""ensemble"", ""har_train_min"": 504, ""lookback"": 63, ""overlay"": false, ""static_exposure"": null, ""target"": 0.1, ""threshold"": 0.04, ""trial_id"": ""E8"", ""universe"": [""SPY"", ""TLT"", ""GLD""]}",5.0 bp risky purchases+sales; borrow rf+50.0 bp,results/20261004T003009-2f16c796/E8-trigger_low_base-1cc39cad4e.csv,completed,No OOS retuning; diagnostic not eligible for selection,False
E8-trigger_high-90f920997d,2026-10-04T00:36:13.878899+00:00,26552dd9c109058ba93a75bb8ba5de1f6a85585b,26552dd9c109058ba93a75bb8ba5de1f6a85585b,e5f957a2b78b4a08cede2183cd59012f73beaffc38f0821d43bb458df08be222:5eb2ada6d8d007969c111064ae6c5de089e8bd61c0156cb49cc98484cea2b5d9,e5820f860cdc7eb7b651a91a6b77eca24933b66a1daf8757f5bd1814d59b5ef2,development+reused_validation,"{""base"": ""equal"", ""borrow_bps"": 50.0, ""cap"": 1.25, ""control"": ""asymmetric"", ""covariance_days"": 126, ""diagnostic"": ""trigger_high"", ""family"": ""ensemble"", ""har_train_min"": 504, ""lookback"": 63, ""overlay"": true, ""static_exposure"": null, ""target"": 0.1, ""threshold"": 0.06, ""trial_id"": ""E8"", ""universe"": [""SPY"", ""TLT"", ""GLD""]}",5.0 bp risky purchases+sales; borrow rf+50.0 bp,results/20261004T003009-2f16c796/E8-trigger_high-90f920997d.csv,started,Attempt retained even if process fails,False
E8-trigger_high-90f920997d,2026-10-04T00:36:13.878899+00:00,26552dd9c109058ba93a75bb8ba5de1f6a85585b,26552dd9c109058ba93a75bb8ba5de1f6a85585b,e5f957a2b78b4a08cede2183cd59012f73beaffc38f0821d43bb458df08be222:5eb2ada6d8d007969c111064ae6c5de089e8bd61c0156cb49cc98484cea2b5d9,e5820f860cdc7eb7b651a91a6b77eca24933b66a1daf8757f5bd1814d59b5ef2,development+reused_validation,"{""base"": ""equal"", ""borrow_bps"": 50.0, ""cap"": 1.25, ""control"": ""asymmetric"", ""covariance_days"": 126, ""diagnostic"": ""trigger_high"", ""family"": ""ensemble"", ""har_train_min"": 504, ""lookback"": 63, ""overlay"": true, ""static_exposure"": null, ""target"": 0.1, ""threshold"": 0.06, ""trial_id"": ""E8"", ""universe"": [""SPY"", ""TLT"", ""GLD""]}",5.0 bp risky purchases+sales; borrow rf+50.0 bp,results/20261004T003009-2f16c796/E8-trigger_high-90f920997d.csv,completed,No OOS retuning; diagnostic not eligible for selection,False
E8-trigger_high_base-0c29a56556,2026-10-04T00:36:16.136156+00:00,26552dd9c109058ba93a75bb8ba5de1f6a85585b,26552dd9c109058ba93a75bb8ba5de1f6a85585b,e5f957a2b78b4a08cede2183cd59012f73beaffc38f0821d43bb458df08be222:5eb2ada6d8d007969c111064ae6c5de089e8bd61c0156cb49cc98484cea2b5d9,0e8a896a27b5893e04504719e4b1c935967a4192d3b72622221577fbd32cc240,development+reused_validation,"{""base"": ""equal"", ""borrow_bps"": 50.0, ""cap"": 1.25, ""control"": ""asymmetric"", ""covariance_days"": 126, ""diagnostic"": ""trigger_high_base"", ""family"": ""ensemble"", ""har_train_min"": 504, ""lookback"": 63, ""overlay"": false, ""static_exposure"": null, ""target"": 0.1, ""threshold"": 0.06, ""trial_id"": ""E8"", ""universe"": [""SPY"", ""TLT"", ""GLD""]}",5.0 bp risky purchases+sales; borrow rf+50.0 bp,results/20261004T003009-2f16c796/E8-trigger_high_base-0c29a56556.csv,started,Attempt retained even if process fails,False
E8-trigger_high_base-0c29a56556,2026-10-04T00:36:16.136156+00:00,26552dd9c109058ba93a75bb8ba5de1f6a85585b,26552dd9c109058ba93a75bb8ba5de1f6a85585b,e5f957a2b78b4a08cede2183cd59012f73beaffc38f0821d43bb458df08be222:5eb2ada6d8d007969c111064ae6c5de089e8bd61c0156cb49cc98484cea2b5d9,0e8a896a27b5893e04504719e4b1c935967a4192d3b72622221577fbd32cc240,development+reused_validation,"{""base"": ""equal"", ""borrow_bps"": 50.0, ""cap"": 1.25, ""control"": ""asymmetric"", ""covariance_days"": 126, ""diagnostic"": ""trigger_high_base"", ""family"": ""ensemble"", ""har_train_min"": 504, ""lookback"": 63, ""overlay"": false, ""static_exposure"": null, ""target"": 0.1, ""threshold"": 0.06, ""trial_id"": ""E8"", ""universe"": [""SPY"", ""TLT"", ""GLD""]}",5.0 bp risky purchases+sales; borrow rf+50.0 bp,results/20261004T003009-2f16c796/E8-trigger_high_base-0c29a56556.csv,completed,No OOS retuning; diagnostic not eligible for selection,False
E7-cost_0-b28b619844,2026-10-04T00:36:19.720405+00:00,26552dd9c109058ba93a75bb8ba5de1f6a85585b,26552dd9c109058ba93a75bb8ba5de1f6a85585b,e5f957a2b78b4a08cede2183cd59012f73beaffc38f0821d43bb458df08be222:5eb2ada6d8d007969c111064ae6c5de089e8bd61c0156cb49cc98484cea2b5d9,fde86d9a18ef8c73e4d0f04c7805ac6c24b6fbbc7ac59310ca6d4c77f0f85df4,development+reused_validation,"{""base"": ""equal"", ""borrow_bps"": 50.0, ""cap"": 1.0, ""control"": ""asymmetric"", ""covariance_days"": 126, ""diagnostic"": ""cost_0"", ""family"": ""ensemble"", ""har_train_min"": 504, ""lookback"": 63, ""overlay"": true, ""static_exposure"": null, ""target"": 0.1, ""threshold"": 0.05, ""trial_id"": ""E7"", ""universe"": [""SPY"", ""TLT"", ""GLD""]}",0 bp risky purchases+sales; borrow rf+50.0 bp,results/20261004T003009-2f16c796/E7-cost_0-b28b619844.csv,started,Attempt retained even if process fails,False
E7-cost_0-b28b619844,2026-10-04T00:36:19.720405+00:00,26552dd9c109058ba93a75bb8ba5de1f6a85585b,26552dd9c109058ba93a75bb8ba5de1f6a85585b,e5f957a2b78b4a08cede2183cd59012f73beaffc38f0821d43bb458df08be222:5eb2ada6d8d007969c111064ae6c5de089e8bd61c0156cb49cc98484cea2b5d9,fde86d9a18ef8c73e4d0f04c7805ac6c24b6fbbc7ac59310ca6d4c77f0f85df4,development+reused_validation,"{""base"": ""equal"", ""borrow_bps"": 50.0, ""cap"": 1.0, ""control"": ""asymmetric"", ""covariance_days"": 126, ""diagnostic"": ""cost_0"", ""family"": ""ensemble"", ""har_train_min"": 504, ""lookback"": 63, ""overlay"": true, ""static_exposure"": null, ""target"": 0.1, ""threshold"": 0.05, ""trial_id"": ""E7"", ""universe"": [""SPY"", ""TLT"", ""GLD""]}",0 bp risky purchases+sales; borrow rf+50.0 bp,results/20261004T003009-2f16c796/E7-cost_0-b28b619844.csv,completed,No OOS retuning; diagnostic not eligible for selection,False
E7-cost_2-1f18bb5572,2026-10-04T00:36:21.223832+00:00,26552dd9c109058ba93a75bb8ba5de1f6a85585b,26552dd9c109058ba93a75bb8ba5de1f6a85585b,e5f957a2b78b4a08cede2183cd59012f73beaffc38f0821d43bb458df08be222:5eb2ada6d8d007969c111064ae6c5de089e8bd61c0156cb49cc98484cea2b5d9,cd01bf332e0baf7741f5df449cd1569e284108f77ed26c260a6e7363a254d7a0,development+reused_validation,"{""base"": ""equal"", ""borrow_bps"": 50.0, ""cap"": 1.0, ""control"": ""asymmetric"", ""covariance_days"": 126, ""diagnostic"": ""cost_2"", ""family"": ""ensemble"", ""har_train_min"": 504, ""lookback"": 63, ""overlay"": true, ""static_exposure"": null, ""target"": 0.1, ""threshold"": 0.05, ""trial_id"": ""E7"", ""universe"": [""SPY"", ""TLT"", ""GLD""]}",2 bp risky purchases+sales; borrow rf+50.0 bp,results/20261004T003009-2f16c796/E7-cost_2-1f18bb5572.csv,started,Attempt retained even if process fails,False
E7-cost_2-1f18bb5572,2026-10-04T00:36:21.223832+00:00,26552dd9c109058ba93a75bb8ba5de1f6a85585b,26552dd9c109058ba93a75bb8ba5de1f6a85585b,e5f957a2b78b4a08cede2183cd59012f73beaffc38f0821d43bb458df08be222:5eb2ada6d8d007969c111064ae6c5de089e8bd61c0156cb49cc98484cea2b5d9,cd01bf332e0baf7741f5df449cd1569e284108f77ed26c260a6e7363a254d7a0,development+reused_validation,"{""base"": ""equal"", ""borrow_bps"": 50.0, ""cap"": 1.0, ""control"": ""asymmetric"", ""covariance_days"": 126, ""diagnostic"": ""cost_2"", ""family"": ""ensemble"", ""har_train_min"": 504, ""lookback"": 63, ""overlay"": true, ""static_exposure"": null, ""target"": 0.1, ""threshold"": 0.05, ""trial_id"": ""E7"", ""universe"": [""SPY"", ""TLT"", ""GLD""]}",2 bp risky purchases+sales; borrow rf+50.0 bp,results/20261004T003009-2f16c796/E7-cost_2-1f18bb5572.csv,completed,No OOS retuning; diagnostic not eligible for selection,False
E7-cost_5-d0f949bb17,2026-10-04T00:36:22.744437+00:00,26552dd9c109058ba93a75bb8ba5de1f6a85585b,26552dd9c109058ba93a75bb8ba5de1f6a85585b,e5f957a2b78b4a08cede2183cd59012f73beaffc38f0821d43bb458df08be222:5eb2ada6d8d007969c111064ae6c5de089e8bd61c0156cb49cc98484cea2b5d9,3e2763952e7fa951000e9fd3c40861a944f8343ae664b989902a6b43fa4add68,development+reused_validation,"{""base"": ""equal"", ""borrow_bps"": 50.0, ""cap"": 1.0, ""control"": ""asymmetric"", ""covariance_days"": 126, ""diagnostic"": ""cost_5"", ""family"": ""ensemble"", ""har_train_min"": 504, ""lookback"": 63, ""overlay"": true, ""static_exposure"": null, ""target"": 0.1, ""threshold"": 0.05, ""trial_id"": ""E7"", ""universe"": [""SPY"", ""TLT"", ""GLD""]}",5 bp risky purchases+sales; borrow rf+50.0 bp,results/20261004T003009-2f16c796/E7-cost_5-d0f949bb17.csv,started,Attempt retained even if process fails,False
E7-cost_5-d0f949bb17,2026-10-04T00:36:22.744437+00:00,26552dd9c109058ba93a75bb8ba5de1f6a85585b,26552dd9c109058ba93a75bb8ba5de1f6a85585b,e5f957a2b78b4a08cede2183cd59012f73beaffc38f0821d43bb458df08be222:5eb2ada6d8d007969c111064ae6c5de089e8bd61c0156cb49cc98484cea2b5d9,3e2763952e7fa951000e9fd3c40861a944f8343ae664b989902a6b43fa4add68,development+reused_validation,"{""base"": ""equal"", ""borrow_bps"": 50.0, ""cap"": 1.0, ""control"": ""asymmetric"", ""covariance_days"": 126, ""diagnostic"": ""cost_5"", ""family"": ""ensemble"", ""har_train_min"": 504, ""lookback"": 63, ""overlay"": true, ""static_exposure"": null, ""target"": 0.1, ""threshold"": 0.05, ""trial_id"": ""E7"", ""universe"": [""SPY"", ""TLT"", ""GLD""]}",5 bp risky purchases+sales; borrow rf+50.0 bp,results/20261004T003009-2f16c796/E7-cost_5-d0f949bb17.csv,completed,No OOS retuning; diagnostic not eligible for selection,False
E7-cost_10-1399807865,2026-10-04T00:36:24.293320+00:00,26552dd9c109058ba93a75bb8ba5de1f6a85585b,26552dd9c109058ba93a75bb8ba5de1f6a85585b,e5f957a2b78b4a08cede2183cd59012f73beaffc38f0821d43bb458df08be222:5eb2ada6d8d007969c111064ae6c5de089e8bd61c0156cb49cc98484cea2b5d9,1d99385221dcc2dac3066e8e27c9a5a50d939fe017e185f4a62d4d12e6a9ae01,development+reused_validation,"{""base"": ""equal"", ""borrow_bps"": 50.0, ""cap"": 1.0, ""control"": ""asymmetric"", ""covariance_days"": 126, ""diagnostic"": ""cost_10"", ""family"": ""ensemble"", ""har_train_min"": 504, ""lookback"": 63, ""overlay"": true, ""static_exposure"": null, ""target"": 0.1, ""threshold"": 0.05, ""trial_id"": ""E7"", ""universe"": [""SPY"", ""TLT"", ""GLD""]}",10 bp risky purchases+sales; borrow rf+50.0 bp,results/20261004T003009-2f16c796/E7-cost_10-1399807865.csv,started,Attempt retained even if process fails,False
E7-cost_10-1399807865,2026-10-04T00:36:24.293320+00:00,26552dd9c109058ba93a75bb8ba5de1f6a85585b,26552dd9c109058ba93a75bb8ba5de1f6a85585b,e5f957a2b78b4a08cede2183cd59012f73beaffc38f0821d43bb458df08be222:5eb2ada6d8d007969c111064ae6c5de089e8bd61c0156cb49cc98484cea2b5d9,1d99385221dcc2dac3066e8e27c9a5a50d939fe017e185f4a62d4d12e6a9ae01,development+reused_validation,"{""base"": ""equal"", ""borrow_bps"": 50.0, ""cap"": 1.0, ""control"": ""asymmetric"", ""covariance_days"": 126, ""diagnostic"": ""cost_10"", ""family"": ""ensemble"", ""har_train_min"": 504, ""lookback"": 63, ""overlay"": true, ""static_exposure"": null, ""target"": 0.1, ""threshold"": 0.05, ""trial_id"": ""E7"", ""universe"": [""SPY"", ""TLT"", ""GLD""]}",10 bp risky purchases+sales; borrow rf+50.0 bp,results/20261004T003009-2f16c796/E7-cost_10-1399807865.csv,completed,No OOS retuning; diagnostic not eligible for selection,False
E7-static_equivalent-536acc992c,2026-10-04T00:36:25.840668+00:00,26552dd9c109058ba93a75bb8ba5de1f6a85585b,26552dd9c109058ba93a75bb8ba5de1f6a85585b,e5f957a2b78b4a08cede2183cd59012f73beaffc38f0821d43bb458df08be222:5eb2ada6d8d007969c111064ae6c5de089e8bd61c0156cb49cc98484cea2b5d9,891a522f87f47752e476cffd8b07003406c4d199b47cd1060027a87d36d30a3e,development+reused_validation,"{""base"": ""equal"", ""borrow_bps"": 50.0, ""cap"": 1.0, ""control"": ""asymmetric"", ""covariance_days"": 126, ""diagnostic"": ""static_equivalent"", ""family"": ""ensemble"", ""har_train_min"": 504, ""lookback"": 63, ""overlay"": true, ""static_exposure"": 0.9112911171279586, ""target"": 0.1, ""threshold"": 0.05, ""trial_id"": ""E7"", ""universe"": [""SPY"", ""TLT"", ""GLD""]}",5.0 bp risky purchases+sales; borrow rf+50.0 bp,results/20261004T003009-2f16c796/E7-static_equivalent-536acc992c.csv,started,Attempt retained even if process fails,False
E7-static_equivalent-536acc992c,2026-10-04T00:36:25.840668+00:00,26552dd9c109058ba93a75bb8ba5de1f6a85585b,26552dd9c109058ba93a75bb8ba5de1f6a85585b,e5f957a2b78b4a08cede2183cd59012f73beaffc38f0821d43bb458df08be222:5eb2ada6d8d007969c111064ae6c5de089e8bd61c0156cb49cc98484cea2b5d9,891a522f87f47752e476cffd8b07003406c4d199b47cd1060027a87d36d30a3e,development+reused_validation,"{""base"": ""equal"", ""borrow_bps"": 50.0, ""cap"": 1.0, ""control"": ""asymmetric"", ""covariance_days"": 126, ""diagnostic"": ""static_equivalent"", ""family"": ""ensemble"", ""har_train_min"": 504, ""lookback"": 63, ""overlay"": true, ""static_exposure"": 0.9112911171279586, ""target"": 0.1, ""threshold"": 0.05, ""trial_id"": ""E7"", ""universe"": [""SPY"", ""TLT"", ""GLD""]}",5.0 bp risky purchases+sales; borrow rf+50.0 bp,results/20261004T003009-2f16c796/E7-static_equivalent-536acc992c.csv,completed,No OOS retuning; diagnostic not eligible for selection,False
E7-static_equivalent-7b829f5e81,2026-10-04T00:36:28.055458+00:00,26552dd9c109058ba93a75bb8ba5de1f6a85585b,26552dd9c109058ba93a75bb8ba5de1f6a85585b,e5f957a2b78b4a08cede2183cd59012f73beaffc38f0821d43bb458df08be222:5eb2ada6d8d007969c111064ae6c5de089e8bd61c0156cb49cc98484cea2b5d9,891a522f87f47752e476cffd8b07003406c4d199b47cd1060027a87d36d30a3e,development+reused_validation,"{""base"": ""equal"", ""borrow_bps"": 50.0, ""cap"": 1.0, ""control"": ""asymmetric"", ""covariance_days"": 126, ""diagnostic"": ""static_equivalent"", ""family"": ""ensemble"", ""har_train_min"": 504, ""lookback"": 63, ""overlay"": true, ""static_exposure"": 0.9112911171279586, ""target"": 0.1, ""threshold"": 0.05, ""trial_id"": ""E7"", ""universe"": [""SPY"", ""TLT"", ""GLD""]}",5.0 bp risky purchases+sales; borrow rf+50.0 bp,results/20261004T003009-2f16c796/E7-static_equivalent-7b829f5e81.csv,started,Attempt retained even if process fails,False
E7-static_equivalent-7b829f5e81,2026-10-04T00:36:28.055458+00:00,26552dd9c109058ba93a75bb8ba5de1f6a85585b,26552dd9c109058ba93a75bb8ba5de1f6a85585b,e5f957a2b78b4a08cede2183cd59012f73beaffc38f0821d43bb458df08be222:5eb2ada6d8d007969c111064ae6c5de089e8bd61c0156cb49cc98484cea2b5d9,891a522f87f47752e476cffd8b07003406c4d199b47cd1060027a87d36d30a3e,development+reused_validation,"{""base"": ""equal"", ""borrow_bps"": 50.0, ""cap"": 1.0, ""control"": ""asymmetric"", ""covariance_days"": 126, ""diagnostic"": ""static_equivalent"", ""family"": ""ensemble"", ""har_train_min"": 504, ""lookback"": 63, ""overlay"": true, ""static_exposure"": 0.9112911171279586, ""target"": 0.1, ""threshold"": 0.05, ""trial_id"": ""E7"", ""universe"": [""SPY"", ""TLT"", ""GLD""]}",5.0 bp risky purchases+sales; borrow rf+50.0 bp,results/20261004T003009-2f16c796/E7-static_equivalent-7b829f5e81.csv,completed,No OOS retuning; diagnostic not eligible for selection,False
E7-cost_0-40b61e13c7,2026-10-04T00:36:33.057174+00:00,26552dd9c109058ba93a75bb8ba5de1f6a85585b,26552dd9c109058ba93a75bb8ba5de1f6a85585b,e5f957a2b78b4a08cede2183cd59012f73beaffc38f0821d43bb458df08be222:5eb2ada6d8d007969c111064ae6c5de089e8bd61c0156cb49cc98484cea2b5d9,fde86d9a18ef8c73e4d0f04c7805ac6c24b6fbbc7ac59310ca6d4c77f0f85df4,development+reused_validation,"{""base"": ""equal"", ""borrow_bps"": 50.0, ""cap"": 1.0, ""control"": ""asymmetric"", ""covariance_days"": 126, ""diagnostic"": ""cost_0"", ""family"": ""ensemble"", ""har_train_min"": 504, ""lookback"": 63, ""overlay"": true, ""static_exposure"": null, ""target"": 0.1, ""threshold"": 0.05, ""trial_id"": ""E7"", ""universe"": [""SPY"", ""TLT"", ""GLD""]}",0 bp risky purchases+sales; borrow rf+50.0 bp,results/20261004T003009-2f16c796/E7-cost_0-40b61e13c7.csv,started,Attempt retained even if process fails,False
E7-cost_0-40b61e13c7,2026-10-04T00:36:33.057174+00:00,26552dd9c109058ba93a75bb8ba5de1f6a85585b,26552dd9c109058ba93a75bb8ba5de1f6a85585b,e5f957a2b78b4a08cede2183cd59012f73beaffc38f0821d43bb458df08be222:5eb2ada6d8d007969c111064ae6c5de089e8bd61c0156cb49cc98484cea2b5d9,fde86d9a18ef8c73e4d0f04c7805ac6c24b6fbbc7ac59310ca6d4c77f0f85df4,development+reused_validation,"{""base"": ""equal"", ""borrow_bps"": 50.0, ""cap"": 1.0, ""control"": ""asymmetric"", ""covariance_days"": 126, ""diagnostic"": ""cost_0"", ""family"": ""ensemble"", ""har_train_min"": 504, ""lookback"": 63, ""overlay"": true, ""static_exposure"": null, ""target"": 0.1, ""threshold"": 0.05, ""trial_id"": ""E7"", ""universe"": [""SPY"", ""TLT"", ""GLD""]}",0 bp risky purchases+sales; borrow rf+50.0 bp,results/20261004T003009-2f16c796/E7-cost_0-40b61e13c7.csv,completed,No OOS retuning; diagnostic not eligible for selection,False
E7-cost_2-016cfc8ec2,2026-10-04T00:36:34.566097+00:00,26552dd9c109058ba93a75bb8ba5de1f6a85585b,26552dd9c109058ba93a75bb8ba5de1f6a85585b,e5f957a2b78b4a08cede2183cd59012f73beaffc38f0821d43bb458df08be222:5eb2ada6d8d007969c111064ae6c5de089e8bd61c0156cb49cc98484cea2b5d9,cd01bf332e0baf7741f5df449cd1569e284108f77ed26c260a6e7363a254d7a0,development+reused_validation,"{""base"": ""equal"", ""borrow_bps"": 50.0, ""cap"": 1.0, ""control"": ""asymmetric"", ""covariance_days"": 126, ""diagnostic"": ""cost_2"", ""family"": ""ensemble"", ""har_train_min"": 504, ""lookback"": 63, ""overlay"": true, ""static_exposure"": null, ""target"": 0.1, ""threshold"": 0.05, ""trial_id"": ""E7"", ""universe"": [""SPY"", ""TLT"", ""GLD""]}",2 bp risky purchases+sales; borrow rf+50.0 bp,results/20261004T003009-2f16c796/E7-cost_2-016cfc8ec2.csv,started,Attempt retained even if process fails,False
E7-cost_2-016cfc8ec2,2026-10-04T00:36:34.566097+00:00,26552dd9c109058ba93a75bb8ba5de1f6a85585b,26552dd9c109058ba93a75bb8ba5de1f6a85585b,e5f957a2b78b4a08cede2183cd59012f73beaffc38f0821d43bb458df08be222:5eb2ada6d8d007969c111064ae6c5de089e8bd61c0156cb49cc98484cea2b5d9,cd01bf332e0baf7741f5df449cd1569e284108f77ed26c260a6e7363a254d7a0,development+reused_validation,"{""base"": ""equal"", ""borrow_bps"": 50.0, ""cap"": 1.0, ""control"": ""asymmetric"", ""covariance_days"": 126, ""diagnostic"": ""cost_2"", ""family"": ""ensemble"", ""har_train_min"": 504, ""lookback"": 63, ""overlay"": true, ""static_exposure"": null, ""target"": 0.1, ""threshold"": 0.05, ""trial_id"": ""E7"", ""universe"": [""SPY"", ""TLT"", ""GLD""]}",2 bp risky purchases+sales; borrow rf+50.0 bp,results/20261004T003009-2f16c796/E7-cost_2-016cfc8ec2.csv,completed,No OOS retuning; diagnostic not eligible for selection,False
E7-cost_5-c768a5c45e,2026-10-04T00:36:36.173231+00:00,26552dd9c109058ba93a75bb8ba5de1f6a85585b,26552dd9c109058ba93a75bb8ba5de1f6a85585b,e5f957a2b78b4a08cede2183cd59012f73beaffc38f0821d43bb458df08be222:5eb2ada6d8d007969c111064ae6c5de089e8bd61c0156cb49cc98484cea2b5d9,3e2763952e7fa951000e9fd3c40861a944f8343ae664b989902a6b43fa4add68,development+reused_validation,"{""base"": ""equal"", ""borrow_bps"": 50.0, ""cap"": 1.0, ""control"": ""asymmetric"", ""covariance_days"": 126, ""diagnostic"": ""cost_5"", ""family"": ""ensemble"", ""har_train_min"": 504, ""lookback"": 63, ""overlay"": true, ""static_exposure"": null, ""target"": 0.1, ""threshold"": 0.05, ""trial_id"": ""E7"", ""universe"": [""SPY"", ""TLT"", ""GLD""]}",5 bp risky purchases+sales; borrow rf+50.0 bp,results/20261004T003009-2f16c796/E7-cost_5-c768a5c45e.csv,started,Attempt retained even if process fails,False
E7-cost_5-c768a5c45e,2026-10-04T00:36:36.173231+00:00,26552dd9c109058ba93a75bb8ba5de1f6a85585b,26552dd9c109058ba93a75bb8ba5de1f6a85585b,e5f957a2b78b4a08cede2183cd59012f73beaffc38f0821d43bb458df08be222:5eb2ada6d8d007969c111064ae6c5de089e8bd61c0156cb49cc98484cea2b5d9,3e2763952e7fa951000e9fd3c40861a944f8343ae664b989902a6b43fa4add68,development+reused_validation,"{""base"": ""equal"", ""borrow_bps"": 50.0, ""cap"": 1.0, ""control"": ""asymmetric"", ""covariance_days"": 126, ""diagnostic"": ""cost_5"", ""family"": ""ensemble"", ""har_train_min"": 504, ""lookback"": 63, ""overlay"": true, ""static_exposure"": null, ""target"": 0.1, ""threshold"": 0.05, ""trial_id"": ""E7"", ""universe"": [""SPY"", ""TLT"", ""GLD""]}",5 bp risky purchases+sales; borrow rf+50.0 bp,results/20261004T003009-2f16c796/E7-cost_5-c768a5c45e.csv,completed,No OOS retuning; diagnostic not eligible for selection,False
E7-cost_10-5e4c5106b8,2026-10-04T00:36:37.690533+00:00,26552dd9c109058ba93a75bb8ba5de1f6a85585b,26552dd9c109058ba93a75bb8ba5de1f6a85585b,e5f957a2b78b4a08cede2183cd59012f73beaffc38f0821d43bb458df08be222:5eb2ada6d8d007969c111064ae6c5de089e8bd61c0156cb49cc98484cea2b5d9,1d99385221dcc2dac3066e8e27c9a5a50d939fe017e185f4a62d4d12e6a9ae01,development+reused_validation,"{""base"": ""equal"", ""borrow_bps"": 50.0, ""cap"": 1.0, ""control"": ""asymmetric"", ""covariance_days"": 126, ""diagnostic"": ""cost_10"", ""family"": ""ensemble"", ""har_train_min"": 504, ""lookback"": 63, ""overlay"": true, ""static_exposure"": null, ""target"": 0.1, ""threshold"": 0.05, ""trial_id"": ""E7"", ""universe"": [""SPY"", ""TLT"", ""GLD""]}",10 bp risky purchases+sales; borrow rf+50.0 bp,results/20261004T003009-2f16c796/E7-cost_10-5e4c5106b8.csv,started,Attempt retained even if process fails,False
E7-cost_10-5e4c5106b8,2026-10-04T00:36:37.690533+00:00,26552dd9c109058ba93a75bb8ba5de1f6a85585b,26552dd9c109058ba93a75bb8ba5de1f6a85585b,e5f957a2b78b4a08cede2183cd59012f73beaffc38f0821d43bb458df08be222:5eb2ada6d8d007969c111064ae6c5de089e8bd61c0156cb49cc98484cea2b5d9,1d99385221dcc2dac3066e8e27c9a5a50d939fe017e185f4a62d4d12e6a9ae01,development+reused_validation,"{""base"": ""equal"", ""borrow_bps"": 50.0, ""cap"": 1.0, ""control"": ""asymmetric"", ""covariance_days"": 126, ""diagnostic"": ""cost_10"", ""family"": ""ensemble"", ""har_train_min"": 504, ""lookback"": 63, ""overlay"": true, ""static_exposure"": null, ""target"": 0.1, ""threshold"": 0.05, ""trial_id"": ""E7"", ""universe"": [""SPY"", ""TLT"", ""GLD""]}",10 bp risky purchases+sales; borrow rf+50.0 bp,results/20261004T003009-2f16c796/E7-cost_10-5e4c5106b8.csv,completed,No OOS retuning; diagnostic not eligible for selection,False
E0-primary-99669efff2,2026-10-04T00:38:34.717867+00:00,26552dd9c109058ba93a75bb8ba5de1f6a85585b,26552dd9c109058ba93a75bb8ba5de1f6a85585b,e5f957a2b78b4a08cede2183cd59012f73beaffc38f0821d43bb458df08be222:5eb2ada6d8d007969c111064ae6c5de089e8bd61c0156cb49cc98484cea2b5d9,9f569d61dd4ba1ceb1ec3e9a54bbb956b4f5f1c5880b40e6bc209061faa4a5f3,development+reused_validation,"{""base"": ""equal"", ""borrow_bps"": 50.0, ""cap"": 1.0, ""control"": ""monthly"", ""covariance_days"": 126, ""diagnostic"": ""primary"", ""family"": ""trailing"", ""har_train_min"": 504, ""lookback"": 63, ""overlay"": true, ""static_exposure"": null, ""target"": 0.08, ""threshold"": 0.05, ""trial_id"": ""E0"", ""universe"": [""SPY"", ""TLT"", ""GLD""]}",5.0 bp risky purchases+sales; borrow rf+50.0 bp,results/20261004T003708-e3127963/E0-primary-99669efff2.csv,started,Attempt retained even if process fails,False
E0-primary-99669efff2,2026-10-04T00:38:34.717867+00:00,26552dd9c109058ba93a75bb8ba5de1f6a85585b,26552dd9c109058ba93a75bb8ba5de1f6a85585b,e5f957a2b78b4a08cede2183cd59012f73beaffc38f0821d43bb458df08be222:5eb2ada6d8d007969c111064ae6c5de089e8bd61c0156cb49cc98484cea2b5d9,9f569d61dd4ba1ceb1ec3e9a54bbb956b4f5f1c5880b40e6bc209061faa4a5f3,development+reused_validation,"{""base"": ""equal"", ""borrow_bps"": 50.0, ""cap"": 1.0, ""control"": ""monthly"", ""covariance_days"": 126, ""diagnostic"": ""primary"", ""family"": ""trailing"", ""har_train_min"": 504, ""lookback"": 63, ""overlay"": true, ""static_exposure"": null, ""target"": 0.08, ""threshold"": 0.05, ""trial_id"": ""E0"", ""universe"": [""SPY"", ""TLT"", ""GLD""]}",5.0 bp risky purchases+sales; borrow rf+50.0 bp,results/20261004T003708-e3127963/E0-primary-99669efff2.csv,completed,Await validation,False
E0-matched_base-8e8f109419,2026-10-04T00:38:35.969854+00:00,26552dd9c109058ba93a75bb8ba5de1f6a85585b,26552dd9c109058ba93a75bb8ba5de1f6a85585b,e5f957a2b78b4a08cede2183cd59012f73beaffc38f0821d43bb458df08be222:5eb2ada6d8d007969c111064ae6c5de089e8bd61c0156cb49cc98484cea2b5d9,3b29123ad650c897f21ab5b6792ec28a01631fef503ecca7473d8153aabfbf05,development+reused_validation,"{""base"": ""equal"", ""borrow_bps"": 50.0, ""cap"": 1.0, ""control"": ""monthly"", ""covariance_days"": 126, ""diagnostic"": ""matched_base"", ""family"": ""trailing"", ""har_train_min"": 504, ""lookback"": 63, ""overlay"": false, ""static_exposure"": null, ""target"": 0.08, ""threshold"": 0.05, ""trial_id"": ""E0"", ""universe"": [""SPY"", ""TLT"", ""GLD""]}",5.0 bp risky purchases+sales; borrow rf+50.0 bp,results/20261004T003708-e3127963/E0-matched_base-8e8f109419.csv,started,Attempt retained even if process fails,False
E0-matched_base-8e8f109419,2026-10-04T00:38:35.969854+00:00,26552dd9c109058ba93a75bb8ba5de1f6a85585b,26552dd9c109058ba93a75bb8ba5de1f6a85585b,e5f957a2b78b4a08cede2183cd59012f73beaffc38f0821d43bb458df08be222:5eb2ada6d8d007969c111064ae6c5de089e8bd61c0156cb49cc98484cea2b5d9,3b29123ad650c897f21ab5b6792ec28a01631fef503ecca7473d8153aabfbf05,development+reused_validation,"{""base"": ""equal"", ""borrow_bps"": 50.0, ""cap"": 1.0, ""control"": ""monthly"", ""covariance_days"": 126, ""diagnostic"": ""matched_base"", ""family"": ""trailing"", ""har_train_min"": 504, ""lookback"": 63, ""overlay"": false, ""static_exposure"": null, ""target"": 0.08, ""threshold"": 0.05, ""trial_id"": ""E0"", ""universe"": [""SPY"", ""TLT"", ""GLD""]}",5.0 bp risky purchases+sales; borrow rf+50.0 bp,results/20261004T003708-e3127963/E0-matched_base-8e8f109419.csv,completed,No OOS retuning; diagnostic not eligible for selection,False
E1-9-primary-39b98ce44c,2026-10-04T00:39:11.496097+00:00,26552dd9c109058ba93a75bb8ba5de1f6a85585b,26552dd9c109058ba93a75bb8ba5de1f6a85585b,e5f957a2b78b4a08cede2183cd59012f73beaffc38f0821d43bb458df08be222:5eb2ada6d8d007969c111064ae6c5de089e8bd61c0156cb49cc98484cea2b5d9,6bc1626da7b8f1771fcd1009701e5d323747e029848194bff1ef26e4c5df5c93,development+reused_validation,"{""base"": ""equal"", ""borrow_bps"": 50.0, ""cap"": 1.0, ""control"": ""event"", ""covariance_days"": 126, ""diagnostic"": ""primary"", ""family"": ""ensemble"", ""har_train_min"": 504, ""lookback"": 63, ""overlay"": true, ""static_exposure"": null, ""target"": 0.09, ""threshold"": 0.05, ""trial_id"": ""E1-9"", ""universe"": [""SPY"", ""TLT"", ""GLD""]}",5.0 bp risky purchases+sales; borrow rf+50.0 bp,results/20261004T003708-e3127963/E1-9-primary-39b98ce44c.csv,started,Attempt retained even if process fails,False
E1-9-primary-39b98ce44c,2026-10-04T00:39:11.496097+00:00,26552dd9c109058ba93a75bb8ba5de1f6a85585b,26552dd9c109058ba93a75bb8ba5de1f6a85585b,e5f957a2b78b4a08cede2183cd59012f73beaffc38f0821d43bb458df08be222:5eb2ada6d8d007969c111064ae6c5de089e8bd61c0156cb49cc98484cea2b5d9,6bc1626da7b8f1771fcd1009701e5d323747e029848194bff1ef26e4c5df5c93,development+reused_validation,"{""base"": ""equal"", ""borrow_bps"": 50.0, ""cap"": 1.0, ""control"": ""event"", ""covariance_days"": 126, ""diagnostic"": ""primary"", ""family"": ""ensemble"", ""har_train_min"": 504, ""lookback"": 63, ""overlay"": true, ""static_exposure"": null, ""target"": 0.09, ""threshold"": 0.05, ""trial_id"": ""E1-9"", ""universe"": [""SPY"", ""TLT"", ""GLD""]}",5.0 bp risky purchases+sales; borrow rf+50.0 bp,results/20261004T003708-e3127963/E1-9-primary-39b98ce44c.csv,completed,Await validation,False
E1-9-matched_base-c320da273b,2026-10-04T00:39:12.995797+00:00,26552dd9c109058ba93a75bb8ba5de1f6a85585b,26552dd9c109058ba93a75bb8ba5de1f6a85585b,e5f957a2b78b4a08cede2183cd59012f73beaffc38f0821d43bb458df08be222:5eb2ada6d8d007969c111064ae6c5de089e8bd61c0156cb49cc98484cea2b5d9,b8675143da4b3b42bd687fff20a715d5396a39b16b1b9cea7df91ae8d3eb1bbf,development+reused_validation,"{""base"": ""equal"", ""borrow_bps"": 50.0, ""cap"": 1.0, ""control"": ""event"", ""covariance_days"": 126, ""diagnostic"": ""matched_base"", ""family"": ""ensemble"", ""har_train_min"": 504, ""lookback"": 63, ""overlay"": false, ""static_exposure"": null, ""target"": 0.09, ""threshold"": 0.05, ""trial_id"": ""E1-9"", ""universe"": [""SPY"", ""TLT"", ""GLD""]}",5.0 bp risky purchases+sales; borrow rf+50.0 bp,results/20261004T003708-e3127963/E1-9-matched_base-c320da273b.csv,started,Attempt retained even if process fails,False
E1-9-matched_base-c320da273b,2026-10-04T00:39:12.995797+00:00,26552dd9c109058ba93a75bb8ba5de1f6a85585b,26552dd9c109058ba93a75bb8ba5de1f6a85585b,e5f957a2b78b4a08cede2183cd59012f73beaffc38f0821d43bb458df08be222:5eb2ada6d8d007969c111064ae6c5de089e8bd61c0156cb49cc98484cea2b5d9,b8675143da4b3b42bd687fff20a715d5396a39b16b1b9cea7df91ae8d3eb1bbf,development+reused_validation,"{""base"": ""equal"", ""borrow_bps"": 50.0, ""cap"": 1.0, ""control"": ""event"", ""covariance_days"": 126, ""diagnostic"": ""matched_base"", ""family"": ""ensemble"", ""har_train_min"": 504, ""lookback"": 63, ""overlay"": false, ""static_exposure"": null, ""target"": 0.09, ""threshold"": 0.05, ""trial_id"": ""E1-9"", ""universe"": [""SPY"", ""TLT"", ""GLD""]}",5.0 bp risky purchases+sales; borrow rf+50.0 bp,results/20261004T003708-e3127963/E1-9-matched_base-c320da273b.csv,completed,No OOS retuning; diagnostic not eligible for selection,False
E1-10-primary-f1ba0c3a79,2026-10-04T00:39:14.530024+00:00,26552dd9c109058ba93a75bb8ba5de1f6a85585b,26552dd9c109058ba93a75bb8ba5de1f6a85585b,e5f957a2b78b4a08cede2183cd59012f73beaffc38f0821d43bb458df08be222:5eb2ada6d8d007969c111064ae6c5de089e8bd61c0156cb49cc98484cea2b5d9,358a2eaee7b442e005b0a980dca299619dcc6f85675fd6f79222d4b69e6fa4c8,development+reused_validation,"{""base"": ""equal"", ""borrow_bps"": 50.0, ""cap"": 1.0, ""control"": ""event"", ""covariance_days"": 126, ""diagnostic"": ""primary"", ""family"": ""ensemble"", ""har_train_min"": 504, ""lookback"": 63, ""overlay"": true, ""static_exposure"": null, ""target"": 0.1, ""threshold"": 0.05, ""trial_id"": ""E1-10"", ""universe"": [""SPY"", ""TLT"", ""GLD""]}",5.0 bp risky purchases+sales; borrow rf+50.0 bp,results/20261004T003708-e3127963/E1-10-primary-f1ba0c3a79.csv,started,Attempt retained even if process fails,False
E1-10-primary-f1ba0c3a79,2026-10-04T00:39:14.530024+00:00,26552dd9c109058ba93a75bb8ba5de1f6a85585b,26552dd9c109058ba93a75bb8ba5de1f6a85585b,e5f957a2b78b4a08cede2183cd59012f73beaffc38f0821d43bb458df08be222:5eb2ada6d8d007969c111064ae6c5de089e8bd61c0156cb49cc98484cea2b5d9,358a2eaee7b442e005b0a980dca299619dcc6f85675fd6f79222d4b69e6fa4c8,development+reused_validation,"{""base"": ""equal"", ""borrow_bps"": 50.0, ""cap"": 1.0, ""control"": ""event"", ""covariance_days"": 126, ""diagnostic"": ""primary"", ""family"": ""ensemble"", ""har_train_min"": 504, ""lookback"": 63, ""overlay"": true, ""static_exposure"": null, ""target"": 0.1, ""threshold"": 0.05, ""trial_id"": ""E1-10"", ""universe"": [""SPY"", ""TLT"", ""GLD""]}",5.0 bp risky purchases+sales; borrow rf+50.0 bp,results/20261004T003708-e3127963/E1-10-primary-f1ba0c3a79.csv,completed,Await validation,False
E1-10-matched_base-19115a27cc,2026-10-04T00:39:16.008495+00:00,26552dd9c109058ba93a75bb8ba5de1f6a85585b,26552dd9c109058ba93a75bb8ba5de1f6a85585b,e5f957a2b78b4a08cede2183cd59012f73beaffc38f0821d43bb458df08be222:5eb2ada6d8d007969c111064ae6c5de089e8bd61c0156cb49cc98484cea2b5d9,51b1c3592592c98969b826fa713132789fea1936369864a501753dd96955211b,development+reused_validation,"{""base"": ""equal"", ""borrow_bps"": 50.0, ""cap"": 1.0, ""control"": ""event"", ""covariance_days"": 126, ""diagnostic"": ""matched_base"", ""family"": ""ensemble"", ""har_train_min"": 504, ""lookback"": 63, ""overlay"": false, ""static_exposure"": null, ""target"": 0.1, ""threshold"": 0.05, ""trial_id"": ""E1-10"", ""universe"": [""SPY"", ""TLT"", ""GLD""]}",5.0 bp risky purchases+sales; borrow rf+50.0 bp,results/20261004T003708-e3127963/E1-10-matched_base-19115a27cc.csv,started,Attempt retained even if process fails,False
E1-10-matched_base-19115a27cc,2026-10-04T00:39:16.008495+00:00,26552dd9c109058ba93a75bb8ba5de1f6a85585b,26552dd9c109058ba93a75bb8ba5de1f6a85585b,e5f957a2b78b4a08cede2183cd59012f73beaffc38f0821d43bb458df08be222:5eb2ada6d8d007969c111064ae6c5de089e8bd61c0156cb49cc98484cea2b5d9,51b1c3592592c98969b826fa713132789fea1936369864a501753dd96955211b,development+reused_validation,"{""base"": ""equal"", ""borrow_bps"": 50.0, ""cap"": 1.0, ""control"": ""event"", ""covariance_days"": 126, ""diagnostic"": ""matched_base"", ""family"": ""ensemble"", ""har_train_min"": 504, ""lookback"": 63, ""overlay"": false, ""static_exposure"": null, ""target"": 0.1, ""threshold"": 0.05, ""trial_id"": ""E1-10"", ""universe"": [""SPY"", ""TLT"", ""GLD""]}",5.0 bp risky purchases+sales; borrow rf+50.0 bp,results/20261004T003708-e3127963/E1-10-matched_base-19115a27cc.csv,completed,No OOS retuning; diagnostic not eligible for selection,False
E1-11-primary-42a763e388,2026-10-04T00:39:17.457781+00:00,26552dd9c109058ba93a75bb8ba5de1f6a85585b,26552dd9c109058ba93a75bb8ba5de1f6a85585b,e5f957a2b78b4a08cede2183cd59012f73beaffc38f0821d43bb458df08be222:5eb2ada6d8d007969c111064ae6c5de089e8bd61c0156cb49cc98484cea2b5d9,5f2a48f04e6dc644252306ce0eb776011e02e97f3864db6ccee9ccca1239f809,development+reused_validation,"{""base"": ""equal"", ""borrow_bps"": 50.0, ""cap"": 1.0, ""control"": ""event"", ""covariance_days"": 126, ""diagnostic"": ""primary"", ""family"": ""ensemble"", ""har_train_min"": 504, ""lookback"": 63, ""overlay"": true, ""static_exposure"": null, ""target"": 0.11, ""threshold"": 0.05, ""trial_id"": ""E1-11"", ""universe"": [""SPY"", ""TLT"", ""GLD""]}",5.0 bp risky purchases+sales; borrow rf+50.0 bp,results/20261004T003708-e3127963/E1-11-primary-42a763e388.csv,started,Attempt retained even if process fails,False
E1-11-primary-42a763e388,2026-10-04T00:39:17.457781+00:00,26552dd9c109058ba93a75bb8ba5de1f6a85585b,26552dd9c109058ba93a75bb8ba5de1f6a85585b,e5f957a2b78b4a08cede2183cd59012f73beaffc38f0821d43bb458df08be222:5eb2ada6d8d007969c111064ae6c5de089e8bd61c0156cb49cc98484cea2b5d9,5f2a48f04e6dc644252306ce0eb776011e02e97f3864db6ccee9ccca1239f809,development+reused_validation,"{""base"": ""equal"", ""borrow_bps"": 50.0, ""cap"": 1.0, ""control"": ""event"", ""covariance_days"": 126, ""diagnostic"": ""primary"", ""family"": ""ensemble"", ""har_train_min"": 504, ""lookback"": 63, ""overlay"": true, ""static_exposure"": null, ""target"": 0.11, ""threshold"": 0.05, ""trial_id"": ""E1-11"", ""universe"": [""SPY"", ""TLT"", ""GLD""]}",5.0 bp risky purchases+sales; borrow rf+50.0 bp,results/20261004T003708-e3127963/E1-11-primary-42a763e388.csv,completed,Await validation,False
E1-11-matched_base-5f521cf35e,2026-10-04T00:39:18.959668+00:00,26552dd9c109058ba93a75bb8ba5de1f6a85585b,26552dd9c109058ba93a75bb8ba5de1f6a85585b,e5f957a2b78b4a08cede2183cd59012f73beaffc38f0821d43bb458df08be222:5eb2ada6d8d007969c111064ae6c5de089e8bd61c0156cb49cc98484cea2b5d9,f6e1001a42ac0af0ded5908149e770e3accfd8492205897f768248d0c82b2f65,development+reused_validation,"{""base"": ""equal"", ""borrow_bps"": 50.0, ""cap"": 1.0, ""control"": ""event"", ""covariance_days"": 126, ""diagnostic"": ""matched_base"", ""family"": ""ensemble"", ""har_train_min"": 504, ""lookback"": 63, ""overlay"": false, ""static_exposure"": null, ""target"": 0.11, ""threshold"": 0.05, ""trial_id"": ""E1-11"", ""universe"": [""SPY"", ""TLT"", ""GLD""]}",5.0 bp risky purchases+sales; borrow rf+50.0 bp,results/20261004T003708-e3127963/E1-11-matched_base-5f521cf35e.csv,started,Attempt retained even if process fails,False
E1-11-matched_base-5f521cf35e,2026-10-04T00:39:18.959668+00:00,26552dd9c109058ba93a75bb8ba5de1f6a85585b,26552dd9c109058ba93a75bb8ba5de1f6a85585b,e5f957a2b78b4a08cede2183cd59012f73beaffc38f0821d43bb458df08be222:5eb2ada6d8d007969c111064ae6c5de089e8bd61c0156cb49cc98484cea2b5d9,f6e1001a42ac0af0ded5908149e770e3accfd8492205897f768248d0c82b2f65,development+reused_validation,"{""base"": ""equal"", ""borrow_bps"": 50.0, ""cap"": 1.0, ""control"": ""event"", ""covariance_days"": 126, ""diagnostic"": ""matched_base"", ""family"": ""ensemble"", ""har_train_min"": 504, ""lookback"": 63, ""overlay"": false, ""static_exposure"": null, ""target"": 0.11, ""threshold"": 0.05, ""trial_id"": ""E1-11"", ""universe"": [""SPY"", ""TLT"", ""GLD""]}",5.0 bp risky purchases+sales; borrow rf+50.0 bp,results/20261004T003708-e3127963/E1-11-matched_base-5f521cf35e.csv,completed,No OOS retuning; diagnostic not eligible for selection,False
E2-primary-8f104096c9,2026-10-04T00:39:20.417541+00:00,26552dd9c109058ba93a75bb8ba5de1f6a85585b,26552dd9c109058ba93a75bb8ba5de1f6a85585b,e5f957a2b78b4a08cede2183cd59012f73beaffc38f0821d43bb458df08be222:5eb2ada6d8d007969c111064ae6c5de089e8bd61c0156cb49cc98484cea2b5d9,79d49565a46351d972269dcda82e62434a2f33a50b5bfb5e40d8d28b07142f1d,development+reused_validation,"{""base"": ""equal"", ""borrow_bps"": 50.0, ""cap"": 1.0, ""control"": ""event"", ""covariance_days"": 126, ""diagnostic"": ""primary"", ""family"": ""har"", ""har_train_min"": 504, ""lookback"": 63, ""overlay"": true, ""static_exposure"": null, ""target"": 0.1, ""threshold"": 0.05, ""trial_id"": ""E2"", ""universe"": [""SPY"", ""TLT"", ""GLD""]}",5.0 bp risky purchases+sales; borrow rf+50.0 bp,results/20261004T003708-e3127963/E2-primary-8f104096c9.csv,started,Attempt retained even if process fails,False
E2-primary-8f104096c9,2026-10-04T00:39:20.417541+00:00,26552dd9c109058ba93a75bb8ba5de1f6a85585b,26552dd9c109058ba93a75bb8ba5de1f6a85585b,e5f957a2b78b4a08cede2183cd59012f73beaffc38f0821d43bb458df08be222:5eb2ada6d8d007969c111064ae6c5de089e8bd61c0156cb49cc98484cea2b5d9,79d49565a46351d972269dcda82e62434a2f33a50b5bfb5e40d8d28b07142f1d,development+reused_validation,"{""base"": ""equal"", ""borrow_bps"": 50.0, ""cap"": 1.0, ""control"": ""event"", ""covariance_days"": 126, ""diagnostic"": ""primary"", ""family"": ""har"", ""har_train_min"": 504, ""lookback"": 63, ""overlay"": true, ""static_exposure"": null, ""target"": 0.1, ""threshold"": 0.05, ""trial_id"": ""E2"", ""universe"": [""SPY"", ""TLT"", ""GLD""]}",5.0 bp risky purchases+sales; borrow rf+50.0 bp,results/20261004T003708-e3127963/E2-primary-8f104096c9.csv,completed,Await validation,False
E2-matched_base-30ac4419ed,2026-10-04T00:39:23.348166+00:00,26552dd9c109058ba93a75bb8ba5de1f6a85585b,26552dd9c109058ba93a75bb8ba5de1f6a85585b,e5f957a2b78b4a08cede2183cd59012f73beaffc38f0821d43bb458df08be222:5eb2ada6d8d007969c111064ae6c5de089e8bd61c0156cb49cc98484cea2b5d9,5d6c5b3498197ecd7674a9251733b7142640a04220cc1c0e6cbbd53db97cfb1f,development+reused_validation,"{""base"": ""equal"", ""borrow_bps"": 50.0, ""cap"": 1.0, ""control"": ""event"", ""covariance_days"": 126, ""diagnostic"": ""matched_base"", ""family"": ""har"", ""har_train_min"": 504, ""lookback"": 63, ""overlay"": false, ""static_exposure"": null, ""target"": 0.1, ""threshold"": 0.05, ""trial_id"": ""E2"", ""universe"": [""SPY"", ""TLT"", ""GLD""]}",5.0 bp risky purchases+sales; borrow rf+50.0 bp,results/20261004T003708-e3127963/E2-matched_base-30ac4419ed.csv,started,Attempt retained even if process fails,False
E2-matched_base-30ac4419ed,2026-10-04T00:39:23.348166+00:00,26552dd9c109058ba93a75bb8ba5de1f6a85585b,26552dd9c109058ba93a75bb8ba5de1f6a85585b,e5f957a2b78b4a08cede2183cd59012f73beaffc38f0821d43bb458df08be222:5eb2ada6d8d007969c111064ae6c5de089e8bd61c0156cb49cc98484cea2b5d9,5d6c5b3498197ecd7674a9251733b7142640a04220cc1c0e6cbbd53db97cfb1f,development+reused_validation,"{""base"": ""equal"", ""borrow_bps"": 50.0, ""cap"": 1.0, ""control"": ""event"", ""covariance_days"": 126, ""diagnostic"": ""matched_base"", ""family"": ""har"", ""har_train_min"": 504, ""lookback"": 63, ""overlay"": false, ""static_exposure"": null, ""target"": 0.1, ""threshold"": 0.05, ""trial_id"": ""E2"", ""universe"": [""SPY"", ""TLT"", ""GLD""]}",5.0 bp risky purchases+sales; borrow rf+50.0 bp,results/20261004T003708-e3127963/E2-matched_base-30ac4419ed.csv,completed,No OOS retuning; diagnostic not eligible for selection,False
E3-20-primary-319c5eb907,2026-10-04T00:39:26.240432+00:00,26552dd9c109058ba93a75bb8ba5de1f6a85585b,26552dd9c109058ba93a75bb8ba5de1f6a85585b,e5f957a2b78b4a08cede2183cd59012f73beaffc38f0821d43bb458df08be222:5eb2ada6d8d007969c111064ae6c5de089e8bd61c0156cb49cc98484cea2b5d9,44f609ecf93faf8c0141d02aa03d1311624d1bba28a7f84d7a15d6fc5e50fcad,development+reused_validation,"{""base"": ""equal"", ""borrow_bps"": 50.0, ""cap"": 1.0, ""control"": ""event"", ""covariance_days"": 126, ""diagnostic"": ""primary"", ""family"": ""range"", ""har_train_min"": 504, ""lookback"": 20, ""overlay"": true, ""static_exposure"": null, ""target"": 0.1, ""threshold"": 0.05, ""trial_id"": ""E3-20"", ""universe"": [""SPY"", ""TLT"", ""GLD""]}",5.0 bp risky purchases+sales; borrow rf+50.0 bp,results/20261004T003708-e3127963/E3-20-primary-319c5eb907.csv,started,Attempt retained even if process fails,False
E3-20-primary-319c5eb907,2026-10-04T00:39:26.240432+00:00,26552dd9c109058ba93a75bb8ba5de1f6a85585b,26552dd9c109058ba93a75bb8ba5de1f6a85585b,e5f957a2b78b4a08cede2183cd59012f73beaffc38f0821d43bb458df08be222:5eb2ada6d8d007969c111064ae6c5de089e8bd61c0156cb49cc98484cea2b5d9,44f609ecf93faf8c0141d02aa03d1311624d1bba28a7f84d7a15d6fc5e50fcad,development+reused_validation,"{""base"": ""equal"", ""borrow_bps"": 50.0, ""cap"": 1.0, ""control"": ""event"", ""covariance_days"": 126, ""diagnostic"": ""primary"", ""family"": ""range"", ""har_train_min"": 504, ""lookback"": 20, ""overlay"": true, ""static_exposure"": null, ""target"": 0.1, ""threshold"": 0.05, ""trial_id"": ""E3-20"", ""universe"": [""SPY"", ""TLT"", ""GLD""]}",5.0 bp risky purchases+sales; borrow rf+50.0 bp,results/20261004T003708-e3127963/E3-20-primary-319c5eb907.csv,completed,Await validation,False
E3-20-matched_base-912783309f,2026-10-04T00:39:28.427313+00:00,26552dd9c109058ba93a75bb8ba5de1f6a85585b,26552dd9c109058ba93a75bb8ba5de1f6a85585b,e5f957a2b78b4a08cede2183cd59012f73beaffc38f0821d43bb458df08be222:5eb2ada6d8d007969c111064ae6c5de089e8bd61c0156cb49cc98484cea2b5d9,c53fca40643a56dc9917c0e1beeac47e67001f901f1274c3cff04f26e5dc4022,development+reused_validation,"{""base"": ""equal"", ""borrow_bps"": 50.0, ""cap"": 1.0, ""control"": ""event"", ""covariance_days"": 126, ""diagnostic"": ""matched_base"", ""family"": ""range"", ""har_train_min"": 504, ""lookback"": 20, ""overlay"": false, ""static_exposure"": null, ""target"": 0.1, ""threshold"": 0.05, ""trial_id"": ""E3-20"", ""universe"": [""SPY"", ""TLT"", ""GLD""]}",5.0 bp risky purchases+sales; borrow rf+50.0 bp,results/20261004T003708-e3127963/E3-20-matched_base-912783309f.csv,started,Attempt retained even if process fails,False
E3-20-matched_base-912783309f,2026-10-04T00:39:28.427313+00:00,26552dd9c109058ba93a75bb8ba5de1f6a85585b,26552dd9c109058ba93a75bb8ba5de1f6a85585b,e5f957a2b78b4a08cede2183cd59012f73beaffc38f0821d43bb458df08be222:5eb2ada6d8d007969c111064ae6c5de089e8bd61c0156cb49cc98484cea2b5d9,c53fca40643a56dc9917c0e1beeac47e67001f901f1274c3cff04f26e5dc4022,development+reused_validation,"{""base"": ""equal"", ""borrow_bps"": 50.0, ""cap"": 1.0, ""control"": ""event"", ""covariance_days"": 126, ""diagnostic"": ""matched_base"", ""family"": ""range"", ""har_train_min"": 504, ""lookback"": 20, ""overlay"": false, ""static_exposure"": null, ""target"": 0.1, ""threshold"": 0.05, ""trial_id"": ""E3-20"", ""universe"": [""SPY"", ""TLT"", ""GLD""]}",5.0 bp risky purchases+sales; borrow rf+50.0 bp,results/20261004T003708-e3127963/E3-20-matched_base-912783309f.csv,completed,No OOS retuning; diagnostic not eligible for selection,False
E3-63-primary-5e4edbb4d6,2026-10-04T00:39:30.578476+00:00,26552dd9c109058ba93a75bb8ba5de1f6a85585b,26552dd9c109058ba93a75bb8ba5de1f6a85585b,e5f957a2b78b4a08cede2183cd59012f73beaffc38f0821d43bb458df08be222:5eb2ada6d8d007969c111064ae6c5de089e8bd61c0156cb49cc98484cea2b5d9,3ad9a090b0182541201200e6c3cc6f43751bcb1241b54fe1773545ef864a6854,development+reused_validation,"{""base"": ""equal"", ""borrow_bps"": 50.0, ""cap"": 1.0, ""control"": ""event"", ""covariance_days"": 126, ""diagnostic"": ""primary"", ""family"": ""range"", ""har_train_min"": 504, ""lookback"": 63, ""overlay"": true, ""static_exposure"": null, ""target"": 0.1, ""threshold"": 0.05, ""trial_id"": ""E3-63"", ""universe"": [""SPY"", ""TLT"", ""GLD""]}",5.0 bp risky purchases+sales; borrow rf+50.0 bp,results/20261004T003708-e3127963/E3-63-primary-5e4edbb4d6.csv,started,Attempt retained even if process fails,False
E3-63-primary-5e4edbb4d6,2026-10-04T00:39:30.578476+00:00,26552dd9c109058ba93a75bb8ba5de1f6a85585b,26552dd9c109058ba93a75bb8ba5de1f6a85585b,e5f957a2b78b4a08cede2183cd59012f73beaffc38f0821d43bb458df08be222:5eb2ada6d8d007969c111064ae6c5de089e8bd61c0156cb49cc98484cea2b5d9,3ad9a090b0182541201200e6c3cc6f43751bcb1241b54fe1773545ef864a6854,development+reused_validation,"{""base"": ""equal"", ""borrow_bps"": 50.0, ""cap"": 1.0, ""control"": ""event"", ""covariance_days"": 126, ""diagnostic"": ""primary"", ""family"": ""range"", ""har_train_min"": 504, ""lookback"": 63, ""overlay"": true, ""static_exposure"": null, ""target"": 0.1, ""threshold"": 0.05, ""trial_id"": ""E3-63"", ""universe"": [""SPY"", ""TLT"", ""GLD""]}",5.0 bp risky purchases+sales; borrow rf+50.0 bp,results/20261004T003708-e3127963/E3-63-primary-5e4edbb4d6.csv,completed,Await validation,False
E3-63-matched_base-39f59a7fe8,2026-10-04T00:39:32.708583+00:00,26552dd9c109058ba93a75bb8ba5de1f6a85585b,26552dd9c109058ba93a75bb8ba5de1f6a85585b,e5f957a2b78b4a08cede2183cd59012f73beaffc38f0821d43bb458df08be222:5eb2ada6d8d007969c111064ae6c5de089e8bd61c0156cb49cc98484cea2b5d9,5e857247698887e79afc6f3ea1790071dd78004cef7bb8e007754d57a21a40ba,development+reused_validation,"{""base"": ""equal"", ""borrow_bps"": 50.0, ""cap"": 1.0, ""control"": ""event"", ""covariance_days"": 126, ""diagnostic"": ""matched_base"", ""family"": ""range"", ""har_train_min"": 504, ""lookback"": 63, ""overlay"": false, ""static_exposure"": null, ""target"": 0.1, ""threshold"": 0.05, ""trial_id"": ""E3-63"", ""universe"": [""SPY"", ""TLT"", ""GLD""]}",5.0 bp risky purchases+sales; borrow rf+50.0 bp,results/20261004T003708-e3127963/E3-63-matched_base-39f59a7fe8.csv,started,Attempt retained even if process fails,False
E3-63-matched_base-39f59a7fe8,2026-10-04T00:39:32.708583+00:00,26552dd9c109058ba93a75bb8ba5de1f6a85585b,26552dd9c109058ba93a75bb8ba5de1f6a85585b,e5f957a2b78b4a08cede2183cd59012f73beaffc38f0821d43bb458df08be222:5eb2ada6d8d007969c111064ae6c5de089e8bd61c0156cb49cc98484cea2b5d9,5e857247698887e79afc6f3ea1790071dd78004cef7bb8e007754d57a21a40ba,development+reused_validation,"{""base"": ""equal"", ""borrow_bps"": 50.0, ""cap"": 1.0, ""control"": ""event"", ""covariance_days"": 126, ""diagnostic"": ""matched_base"", ""family"": ""range"", ""har_train_min"": 504, ""lookback"": 63, ""overlay"": false, ""static_exposure"": null, ""target"": 0.1, ""threshold"": 0.05, ""trial_id"": ""E3-63"", ""universe"": [""SPY"", ""TLT"", ""GLD""]}",5.0 bp risky purchases+sales; borrow rf+50.0 bp,results/20261004T003708-e3127963/E3-63-matched_base-39f59a7fe8.csv,completed,No OOS retuning; diagnostic not eligible for selection,False
E4-primary-a6b4164d6d,2026-10-04T00:39:34.912825+00:00,26552dd9c109058ba93a75bb8ba5de1f6a85585b,26552dd9c109058ba93a75bb8ba5de1f6a85585b,e5f957a2b78b4a08cede2183cd59012f73beaffc38f0821d43bb458df08be222:5eb2ada6d8d007969c111064ae6c5de089e8bd61c0156cb49cc98484cea2b5d9,5d9c6cb9d976a247a5cff93cbe590f50a4d197343eef1e6292135a082476032f,development+reused_validation,"{""base"": ""minvar"", ""borrow_bps"": 50.0, ""cap"": 1.0, ""control"": ""event"", ""covariance_days"": 126, ""diagnostic"": ""primary"", ""family"": ""ensemble"", ""har_train_min"": 504, ""lookback"": 63, ""overlay"": true, ""static_exposure"": null, ""target"": 0.1, ""threshold"": 0.05, ""trial_id"": ""E4"", ""universe"": [""SPY"", ""TLT"", ""GLD""]}",5.0 bp risky purchases+sales; borrow rf+50.0 bp,results/20261004T003708-e3127963/E4-primary-a6b4164d6d.csv,started,Attempt retained even if process fails,False
E4-primary-a6b4164d6d,2026-10-04T00:39:34.912825+00:00,26552dd9c109058ba93a75bb8ba5de1f6a85585b,26552dd9c109058ba93a75bb8ba5de1f6a85585b,e5f957a2b78b4a08cede2183cd59012f73beaffc38f0821d43bb458df08be222:5eb2ada6d8d007969c111064ae6c5de089e8bd61c0156cb49cc98484cea2b5d9,5d9c6cb9d976a247a5cff93cbe590f50a4d197343eef1e6292135a082476032f,development+reused_validation,"{""base"": ""minvar"", ""borrow_bps"": 50.0, ""cap"": 1.0, ""control"": ""event"", ""covariance_days"": 126, ""diagnostic"": ""primary"", ""family"": ""ensemble"", ""har_train_min"": 504, ""lookback"": 63, ""overlay"": true, ""static_exposure"": null, ""target"": 0.1, ""threshold"": 0.05, ""trial_id"": ""E4"", ""universe"": [""SPY"", ""TLT"", ""GLD""]}",5.0 bp risky purchases+sales; borrow rf+50.0 bp,results/20261004T003708-e3127963/E4-primary-a6b4164d6d.csv,completed,Await validation,False
E4-matched_base-75494c2b51,2026-10-04T00:39:36.545465+00:00,26552dd9c109058ba93a75bb8ba5de1f6a85585b,26552dd9c109058ba93a75bb8ba5de1f6a85585b,e5f957a2b78b4a08cede2183cd59012f73beaffc38f0821d43bb458df08be222:5eb2ada6d8d007969c111064ae6c5de089e8bd61c0156cb49cc98484cea2b5d9,14422e6f196e470e21db56c9a4d5cb920bfef729c30c3e117b63465373dca3f6,development+reused_validation,"{""base"": ""minvar"", ""borrow_bps"": 50.0, ""cap"": 1.0, ""control"": ""event"", ""covariance_days"": 126, ""diagnostic"": ""matched_base"", ""family"": ""ensemble"", ""har_train_min"": 504, ""lookback"": 63, ""overlay"": false, ""static_exposure"": null, ""target"": 0.1, ""threshold"": 0.05, ""trial_id"": ""E4"", ""universe"": [""SPY"", ""TLT"", ""GLD""]}",5.0 bp risky purchases+sales; borrow rf+50.0 bp,results/20261004T003708-e3127963/E4-matched_base-75494c2b51.csv,started,Attempt retained even if process fails,False
E4-matched_base-75494c2b51,2026-10-04T00:39:36.545465+00:00,26552dd9c109058ba93a75bb8ba5de1f6a85585b,26552dd9c109058ba93a75bb8ba5de1f6a85585b,e5f957a2b78b4a08cede2183cd59012f73beaffc38f0821d43bb458df08be222:5eb2ada6d8d007969c111064ae6c5de089e8bd61c0156cb49cc98484cea2b5d9,14422e6f196e470e21db56c9a4d5cb920bfef729c30c3e117b63465373dca3f6,development+reused_validation,"{""base"": ""minvar"", ""borrow_bps"": 50.0, ""cap"": 1.0, ""control"": ""event"", ""covariance_days"": 126, ""diagnostic"": ""matched_base"", ""family"": ""ensemble"", ""har_train_min"": 504, ""lookback"": 63, ""overlay"": false, ""static_exposure"": null, ""target"": 0.1, ""threshold"": 0.05, ""trial_id"": ""E4"", ""universe"": [""SPY"", ""TLT"", ""GLD""]}",5.0 bp risky purchases+sales; borrow rf+50.0 bp,results/20261004T003708-e3127963/E4-matched_base-75494c2b51.csv,completed,No OOS retuning; diagnostic not eligible for selection,False
E5-primary-a32ef04f38,2026-10-04T00:39:38.148197+00:00,26552dd9c109058ba93a75bb8ba5de1f6a85585b,26552dd9c109058ba93a75bb8ba5de1f6a85585b,e5f957a2b78b4a08cede2183cd59012f73beaffc38f0821d43bb458df08be222:5eb2ada6d8d007969c111064ae6c5de089e8bd61c0156cb49cc98484cea2b5d9,ef998cc492900540cd6d716e8b1a007a572285b8973686915aeb48ed597a7919,development+reused_validation,"{""base"": ""erc"", ""borrow_bps"": 50.0, ""cap"": 1.0, ""control"": ""event"", ""covariance_days"": 126, ""diagnostic"": ""primary"", ""family"": ""ensemble"", ""har_train_min"": 504, ""lookback"": 63, ""overlay"": true, ""static_exposure"": null, ""target"": 0.1, ""threshold"": 0.05, ""trial_id"": ""E5"", ""universe"": [""SPY"", ""TLT"", ""GLD""]}",5.0 bp risky purchases+sales; borrow rf+50.0 bp,results/20261004T003708-e3127963/E5-primary-a32ef04f38.csv,started,Attempt retained even if process fails,False
E5-primary-a32ef04f38,2026-10-04T00:39:38.148197+00:00,5f04159f52c645b6503f8744058f5d8b248158d9,26552dd9c109058ba93a75bb8ba5de1f6a85585b,e5f957a2b78b4a08cede2183cd59012f73beaffc38f0821d43bb458df08be222:5eb2ada6d8d007969c111064ae6c5de089e8bd61c0156cb49cc98484cea2b5d9,ef998cc492900540cd6d716e8b1a007a572285b8973686915aeb48ed597a7919,development+reused_validation,"{""base"": ""erc"", ""borrow_bps"": 50.0, ""cap"": 1.0, ""control"": ""event"", ""covariance_days"": 126, ""diagnostic"": ""primary"", ""family"": ""ensemble"", ""har_train_min"": 504, ""lookback"": 63, ""overlay"": true, ""static_exposure"": null, ""target"": 0.1, ""threshold"": 0.05, ""trial_id"": ""E5"", ""universe"": [""SPY"", ""TLT"", ""GLD""]}",5.0 bp risky purchases+sales; borrow rf+50.0 bp,results/20261004T003708-e3127963/E5-primary-a32ef04f38.csv,completed,Await validation,False
E5-matched_base-9466dad5f8,2026-10-04T00:39:39.888844+00:00,5f04159f52c645b6503f8744058f5d8b248158d9,5f04159f52c645b6503f8744058f5d8b248158d9,e5f957a2b78b4a08cede2183cd59012f73beaffc38f0821d43bb458df08be222:5eb2ada6d8d007969c111064ae6c5de089e8bd61c0156cb49cc98484cea2b5d9,c1f73d2ae78f6c36eba626f5d5734541aef0a1a00d636ad1c2a76b939479b6e2,development+reused_validation,"{""base"": ""erc"", ""borrow_bps"": 50.0, ""cap"": 1.0, ""control"": ""event"", ""covariance_days"": 126, ""diagnostic"": ""matched_base"", ""family"": ""ensemble"", ""har_train_min"": 504, ""lookback"": 63, ""overlay"": false, ""static_exposure"": null, ""target"": 0.1, ""threshold"": 0.05, ""trial_id"": ""E5"", ""universe"": [""SPY"", ""TLT"", ""GLD""]}",5.0 bp risky purchases+sales; borrow rf+50.0 bp,results/20261004T003708-e3127963/E5-matched_base-9466dad5f8.csv,started,Attempt retained even if process fails,False
E5-matched_base-9466dad5f8,2026-10-04T00:39:39.888844+00:00,5f04159f52c645b6503f8744058f5d8b248158d9,5f04159f52c645b6503f8744058f5d8b248158d9,e5f957a2b78b4a08cede2183cd59012f73beaffc38f0821d43bb458df08be222:5eb2ada6d8d007969c111064ae6c5de089e8bd61c0156cb49cc98484cea2b5d9,c1f73d2ae78f6c36eba626f5d5734541aef0a1a00d636ad1c2a76b939479b6e2,development+reused_validation,"{""base"": ""erc"", ""borrow_bps"": 50.0, ""cap"": 1.0, ""control"": ""event"", ""covariance_days"": 126, ""diagnostic"": ""matched_base"", ""family"": ""ensemble"", ""har_train_min"": 504, ""lookback"": 63, ""overlay"": false, ""static_exposure"": null, ""target"": 0.1, ""threshold"": 0.05, ""trial_id"": ""E5"", ""universe"": [""SPY"", ""TLT"", ""GLD""]}",5.0 bp risky purchases+sales; borrow rf+50.0 bp,results/20261004T003708-e3127963/E5-matched_base-9466dad5f8.csv,completed,No OOS retuning; diagnostic not eligible for selection,False
E6-primary-999ee59803,2026-10-04T00:39:41.589499+00:00,5f04159f52c645b6503f8744058f5d8b248158d9,5f04159f52c645b6503f8744058f5d8b248158d9,e5f957a2b78b4a08cede2183cd59012f73beaffc38f0821d43bb458df08be222:5eb2ada6d8d007969c111064ae6c5de089e8bd61c0156cb49cc98484cea2b5d9,94d15d1587e757e0f8c4bce6596d75f5198b5e3002e365b804af51c742bed8d9,development+reused_validation,"{""base"": ""erc"", ""borrow_bps"": 50.0, ""cap"": 1.0, ""control"": ""event"", ""covariance_days"": 126, ""diagnostic"": ""primary"", ""family"": ""ensemble"", ""har_train_min"": 504, ""lookback"": 63, ""overlay"": true, ""static_exposure"": null, ""target"": 0.1, ""threshold"": 0.05, ""trial_id"": ""E6"", ""universe"": [""QQQ"", ""IWM"", ""HYG"", ""TLT"", ""GLD"", ""DBC""]}",5.0 bp risky purchases+sales; borrow rf+50.0 bp,results/20261004T003708-e3127963/E6-primary-999ee59803.csv,started,Attempt retained even if process fails,False
E6-primary-999ee59803,2026-10-04T00:39:41.589499+00:00,5f04159f52c645b6503f8744058f5d8b248158d9,5f04159f52c645b6503f8744058f5d8b248158d9,e5f957a2b78b4a08cede2183cd59012f73beaffc38f0821d43bb458df08be222:5eb2ada6d8d007969c111064ae6c5de089e8bd61c0156cb49cc98484cea2b5d9,94d15d1587e757e0f8c4bce6596d75f5198b5e3002e365b804af51c742bed8d9,development+reused_validation,"{""base"": ""erc"", ""borrow_bps"": 50.0, ""cap"": 1.0, ""control"": ""event"", ""covariance_days"": 126, ""diagnostic"": ""primary"", ""family"": ""ensemble"", ""har_train_min"": 504, ""lookback"": 63, ""overlay"": true, ""static_exposure"": null, ""target"": 0.1, ""threshold"": 0.05, ""trial_id"": ""E6"", ""universe"": [""QQQ"", ""IWM"", ""HYG"", ""TLT"", ""GLD"", ""DBC""]}",5.0 bp risky purchases+sales; borrow rf+50.0 bp,results/20261004T003708-e3127963/E6-primary-999ee59803.csv,completed,Await validation,False
E6-matched_base-b88ea5cdfd,2026-10-04T00:39:44.010756+00:00,5f04159f52c645b6503f8744058f5d8b248158d9,5f04159f52c645b6503f8744058f5d8b248158d9,e5f957a2b78b4a08cede2183cd59012f73beaffc38f0821d43bb458df08be222:5eb2ada6d8d007969c111064ae6c5de089e8bd61c0156cb49cc98484cea2b5d9,27e470e4aaf331e09e2122b0eac8197d760efa99b3edd6dd562abb688dbc7bc2,development+reused_validation,"{""base"": ""erc"", ""borrow_bps"": 50.0, ""cap"": 1.0, ""control"": ""event"", ""covariance_days"": 126, ""diagnostic"": ""matched_base"", ""family"": ""ensemble"", ""har_train_min"": 504, ""lookback"": 63, ""overlay"": false, ""static_exposure"": null, ""target"": 0.1, ""threshold"": 0.05, ""trial_id"": ""E6"", ""universe"": [""QQQ"", ""IWM"", ""HYG"", ""TLT"", ""GLD"", ""DBC""]}",5.0 bp risky purchases+sales; borrow rf+50.0 bp,results/20261004T003708-e3127963/E6-matched_base-b88ea5cdfd.csv,started,Attempt retained even if process fails,False
E6-matched_base-b88ea5cdfd,2026-10-04T00:39:44.010756+00:00,5f04159f52c645b6503f8744058f5d8b248158d9,5f04159f52c645b6503f8744058f5d8b248158d9,e5f957a2b78b4a08cede2183cd59012f73beaffc38f0821d43bb458df08be222:5eb2ada6d8d007969c111064ae6c5de089e8bd61c0156cb49cc98484cea2b5d9,27e470e4aaf331e09e2122b0eac8197d760efa99b3edd6dd562abb688dbc7bc2,development+reused_validation,"{""base"": ""erc"", ""borrow_bps"": 50.0, ""cap"": 1.0, ""control"": ""event"", ""covariance_days"": 126, ""diagnostic"": ""matched_base"", ""family"": ""ensemble"", ""har_train_min"": 504, ""lookback"": 63, ""overlay"": false, ""static_exposure"": null, ""target"": 0.1, ""threshold"": 0.05, ""trial_id"": ""E6"", ""universe"": [""QQQ"", ""IWM"", ""HYG"", ""TLT"", ""GLD"", ""DBC""]}",5.0 bp risky purchases+sales; borrow rf+50.0 bp,results/20261004T003708-e3127963/E6-matched_base-b88ea5cdfd.csv,completed,No OOS retuning; diagnostic not eligible for selection,False
E7-primary-dc9dde1861,2026-10-04T00:39:46.382470+00:00,5f04159f52c645b6503f8744058f5d8b248158d9,5f04159f52c645b6503f8744058f5d8b248158d9,e5f957a2b78b4a08cede2183cd59012f73beaffc38f0821d43bb458df08be222:5eb2ada6d8d007969c111064ae6c5de089e8bd61c0156cb49cc98484cea2b5d9,4bcbdde62cb78978cdc465124ed3aabbaf3e6a110641d09297f68a1aaf6347da,development+reused_validation,"{""base"": ""equal"", ""borrow_bps"": 50.0, ""cap"": 1.0, ""control"": ""asymmetric"", ""covariance_days"": 126, ""diagnostic"": ""primary"", ""family"": ""ensemble"", ""har_train_min"": 504, ""lookback"": 63, ""overlay"": true, ""static_exposure"": null, ""target"": 0.1, ""threshold"": 0.05, ""trial_id"": ""E7"", ""universe"": [""SPY"", ""TLT"", ""GLD""]}",5.0 bp risky purchases+sales; borrow rf+50.0 bp,results/20261004T003708-e3127963/E7-primary-dc9dde1861.csv,started,Attempt retained even if process fails,False
E7-primary-dc9dde1861,2026-10-04T00:39:46.382470+00:00,5f04159f52c645b6503f8744058f5d8b248158d9,5f04159f52c645b6503f8744058f5d8b248158d9,e5f957a2b78b4a08cede2183cd59012f73beaffc38f0821d43bb458df08be222:5eb2ada6d8d007969c111064ae6c5de089e8bd61c0156cb49cc98484cea2b5d9,4bcbdde62cb78978cdc465124ed3aabbaf3e6a110641d09297f68a1aaf6347da,development+reused_validation,"{""base"": ""equal"", ""borrow_bps"": 50.0, ""cap"": 1.0, ""control"": ""asymmetric"", ""covariance_days"": 126, ""diagnostic"": ""primary"", ""family"": ""ensemble"", ""har_train_min"": 504, ""lookback"": 63, ""overlay"": true, ""static_exposure"": null, ""target"": 0.1, ""threshold"": 0.05, ""trial_id"": ""E7"", ""universe"": [""SPY"", ""TLT"", ""GLD""]}",5.0 bp risky purchases+sales; borrow rf+50.0 bp,results/20261004T003708-e3127963/E7-primary-dc9dde1861.csv,completed,Await validation,False
E7-matched_base-677c667eb5,2026-10-04T00:39:47.853324+00:00,5f04159f52c645b6503f8744058f5d8b248158d9,5f04159f52c645b6503f8744058f5d8b248158d9,e5f957a2b78b4a08cede2183cd59012f73beaffc38f0821d43bb458df08be222:5eb2ada6d8d007969c111064ae6c5de089e8bd61c0156cb49cc98484cea2b5d9,7df252357f6f1afb5e7dcefeb871999e5b336f10a6ced15fbd4409c084ac2835,development+reused_validation,"{""base"": ""equal"", ""borrow_bps"": 50.0, ""cap"": 1.0, ""control"": ""asymmetric"", ""covariance_days"": 126, ""diagnostic"": ""matched_base"", ""family"": ""ensemble"", ""har_train_min"": 504, ""lookback"": 63, ""overlay"": false, ""static_exposure"": null, ""target"": 0.1, ""threshold"": 0.05, ""trial_id"": ""E7"", ""universe"": [""SPY"", ""TLT"", ""GLD""]}",5.0 bp risky purchases+sales; borrow rf+50.0 bp,results/20261004T003708-e3127963/E7-matched_base-677c667eb5.csv,started,Attempt retained even if process fails,False
E7-matched_base-677c667eb5,2026-10-04T00:39:47.853324+00:00,5f04159f52c645b6503f8744058f5d8b248158d9,5f04159f52c645b6503f8744058f5d8b248158d9,e5f957a2b78b4a08cede2183cd59012f73beaffc38f0821d43bb458df08be222:5eb2ada6d8d007969c111064ae6c5de089e8bd61c0156cb49cc98484cea2b5d9,7df252357f6f1afb5e7dcefeb871999e5b336f10a6ced15fbd4409c084ac2835,development+reused_validation,"{""base"": ""equal"", ""borrow_bps"": 50.0, ""cap"": 1.0, ""control"": ""asymmetric"", ""covariance_days"": 126, ""diagnostic"": ""matched_base"", ""family"": ""ensemble"", ""har_train_min"": 504, ""lookback"": 63, ""overlay"": false, ""static_exposure"": null, ""target"": 0.1, ""threshold"": 0.05, ""trial_id"": ""E7"", ""universe"": [""SPY"", ""TLT"", ""GLD""]}",5.0 bp risky purchases+sales; borrow rf+50.0 bp,results/20261004T003708-e3127963/E7-matched_base-677c667eb5.csv,completed,No OOS retuning; diagnostic not eligible for selection,False
E8-primary-2f63b6fc2d,2026-10-04T00:39:49.318386+00:00,5f04159f52c645b6503f8744058f5d8b248158d9,5f04159f52c645b6503f8744058f5d8b248158d9,e5f957a2b78b4a08cede2183cd59012f73beaffc38f0821d43bb458df08be222:5eb2ada6d8d007969c111064ae6c5de089e8bd61c0156cb49cc98484cea2b5d9,ca1098cc13d82d6fc9233e86ff3720dc4c496b9023ba812efe8222c6c439045f,development+reused_validation,"{""base"": ""equal"", ""borrow_bps"": 50.0, ""cap"": 1.25, ""control"": ""asymmetric"", ""covariance_days"": 126, ""diagnostic"": ""primary"", ""family"": ""ensemble"", ""har_train_min"": 504, ""lookback"": 63, ""overlay"": true, ""static_exposure"": null, ""target"": 0.1, ""threshold"": 0.05, ""trial_id"": ""E8"", ""universe"": [""SPY"", ""TLT"", ""GLD""]}",5.0 bp risky purchases+sales; borrow rf+50.0 bp,results/20261004T003708-e3127963/E8-primary-2f63b6fc2d.csv,started,Attempt retained even if process fails,False
E8-primary-2f63b6fc2d,2026-10-04T00:39:49.318386+00:00,5f04159f52c645b6503f8744058f5d8b248158d9,5f04159f52c645b6503f8744058f5d8b248158d9,e5f957a2b78b4a08cede2183cd59012f73beaffc38f0821d43bb458df08be222:5eb2ada6d8d007969c111064ae6c5de089e8bd61c0156cb49cc98484cea2b5d9,ca1098cc13d82d6fc9233e86ff3720dc4c496b9023ba812efe8222c6c439045f,development+reused_validation,"{""base"": ""equal"", ""borrow_bps"": 50.0, ""cap"": 1.25, ""control"": ""asymmetric"", ""covariance_days"": 126, ""diagnostic"": ""primary"", ""family"": ""ensemble"", ""har_train_min"": 504, ""lookback"": 63, ""overlay"": true, ""static_exposure"": null, ""target"": 0.1, ""threshold"": 0.05, ""trial_id"": ""E8"", ""universe"": [""SPY"", ""TLT"", ""GLD""]}",5.0 bp risky purchases+sales; borrow rf+50.0 bp,results/20261004T003708-e3127963/E8-primary-2f63b6fc2d.csv,completed,Await validation,False
E8-matched_base-48337dab71,2026-10-04T00:39:51.562165+00:00,5f04159f52c645b6503f8744058f5d8b248158d9,5f04159f52c645b6503f8744058f5d8b248158d9,e5f957a2b78b4a08cede2183cd59012f73beaffc38f0821d43bb458df08be222:5eb2ada6d8d007969c111064ae6c5de089e8bd61c0156cb49cc98484cea2b5d9,ce6dfae1be3bce9d0f4682971ce19cdc990158cdd46ba0e27b97894e1cd8ad0a,development+reused_validation,"{""base"": ""equal"", ""borrow_bps"": 50.0, ""cap"": 1.25, ""control"": ""asymmetric"", ""covariance_days"": 126, ""diagnostic"": ""matched_base"", ""family"": ""ensemble"", ""har_train_min"": 504, ""lookback"": 63, ""overlay"": false, ""static_exposure"": null, ""target"": 0.1, ""threshold"": 0.05, ""trial_id"": ""E8"", ""universe"": [""SPY"", ""TLT"", ""GLD""]}",5.0 bp risky purchases+sales; borrow rf+50.0 bp,results/20261004T003708-e3127963/E8-matched_base-48337dab71.csv,started,Attempt retained even if process fails,False
E8-matched_base-48337dab71,2026-10-04T00:39:51.562165+00:00,5f04159f52c645b6503f8744058f5d8b248158d9,5f04159f52c645b6503f8744058f5d8b248158d9,e5f957a2b78b4a08cede2183cd59012f73beaffc38f0821d43bb458df08be222:5eb2ada6d8d007969c111064ae6c5de089e8bd61c0156cb49cc98484cea2b5d9,ce6dfae1be3bce9d0f4682971ce19cdc990158cdd46ba0e27b97894e1cd8ad0a,development+reused_validation,"{""base"": ""equal"", ""borrow_bps"": 50.0, ""cap"": 1.25, ""control"": ""asymmetric"", ""covariance_days"": 126, ""diagnostic"": ""matched_base"", ""family"": ""ensemble"", ""har_train_min"": 504, ""lookback"": 63, ""overlay"": false, ""static_exposure"": null, ""target"": 0.1, ""threshold"": 0.05, ""trial_id"": ""E8"", ""universe"": [""SPY"", ""TLT"", ""GLD""]}",5.0 bp risky purchases+sales; borrow rf+50.0 bp,results/20261004T003708-e3127963/E8-matched_base-48337dab71.csv,completed,No OOS retuning; diagnostic not eligible for selection,False
E0-double_cost-a737353b25,2026-10-04T00:39:53.120634+00:00,5f04159f52c645b6503f8744058f5d8b248158d9,5f04159f52c645b6503f8744058f5d8b248158d9,e5f957a2b78b4a08cede2183cd59012f73beaffc38f0821d43bb458df08be222:5eb2ada6d8d007969c111064ae6c5de089e8bd61c0156cb49cc98484cea2b5d9,10e5bd35185c132f371d1e08d5b511455876015f1f5b77bc576b73b28e08e290,development+reused_validation,"{""base"": ""equal"", ""borrow_bps"": 50.0, ""cap"": 1.0, ""control"": ""monthly"", ""covariance_days"": 126, ""diagnostic"": ""double_cost"", ""family"": ""trailing"", ""har_train_min"": 504, ""lookback"": 63, ""overlay"": true, ""static_exposure"": null, ""target"": 0.08, ""threshold"": 0.05, ""trial_id"": ""E0"", ""universe"": [""SPY"", ""TLT"", ""GLD""]}",10 bp risky purchases+sales; borrow rf+50.0 bp,results/20261004T003708-e3127963/E0-double_cost-a737353b25.csv,started,Attempt retained even if process fails,False
E0-double_cost-a737353b25,2026-10-04T00:39:53.120634+00:00,5f04159f52c645b6503f8744058f5d8b248158d9,5f04159f52c645b6503f8744058f5d8b248158d9,e5f957a2b78b4a08cede2183cd59012f73beaffc38f0821d43bb458df08be222:5eb2ada6d8d007969c111064ae6c5de089e8bd61c0156cb49cc98484cea2b5d9,10e5bd35185c132f371d1e08d5b511455876015f1f5b77bc576b73b28e08e290,development+reused_validation,"{""base"": ""equal"", ""borrow_bps"": 50.0, ""cap"": 1.0, ""control"": ""monthly"", ""covariance_days"": 126, ""diagnostic"": ""double_cost"", ""family"": ""trailing"", ""har_train_min"": 504, ""lookback"": 63, ""overlay"": true, ""static_exposure"": null, ""target"": 0.08, ""threshold"": 0.05, ""trial_id"": ""E0"", ""universe"": [""SPY"", ""TLT"", ""GLD""]}",10 bp risky purchases+sales; borrow rf+50.0 bp,results/20261004T003708-e3127963/E0-double_cost-a737353b25.csv,completed,No OOS retuning; diagnostic not eligible for selection,False
E0-double_cost_base-7a1059bd34,2026-10-04T00:39:54.354935+00:00,5f04159f52c645b6503f8744058f5d8b248158d9,5f04159f52c645b6503f8744058f5d8b248158d9,e5f957a2b78b4a08cede2183cd59012f73beaffc38f0821d43bb458df08be222:5eb2ada6d8d007969c111064ae6c5de089e8bd61c0156cb49cc98484cea2b5d9,83879e0d7633f8a4db5c5c744bc9b740e5aee76f20c285e9d9d765cae64d9a9a,development+reused_validation,"{""base"": ""equal"", ""borrow_bps"": 50.0, ""cap"": 1.0, ""control"": ""monthly"", ""covariance_days"": 126, ""diagnostic"": ""double_cost_base"", ""family"": ""trailing"", ""har_train_min"": 504, ""lookback"": 63, ""overlay"": false, ""static_exposure"": null, ""target"": 0.08, ""threshold"": 0.05, ""trial_id"": ""E0"", ""universe"": [""SPY"", ""TLT"", ""GLD""]}",10 bp risky purchases+sales; borrow rf+50.0 bp,results/20261004T003708-e3127963/E0-double_cost_base-7a1059bd34.csv,started,Attempt retained even if process fails,False
E0-double_cost_base-7a1059bd34,2026-10-04T00:39:54.354935+00:00,5f04159f52c645b6503f8744058f5d8b248158d9,5f04159f52c645b6503f8744058f5d8b248158d9,e5f957a2b78b4a08cede2183cd59012f73beaffc38f0821d43bb458df08be222:5eb2ada6d8d007969c111064ae6c5de089e8bd61c0156cb49cc98484cea2b5d9,83879e0d7633f8a4db5c5c744bc9b740e5aee76f20c285e9d9d765cae64d9a9a,development+reused_validation,"{""base"": ""equal"", ""borrow_bps"": 50.0, ""cap"": 1.0, ""control"": ""monthly"", ""covariance_days"": 126, ""diagnostic"": ""double_cost_base"", ""family"": ""trailing"", ""har_train_min"": 504, ""lookback"": 63, ""overlay"": false, ""static_exposure"": null, ""target"": 0.08, ""threshold"": 0.05, ""trial_id"": ""E0"", ""universe"": [""SPY"", ""TLT"", ""GLD""]}",10 bp risky purchases+sales; borrow rf+50.0 bp,results/20261004T003708-e3127963/E0-double_cost_base-7a1059bd34.csv,completed,No OOS retuning; diagnostic not eligible for selection,False
E0-target_low-dfdda98624,2026-10-04T00:39:55.780428+00:00,5f04159f52c645b6503f8744058f5d8b248158d9,5f04159f52c645b6503f8744058f5d8b248158d9,e5f957a2b78b4a08cede2183cd59012f73beaffc38f0821d43bb458df08be222:5eb2ada6d8d007969c111064ae6c5de089e8bd61c0156cb49cc98484cea2b5d9,ef14b56730e7942740fe5fe332cf794c823ff62dcd5392df002ac702186731f0,development+reused_validation,"{""base"": ""equal"", ""borrow_bps"": 50.0, ""cap"": 1.0, ""control"": ""monthly"", ""covariance_days"": 126, ""diagnostic"": ""target_low"", ""family"": ""trailing"", ""har_train_min"": 504, ""lookback"": 63, ""overlay"": true, ""static_exposure"": null, ""target"": 0.07, ""threshold"": 0.05, ""trial_id"": ""E0"", ""universe"": [""SPY"", ""TLT"", ""GLD""]}",5.0 bp risky purchases+sales; borrow rf+50.0 bp,results/20261004T003708-e3127963/E0-target_low-dfdda98624.csv,started,Attempt retained even if process fails,False
E0-target_low-dfdda98624,2026-10-04T00:39:55.780428+00:00,5f04159f52c645b6503f8744058f5d8b248158d9,5f04159f52c645b6503f8744058f5d8b248158d9,e5f957a2b78b4a08cede2183cd59012f73beaffc38f0821d43bb458df08be222:5eb2ada6d8d007969c111064ae6c5de089e8bd61c0156cb49cc98484cea2b5d9,ef14b56730e7942740fe5fe332cf794c823ff62dcd5392df002ac702186731f0,development+reused_validation,"{""base"": ""equal"", ""borrow_bps"": 50.0, ""cap"": 1.0, ""control"": ""monthly"", ""covariance_days"": 126, ""diagnostic"": ""target_low"", ""family"": ""trailing"", ""har_train_min"": 504, ""lookback"": 63, ""overlay"": true, ""static_exposure"": null, ""target"": 0.07, ""threshold"": 0.05, ""trial_id"": ""E0"", ""universe"": [""SPY"", ""TLT"", ""GLD""]}",5.0 bp risky purchases+sales; borrow rf+50.0 bp,results/20261004T003708-e3127963/E0-target_low-dfdda98624.csv,completed,No OOS retuning; diagnostic not eligible for selection,False
E0-target_low_base-c96060361e,2026-10-04T00:39:57.022102+00:00,5f04159f52c645b6503f8744058f5d8b248158d9,5f04159f52c645b6503f8744058f5d8b248158d9,e5f957a2b78b4a08cede2183cd59012f73beaffc38f0821d43bb458df08be222:5eb2ada6d8d007969c111064ae6c5de089e8bd61c0156cb49cc98484cea2b5d9,d6d377d28ae8accf06f2fbe964a8b6435c17475c520374d982e242cb7e13e003,development+reused_validation,"{""base"": ""equal"", ""borrow_bps"": 50.0, ""cap"": 1.0, ""control"": ""monthly"", ""covariance_days"": 126, ""diagnostic"": ""target_low_base"", ""family"": ""trailing"", ""har_train_min"": 504, ""lookback"": 63, ""overlay"": false, ""static_exposure"": null, ""target"": 0.07, ""threshold"": 0.05, ""trial_id"": ""E0"", ""universe"": [""SPY"", ""TLT"", ""GLD""]}",5.0 bp risky purchases+sales; borrow rf+50.0 bp,results/20261004T003708-e3127963/E0-target_low_base-c96060361e.csv,started,Attempt retained even if process fails,False
E0-target_low_base-c96060361e,2026-10-04T00:39:57.022102+00:00,5f04159f52c645b6503f8744058f5d8b248158d9,5f04159f52c645b6503f8744058f5d8b248158d9,e5f957a2b78b4a08cede2183cd59012f73beaffc38f0821d43bb458df08be222:5eb2ada6d8d007969c111064ae6c5de089e8bd61c0156cb49cc98484cea2b5d9,d6d377d28ae8accf06f2fbe964a8b6435c17475c520374d982e242cb7e13e003,development+reused_validation,"{""base"": ""equal"", ""borrow_bps"": 50.0, ""cap"": 1.0, ""control"": ""monthly"", ""covariance_days"": 126, ""diagnostic"": ""target_low_base"", ""family"": ""trailing"", ""har_train_min"": 504, ""lookback"": 63, ""overlay"": false, ""static_exposure"": null, ""target"": 0.07, ""threshold"": 0.05, ""trial_id"": ""E0"", ""universe"": [""SPY"", ""TLT"", ""GLD""]}",5.0 bp risky purchases+sales; borrow rf+50.0 bp,results/20261004T003708-e3127963/E0-target_low_base-c96060361e.csv,completed,No OOS retuning; diagnostic not eligible for selection,False
E0-target_high-ffff1bb798,2026-10-04T00:39:58.285345+00:00,5f04159f52c645b6503f8744058f5d8b248158d9,5f04159f52c645b6503f8744058f5d8b248158d9,e5f957a2b78b4a08cede2183cd59012f73beaffc38f0821d43bb458df08be222:5eb2ada6d8d007969c111064ae6c5de089e8bd61c0156cb49cc98484cea2b5d9,1b7b36deb5471cf6b31a6fc28427e9cd48e11add1eac397849cfdd2421a0ce19,development+reused_validation,"{""base"": ""equal"", ""borrow_bps"": 50.0, ""cap"": 1.0, ""control"": ""monthly"", ""covariance_days"": 126, ""diagnostic"": ""target_high"", ""family"": ""trailing"", ""har_train_min"": 504, ""lookback"": 63, ""overlay"": true, ""static_exposure"": null, ""target"": 0.09, ""threshold"": 0.05, ""trial_id"": ""E0"", ""universe"": [""SPY"", ""TLT"", ""GLD""]}",5.0 bp risky purchases+sales; borrow rf+50.0 bp,results/20261004T003708-e3127963/E0-target_high-ffff1bb798.csv,started,Attempt retained even if process fails,False
E0-target_high-ffff1bb798,2026-10-04T00:39:58.285345+00:00,5f04159f52c645b6503f8744058f5d8b248158d9,5f04159f52c645b6503f8744058f5d8b248158d9,e5f957a2b78b4a08cede2183cd59012f73beaffc38f0821d43bb458df08be222:5eb2ada6d8d007969c111064ae6c5de089e8bd61c0156cb49cc98484cea2b5d9,1b7b36deb5471cf6b31a6fc28427e9cd48e11add1eac397849cfdd2421a0ce19,development+reused_validation,"{""base"": ""equal"", ""borrow_bps"": 50.0, ""cap"": 1.0, ""control"": ""monthly"", ""covariance_days"": 126, ""diagnostic"": ""target_high"", ""family"": ""trailing"", ""har_train_min"": 504, ""lookback"": 63, ""overlay"": true, ""static_exposure"": null, ""target"": 0.09, ""threshold"": 0.05, ""trial_id"": ""E0"", ""universe"": [""SPY"", ""TLT"", ""GLD""]}",5.0 bp risky purchases+sales; borrow rf+50.0 bp,results/20261004T003708-e3127963/E0-target_high-ffff1bb798.csv,completed,No OOS retuning; diagnostic not eligible for selection,False
E0-target_high_base-129a9d164b,2026-10-04T00:39:59.514568+00:00,5f04159f52c645b6503f8744058f5d8b248158d9,5f04159f52c645b6503f8744058f5d8b248158d9,e5f957a2b78b4a08cede2183cd59012f73beaffc38f0821d43bb458df08be222:5eb2ada6d8d007969c111064ae6c5de089e8bd61c0156cb49cc98484cea2b5d9,febc37a74fd0c1558e1b7053c84740c19d966e70409dd58fd5f531e4f78e3d3e,development+reused_validation,"{""base"": ""equal"", ""borrow_bps"": 50.0, ""cap"": 1.0, ""control"": ""monthly"", ""covariance_days"": 126, ""diagnostic"": ""target_high_base"", ""family"": ""trailing"", ""har_train_min"": 504, ""lookback"": 63, ""overlay"": false, ""static_exposure"": null, ""target"": 0.09, ""threshold"": 0.05, ""trial_id"": ""E0"", ""universe"": [""SPY"", ""TLT"", ""GLD""]}",5.0 bp risky purchases+sales; borrow rf+50.0 bp,results/20261004T003708-e3127963/E0-target_high_base-129a9d164b.csv,started,Attempt retained even if process fails,False
E0-target_high_base-129a9d164b,2026-10-04T00:39:59.514568+00:00,5f04159f52c645b6503f8744058f5d8b248158d9,5f04159f52c645b6503f8744058f5d8b248158d9,e5f957a2b78b4a08cede2183cd59012f73beaffc38f0821d43bb458df08be222:5eb2ada6d8d007969c111064ae6c5de089e8bd61c0156cb49cc98484cea2b5d9,febc37a74fd0c1558e1b7053c84740c19d966e70409dd58fd5f531e4f78e3d3e,development+reused_validation,"{""base"": ""equal"", ""borrow_bps"": 50.0, ""cap"": 1.0, ""control"": ""monthly"", ""covariance_days"": 126, ""diagnostic"": ""target_high_base"", ""family"": ""trailing"", ""har_train_min"": 504, ""lookback"": 63, ""overlay"": false, ""static_exposure"": null, ""target"": 0.09, ""threshold"": 0.05, ""trial_id"": ""E0"", ""universe"": [""SPY"", ""TLT"", ""GLD""]}",5.0 bp risky purchases+sales; borrow rf+50.0 bp,results/20261004T003708-e3127963/E0-target_high_base-129a9d164b.csv,completed,No OOS retuning; diagnostic not eligible for selection,False
E0-lookback_low-aa94546bd6,2026-10-04T00:40:00.737637+00:00,5f04159f52c645b6503f8744058f5d8b248158d9,5f04159f52c645b6503f8744058f5d8b248158d9,e5f957a2b78b4a08cede2183cd59012f73beaffc38f0821d43bb458df08be222:5eb2ada6d8d007969c111064ae6c5de089e8bd61c0156cb49cc98484cea2b5d9,54ed7b0a54acd30faa72434162af58817acff3eba29482822a3d55445321f4a1,development+reused_validation,"{""base"": ""equal"", ""borrow_bps"": 50.0, ""cap"": 1.0, ""control"": ""monthly"", ""covariance_days"": 101, ""diagnostic"": ""lookback_low"", ""family"": ""trailing"", ""har_train_min"": 403, ""lookback"": 50, ""overlay"": true, ""static_exposure"": null, ""target"": 0.08, ""threshold"": 0.05, ""trial_id"": ""E0"", ""universe"": [""SPY"", ""TLT"", ""GLD""]}",5.0 bp risky purchases+sales; borrow rf+50.0 bp,results/20261004T003708-e3127963/E0-lookback_low-aa94546bd6.csv,started,Attempt retained even if process fails,False
E0-lookback_low-aa94546bd6,2026-10-04T00:40:00.737637+00:00,5f04159f52c645b6503f8744058f5d8b248158d9,5f04159f52c645b6503f8744058f5d8b248158d9,e5f957a2b78b4a08cede2183cd59012f73beaffc38f0821d43bb458df08be222:5eb2ada6d8d007969c111064ae6c5de089e8bd61c0156cb49cc98484cea2b5d9,54ed7b0a54acd30faa72434162af58817acff3eba29482822a3d55445321f4a1,development+reused_validation,"{""base"": ""equal"", ""borrow_bps"": 50.0, ""cap"": 1.0, ""control"": ""monthly"", ""covariance_days"": 101, ""diagnostic"": ""lookback_low"", ""family"": ""trailing"", ""har_train_min"": 403, ""lookback"": 50, ""overlay"": true, ""static_exposure"": null, ""target"": 0.08, ""threshold"": 0.05, ""trial_id"": ""E0"", ""universe"": [""SPY"", ""TLT"", ""GLD""]}",5.0 bp risky purchases+sales; borrow rf+50.0 bp,results/20261004T003708-e3127963/E0-lookback_low-aa94546bd6.csv,completed,No OOS retuning; diagnostic not eligible for selection,False
E0-lookback_low_base-30f20f1fba,2026-10-04T00:40:01.958287+00:00,5f04159f52c645b6503f8744058f5d8b248158d9,5f04159f52c645b6503f8744058f5d8b248158d9,e5f957a2b78b4a08cede2183cd59012f73beaffc38f0821d43bb458df08be222:5eb2ada6d8d007969c111064ae6c5de089e8bd61c0156cb49cc98484cea2b5d9,a924d1f537cbc5602331aa116167c304eee2f200159ae38e05af31484d6f7c82,development+reused_validation,"{""base"": ""equal"", ""borrow_bps"": 50.0, ""cap"": 1.0, ""control"": ""monthly"", ""covariance_days"": 101, ""diagnostic"": ""lookback_low_base"", ""family"": ""trailing"", ""har_train_min"": 403, ""lookback"": 50, ""overlay"": false, ""static_exposure"": null, ""target"": 0.08, ""threshold"": 0.05, ""trial_id"": ""E0"", ""universe"": [""SPY"", ""TLT"", ""GLD""]}",5.0 bp risky purchases+sales; borrow rf+50.0 bp,results/20261004T003708-e3127963/E0-lookback_low_base-30f20f1fba.csv,started,Attempt retained even if process fails,False
E0-lookback_low_base-30f20f1fba,2026-10-04T00:40:01.958287+00:00,5f04159f52c645b6503f8744058f5d8b248158d9,5f04159f52c645b6503f8744058f5d8b248158d9,e5f957a2b78b4a08cede2183cd59012f73beaffc38f0821d43bb458df08be222:5eb2ada6d8d007969c111064ae6c5de089e8bd61c0156cb49cc98484cea2b5d9,a924d1f537cbc5602331aa116167c304eee2f200159ae38e05af31484d6f7c82,development+reused_validation,"{""base"": ""equal"", ""borrow_bps"": 50.0, ""cap"": 1.0, ""control"": ""monthly"", ""covariance_days"": 101, ""diagnostic"": ""lookback_low_base"", ""family"": ""trailing"", ""har_train_min"": 403, ""lookback"": 50, ""overlay"": false, ""static_exposure"": null, ""target"": 0.08, ""threshold"": 0.05, ""trial_id"": ""E0"", ""universe"": [""SPY"", ""TLT"", ""GLD""]}",5.0 bp risky purchases+sales; borrow rf+50.0 bp,results/20261004T003708-e3127963/E0-lookback_low_base-30f20f1fba.csv,completed,No OOS retuning; diagnostic not eligible for selection,False
E0-lookback_high-57d17e8a48,2026-10-04T00:40:03.192140+00:00,5f04159f52c645b6503f8744058f5d8b248158d9,5f04159f52c645b6503f8744058f5d8b248158d9,e5f957a2b78b4a08cede2183cd59012f73beaffc38f0821d43bb458df08be222:5eb2ada6d8d007969c111064ae6c5de089e8bd61c0156cb49cc98484cea2b5d9,63ecda21bcd8b7a85b053fc7f499490560dd3255c1a4f984bf86230d8ded1d8f,development+reused_validation,"{""base"": ""equal"", ""borrow_bps"": 50.0, ""cap"": 1.0, ""control"": ""monthly"", ""covariance_days"": 151, ""diagnostic"": ""lookback_high"", ""family"": ""trailing"", ""har_train_min"": 605, ""lookback"": 76, ""overlay"": true, ""static_exposure"": null, ""target"": 0.08, ""threshold"": 0.05, ""trial_id"": ""E0"", ""universe"": [""SPY"", ""TLT"", ""GLD""]}",5.0 bp risky purchases+sales; borrow rf+50.0 bp,results/20261004T003708-e3127963/E0-lookback_high-57d17e8a48.csv,started,Attempt retained even if process fails,False
E0-lookback_high-57d17e8a48,2026-10-04T00:40:03.192140+00:00,5f04159f52c645b6503f8744058f5d8b248158d9,5f04159f52c645b6503f8744058f5d8b248158d9,e5f957a2b78b4a08cede2183cd59012f73beaffc38f0821d43bb458df08be222:5eb2ada6d8d007969c111064ae6c5de089e8bd61c0156cb49cc98484cea2b5d9,63ecda21bcd8b7a85b053fc7f499490560dd3255c1a4f984bf86230d8ded1d8f,development+reused_validation,"{""base"": ""equal"", ""borrow_bps"": 50.0, ""cap"": 1.0, ""control"": ""monthly"", ""covariance_days"": 151, ""diagnostic"": ""lookback_high"", ""family"": ""trailing"", ""har_train_min"": 605, ""lookback"": 76, ""overlay"": true, ""static_exposure"": null, ""target"": 0.08, ""threshold"": 0.05, ""trial_id"": ""E0"", ""universe"": [""SPY"", ""TLT"", ""GLD""]}",5.0 bp risky purchases+sales; borrow rf+50.0 bp,results/20261004T003708-e3127963/E0-lookback_high-57d17e8a48.csv,completed,No OOS retuning; diagnostic not eligible for selection,False
E0-lookback_high_base-8b449c3695,2026-10-04T00:40:04.446705+00:00,5f04159f52c645b6503f8744058f5d8b248158d9,5f04159f52c645b6503f8744058f5d8b248158d9,e5f957a2b78b4a08cede2183cd59012f73beaffc38f0821d43bb458df08be222:5eb2ada6d8d007969c111064ae6c5de089e8bd61c0156cb49cc98484cea2b5d9,e7d57e4ea503a70f8383d0fbfd664d7eadc2f56d6fa0525a0be9ee23ef17a940,development+reused_validation,"{""base"": ""equal"", ""borrow_bps"": 50.0, ""cap"": 1.0, ""control"": ""monthly"", ""covariance_days"": 151, ""diagnostic"": ""lookback_high_base"", ""family"": ""trailing"", ""har_train_min"": 605, ""lookback"": 76, ""overlay"": false, ""static_exposure"": null, ""target"": 0.08, ""threshold"": 0.05, ""trial_id"": ""E0"", ""universe"": [""SPY"", ""TLT"", ""GLD""]}",5.0 bp risky purchases+sales; borrow rf+50.0 bp,results/20261004T003708-e3127963/E0-lookback_high_base-8b449c3695.csv,started,Attempt retained even if process fails,False
E0-lookback_high_base-8b449c3695,2026-10-04T00:40:04.446705+00:00,5f04159f52c645b6503f8744058f5d8b248158d9,5f04159f52c645b6503f8744058f5d8b248158d9,e5f957a2b78b4a08cede2183cd59012f73beaffc38f0821d43bb458df08be222:5eb2ada6d8d007969c111064ae6c5de089e8bd61c0156cb49cc98484cea2b5d9,e7d57e4ea503a70f8383d0fbfd664d7eadc2f56d6fa0525a0be9ee23ef17a940,development+reused_validation,"{""base"": ""equal"", ""borrow_bps"": 50.0, ""cap"": 1.0, ""control"": ""monthly"", ""covariance_days"": 151, ""diagnostic"": ""lookback_high_base"", ""family"": ""trailing"", ""har_train_min"": 605, ""lookback"": 76, ""overlay"": false, ""static_exposure"": null, ""target"": 0.08, ""threshold"": 0.05, ""trial_id"": ""E0"", ""universe"": [""SPY"", ""TLT"", ""GLD""]}",5.0 bp risky purchases+sales; borrow rf+50.0 bp,results/20261004T003708-e3127963/E0-lookback_high_base-8b449c3695.csv,completed,No OOS retuning; diagnostic not eligible for selection,False
E0-trigger_low-3a8e631cd4,2026-10-04T00:40:05.678144+00:00,5f04159f52c645b6503f8744058f5d8b248158d9,5f04159f52c645b6503f8744058f5d8b248158d9,e5f957a2b78b4a08cede2183cd59012f73beaffc38f0821d43bb458df08be222:5eb2ada6d8d007969c111064ae6c5de089e8bd61c0156cb49cc98484cea2b5d9,77a41e4a8457e275ba370ec6e44f7953b6f3da252301fd3388a93ab08b0fe9a8,development+reused_validation,"{""base"": ""equal"", ""borrow_bps"": 50.0, ""cap"": 1.0, ""control"": ""monthly"", ""covariance_days"": 126, ""diagnostic"": ""trigger_low"", ""family"": ""trailing"", ""har_train_min"": 504, ""lookback"": 63, ""overlay"": true, ""static_exposure"": null, ""target"": 0.08, ""threshold"": 0.04, ""trial_id"": ""E0"", ""universe"": [""SPY"", ""TLT"", ""GLD""]}",5.0 bp risky purchases+sales; borrow rf+50.0 bp,results/20261004T003708-e3127963/E0-trigger_low-3a8e631cd4.csv,started,Attempt retained even if process fails,False
E0-trigger_low-3a8e631cd4,2026-10-04T00:40:05.678144+00:00,5f04159f52c645b6503f8744058f5d8b248158d9,5f04159f52c645b6503f8744058f5d8b248158d9,e5f957a2b78b4a08cede2183cd59012f73beaffc38f0821d43bb458df08be222:5eb2ada6d8d007969c111064ae6c5de089e8bd61c0156cb49cc98484cea2b5d9,77a41e4a8457e275ba370ec6e44f7953b6f3da252301fd3388a93ab08b0fe9a8,development+reused_validation,"{""base"": ""equal"", ""borrow_bps"": 50.0, ""cap"": 1.0, ""control"": ""monthly"", ""covariance_days"": 126, ""diagnostic"": ""trigger_low"", ""family"": ""trailing"", ""har_train_min"": 504, ""lookback"": 63, ""overlay"": true, ""static_exposure"": null, ""target"": 0.08, ""threshold"": 0.04, ""trial_id"": ""E0"", ""universe"": [""SPY"", ""TLT"", ""GLD""]}",5.0 bp risky purchases+sales; borrow rf+50.0 bp,results/20261004T003708-e3127963/E0-trigger_low-3a8e631cd4.csv,completed,No OOS retuning; diagnostic not eligible for selection,False
E0-trigger_low_base-7c498228df,2026-10-04T00:40:06.911210+00:00,5f04159f52c645b6503f8744058f5d8b248158d9,5f04159f52c645b6503f8744058f5d8b248158d9,e5f957a2b78b4a08cede2183cd59012f73beaffc38f0821d43bb458df08be222:5eb2ada6d8d007969c111064ae6c5de089e8bd61c0156cb49cc98484cea2b5d9,7e46bc0d984c560a40138fd8a5170470f397d230057d970cc9676d1b91f0d233,development+reused_validation,"{""base"": ""equal"", ""borrow_bps"": 50.0, ""cap"": 1.0, ""control"": ""monthly"", ""covariance_days"": 126, ""diagnostic"": ""trigger_low_base"", ""family"": ""trailing"", ""har_train_min"": 504, ""lookback"": 63, ""overlay"": false, ""static_exposure"": null, ""target"": 0.08, ""threshold"": 0.04, ""trial_id"": ""E0"", ""universe"": [""SPY"", ""TLT"", ""GLD""]}",5.0 bp risky purchases+sales; borrow rf+50.0 bp,results/20261004T003708-e3127963/E0-trigger_low_base-7c498228df.csv,started,Attempt retained even if process fails,False
E0-trigger_low_base-7c498228df,2026-10-04T00:40:06.911210+00:00,5f04159f52c645b6503f8744058f5d8b248158d9,5f04159f52c645b6503f8744058f5d8b248158d9,e5f957a2b78b4a08cede2183cd59012f73beaffc38f0821d43bb458df08be222:5eb2ada6d8d007969c111064ae6c5de089e8bd61c0156cb49cc98484cea2b5d9,7e46bc0d984c560a40138fd8a5170470f397d230057d970cc9676d1b91f0d233,development+reused_validation,"{""base"": ""equal"", ""borrow_bps"": 50.0, ""cap"": 1.0, ""control"": ""monthly"", ""covariance_days"": 126, ""diagnostic"": ""trigger_low_base"", ""family"": ""trailing"", ""har_train_min"": 504, ""lookback"": 63, ""overlay"": false, ""static_exposure"": null, ""target"": 0.08, ""threshold"": 0.04, ""trial_id"": ""E0"", ""universe"": [""SPY"", ""TLT"", ""GLD""]}",5.0 bp risky purchases+sales; borrow rf+50.0 bp,results/20261004T003708-e3127963/E0-trigger_low_base-7c498228df.csv,completed,No OOS retuning; diagnostic not eligible for selection,False
E0-trigger_high-5d895fe3e2,2026-10-04T00:40:08.189002+00:00,5f04159f52c645b6503f8744058f5d8b248158d9,5f04159f52c645b6503f8744058f5d8b248158d9,e5f957a2b78b4a08cede2183cd59012f73beaffc38f0821d43bb458df08be222:5eb2ada6d8d007969c111064ae6c5de089e8bd61c0156cb49cc98484cea2b5d9,10d784228c23f36cc4e03e244d80d1f561639b7bf70f1aa1810b89ac55d04573,development+reused_validation,"{""base"": ""equal"", ""borrow_bps"": 50.0, ""cap"": 1.0, ""control"": ""monthly"", ""covariance_days"": 126, ""diagnostic"": ""trigger_high"", ""family"": ""trailing"", ""har_train_min"": 504, ""lookback"": 63, ""overlay"": true, ""static_exposure"": null, ""target"": 0.08, ""threshold"": 0.06, ""trial_id"": ""E0"", ""universe"": [""SPY"", ""TLT"", ""GLD""]}",5.0 bp risky purchases+sales; borrow rf+50.0 bp,results/20261004T003708-e3127963/E0-trigger_high-5d895fe3e2.csv,started,Attempt retained even if process fails,False
E0-trigger_high-5d895fe3e2,2026-10-04T00:40:08.189002+00:00,5f04159f52c645b6503f8744058f5d8b248158d9,5f04159f52c645b6503f8744058f5d8b248158d9,e5f957a2b78b4a08cede2183cd59012f73beaffc38f0821d43bb458df08be222:5eb2ada6d8d007969c111064ae6c5de089e8bd61c0156cb49cc98484cea2b5d9,10d784228c23f36cc4e03e244d80d1f561639b7bf70f1aa1810b89ac55d04573,development+reused_validation,"{""base"": ""equal"", ""borrow_bps"": 50.0, ""cap"": 1.0, ""control"": ""monthly"", ""covariance_days"": 126, ""diagnostic"": ""trigger_high"", ""family"": ""trailing"", ""har_train_min"": 504, ""lookback"": 63, ""overlay"": true, ""static_exposure"": null, ""target"": 0.08, ""threshold"": 0.06, ""trial_id"": ""E0"", ""universe"": [""SPY"", ""TLT"", ""GLD""]}",5.0 bp risky purchases+sales; borrow rf+50.0 bp,results/20261004T003708-e3127963/E0-trigger_high-5d895fe3e2.csv,completed,No OOS retuning; diagnostic not eligible for selection,False
E0-trigger_high_base-696d4cf2cc,2026-10-04T00:40:09.437444+00:00,5f04159f52c645b6503f8744058f5d8b248158d9,5f04159f52c645b6503f8744058f5d8b248158d9,e5f957a2b78b4a08cede2183cd59012f73beaffc38f0821d43bb458df08be222:5eb2ada6d8d007969c111064ae6c5de089e8bd61c0156cb49cc98484cea2b5d9,29c01fcdb4a690374870c95f0ab0467bf3d31981fc12092d6e48980365f80b5d,development+reused_validation,"{""base"": ""equal"", ""borrow_bps"": 50.0, ""cap"": 1.0, ""control"": ""monthly"", ""covariance_days"": 126, ""diagnostic"": ""trigger_high_base"", ""family"": ""trailing"", ""har_train_min"": 504, ""lookback"": 63, ""overlay"": false, ""static_exposure"": null, ""target"": 0.08, ""threshold"": 0.06, ""trial_id"": ""E0"", ""universe"": [""SPY"", ""TLT"", ""GLD""]}",5.0 bp risky purchases+sales; borrow rf+50.0 bp,results/20261004T003708-e3127963/E0-trigger_high_base-696d4cf2cc.csv,started,Attempt retained even if process fails,False
E0-trigger_high_base-696d4cf2cc,2026-10-04T00:40:09.437444+00:00,5f04159f52c645b6503f8744058f5d8b248158d9,5f04159f52c645b6503f8744058f5d8b248158d9,e5f957a2b78b4a08cede2183cd59012f73beaffc38f0821d43bb458df08be222:5eb2ada6d8d007969c111064ae6c5de089e8bd61c0156cb49cc98484cea2b5d9,29c01fcdb4a690374870c95f0ab0467bf3d31981fc12092d6e48980365f80b5d,development+reused_validation,"{""base"": ""equal"", ""borrow_bps"": 50.0, ""cap"": 1.0, ""control"": ""monthly"", ""covariance_days"": 126, ""diagnostic"": ""trigger_high_base"", ""family"": ""trailing"", ""har_train_min"": 504, ""lookback"": 63, ""overlay"": false, ""static_exposure"": null, ""target"": 0.08, ""threshold"": 0.06, ""trial_id"": ""E0"", ""universe"": [""SPY"", ""TLT"", ""GLD""]}",5.0 bp risky purchases+sales; borrow rf+50.0 bp,results/20261004T003708-e3127963/E0-trigger_high_base-696d4cf2cc.csv,completed,No OOS retuning; diagnostic not eligible for selection,False
E1-9-double_cost-238d97906a,2026-10-04T00:40:10.756034+00:00,5f04159f52c645b6503f8744058f5d8b248158d9,5f04159f52c645b6503f8744058f5d8b248158d9,e5f957a2b78b4a08cede2183cd59012f73beaffc38f0821d43bb458df08be222:5eb2ada6d8d007969c111064ae6c5de089e8bd61c0156cb49cc98484cea2b5d9,d0c1538ee0918c04ee545326cf232713bbb64fafa6fc3800b7ddd3069221fd15,development+reused_validation,"{""base"": ""equal"", ""borrow_bps"": 50.0, ""cap"": 1.0, ""control"": ""event"", ""covariance_days"": 126, ""diagnostic"": ""double_cost"", ""family"": ""ensemble"", ""har_train_min"": 504, ""lookback"": 63, ""overlay"": true, ""static_exposure"": null, ""target"": 0.09, ""threshold"": 0.05, ""trial_id"": ""E1-9"", ""universe"": [""SPY"", ""TLT"", ""GLD""]}",10 bp risky purchases+sales; borrow rf+50.0 bp,results/20261004T003708-e3127963/E1-9-double_cost-238d97906a.csv,started,Attempt retained even if process fails,False
E1-9-double_cost-238d97906a,2026-10-04T00:40:10.756034+00:00,5f04159f52c645b6503f8744058f5d8b248158d9,5f04159f52c645b6503f8744058f5d8b248158d9,e5f957a2b78b4a08cede2183cd59012f73beaffc38f0821d43bb458df08be222:5eb2ada6d8d007969c111064ae6c5de089e8bd61c0156cb49cc98484cea2b5d9,d0c1538ee0918c04ee545326cf232713bbb64fafa6fc3800b7ddd3069221fd15,development+reused_validation,"{""base"": ""equal"", ""borrow_bps"": 50.0, ""cap"": 1.0, ""control"": ""event"", ""covariance_days"": 126, ""diagnostic"": ""double_cost"", ""family"": ""ensemble"", ""har_train_min"": 504, ""lookback"": 63, ""overlay"": true, ""static_exposure"": null, ""target"": 0.09, ""threshold"": 0.05, ""trial_id"": ""E1-9"", ""universe"": [""SPY"", ""TLT"", ""GLD""]}",10 bp risky purchases+sales; borrow rf+50.0 bp,results/20261004T003708-e3127963/E1-9-double_cost-238d97906a.csv,completed,No OOS retuning; diagnostic not eligible for selection,False
E1-9-double_cost_base-c20e079785,2026-10-04T00:40:12.260341+00:00,5f04159f52c645b6503f8744058f5d8b248158d9,5f04159f52c645b6503f8744058f5d8b248158d9,e5f957a2b78b4a08cede2183cd59012f73beaffc38f0821d43bb458df08be222:5eb2ada6d8d007969c111064ae6c5de089e8bd61c0156cb49cc98484cea2b5d9,f12d8ac8bfb676dd21dfe3e30f22c531037411a538961b75ce503bf5ab0fd0c7,development+reused_validation,"{""base"": ""equal"", ""borrow_bps"": 50.0, ""cap"": 1.0, ""control"": ""event"", ""covariance_days"": 126, ""diagnostic"": ""double_cost_base"", ""family"": ""ensemble"", ""har_train_min"": 504, ""lookback"": 63, ""overlay"": false, ""static_exposure"": null, ""target"": 0.09, ""threshold"": 0.05, ""trial_id"": ""E1-9"", ""universe"": [""SPY"", ""TLT"", ""GLD""]}",10 bp risky purchases+sales; borrow rf+50.0 bp,results/20261004T003708-e3127963/E1-9-double_cost_base-c20e079785.csv,started,Attempt retained even if process fails,False
E1-9-double_cost_base-c20e079785,2026-10-04T00:40:12.260341+00:00,5f04159f52c645b6503f8744058f5d8b248158d9,5f04159f52c645b6503f8744058f5d8b248158d9,e5f957a2b78b4a08cede2183cd59012f73beaffc38f0821d43bb458df08be222:5eb2ada6d8d007969c111064ae6c5de089e8bd61c0156cb49cc98484cea2b5d9,f12d8ac8bfb676dd21dfe3e30f22c531037411a538961b75ce503bf5ab0fd0c7,development+reused_validation,"{""base"": ""equal"", ""borrow_bps"": 50.0, ""cap"": 1.0, ""control"": ""event"", ""covariance_days"": 126, ""diagnostic"": ""double_cost_base"", ""family"": ""ensemble"", ""har_train_min"": 504, ""lookback"": 63, ""overlay"": false, ""static_exposure"": null, ""target"": 0.09, ""threshold"": 0.05, ""trial_id"": ""E1-9"", ""universe"": [""SPY"", ""TLT"", ""GLD""]}",10 bp risky purchases+sales; borrow rf+50.0 bp,results/20261004T003708-e3127963/E1-9-double_cost_base-c20e079785.csv,completed,No OOS retuning; diagnostic not eligible for selection,False
E1-9-target_low-71748b23de,2026-10-04T00:40:13.913768+00:00,5f04159f52c645b6503f8744058f5d8b248158d9,5f04159f52c645b6503f8744058f5d8b248158d9,e5f957a2b78b4a08cede2183cd59012f73beaffc38f0821d43bb458df08be222:5eb2ada6d8d007969c111064ae6c5de089e8bd61c0156cb49cc98484cea2b5d9,91ff3674eb41444b052d58a859a58356f58a7e048b84d3cb047a60335b23bc53,development+reused_validation,"{""base"": ""equal"", ""borrow_bps"": 50.0, ""cap"": 1.0, ""control"": ""event"", ""covariance_days"": 126, ""diagnostic"": ""target_low"", ""family"": ""ensemble"", ""har_train_min"": 504, ""lookback"": 63, ""overlay"": true, ""static_exposure"": null, ""target"": 0.08, ""threshold"": 0.05, ""trial_id"": ""E1-9"", ""universe"": [""SPY"", ""TLT"", ""GLD""]}",5.0 bp risky purchases+sales; borrow rf+50.0 bp,results/20261004T003708-e3127963/E1-9-target_low-71748b23de.csv,started,Attempt retained even if process fails,False
E1-9-target_low-71748b23de,2026-10-04T00:40:13.913768+00:00,5f04159f52c645b6503f8744058f5d8b248158d9,5f04159f52c645b6503f8744058f5d8b248158d9,e5f957a2b78b4a08cede2183cd59012f73beaffc38f0821d43bb458df08be222:5eb2ada6d8d007969c111064ae6c5de089e8bd61c0156cb49cc98484cea2b5d9,91ff3674eb41444b052d58a859a58356f58a7e048b84d3cb047a60335b23bc53,development+reused_validation,"{""base"": ""equal"", ""borrow_bps"": 50.0, ""cap"": 1.0, ""control"": ""event"", ""covariance_days"": 126, ""diagnostic"": ""target_low"", ""family"": ""ensemble"", ""har_train_min"": 504, ""lookback"": 63, ""overlay"": true, ""static_exposure"": null, ""target"": 0.08, ""threshold"": 0.05, ""trial_id"": ""E1-9"", ""universe"": [""SPY"", ""TLT"", ""GLD""]}",5.0 bp risky purchases+sales; borrow rf+50.0 bp,results/20261004T003708-e3127963/E1-9-target_low-71748b23de.csv,completed,No OOS retuning; diagnostic not eligible for selection,False
E1-9-target_low_base-b30c08eeb8,2026-10-04T00:40:15.412873+00:00,5f04159f52c645b6503f8744058f5d8b248158d9,5f04159f52c645b6503f8744058f5d8b248158d9,e5f957a2b78b4a08cede2183cd59012f73beaffc38f0821d43bb458df08be222:5eb2ada6d8d007969c111064ae6c5de089e8bd61c0156cb49cc98484cea2b5d9,9b094116da426020a83e2f5c1b81fedc398794e8931c0d1af76a7101ecf6392a,development+reused_validation,"{""base"": ""equal"", ""borrow_bps"": 50.0, ""cap"": 1.0, ""control"": ""event"", ""covariance_days"": 126, ""diagnostic"": ""target_low_base"", ""family"": ""ensemble"", ""har_train_min"": 504, ""lookback"": 63, ""overlay"": false, ""static_exposure"": null, ""target"": 0.08, ""threshold"": 0.05, ""trial_id"": ""E1-9"", ""universe"": [""SPY"", ""TLT"", ""GLD""]}",5.0 bp risky purchases+sales; borrow rf+50.0 bp,results/20261004T003708-e3127963/E1-9-target_low_base-b30c08eeb8.csv,started,Attempt retained even if process fails,False
E1-9-target_low_base-b30c08eeb8,2026-10-04T00:40:15.412873+00:00,5f04159f52c645b6503f8744058f5d8b248158d9,5f04159f52c645b6503f8744058f5d8b248158d9,e5f957a2b78b4a08cede2183cd59012f73beaffc38f0821d43bb458df08be222:5eb2ada6d8d007969c111064ae6c5de089e8bd61c0156cb49cc98484cea2b5d9,9b094116da426020a83e2f5c1b81fedc398794e8931c0d1af76a7101ecf6392a,development+reused_validation,"{""base"": ""equal"", ""borrow_bps"": 50.0, ""cap"": 1.0, ""control"": ""event"", ""covariance_days"": 126, ""diagnostic"": ""target_low_base"", ""family"": ""ensemble"", ""har_train_min"": 504, ""lookback"": 63, ""overlay"": false, ""static_exposure"": null, ""target"": 0.08, ""threshold"": 0.05, ""trial_id"": ""E1-9"", ""universe"": [""SPY"", ""TLT"", ""GLD""]}",5.0 bp risky purchases+sales; borrow rf+50.0 bp,results/20261004T003708-e3127963/E1-9-target_low_base-b30c08eeb8.csv,completed,No OOS retuning; diagnostic not eligible for selection,False
E1-9-target_high-dd8fa0756d,2026-10-04T00:40:16.897920+00:00,5f04159f52c645b6503f8744058f5d8b248158d9,5f04159f52c645b6503f8744058f5d8b248158d9,e5f957a2b78b4a08cede2183cd59012f73beaffc38f0821d43bb458df08be222:5eb2ada6d8d007969c111064ae6c5de089e8bd61c0156cb49cc98484cea2b5d9,28ff862eba4faddb9ff8caa249db97f2ff957c4d3d5e89c4a91b47355964cee1,development+reused_validation,"{""base"": ""equal"", ""borrow_bps"": 50.0, ""cap"": 1.0, ""control"": ""event"", ""covariance_days"": 126, ""diagnostic"": ""target_high"", ""family"": ""ensemble"", ""har_train_min"": 504, ""lookback"": 63, ""overlay"": true, ""static_exposure"": null, ""target"": 0.09999999999999999, ""threshold"": 0.05, ""trial_id"": ""E1-9"", ""universe"": [""SPY"", ""TLT"", ""GLD""]}",5.0 bp risky purchases+sales; borrow rf+50.0 bp,results/20261004T003708-e3127963/E1-9-target_high-dd8fa0756d.csv,started,Attempt retained even if process fails,False
E1-9-target_high-dd8fa0756d,2026-10-04T00:40:16.897920+00:00,5f04159f52c645b6503f8744058f5d8b248158d9,5f04159f52c645b6503f8744058f5d8b248158d9,e5f957a2b78b4a08cede2183cd59012f73beaffc38f0821d43bb458df08be222:5eb2ada6d8d007969c111064ae6c5de089e8bd61c0156cb49cc98484cea2b5d9,28ff862eba4faddb9ff8caa249db97f2ff957c4d3d5e89c4a91b47355964cee1,development+reused_validation,"{""base"": ""equal"", ""borrow_bps"": 50.0, ""cap"": 1.0, ""control"": ""event"", ""covariance_days"": 126, ""diagnostic"": ""target_high"", ""family"": ""ensemble"", ""har_train_min"": 504, ""lookback"": 63, ""overlay"": true, ""static_exposure"": null, ""target"": 0.09999999999999999, ""threshold"": 0.05, ""trial_id"": ""E1-9"", ""universe"": [""SPY"", ""TLT"", ""GLD""]}",5.0 bp risky purchases+sales; borrow rf+50.0 bp,results/20261004T003708-e3127963/E1-9-target_high-dd8fa0756d.csv,completed,No OOS retuning; diagnostic not eligible for selection,False
E1-9-target_high_base-0bf0bca8ff,2026-10-04T00:40:18.422055+00:00,5f04159f52c645b6503f8744058f5d8b248158d9,5f04159f52c645b6503f8744058f5d8b248158d9,e5f957a2b78b4a08cede2183cd59012f73beaffc38f0821d43bb458df08be222:5eb2ada6d8d007969c111064ae6c5de089e8bd61c0156cb49cc98484cea2b5d9,b801b84d34039c0054a3065402b462c91bd31bdd6807559480f358666b932d63,development+reused_validation,"{""base"": ""equal"", ""borrow_bps"": 50.0, ""cap"": 1.0, ""control"": ""event"", ""covariance_days"": 126, ""diagnostic"": ""target_high_base"", ""family"": ""ensemble"", ""har_train_min"": 504, ""lookback"": 63, ""overlay"": false, ""static_exposure"": null, ""target"": 0.09999999999999999, ""threshold"": 0.05, ""trial_id"": ""E1-9"", ""universe"": [""SPY"", ""TLT"", ""GLD""]}",5.0 bp risky purchases+sales; borrow rf+50.0 bp,results/20261004T003708-e3127963/E1-9-target_high_base-0bf0bca8ff.csv,started,Attempt retained even if process fails,False
E1-9-target_high_base-0bf0bca8ff,2026-10-04T00:40:18.422055+00:00,5f04159f52c645b6503f8744058f5d8b248158d9,5f04159f52c645b6503f8744058f5d8b248158d9,e5f957a2b78b4a08cede2183cd59012f73beaffc38f0821d43bb458df08be222:5eb2ada6d8d007969c111064ae6c5de089e8bd61c0156cb49cc98484cea2b5d9,b801b84d34039c0054a3065402b462c91bd31bdd6807559480f358666b932d63,development+reused_validation,"{""base"": ""equal"", ""borrow_bps"": 50.0, ""cap"": 1.0, ""control"": ""event"", ""covariance_days"": 126, ""diagnostic"": ""target_high_base"", ""family"": ""ensemble"", ""har_train_min"": 504, ""lookback"": 63, ""overlay"": false, ""static_exposure"": null, ""target"": 0.09999999999999999, ""threshold"": 0.05, ""trial_id"": ""E1-9"", ""universe"": [""SPY"", ""TLT"", ""GLD""]}",5.0 bp risky purchases+sales; borrow rf+50.0 bp,results/20261004T003708-e3127963/E1-9-target_high_base-0bf0bca8ff.csv,completed,No OOS retuning; diagnostic not eligible for selection,False
E1-9-lookback_low-03656d06d2,2026-10-04T00:40:19.900963+00:00,5f04159f52c645b6503f8744058f5d8b248158d9,5f04159f52c645b6503f8744058f5d8b248158d9,e5f957a2b78b4a08cede2183cd59012f73beaffc38f0821d43bb458df08be222:5eb2ada6d8d007969c111064ae6c5de089e8bd61c0156cb49cc98484cea2b5d9,e814da1fff7f9490c44c92e85f754bc06946b3d5e2f61c02c385637009a8a699,development+reused_validation,"{""base"": ""equal"", ""borrow_bps"": 50.0, ""cap"": 1.0, ""control"": ""event"", ""covariance_days"": 101, ""diagnostic"": ""lookback_low"", ""family"": ""ensemble"", ""har_train_min"": 403, ""lookback"": 50, ""overlay"": true, ""static_exposure"": null, ""target"": 0.09, ""threshold"": 0.05, ""trial_id"": ""E1-9"", ""universe"": [""SPY"", ""TLT"", ""GLD""]}",5.0 bp risky purchases+sales; borrow rf+50.0 bp,results/20261004T003708-e3127963/E1-9-lookback_low-03656d06d2.csv,started,Attempt retained even if process fails,False
E1-9-lookback_low-03656d06d2,2026-10-04T00:40:19.900963+00:00,5f04159f52c645b6503f8744058f5d8b248158d9,5f04159f52c645b6503f8744058f5d8b248158d9,e5f957a2b78b4a08cede2183cd59012f73beaffc38f0821d43bb458df08be222:5eb2ada6d8d007969c111064ae6c5de089e8bd61c0156cb49cc98484cea2b5d9,e814da1fff7f9490c44c92e85f754bc06946b3d5e2f61c02c385637009a8a699,development+reused_validation,"{""base"": ""equal"", ""borrow_bps"": 50.0, ""cap"": 1.0, ""control"": ""event"", ""covariance_days"": 101, ""diagnostic"": ""lookback_low"", ""family"": ""ensemble"", ""har_train_min"": 403, ""lookback"": 50, ""overlay"": true, ""static_exposure"": null, ""target"": 0.09, ""threshold"": 0.05, ""trial_id"": ""E1-9"", ""universe"": [""SPY"", ""TLT"", ""GLD""]}",5.0 bp risky purchases+sales; borrow rf+50.0 bp,results/20261004T003708-e3127963/E1-9-lookback_low-03656d06d2.csv,completed,No OOS retuning; diagnostic not eligible for selection,False
E1-9-lookback_low_base-8467edbdef,2026-10-04T00:40:21.391782+00:00,5f04159f52c645b6503f8744058f5d8b248158d9,5f04159f52c645b6503f8744058f5d8b248158d9,e5f957a2b78b4a08cede2183cd59012f73beaffc38f0821d43bb458df08be222:5eb2ada6d8d007969c111064ae6c5de089e8bd61c0156cb49cc98484cea2b5d9,cb93dfd0723ed350565901e65df5f9f502f26539989d6c38f04508586053adc3,development+reused_validation,"{""base"": ""equal"", ""borrow_bps"": 50.0, ""cap"": 1.0, ""control"": ""event"", ""covariance_days"": 101, ""diagnostic"": ""lookback_low_base"", ""family"": ""ensemble"", ""har_train_min"": 403, ""lookback"": 50, ""overlay"": false, ""static_exposure"": null, ""target"": 0.09, ""threshold"": 0.05, ""trial_id"": ""E1-9"", ""universe"": [""SPY"", ""TLT"", ""GLD""]}",5.0 bp risky purchases+sales; borrow rf+50.0 bp,results/20261004T003708-e3127963/E1-9-lookback_low_base-8467edbdef.csv,started,Attempt retained even if process fails,False
E1-9-lookback_low_base-8467edbdef,2026-10-04T00:40:21.391782+00:00,5f04159f52c645b6503f8744058f5d8b248158d9,5f04159f52c645b6503f8744058f5d8b248158d9,e5f957a2b78b4a08cede2183cd59012f73beaffc38f0821d43bb458df08be222:5eb2ada6d8d007969c111064ae6c5de089e8bd61c0156cb49cc98484cea2b5d9,cb93dfd0723ed350565901e65df5f9f502f26539989d6c38f04508586053adc3,development+reused_validation,"{""base"": ""equal"", ""borrow_bps"": 50.0, ""cap"": 1.0, ""control"": ""event"", ""covariance_days"": 101, ""diagnostic"": ""lookback_low_base"", ""family"": ""ensemble"", ""har_train_min"": 403, ""lookback"": 50, ""overlay"": false, ""static_exposure"": null, ""target"": 0.09, ""threshold"": 0.05, ""trial_id"": ""E1-9"", ""universe"": [""SPY"", ""TLT"", ""GLD""]}",5.0 bp risky purchases+sales; borrow rf+50.0 bp,results/20261004T003708-e3127963/E1-9-lookback_low_base-8467edbdef.csv,completed,No OOS retuning; diagnostic not eligible for selection,False
E1-9-lookback_high-c4e480738f,2026-10-04T00:40:22.851047+00:00,5f04159f52c645b6503f8744058f5d8b248158d9,5f04159f52c645b6503f8744058f5d8b248158d9,e5f957a2b78b4a08cede2183cd59012f73beaffc38f0821d43bb458df08be222:5eb2ada6d8d007969c111064ae6c5de089e8bd61c0156cb49cc98484cea2b5d9,e7059ce2322770a9b4d131b6a485549daa0cee4768fe0641ea3c8e09a71e3be2,development+reused_validation,"{""base"": ""equal"", ""borrow_bps"": 50.0, ""cap"": 1.0, ""control"": ""event"", ""covariance_days"": 151, ""diagnostic"": ""lookback_high"", ""family"": ""ensemble"", ""har_train_min"": 605, ""lookback"": 76, ""overlay"": true, ""static_exposure"": null, ""target"": 0.09, ""threshold"": 0.05, ""trial_id"": ""E1-9"", ""universe"": [""SPY"", ""TLT"", ""GLD""]}",5.0 bp risky purchases+sales; borrow rf+50.0 bp,results/20261004T003708-e3127963/E1-9-lookback_high-c4e480738f.csv,started,Attempt retained even if process fails,False
E1-9-lookback_high-c4e480738f,2026-10-04T00:40:22.851047+00:00,5f04159f52c645b6503f8744058f5d8b248158d9,5f04159f52c645b6503f8744058f5d8b248158d9,e5f957a2b78b4a08cede2183cd59012f73beaffc38f0821d43bb458df08be222:5eb2ada6d8d007969c111064ae6c5de089e8bd61c0156cb49cc98484cea2b5d9,e7059ce2322770a9b4d131b6a485549daa0cee4768fe0641ea3c8e09a71e3be2,development+reused_validation,"{""base"": ""equal"", ""borrow_bps"": 50.0, ""cap"": 1.0, ""control"": ""event"", ""covariance_days"": 151, ""diagnostic"": ""lookback_high"", ""family"": ""ensemble"", ""har_train_min"": 605, ""lookback"": 76, ""overlay"": true, ""static_exposure"": null, ""target"": 0.09, ""threshold"": 0.05, ""trial_id"": ""E1-9"", ""universe"": [""SPY"", ""TLT"", ""GLD""]}",5.0 bp risky purchases+sales; borrow rf+50.0 bp,results/20261004T003708-e3127963/E1-9-lookback_high-c4e480738f.csv,completed,No OOS retuning; diagnostic not eligible for selection,False
E1-9-lookback_high_base-8ca90ea3d2,2026-10-04T00:40:24.324214+00:00,5f04159f52c645b6503f8744058f5d8b248158d9,5f04159f52c645b6503f8744058f5d8b248158d9,e5f957a2b78b4a08cede2183cd59012f73beaffc38f0821d43bb458df08be222:5eb2ada6d8d007969c111064ae6c5de089e8bd61c0156cb49cc98484cea2b5d9,c6ed5baa5b0bb427ad984b561ab780b744d5d7bf2de68b9b3f05f1dbeae4c3b2,development+reused_validation,"{""base"": ""equal"", ""borrow_bps"": 50.0, ""cap"": 1.0, ""control"": ""event"", ""covariance_days"": 151, ""diagnostic"": ""lookback_high_base"", ""family"": ""ensemble"", ""har_train_min"": 605, ""lookback"": 76, ""overlay"": false, ""static_exposure"": null, ""target"": 0.09, ""threshold"": 0.05, ""trial_id"": ""E1-9"", ""universe"": [""SPY"", ""TLT"", ""GLD""]}",5.0 bp risky purchases+sales; borrow rf+50.0 bp,results/20261004T003708-e3127963/E1-9-lookback_high_base-8ca90ea3d2.csv,started,Attempt retained even if process fails,False
E1-9-lookback_high_base-8ca90ea3d2,2026-10-04T00:40:24.324214+00:00,5f04159f52c645b6503f8744058f5d8b248158d9,5f04159f52c645b6503f8744058f5d8b248158d9,e5f957a2b78b4a08cede2183cd59012f73beaffc38f0821d43bb458df08be222:5eb2ada6d8d007969c111064ae6c5de089e8bd61c0156cb49cc98484cea2b5d9,c6ed5baa5b0bb427ad984b561ab780b744d5d7bf2de68b9b3f05f1dbeae4c3b2,development+reused_validation,"{""base"": ""equal"", ""borrow_bps"": 50.0, ""cap"": 1.0, ""control"": ""event"", ""covariance_days"": 151, ""diagnostic"": ""lookback_high_base"", ""family"": ""ensemble"", ""har_train_min"": 605, ""lookback"": 76, ""overlay"": false, ""static_exposure"": null, ""target"": 0.09, ""threshold"": 0.05, ""trial_id"": ""E1-9"", ""universe"": [""SPY"", ""TLT"", ""GLD""]}",5.0 bp risky purchases+sales; borrow rf+50.0 bp,results/20261004T003708-e3127963/E1-9-lookback_high_base-8ca90ea3d2.csv,completed,No OOS retuning; diagnostic not eligible for selection,False
E1-9-trigger_low-d5f5b0c170,2026-10-04T00:40:25.826024+00:00,5f04159f52c645b6503f8744058f5d8b248158d9,5f04159f52c645b6503f8744058f5d8b248158d9,e5f957a2b78b4a08cede2183cd59012f73beaffc38f0821d43bb458df08be222:5eb2ada6d8d007969c111064ae6c5de089e8bd61c0156cb49cc98484cea2b5d9,2a414968281e6365706e6808d9d744b8c2aa90afc4e379ebf4b605b2af53a5ba,development+reused_validation,"{""base"": ""equal"", ""borrow_bps"": 50.0, ""cap"": 1.0, ""control"": ""event"", ""covariance_days"": 126, ""diagnostic"": ""trigger_low"", ""family"": ""ensemble"", ""har_train_min"": 504, ""lookback"": 63, ""overlay"": true, ""static_exposure"": null, ""target"": 0.09, ""threshold"": 0.04, ""trial_id"": ""E1-9"", ""universe"": [""SPY"", ""TLT"", ""GLD""]}",5.0 bp risky purchases+sales; borrow rf+50.0 bp,results/20261004T003708-e3127963/E1-9-trigger_low-d5f5b0c170.csv,started,Attempt retained even if process fails,False
E1-9-trigger_low-d5f5b0c170,2026-10-04T00:40:25.826024+00:00,5f04159f52c645b6503f8744058f5d8b248158d9,5f04159f52c645b6503f8744058f5d8b248158d9,e5f957a2b78b4a08cede2183cd59012f73beaffc38f0821d43bb458df08be222:5eb2ada6d8d007969c111064ae6c5de089e8bd61c0156cb49cc98484cea2b5d9,2a414968281e6365706e6808d9d744b8c2aa90afc4e379ebf4b605b2af53a5ba,development+reused_validation,"{""base"": ""equal"", ""borrow_bps"": 50.0, ""cap"": 1.0, ""control"": ""event"", ""covariance_days"": 126, ""diagnostic"": ""trigger_low"", ""family"": ""ensemble"", ""har_train_min"": 504, ""lookback"": 63, ""overlay"": true, ""static_exposure"": null, ""target"": 0.09, ""threshold"": 0.04, ""trial_id"": ""E1-9"", ""universe"": [""SPY"", ""TLT"", ""GLD""]}",5.0 bp risky purchases+sales; borrow rf+50.0 bp,results/20261004T003708-e3127963/E1-9-trigger_low-d5f5b0c170.csv,completed,No OOS retuning; diagnostic not eligible for selection,False
E1-9-trigger_low_base-5d0c974f4a,2026-10-04T00:40:27.311689+00:00,5f04159f52c645b6503f8744058f5d8b248158d9,5f04159f52c645b6503f8744058f5d8b248158d9,e5f957a2b78b4a08cede2183cd59012f73beaffc38f0821d43bb458df08be222:5eb2ada6d8d007969c111064ae6c5de089e8bd61c0156cb49cc98484cea2b5d9,a7104776d2dc6e1d22d99e1d7892c70e95d2d257496107960956251f9c9a9ce3,development+reused_validation,"{""base"": ""equal"", ""borrow_bps"": 50.0, ""cap"": 1.0, ""control"": ""event"", ""covariance_days"": 126, ""diagnostic"": ""trigger_low_base"", ""family"": ""ensemble"", ""har_train_min"": 504, ""lookback"": 63, ""overlay"": false, ""static_exposure"": null, ""target"": 0.09, ""threshold"": 0.04, ""trial_id"": ""E1-9"", ""universe"": [""SPY"", ""TLT"", ""GLD""]}",5.0 bp risky purchases+sales; borrow rf+50.0 bp,results/20261004T003708-e3127963/E1-9-trigger_low_base-5d0c974f4a.csv,started,Attempt retained even if process fails,False
E1-9-trigger_low_base-5d0c974f4a,2026-10-04T00:40:27.311689+00:00,5f04159f52c645b6503f8744058f5d8b248158d9,5f04159f52c645b6503f8744058f5d8b248158d9,e5f957a2b78b4a08cede2183cd59012f73beaffc38f0821d43bb458df08be222:5eb2ada6d8d007969c111064ae6c5de089e8bd61c0156cb49cc98484cea2b5d9,a7104776d2dc6e1d22d99e1d7892c70e95d2d257496107960956251f9c9a9ce3,development+reused_validation,"{""base"": ""equal"", ""borrow_bps"": 50.0, ""cap"": 1.0, ""control"": ""event"", ""covariance_days"": 126, ""diagnostic"": ""trigger_low_base"", ""family"": ""ensemble"", ""har_train_min"": 504, ""lookback"": 63, ""overlay"": false, ""static_exposure"": null, ""target"": 0.09, ""threshold"": 0.04, ""trial_id"": ""E1-9"", ""universe"": [""SPY"", ""TLT"", ""GLD""]}",5.0 bp risky purchases+sales; borrow rf+50.0 bp,results/20261004T003708-e3127963/E1-9-trigger_low_base-5d0c974f4a.csv,completed,No OOS retuning; diagnostic not eligible for selection,False
E1-9-trigger_high-e478f1ed12,2026-10-04T00:40:28.779276+00:00,5f04159f52c645b6503f8744058f5d8b248158d9,5f04159f52c645b6503f8744058f5d8b248158d9,e5f957a2b78b4a08cede2183cd59012f73beaffc38f0821d43bb458df08be222:5eb2ada6d8d007969c111064ae6c5de089e8bd61c0156cb49cc98484cea2b5d9,78b4b361ca2d02379e0837282a80320b2f7560d0e22d5c31efb4b0da150c29eb,development+reused_validation,"{""base"": ""equal"", ""borrow_bps"": 50.0, ""cap"": 1.0, ""control"": ""event"", ""covariance_days"": 126, ""diagnostic"": ""trigger_high"", ""family"": ""ensemble"", ""har_train_min"": 504, ""lookback"": 63, ""overlay"": true, ""static_exposure"": null, ""target"": 0.09, ""threshold"": 0.06, ""trial_id"": ""E1-9"", ""universe"": [""SPY"", ""TLT"", ""GLD""]}",5.0 bp risky purchases+sales; borrow rf+50.0 bp,results/20261004T003708-e3127963/E1-9-trigger_high-e478f1ed12.csv,started,Attempt retained even if process fails,False
E1-9-trigger_high-e478f1ed12,2026-10-04T00:40:28.779276+00:00,5f04159f52c645b6503f8744058f5d8b248158d9,5f04159f52c645b6503f8744058f5d8b248158d9,e5f957a2b78b4a08cede2183cd59012f73beaffc38f0821d43bb458df08be222:5eb2ada6d8d007969c111064ae6c5de089e8bd61c0156cb49cc98484cea2b5d9,78b4b361ca2d02379e0837282a80320b2f7560d0e22d5c31efb4b0da150c29eb,development+reused_validation,"{""base"": ""equal"", ""borrow_bps"": 50.0, ""cap"": 1.0, ""control"": ""event"", ""covariance_days"": 126, ""diagnostic"": ""trigger_high"", ""family"": ""ensemble"", ""har_train_min"": 504, ""lookback"": 63, ""overlay"": true, ""static_exposure"": null, ""target"": 0.09, ""threshold"": 0.06, ""trial_id"": ""E1-9"", ""universe"": [""SPY"", ""TLT"", ""GLD""]}",5.0 bp risky purchases+sales; borrow rf+50.0 bp,results/20261004T003708-e3127963/E1-9-trigger_high-e478f1ed12.csv,completed,No OOS retuning; diagnostic not eligible for selection,False
E1-9-trigger_high_base-ffddc9c1c6,2026-10-04T00:40:30.251831+00:00,5f04159f52c645b6503f8744058f5d8b248158d9,5f04159f52c645b6503f8744058f5d8b248158d9,e5f957a2b78b4a08cede2183cd59012f73beaffc38f0821d43bb458df08be222:5eb2ada6d8d007969c111064ae6c5de089e8bd61c0156cb49cc98484cea2b5d9,04580a2e12fa7eb6f440e6b1ac97611c7a58643554042f60411cb607acf1bbc9,development+reused_validation,"{""base"": ""equal"", ""borrow_bps"": 50.0, ""cap"": 1.0, ""control"": ""event"", ""covariance_days"": 126, ""diagnostic"": ""trigger_high_base"", ""family"": ""ensemble"", ""har_train_min"": 504, ""lookback"": 63, ""overlay"": false, ""static_exposure"": null, ""target"": 0.09, ""threshold"": 0.06, ""trial_id"": ""E1-9"", ""universe"": [""SPY"", ""TLT"", ""GLD""]}",5.0 bp risky purchases+sales; borrow rf+50.0 bp,results/20261004T003708-e3127963/E1-9-trigger_high_base-ffddc9c1c6.csv,started,Attempt retained even if process fails,False
E1-9-trigger_high_base-ffddc9c1c6,2026-10-04T00:40:30.251831+00:00,5f04159f52c645b6503f8744058f5d8b248158d9,5f04159f52c645b6503f8744058f5d8b248158d9,e5f957a2b78b4a08cede2183cd59012f73beaffc38f0821d43bb458df08be222:5eb2ada6d8d007969c111064ae6c5de089e8bd61c0156cb49cc98484cea2b5d9,04580a2e12fa7eb6f440e6b1ac97611c7a58643554042f60411cb607acf1bbc9,development+reused_validation,"{""base"": ""equal"", ""borrow_bps"": 50.0, ""cap"": 1.0, ""control"": ""event"", ""covariance_days"": 126, ""diagnostic"": ""trigger_high_base"", ""family"": ""ensemble"", ""har_train_min"": 504, ""lookback"": 63, ""overlay"": false, ""static_exposure"": null, ""target"": 0.09, ""threshold"": 0.06, ""trial_id"": ""E1-9"", ""universe"": [""SPY"", ""TLT"", ""GLD""]}",5.0 bp risky purchases+sales; borrow rf+50.0 bp,results/20261004T003708-e3127963/E1-9-trigger_high_base-ffddc9c1c6.csv,completed,No OOS retuning; diagnostic not eligible for selection,False
E1-10-double_cost-5d70087376,2026-10-04T00:40:31.761594+00:00,5f04159f52c645b6503f8744058f5d8b248158d9,5f04159f52c645b6503f8744058f5d8b248158d9,e5f957a2b78b4a08cede2183cd59012f73beaffc38f0821d43bb458df08be222:5eb2ada6d8d007969c111064ae6c5de089e8bd61c0156cb49cc98484cea2b5d9,c41a9467466a6cd54cd1d2f60d827671c3baea596d15f997304f6c7f0299e68d,development+reused_validation,"{""base"": ""equal"", ""borrow_bps"": 50.0, ""cap"": 1.0, ""control"": ""event"", ""covariance_days"": 126, ""diagnostic"": ""double_cost"", ""family"": ""ensemble"", ""har_train_min"": 504, ""lookback"": 63, ""overlay"": true, ""static_exposure"": null, ""target"": 0.1, ""threshold"": 0.05, ""trial_id"": ""E1-10"", ""universe"": [""SPY"", ""TLT"", ""GLD""]}",10 bp risky purchases+sales; borrow rf+50.0 bp,results/20261004T003708-e3127963/E1-10-double_cost-5d70087376.csv,started,Attempt retained even if process fails,False
E1-10-double_cost-5d70087376,2026-10-04T00:40:31.761594+00:00,5f04159f52c645b6503f8744058f5d8b248158d9,5f04159f52c645b6503f8744058f5d8b248158d9,e5f957a2b78b4a08cede2183cd59012f73beaffc38f0821d43bb458df08be222:5eb2ada6d8d007969c111064ae6c5de089e8bd61c0156cb49cc98484cea2b5d9,c41a9467466a6cd54cd1d2f60d827671c3baea596d15f997304f6c7f0299e68d,development+reused_validation,"{""base"": ""equal"", ""borrow_bps"": 50.0, ""cap"": 1.0, ""control"": ""event"", ""covariance_days"": 126, ""diagnostic"": ""double_cost"", ""family"": ""ensemble"", ""har_train_min"": 504, ""lookback"": 63, ""overlay"": true, ""static_exposure"": null, ""target"": 0.1, ""threshold"": 0.05, ""trial_id"": ""E1-10"", ""universe"": [""SPY"", ""TLT"", ""GLD""]}",10 bp risky purchases+sales; borrow rf+50.0 bp,results/20261004T003708-e3127963/E1-10-double_cost-5d70087376.csv,completed,No OOS retuning; diagnostic not eligible for selection,False
E1-10-double_cost_base-0a4803f345,2026-10-04T00:40:33.270760+00:00,5f04159f52c645b6503f8744058f5d8b248158d9,5f04159f52c645b6503f8744058f5d8b248158d9,e5f957a2b78b4a08cede2183cd59012f73beaffc38f0821d43bb458df08be222:5eb2ada6d8d007969c111064ae6c5de089e8bd61c0156cb49cc98484cea2b5d9,77d4a5962a7c63b72e838e25642085a811eaf2c7723d9a789347fcba59a45366,development+reused_validation,"{""base"": ""equal"", ""borrow_bps"": 50.0, ""cap"": 1.0, ""control"": ""event"", ""covariance_days"": 126, ""diagnostic"": ""double_cost_base"", ""family"": ""ensemble"", ""har_train_min"": 504, ""lookback"": 63, ""overlay"": false, ""static_exposure"": null, ""target"": 0.1, ""threshold"": 0.05, ""trial_id"": ""E1-10"", ""universe"": [""SPY"", ""TLT"", ""GLD""]}",10 bp risky purchases+sales; borrow rf+50.0 bp,results/20261004T003708-e3127963/E1-10-double_cost_base-0a4803f345.csv,started,Attempt retained even if process fails,False
E1-10-double_cost_base-0a4803f345,2026-10-04T00:40:33.270760+00:00,5f04159f52c645b6503f8744058f5d8b248158d9,5f04159f52c645b6503f8744058f5d8b248158d9,e5f957a2b78b4a08cede2183cd59012f73beaffc38f0821d43bb458df08be222:5eb2ada6d8d007969c111064ae6c5de089e8bd61c0156cb49cc98484cea2b5d9,77d4a5962a7c63b72e838e25642085a811eaf2c7723d9a789347fcba59a45366,development+reused_validation,"{""base"": ""equal"", ""borrow_bps"": 50.0, ""cap"": 1.0, ""control"": ""event"", ""covariance_days"": 126, ""diagnostic"": ""double_cost_base"", ""family"": ""ensemble"", ""har_train_min"": 504, ""lookback"": 63, ""overlay"": false, ""static_exposure"": null, ""target"": 0.1, ""threshold"": 0.05, ""trial_id"": ""E1-10"", ""universe"": [""SPY"", ""TLT"", ""GLD""]}",10 bp risky purchases+sales; borrow rf+50.0 bp,results/20261004T003708-e3127963/E1-10-double_cost_base-0a4803f345.csv,completed,No OOS retuning; diagnostic not eligible for selection,False
E1-10-target_low-59875724d7,2026-10-04T00:40:35.020259+00:00,5f04159f52c645b6503f8744058f5d8b248158d9,5f04159f52c645b6503f8744058f5d8b248158d9,e5f957a2b78b4a08cede2183cd59012f73beaffc38f0821d43bb458df08be222:5eb2ada6d8d007969c111064ae6c5de089e8bd61c0156cb49cc98484cea2b5d9,22d22cf7b5a2cf18dca35fe840b2f67315695a3b2b675aee02a9f9556c5bdf95,development+reused_validation,"{""base"": ""equal"", ""borrow_bps"": 50.0, ""cap"": 1.0, ""control"": ""event"", ""covariance_days"": 126, ""diagnostic"": ""target_low"", ""family"": ""ensemble"", ""har_train_min"": 504, ""lookback"": 63, ""overlay"": true, ""static_exposure"": null, ""target"": 0.09000000000000001, ""threshold"": 0.05, ""trial_id"": ""E1-10"", ""universe"": [""SPY"", ""TLT"", ""GLD""]}",5.0 bp risky purchases+sales; borrow rf+50.0 bp,results/20261004T003708-e3127963/E1-10-target_low-59875724d7.csv,started,Attempt retained even if process fails,False
E1-10-target_low-59875724d7,2026-10-04T00:40:35.020259+00:00,5f04159f52c645b6503f8744058f5d8b248158d9,5f04159f52c645b6503f8744058f5d8b248158d9,e5f957a2b78b4a08cede2183cd59012f73beaffc38f0821d43bb458df08be222:5eb2ada6d8d007969c111064ae6c5de089e8bd61c0156cb49cc98484cea2b5d9,22d22cf7b5a2cf18dca35fe840b2f67315695a3b2b675aee02a9f9556c5bdf95,development+reused_validation,"{""base"": ""equal"", ""borrow_bps"": 50.0, ""cap"": 1.0, ""control"": ""event"", ""covariance_days"": 126, ""diagnostic"": ""target_low"", ""family"": ""ensemble"", ""har_train_min"": 504, ""lookback"": 63, ""overlay"": true, ""static_exposure"": null, ""target"": 0.09000000000000001, ""threshold"": 0.05, ""trial_id"": ""E1-10"", ""universe"": [""SPY"", ""TLT"", ""GLD""]}",5.0 bp risky purchases+sales; borrow rf+50.0 bp,results/20261004T003708-e3127963/E1-10-target_low-59875724d7.csv,completed,No OOS retuning; diagnostic not eligible for selection,False
E1-10-target_low_base-f2e3622cd1,2026-10-04T00:40:36.570982+00:00,5f04159f52c645b6503f8744058f5d8b248158d9,5f04159f52c645b6503f8744058f5d8b248158d9,e5f957a2b78b4a08cede2183cd59012f73beaffc38f0821d43bb458df08be222:5eb2ada6d8d007969c111064ae6c5de089e8bd61c0156cb49cc98484cea2b5d9,30cedf264e3ea07fec7a4438e744b56e70743cc1f42f39e9aef2c82557d22232,development+reused_validation,"{""base"": ""equal"", ""borrow_bps"": 50.0, ""cap"": 1.0, ""control"": ""event"", ""covariance_days"": 126, ""diagnostic"": ""target_low_base"", ""family"": ""ensemble"", ""har_train_min"": 504, ""lookback"": 63, ""overlay"": false, ""static_exposure"": null, ""target"": 0.09000000000000001, ""threshold"": 0.05, ""trial_id"": ""E1-10"", ""universe"": [""SPY"", ""TLT"", ""GLD""]}",5.0 bp risky purchases+sales; borrow rf+50.0 bp,results/20261004T003708-e3127963/E1-10-target_low_base-f2e3622cd1.csv,started,Attempt retained even if process fails,False
E1-10-target_low_base-f2e3622cd1,2026-10-04T00:40:36.570982+00:00,5f04159f52c645b6503f8744058f5d8b248158d9,5f04159f52c645b6503f8744058f5d8b248158d9,e5f957a2b78b4a08cede2183cd59012f73beaffc38f0821d43bb458df08be222:5eb2ada6d8d007969c111064ae6c5de089e8bd61c0156cb49cc98484cea2b5d9,30cedf264e3ea07fec7a4438e744b56e70743cc1f42f39e9aef2c82557d22232,development+reused_validation,"{""base"": ""equal"", ""borrow_bps"": 50.0, ""cap"": 1.0, ""control"": ""event"", ""covariance_days"": 126, ""diagnostic"": ""target_low_base"", ""family"": ""ensemble"", ""har_train_min"": 504, ""lookback"": 63, ""overlay"": false, ""static_exposure"": null, ""target"": 0.09000000000000001, ""threshold"": 0.05, ""trial_id"": ""E1-10"", ""universe"": [""SPY"", ""TLT"", ""GLD""]}",5.0 bp risky purchases+sales; borrow rf+50.0 bp,results/20261004T003708-e3127963/E1-10-target_low_base-f2e3622cd1.csv,completed,No OOS retuning; diagnostic not eligible for selection,False
E1-10-target_high-f14e2f2d0a,2026-10-04T00:40:38.059299+00:00,5f04159f52c645b6503f8744058f5d8b248158d9,5f04159f52c645b6503f8744058f5d8b248158d9,e5f957a2b78b4a08cede2183cd59012f73beaffc38f0821d43bb458df08be222:5eb2ada6d8d007969c111064ae6c5de089e8bd61c0156cb49cc98484cea2b5d9,8a3c31a39024afdca8dfbf47fb3e9dd4e58efc916b5b027823b3d3bc6e0fa8ca,development+reused_validation,"{""base"": ""equal"", ""borrow_bps"": 50.0, ""cap"": 1.0, ""control"": ""event"", ""covariance_days"": 126, ""diagnostic"": ""target_high"", ""family"": ""ensemble"", ""har_train_min"": 504, ""lookback"": 63, ""overlay"": true, ""static_exposure"": null, ""target"": 0.11, ""threshold"": 0.05, ""trial_id"": ""E1-10"", ""universe"": [""SPY"", ""TLT"", ""GLD""]}",5.0 bp risky purchases+sales; borrow rf+50.0 bp,results/20261004T003708-e3127963/E1-10-target_high-f14e2f2d0a.csv,started,Attempt retained even if process fails,False
E1-10-target_high-f14e2f2d0a,2026-10-04T00:40:38.059299+00:00,5f04159f52c645b6503f8744058f5d8b248158d9,5f04159f52c645b6503f8744058f5d8b248158d9,e5f957a2b78b4a08cede2183cd59012f73beaffc38f0821d43bb458df08be222:5eb2ada6d8d007969c111064ae6c5de089e8bd61c0156cb49cc98484cea2b5d9,8a3c31a39024afdca8dfbf47fb3e9dd4e58efc916b5b027823b3d3bc6e0fa8ca,development+reused_validation,"{""base"": ""equal"", ""borrow_bps"": 50.0, ""cap"": 1.0, ""control"": ""event"", ""covariance_days"": 126, ""diagnostic"": ""target_high"", ""family"": ""ensemble"", ""har_train_min"": 504, ""lookback"": 63, ""overlay"": true, ""static_exposure"": null, ""target"": 0.11, ""threshold"": 0.05, ""trial_id"": ""E1-10"", ""universe"": [""SPY"", ""TLT"", ""GLD""]}",5.0 bp risky purchases+sales; borrow rf+50.0 bp,results/20261004T003708-e3127963/E1-10-target_high-f14e2f2d0a.csv,completed,No OOS retuning; diagnostic not eligible for selection,False
E1-10-target_high_base-dd21323a67,2026-10-04T00:40:39.622052+00:00,5f04159f52c645b6503f8744058f5d8b248158d9,5f04159f52c645b6503f8744058f5d8b248158d9,e5f957a2b78b4a08cede2183cd59012f73beaffc38f0821d43bb458df08be222:5eb2ada6d8d007969c111064ae6c5de089e8bd61c0156cb49cc98484cea2b5d9,a015e46106b321b91ce97094d3445fe8b377f260060bbf181f1cd3238e4b542a,development+reused_validation,"{""base"": ""equal"", ""borrow_bps"": 50.0, ""cap"": 1.0, ""control"": ""event"", ""covariance_days"": 126, ""diagnostic"": ""target_high_base"", ""family"": ""ensemble"", ""har_train_min"": 504, ""lookback"": 63, ""overlay"": false, ""static_exposure"": null, ""target"": 0.11, ""threshold"": 0.05, ""trial_id"": ""E1-10"", ""universe"": [""SPY"", ""TLT"", ""GLD""]}",5.0 bp risky purchases+sales; borrow rf+50.0 bp,results/20261004T003708-e3127963/E1-10-target_high_base-dd21323a67.csv,started,Attempt retained even if process fails,False
E1-10-target_high_base-dd21323a67,2026-10-04T00:40:39.622052+00:00,5f04159f52c645b6503f8744058f5d8b248158d9,5f04159f52c645b6503f8744058f5d8b248158d9,e5f957a2b78b4a08cede2183cd59012f73beaffc38f0821d43bb458df08be222:5eb2ada6d8d007969c111064ae6c5de089e8bd61c0156cb49cc98484cea2b5d9,a015e46106b321b91ce97094d3445fe8b377f260060bbf181f1cd3238e4b542a,development+reused_validation,"{""base"": ""equal"", ""borrow_bps"": 50.0, ""cap"": 1.0, ""control"": ""event"", ""covariance_days"": 126, ""diagnostic"": ""target_high_base"", ""family"": ""ensemble"", ""har_train_min"": 504, ""lookback"": 63, ""overlay"": false, ""static_exposure"": null, ""target"": 0.11, ""threshold"": 0.05, ""trial_id"": ""E1-10"", ""universe"": [""SPY"", ""TLT"", ""GLD""]}",5.0 bp risky purchases+sales; borrow rf+50.0 bp,results/20261004T003708-e3127963/E1-10-target_high_base-dd21323a67.csv,completed,No OOS retuning; diagnostic not eligible for selection,False
E1-10-lookback_low-8c0238b8fc,2026-10-04T00:40:41.155617+00:00,5f04159f52c645b6503f8744058f5d8b248158d9,5f04159f52c645b6503f8744058f5d8b248158d9,e5f957a2b78b4a08cede2183cd59012f73beaffc38f0821d43bb458df08be222:5eb2ada6d8d007969c111064ae6c5de089e8bd61c0156cb49cc98484cea2b5d9,f2691301dd7af1a9b84950318d6cb1e3582780453f8f4b7816be8b46680216b0,development+reused_validation,"{""base"": ""equal"", ""borrow_bps"": 50.0, ""cap"": 1.0, ""control"": ""event"", ""covariance_days"": 101, ""diagnostic"": ""lookback_low"", ""family"": ""ensemble"", ""har_train_min"": 403, ""lookback"": 50, ""overlay"": true, ""static_exposure"": null, ""target"": 0.1, ""threshold"": 0.05, ""trial_id"": ""E1-10"", ""universe"": [""SPY"", ""TLT"", ""GLD""]}",5.0 bp risky purchases+sales; borrow rf+50.0 bp,results/20261004T003708-e3127963/E1-10-lookback_low-8c0238b8fc.csv,started,Attempt retained even if process fails,False
E1-10-lookback_low-8c0238b8fc,2026-10-04T00:40:41.155617+00:00,5f04159f52c645b6503f8744058f5d8b248158d9,5f04159f52c645b6503f8744058f5d8b248158d9,e5f957a2b78b4a08cede2183cd59012f73beaffc38f0821d43bb458df08be222:5eb2ada6d8d007969c111064ae6c5de089e8bd61c0156cb49cc98484cea2b5d9,f2691301dd7af1a9b84950318d6cb1e3582780453f8f4b7816be8b46680216b0,development+reused_validation,"{""base"": ""equal"", ""borrow_bps"": 50.0, ""cap"": 1.0, ""control"": ""event"", ""covariance_days"": 101, ""diagnostic"": ""lookback_low"", ""family"": ""ensemble"", ""har_train_min"": 403, ""lookback"": 50, ""overlay"": true, ""static_exposure"": null, ""target"": 0.1, ""threshold"": 0.05, ""trial_id"": ""E1-10"", ""universe"": [""SPY"", ""TLT"", ""GLD""]}",5.0 bp risky purchases+sales; borrow rf+50.0 bp,results/20261004T003708-e3127963/E1-10-lookback_low-8c0238b8fc.csv,completed,No OOS retuning; diagnostic not eligible for selection,False
E1-10-lookback_low_base-82b4ab4d04,2026-10-04T00:40:42.677757+00:00,5f04159f52c645b6503f8744058f5d8b248158d9,5f04159f52c645b6503f8744058f5d8b248158d9,e5f957a2b78b4a08cede2183cd59012f73beaffc38f0821d43bb458df08be222:5eb2ada6d8d007969c111064ae6c5de089e8bd61c0156cb49cc98484cea2b5d9,c1e5f3eb9873386148be6b4b89989e8dd4a45f940df48e69d1b9471d64573030,development+reused_validation,"{""base"": ""equal"", ""borrow_bps"": 50.0, ""cap"": 1.0, ""control"": ""event"", ""covariance_days"": 101, ""diagnostic"": ""lookback_low_base"", ""family"": ""ensemble"", ""har_train_min"": 403, ""lookback"": 50, ""overlay"": false, ""static_exposure"": null, ""target"": 0.1, ""threshold"": 0.05, ""trial_id"": ""E1-10"", ""universe"": [""SPY"", ""TLT"", ""GLD""]}",5.0 bp risky purchases+sales; borrow rf+50.0 bp,results/20261004T003708-e3127963/E1-10-lookback_low_base-82b4ab4d04.csv,started,Attempt retained even if process fails,False
E1-10-lookback_low_base-82b4ab4d04,2026-10-04T00:40:42.677757+00:00,5f04159f52c645b6503f8744058f5d8b248158d9,5f04159f52c645b6503f8744058f5d8b248158d9,e5f957a2b78b4a08cede2183cd59012f73beaffc38f0821d43bb458df08be222:5eb2ada6d8d007969c111064ae6c5de089e8bd61c0156cb49cc98484cea2b5d9,c1e5f3eb9873386148be6b4b89989e8dd4a45f940df48e69d1b9471d64573030,development+reused_validation,"{""base"": ""equal"", ""borrow_bps"": 50.0, ""cap"": 1.0, ""control"": ""event"", ""covariance_days"": 101, ""diagnostic"": ""lookback_low_base"", ""family"": ""ensemble"", ""har_train_min"": 403, ""lookback"": 50, ""overlay"": false, ""static_exposure"": null, ""target"": 0.1, ""threshold"": 0.05, ""trial_id"": ""E1-10"", ""universe"": [""SPY"", ""TLT"", ""GLD""]}",5.0 bp risky purchases+sales; borrow rf+50.0 bp,results/20261004T003708-e3127963/E1-10-lookback_low_base-82b4ab4d04.csv,completed,No OOS retuning; diagnostic not eligible for selection,False
E1-10-lookback_high-965b584134,2026-10-04T00:40:44.140537+00:00,5f04159f52c645b6503f8744058f5d8b248158d9,5f04159f52c645b6503f8744058f5d8b248158d9,e5f957a2b78b4a08cede2183cd59012f73beaffc38f0821d43bb458df08be222:5eb2ada6d8d007969c111064ae6c5de089e8bd61c0156cb49cc98484cea2b5d9,6f5ad5a7c5276f62a1a5f62f233262601126d276c2eda85e410c5a645f23605c,development+reused_validation,"{""base"": ""equal"", ""borrow_bps"": 50.0, ""cap"": 1.0, ""control"": ""event"", ""covariance_days"": 151, ""diagnostic"": ""lookback_high"", ""family"": ""ensemble"", ""har_train_min"": 605, ""lookback"": 76, ""overlay"": true, ""static_exposure"": null, ""target"": 0.1, ""threshold"": 0.05, ""trial_id"": ""E1-10"", ""universe"": [""SPY"", ""TLT"", ""GLD""]}",5.0 bp risky purchases+sales; borrow rf+50.0 bp,results/20261004T003708-e3127963/E1-10-lookback_high-965b584134.csv,started,Attempt retained even if process fails,False
E1-10-lookback_high-965b584134,2026-10-04T00:40:44.140537+00:00,5f04159f52c645b6503f8744058f5d8b248158d9,5f04159f52c645b6503f8744058f5d8b248158d9,e5f957a2b78b4a08cede2183cd59012f73beaffc38f0821d43bb458df08be222:5eb2ada6d8d007969c111064ae6c5de089e8bd61c0156cb49cc98484cea2b5d9,6f5ad5a7c5276f62a1a5f62f233262601126d276c2eda85e410c5a645f23605c,development+reused_validation,"{""base"": ""equal"", ""borrow_bps"": 50.0, ""cap"": 1.0, ""control"": ""event"", ""covariance_days"": 151, ""diagnostic"": ""lookback_high"", ""family"": ""ensemble"", ""har_train_min"": 605, ""lookback"": 76, ""overlay"": true, ""static_exposure"": null, ""target"": 0.1, ""threshold"": 0.05, ""trial_id"": ""E1-10"", ""universe"": [""SPY"", ""TLT"", ""GLD""]}",5.0 bp risky purchases+sales; borrow rf+50.0 bp,results/20261004T003708-e3127963/E1-10-lookback_high-965b584134.csv,completed,No OOS retuning; diagnostic not eligible for selection,False
E1-10-lookback_high_base-488bbca70d,2026-10-04T00:40:45.621601+00:00,5f04159f52c645b6503f8744058f5d8b248158d9,5f04159f52c645b6503f8744058f5d8b248158d9,e5f957a2b78b4a08cede2183cd59012f73beaffc38f0821d43bb458df08be222:5eb2ada6d8d007969c111064ae6c5de089e8bd61c0156cb49cc98484cea2b5d9,07397e23cf866308037e1c249639bafe8622a2aa3eff3aa3e2dfe3c1344689c1,development+reused_validation,"{""base"": ""equal"", ""borrow_bps"": 50.0, ""cap"": 1.0, ""control"": ""event"", ""covariance_days"": 151, ""diagnostic"": ""lookback_high_base"", ""family"": ""ensemble"", ""har_train_min"": 605, ""lookback"": 76, ""overlay"": false, ""static_exposure"": null, ""target"": 0.1, ""threshold"": 0.05, ""trial_id"": ""E1-10"", ""universe"": [""SPY"", ""TLT"", ""GLD""]}",5.0 bp risky purchases+sales; borrow rf+50.0 bp,results/20261004T003708-e3127963/E1-10-lookback_high_base-488bbca70d.csv,started,Attempt retained even if process fails,False
E1-10-lookback_high_base-488bbca70d,2026-10-04T00:40:45.621601+00:00,5f04159f52c645b6503f8744058f5d8b248158d9,5f04159f52c645b6503f8744058f5d8b248158d9,e5f957a2b78b4a08cede2183cd59012f73beaffc38f0821d43bb458df08be222:5eb2ada6d8d007969c111064ae6c5de089e8bd61c0156cb49cc98484cea2b5d9,07397e23cf866308037e1c249639bafe8622a2aa3eff3aa3e2dfe3c1344689c1,development+reused_validation,"{""base"": ""equal"", ""borrow_bps"": 50.0, ""cap"": 1.0, ""control"": ""event"", ""covariance_days"": 151, ""diagnostic"": ""lookback_high_base"", ""family"": ""ensemble"", ""har_train_min"": 605, ""lookback"": 76, ""overlay"": false, ""static_exposure"": null, ""target"": 0.1, ""threshold"": 0.05, ""trial_id"": ""E1-10"", ""universe"": [""SPY"", ""TLT"", ""GLD""]}",5.0 bp risky purchases+sales; borrow rf+50.0 bp,results/20261004T003708-e3127963/E1-10-lookback_high_base-488bbca70d.csv,completed,No OOS retuning; diagnostic not eligible for selection,False
E1-10-trigger_low-e54e3b59f9,2026-10-04T00:40:47.171938+00:00,5f04159f52c645b6503f8744058f5d8b248158d9,5f04159f52c645b6503f8744058f5d8b248158d9,e5f957a2b78b4a08cede2183cd59012f73beaffc38f0821d43bb458df08be222:5eb2ada6d8d007969c111064ae6c5de089e8bd61c0156cb49cc98484cea2b5d9,af27341b334748cdd52bea5a2d03b5229574726a2efff4c889a9ebba55c037cb,development+reused_validation,"{""base"": ""equal"", ""borrow_bps"": 50.0, ""cap"": 1.0, ""control"": ""event"", ""covariance_days"": 126, ""diagnostic"": ""trigger_low"", ""family"": ""ensemble"", ""har_train_min"": 504, ""lookback"": 63, ""overlay"": true, ""static_exposure"": null, ""target"": 0.1, ""threshold"": 0.04, ""trial_id"": ""E1-10"", ""universe"": [""SPY"", ""TLT"", ""GLD""]}",5.0 bp risky purchases+sales; borrow rf+50.0 bp,results/20261004T003708-e3127963/E1-10-trigger_low-e54e3b59f9.csv,started,Attempt retained even if process fails,False
E1-10-trigger_low-e54e3b59f9,2026-10-04T00:40:47.171938+00:00,5f04159f52c645b6503f8744058f5d8b248158d9,5f04159f52c645b6503f8744058f5d8b248158d9,e5f957a2b78b4a08cede2183cd59012f73beaffc38f0821d43bb458df08be222:5eb2ada6d8d007969c111064ae6c5de089e8bd61c0156cb49cc98484cea2b5d9,af27341b334748cdd52bea5a2d03b5229574726a2efff4c889a9ebba55c037cb,development+reused_validation,"{""base"": ""equal"", ""borrow_bps"": 50.0, ""cap"": 1.0, ""control"": ""event"", ""covariance_days"": 126, ""diagnostic"": ""trigger_low"", ""family"": ""ensemble"", ""har_train_min"": 504, ""lookback"": 63, ""overlay"": true, ""static_exposure"": null, ""target"": 0.1, ""threshold"": 0.04, ""trial_id"": ""E1-10"", ""universe"": [""SPY"", ""TLT"", ""GLD""]}",5.0 bp risky purchases+sales; borrow rf+50.0 bp,results/20261004T003708-e3127963/E1-10-trigger_low-e54e3b59f9.csv,completed,No OOS retuning; diagnostic not eligible for selection,False
E1-10-trigger_low_base-3614a33869,2026-10-04T00:40:48.662123+00:00,5f04159f52c645b6503f8744058f5d8b248158d9,5f04159f52c645b6503f8744058f5d8b248158d9,e5f957a2b78b4a08cede2183cd59012f73beaffc38f0821d43bb458df08be222:5eb2ada6d8d007969c111064ae6c5de089e8bd61c0156cb49cc98484cea2b5d9,da8d09d12c3d03300f93b0105965e2cf39df16e48cbe1da70d07ec1937f660c0,development+reused_validation,"{""base"": ""equal"", ""borrow_bps"": 50.0, ""cap"": 1.0, ""control"": ""event"", ""covariance_days"": 126, ""diagnostic"": ""trigger_low_base"", ""family"": ""ensemble"", ""har_train_min"": 504, ""lookback"": 63, ""overlay"": false, ""static_exposure"": null, ""target"": 0.1, ""threshold"": 0.04, ""trial_id"": ""E1-10"", ""universe"": [""SPY"", ""TLT"", ""GLD""]}",5.0 bp risky purchases+sales; borrow rf+50.0 bp,results/20261004T003708-e3127963/E1-10-trigger_low_base-3614a33869.csv,started,Attempt retained even if process fails,False
E1-10-trigger_low_base-3614a33869,2026-10-04T00:40:48.662123+00:00,5f04159f52c645b6503f8744058f5d8b248158d9,5f04159f52c645b6503f8744058f5d8b248158d9,e5f957a2b78b4a08cede2183cd59012f73beaffc38f0821d43bb458df08be222:5eb2ada6d8d007969c111064ae6c5de089e8bd61c0156cb49cc98484cea2b5d9,da8d09d12c3d03300f93b0105965e2cf39df16e48cbe1da70d07ec1937f660c0,development+reused_validation,"{""base"": ""equal"", ""borrow_bps"": 50.0, ""cap"": 1.0, ""control"": ""event"", ""covariance_days"": 126, ""diagnostic"": ""trigger_low_base"", ""family"": ""ensemble"", ""har_train_min"": 504, ""lookback"": 63, ""overlay"": false, ""static_exposure"": null, ""target"": 0.1, ""threshold"": 0.04, ""trial_id"": ""E1-10"", ""universe"": [""SPY"", ""TLT"", ""GLD""]}",5.0 bp risky purchases+sales; borrow rf+50.0 bp,results/20261004T003708-e3127963/E1-10-trigger_low_base-3614a33869.csv,completed,No OOS retuning; diagnostic not eligible for selection,False
E1-10-trigger_high-06feee33ca,2026-10-04T00:40:50.125399+00:00,5f04159f52c645b6503f8744058f5d8b248158d9,5f04159f52c645b6503f8744058f5d8b248158d9,e5f957a2b78b4a08cede2183cd59012f73beaffc38f0821d43bb458df08be222:5eb2ada6d8d007969c111064ae6c5de089e8bd61c0156cb49cc98484cea2b5d9,5b19d14d3d377bdef78e9fd747d2481dc1448dddd896195fb0061c473f1c954b,development+reused_validation,"{""base"": ""equal"", ""borrow_bps"": 50.0, ""cap"": 1.0, ""control"": ""event"", ""covariance_days"": 126, ""diagnostic"": ""trigger_high"", ""family"": ""ensemble"", ""har_train_min"": 504, ""lookback"": 63, ""overlay"": true, ""static_exposure"": null, ""target"": 0.1, ""threshold"": 0.06, ""trial_id"": ""E1-10"", ""universe"": [""SPY"", ""TLT"", ""GLD""]}",5.0 bp risky purchases+sales; borrow rf+50.0 bp,results/20261004T003708-e3127963/E1-10-trigger_high-06feee33ca.csv,started,Attempt retained even if process fails,False
E1-10-trigger_high-06feee33ca,2026-10-04T00:40:50.125399+00:00,5f04159f52c645b6503f8744058f5d8b248158d9,5f04159f52c645b6503f8744058f5d8b248158d9,e5f957a2b78b4a08cede2183cd59012f73beaffc38f0821d43bb458df08be222:5eb2ada6d8d007969c111064ae6c5de089e8bd61c0156cb49cc98484cea2b5d9,5b19d14d3d377bdef78e9fd747d2481dc1448dddd896195fb0061c473f1c954b,development+reused_validation,"{""base"": ""equal"", ""borrow_bps"": 50.0, ""cap"": 1.0, ""control"": ""event"", ""covariance_days"": 126, ""diagnostic"": ""trigger_high"", ""family"": ""ensemble"", ""har_train_min"": 504, ""lookback"": 63, ""overlay"": true, ""static_exposure"": null, ""target"": 0.1, ""threshold"": 0.06, ""trial_id"": ""E1-10"", ""universe"": [""SPY"", ""TLT"", ""GLD""]}",5.0 bp risky purchases+sales; borrow rf+50.0 bp,results/20261004T003708-e3127963/E1-10-trigger_high-06feee33ca.csv,completed,No OOS retuning; diagnostic not eligible for selection,False
E1-10-trigger_high_base-75651234e8,2026-10-04T00:40:51.611500+00:00,5f04159f52c645b6503f8744058f5d8b248158d9,5f04159f52c645b6503f8744058f5d8b248158d9,e5f957a2b78b4a08cede2183cd59012f73beaffc38f0821d43bb458df08be222:5eb2ada6d8d007969c111064ae6c5de089e8bd61c0156cb49cc98484cea2b5d9,c6a16fb8c266faa592838fb1f829a8707dc76747b67c2078c87af8ba5b85d703,development+reused_validation,"{""base"": ""equal"", ""borrow_bps"": 50.0, ""cap"": 1.0, ""control"": ""event"", ""covariance_days"": 126, ""diagnostic"": ""trigger_high_base"", ""family"": ""ensemble"", ""har_train_min"": 504, ""lookback"": 63, ""overlay"": false, ""static_exposure"": null, ""target"": 0.1, ""threshold"": 0.06, ""trial_id"": ""E1-10"", ""universe"": [""SPY"", ""TLT"", ""GLD""]}",5.0 bp risky purchases+sales; borrow rf+50.0 bp,results/20261004T003708-e3127963/E1-10-trigger_high_base-75651234e8.csv,started,Attempt retained even if process fails,False
E1-10-trigger_high_base-75651234e8,2026-10-04T00:40:51.611500+00:00,5f04159f52c645b6503f8744058f5d8b248158d9,5f04159f52c645b6503f8744058f5d8b248158d9,e5f957a2b78b4a08cede2183cd59012f73beaffc38f0821d43bb458df08be222:5eb2ada6d8d007969c111064ae6c5de089e8bd61c0156cb49cc98484cea2b5d9,c6a16fb8c266faa592838fb1f829a8707dc76747b67c2078c87af8ba5b85d703,development+reused_validation,"{""base"": ""equal"", ""borrow_bps"": 50.0, ""cap"": 1.0, ""control"": ""event"", ""covariance_days"": 126, ""diagnostic"": ""trigger_high_base"", ""family"": ""ensemble"", ""har_train_min"": 504, ""lookback"": 63, ""overlay"": false, ""static_exposure"": null, ""target"": 0.1, ""threshold"": 0.06, ""trial_id"": ""E1-10"", ""universe"": [""SPY"", ""TLT"", ""GLD""]}",5.0 bp risky purchases+sales; borrow rf+50.0 bp,results/20261004T003708-e3127963/E1-10-trigger_high_base-75651234e8.csv,completed,No OOS retuning; diagnostic not eligible for selection,False
E1-11-double_cost-1c9e3b7438,2026-10-04T00:40:53.122444+00:00,5f04159f52c645b6503f8744058f5d8b248158d9,5f04159f52c645b6503f8744058f5d8b248158d9,e5f957a2b78b4a08cede2183cd59012f73beaffc38f0821d43bb458df08be222:5eb2ada6d8d007969c111064ae6c5de089e8bd61c0156cb49cc98484cea2b5d9,84be9bf77327e71069f2c491d656d9a299eee0d24cd1e9e5ec1018ec1a5ca9e9,development+reused_validation,"{""base"": ""equal"", ""borrow_bps"": 50.0, ""cap"": 1.0, ""control"": ""event"", ""covariance_days"": 126, ""diagnostic"": ""double_cost"", ""family"": ""ensemble"", ""har_train_min"": 504, ""lookback"": 63, ""overlay"": true, ""static_exposure"": null, ""target"": 0.11, ""threshold"": 0.05, ""trial_id"": ""E1-11"", ""universe"": [""SPY"", ""TLT"", ""GLD""]}",10 bp risky purchases+sales; borrow rf+50.0 bp,results/20261004T003708-e3127963/E1-11-double_cost-1c9e3b7438.csv,started,Attempt retained even if process fails,False
E1-11-double_cost-1c9e3b7438,2026-10-04T00:40:53.122444+00:00,5f04159f52c645b6503f8744058f5d8b248158d9,5f04159f52c645b6503f8744058f5d8b248158d9,e5f957a2b78b4a08cede2183cd59012f73beaffc38f0821d43bb458df08be222:5eb2ada6d8d007969c111064ae6c5de089e8bd61c0156cb49cc98484cea2b5d9,84be9bf77327e71069f2c491d656d9a299eee0d24cd1e9e5ec1018ec1a5ca9e9,development+reused_validation,"{""base"": ""equal"", ""borrow_bps"": 50.0, ""cap"": 1.0, ""control"": ""event"", ""covariance_days"": 126, ""diagnostic"": ""double_cost"", ""family"": ""ensemble"", ""har_train_min"": 504, ""lookback"": 63, ""overlay"": true, ""static_exposure"": null, ""target"": 0.11, ""threshold"": 0.05, ""trial_id"": ""E1-11"", ""universe"": [""SPY"", ""TLT"", ""GLD""]}",10 bp risky purchases+sales; borrow rf+50.0 bp,results/20261004T003708-e3127963/E1-11-double_cost-1c9e3b7438.csv,completed,No OOS retuning; diagnostic not eligible for selection,False
E1-11-double_cost_base-1fb988fc49,2026-10-04T00:40:54.635621+00:00,5f04159f52c645b6503f8744058f5d8b248158d9,5f04159f52c645b6503f8744058f5d8b248158d9,e5f957a2b78b4a08cede2183cd59012f73beaffc38f0821d43bb458df08be222:5eb2ada6d8d007969c111064ae6c5de089e8bd61c0156cb49cc98484cea2b5d9,42f5af452da8d739090c9734dcd09b17a1cda081133a4e818245fd8dd91dfdb7,development+reused_validation,"{""base"": ""equal"", ""borrow_bps"": 50.0, ""cap"": 1.0, ""control"": ""event"", ""covariance_days"": 126, ""diagnostic"": ""double_cost_base"", ""family"": ""ensemble"", ""har_train_min"": 504, ""lookback"": 63, ""overlay"": false, ""static_exposure"": null, ""target"": 0.11, ""threshold"": 0.05, ""trial_id"": ""E1-11"", ""universe"": [""SPY"", ""TLT"", ""GLD""]}",10 bp risky purchases+sales; borrow rf+50.0 bp,results/20261004T003708-e3127963/E1-11-double_cost_base-1fb988fc49.csv,started,Attempt retained even if process fails,False
E1-11-double_cost_base-1fb988fc49,2026-10-04T00:40:54.635621+00:00,5f04159f52c645b6503f8744058f5d8b248158d9,5f04159f52c645b6503f8744058f5d8b248158d9,e5f957a2b78b4a08cede2183cd59012f73beaffc38f0821d43bb458df08be222:5eb2ada6d8d007969c111064ae6c5de089e8bd61c0156cb49cc98484cea2b5d9,42f5af452da8d739090c9734dcd09b17a1cda081133a4e818245fd8dd91dfdb7,development+reused_validation,"{""base"": ""equal"", ""borrow_bps"": 50.0, ""cap"": 1.0, ""control"": ""event"", ""covariance_days"": 126, ""diagnostic"": ""double_cost_base"", ""family"": ""ensemble"", ""har_train_min"": 504, ""lookback"": 63, ""overlay"": false, ""static_exposure"": null, ""target"": 0.11, ""threshold"": 0.05, ""trial_id"": ""E1-11"", ""universe"": [""SPY"", ""TLT"", ""GLD""]}",10 bp risky purchases+sales; borrow rf+50.0 bp,results/20261004T003708-e3127963/E1-11-double_cost_base-1fb988fc49.csv,completed,No OOS retuning; diagnostic not eligible for selection,False
E1-11-target_low-b60e82fc6a,2026-10-04T00:40:56.282588+00:00,5f04159f52c645b6503f8744058f5d8b248158d9,5f04159f52c645b6503f8744058f5d8b248158d9,e5f957a2b78b4a08cede2183cd59012f73beaffc38f0821d43bb458df08be222:5eb2ada6d8d007969c111064ae6c5de089e8bd61c0156cb49cc98484cea2b5d9,b8269594877cb351333b2bdbbb2c6c2722711650515959d386d34f9aff7d19ff,development+reused_validation,"{""base"": ""equal"", ""borrow_bps"": 50.0, ""cap"": 1.0, ""control"": ""event"", ""covariance_days"": 126, ""diagnostic"": ""target_low"", ""family"": ""ensemble"", ""har_train_min"": 504, ""lookback"": 63, ""overlay"": true, ""static_exposure"": null, ""target"": 0.1, ""threshold"": 0.05, ""trial_id"": ""E1-11"", ""universe"": [""SPY"", ""TLT"", ""GLD""]}",5.0 bp risky purchases+sales; borrow rf+50.0 bp,results/20261004T003708-e3127963/E1-11-target_low-b60e82fc6a.csv,started,Attempt retained even if process fails,False
E1-11-target_low-b60e82fc6a,2026-10-04T00:40:56.282588+00:00,5f04159f52c645b6503f8744058f5d8b248158d9,5f04159f52c645b6503f8744058f5d8b248158d9,e5f957a2b78b4a08cede2183cd59012f73beaffc38f0821d43bb458df08be222:5eb2ada6d8d007969c111064ae6c5de089e8bd61c0156cb49cc98484cea2b5d9,b8269594877cb351333b2bdbbb2c6c2722711650515959d386d34f9aff7d19ff,development+reused_validation,"{""base"": ""equal"", ""borrow_bps"": 50.0, ""cap"": 1.0, ""control"": ""event"", ""covariance_days"": 126, ""diagnostic"": ""target_low"", ""family"": ""ensemble"", ""har_train_min"": 504, ""lookback"": 63, ""overlay"": true, ""static_exposure"": null, ""target"": 0.1, ""threshold"": 0.05, ""trial_id"": ""E1-11"", ""universe"": [""SPY"", ""TLT"", ""GLD""]}",5.0 bp risky purchases+sales; borrow rf+50.0 bp,results/20261004T003708-e3127963/E1-11-target_low-b60e82fc6a.csv,completed,No OOS retuning; diagnostic not eligible for selection,False
E1-11-target_low_base-77f8a71d29,2026-10-04T00:40:57.772726+00:00,5f04159f52c645b6503f8744058f5d8b248158d9,5f04159f52c645b6503f8744058f5d8b248158d9,e5f957a2b78b4a08cede2183cd59012f73beaffc38f0821d43bb458df08be222:5eb2ada6d8d007969c111064ae6c5de089e8bd61c0156cb49cc98484cea2b5d9,f31c439b33199e29aa689fae235906ab6217f275f8790d938b5bc126b2e45d18,development+reused_validation,"{""base"": ""equal"", ""borrow_bps"": 50.0, ""cap"": 1.0, ""control"": ""event"", ""covariance_days"": 126, ""diagnostic"": ""target_low_base"", ""family"": ""ensemble"", ""har_train_min"": 504, ""lookback"": 63, ""overlay"": false, ""static_exposure"": null, ""target"": 0.1, ""threshold"": 0.05, ""trial_id"": ""E1-11"", ""universe"": [""SPY"", ""TLT"", ""GLD""]}",5.0 bp risky purchases+sales; borrow rf+50.0 bp,results/20261004T003708-e3127963/E1-11-target_low_base-77f8a71d29.csv,started,Attempt retained even if process fails,False
E1-11-target_low_base-77f8a71d29,2026-10-04T00:40:57.772726+00:00,5f04159f52c645b6503f8744058f5d8b248158d9,5f04159f52c645b6503f8744058f5d8b248158d9,e5f957a2b78b4a08cede2183cd59012f73beaffc38f0821d43bb458df08be222:5eb2ada6d8d007969c111064ae6c5de089e8bd61c0156cb49cc98484cea2b5d9,f31c439b33199e29aa689fae235906ab6217f275f8790d938b5bc126b2e45d18,development+reused_validation,"{""base"": ""equal"", ""borrow_bps"": 50.0, ""cap"": 1.0, ""control"": ""event"", ""covariance_days"": 126, ""diagnostic"": ""target_low_base"", ""family"": ""ensemble"", ""har_train_min"": 504, ""lookback"": 63, ""overlay"": false, ""static_exposure"": null, ""target"": 0.1, ""threshold"": 0.05, ""trial_id"": ""E1-11"", ""universe"": [""SPY"", ""TLT"", ""GLD""]}",5.0 bp risky purchases+sales; borrow rf+50.0 bp,results/20261004T003708-e3127963/E1-11-target_low_base-77f8a71d29.csv,completed,No OOS retuning; diagnostic not eligible for selection,False
E1-11-target_high-da6823ab1d,2026-10-04T00:40:59.234134+00:00,5f04159f52c645b6503f8744058f5d8b248158d9,5f04159f52c645b6503f8744058f5d8b248158d9,e5f957a2b78b4a08cede2183cd59012f73beaffc38f0821d43bb458df08be222:5eb2ada6d8d007969c111064ae6c5de089e8bd61c0156cb49cc98484cea2b5d9,c4f9d11675dd8aac9a8cac4baad29c05efd3f3ef6627bd772afb9b0d86fad0e9,development+reused_validation,"{""base"": ""equal"", ""borrow_bps"": 50.0, ""cap"": 1.0, ""control"": ""event"", ""covariance_days"": 126, ""diagnostic"": ""target_high"", ""family"": ""ensemble"", ""har_train_min"": 504, ""lookback"": 63, ""overlay"": true, ""static_exposure"": null, ""target"": 0.12, ""threshold"": 0.05, ""trial_id"": ""E1-11"", ""universe"": [""SPY"", ""TLT"", ""GLD""]}",5.0 bp risky purchases+sales; borrow rf+50.0 bp,results/20261004T003708-e3127963/E1-11-target_high-da6823ab1d.csv,started,Attempt retained even if process fails,False
E1-11-target_high-da6823ab1d,2026-10-04T00:40:59.234134+00:00,5f04159f52c645b6503f8744058f5d8b248158d9,5f04159f52c645b6503f8744058f5d8b248158d9,e5f957a2b78b4a08cede2183cd59012f73beaffc38f0821d43bb458df08be222:5eb2ada6d8d007969c111064ae6c5de089e8bd61c0156cb49cc98484cea2b5d9,c4f9d11675dd8aac9a8cac4baad29c05efd3f3ef6627bd772afb9b0d86fad0e9,development+reused_validation,"{""base"": ""equal"", ""borrow_bps"": 50.0, ""cap"": 1.0, ""control"": ""event"", ""covariance_days"": 126, ""diagnostic"": ""target_high"", ""family"": ""ensemble"", ""har_train_min"": 504, ""lookback"": 63, ""overlay"": true, ""static_exposure"": null, ""target"": 0.12, ""threshold"": 0.05, ""trial_id"": ""E1-11"", ""universe"": [""SPY"", ""TLT"", ""GLD""]}",5.0 bp risky purchases+sales; borrow rf+50.0 bp,results/20261004T003708-e3127963/E1-11-target_high-da6823ab1d.csv,completed,No OOS retuning; diagnostic not eligible for selection,False
E1-11-target_high_base-c1aaf23e1b,2026-10-04T00:41:00.705938+00:00,5f04159f52c645b6503f8744058f5d8b248158d9,5f04159f52c645b6503f8744058f5d8b248158d9,e5f957a2b78b4a08cede2183cd59012f73beaffc38f0821d43bb458df08be222:5eb2ada6d8d007969c111064ae6c5de089e8bd61c0156cb49cc98484cea2b5d9,6102a865c0c35c8ed6d8e6d75c20376a5ea54e02e8040f73e50f053fbb3d586a,development+reused_validation,"{""base"": ""equal"", ""borrow_bps"": 50.0, ""cap"": 1.0, ""control"": ""event"", ""covariance_days"": 126, ""diagnostic"": ""target_high_base"", ""family"": ""ensemble"", ""har_train_min"": 504, ""lookback"": 63, ""overlay"": false, ""static_exposure"": null, ""target"": 0.12, ""threshold"": 0.05, ""trial_id"": ""E1-11"", ""universe"": [""SPY"", ""TLT"", ""GLD""]}",5.0 bp risky purchases+sales; borrow rf+50.0 bp,results/20261004T003708-e3127963/E1-11-target_high_base-c1aaf23e1b.csv,started,Attempt retained even if process fails,False
E1-11-target_high_base-c1aaf23e1b,2026-10-04T00:41:00.705938+00:00,5f04159f52c645b6503f8744058f5d8b248158d9,5f04159f52c645b6503f8744058f5d8b248158d9,e5f957a2b78b4a08cede2183cd59012f73beaffc38f0821d43bb458df08be222:5eb2ada6d8d007969c111064ae6c5de089e8bd61c0156cb49cc98484cea2b5d9,6102a865c0c35c8ed6d8e6d75c20376a5ea54e02e8040f73e50f053fbb3d586a,development+reused_validation,"{""base"": ""equal"", ""borrow_bps"": 50.0, ""cap"": 1.0, ""control"": ""event"", ""covariance_days"": 126, ""diagnostic"": ""target_high_base"", ""family"": ""ensemble"", ""har_train_min"": 504, ""lookback"": 63, ""overlay"": false, ""static_exposure"": null, ""target"": 0.12, ""threshold"": 0.05, ""trial_id"": ""E1-11"", ""universe"": [""SPY"", ""TLT"", ""GLD""]}",5.0 bp risky purchases+sales; borrow rf+50.0 bp,results/20261004T003708-e3127963/E1-11-target_high_base-c1aaf23e1b.csv,completed,No OOS retuning; diagnostic not eligible for selection,False
E1-11-lookback_low-a924f2866d,2026-10-04T00:41:02.203884+00:00,5f04159f52c645b6503f8744058f5d8b248158d9,5f04159f52c645b6503f8744058f5d8b248158d9,e5f957a2b78b4a08cede2183cd59012f73beaffc38f0821d43bb458df08be222:5eb2ada6d8d007969c111064ae6c5de089e8bd61c0156cb49cc98484cea2b5d9,89a296657c817d14f85847e78918af16fa6fbe0f1cbf93820dceee037e4861e2,development+reused_validation,"{""base"": ""equal"", ""borrow_bps"": 50.0, ""cap"": 1.0, ""control"": ""event"", ""covariance_days"": 101, ""diagnostic"": ""lookback_low"", ""family"": ""ensemble"", ""har_train_min"": 403, ""lookback"": 50, ""overlay"": true, ""static_exposure"": null, ""target"": 0.11, ""threshold"": 0.05, ""trial_id"": ""E1-11"", ""universe"": [""SPY"", ""TLT"", ""GLD""]}",5.0 bp risky purchases+sales; borrow rf+50.0 bp,results/20261004T003708-e3127963/E1-11-lookback_low-a924f2866d.csv,started,Attempt retained even if process fails,False
E1-11-lookback_low-a924f2866d,2026-10-04T00:41:02.203884+00:00,5f04159f52c645b6503f8744058f5d8b248158d9,5f04159f52c645b6503f8744058f5d8b248158d9,e5f957a2b78b4a08cede2183cd59012f73beaffc38f0821d43bb458df08be222:5eb2ada6d8d007969c111064ae6c5de089e8bd61c0156cb49cc98484cea2b5d9,89a296657c817d14f85847e78918af16fa6fbe0f1cbf93820dceee037e4861e2,development+reused_validation,"{""base"": ""equal"", ""borrow_bps"": 50.0, ""cap"": 1.0, ""control"": ""event"", ""covariance_days"": 101, ""diagnostic"": ""lookback_low"", ""family"": ""ensemble"", ""har_train_min"": 403, ""lookback"": 50, ""overlay"": true, ""static_exposure"": null, ""target"": 0.11, ""threshold"": 0.05, ""trial_id"": ""E1-11"", ""universe"": [""SPY"", ""TLT"", ""GLD""]}",5.0 bp risky purchases+sales; borrow rf+50.0 bp,results/20261004T003708-e3127963/E1-11-lookback_low-a924f2866d.csv,completed,No OOS retuning; diagnostic not eligible for selection,False
E1-11-lookback_low_base-6f00e0c9ff,2026-10-04T00:41:03.683518+00:00,5f04159f52c645b6503f8744058f5d8b248158d9,5f04159f52c645b6503f8744058f5d8b248158d9,e5f957a2b78b4a08cede2183cd59012f73beaffc38f0821d43bb458df08be222:5eb2ada6d8d007969c111064ae6c5de089e8bd61c0156cb49cc98484cea2b5d9,e8fb228d55b119b9fb1d92a457a785c1110626df4bda2b95b05c7a354bcd113e,development+reused_validation,"{""base"": ""equal"", ""borrow_bps"": 50.0, ""cap"": 1.0, ""control"": ""event"", ""covariance_days"": 101, ""diagnostic"": ""lookback_low_base"", ""family"": ""ensemble"", ""har_train_min"": 403, ""lookback"": 50, ""overlay"": false, ""static_exposure"": null, ""target"": 0.11, ""threshold"": 0.05, ""trial_id"": ""E1-11"", ""universe"": [""SPY"", ""TLT"", ""GLD""]}",5.0 bp risky purchases+sales; borrow rf+50.0 bp,results/20261004T003708-e3127963/E1-11-lookback_low_base-6f00e0c9ff.csv,started,Attempt retained even if process fails,False
E1-11-lookback_low_base-6f00e0c9ff,2026-10-04T00:41:03.683518+00:00,5f04159f52c645b6503f8744058f5d8b248158d9,5f04159f52c645b6503f8744058f5d8b248158d9,e5f957a2b78b4a08cede2183cd59012f73beaffc38f0821d43bb458df08be222:5eb2ada6d8d007969c111064ae6c5de089e8bd61c0156cb49cc98484cea2b5d9,e8fb228d55b119b9fb1d92a457a785c1110626df4bda2b95b05c7a354bcd113e,development+reused_validation,"{""base"": ""equal"", ""borrow_bps"": 50.0, ""cap"": 1.0, ""control"": ""event"", ""covariance_days"": 101, ""diagnostic"": ""lookback_low_base"", ""family"": ""ensemble"", ""har_train_min"": 403, ""lookback"": 50, ""overlay"": false, ""static_exposure"": null, ""target"": 0.11, ""threshold"": 0.05, ""trial_id"": ""E1-11"", ""universe"": [""SPY"", ""TLT"", ""GLD""]}",5.0 bp risky purchases+sales; borrow rf+50.0 bp,results/20261004T003708-e3127963/E1-11-lookback_low_base-6f00e0c9ff.csv,completed,No OOS retuning; diagnostic not eligible for selection,False
E1-11-lookback_high-ca4d368513,2026-10-04T00:41:05.134367+00:00,5f04159f52c645b6503f8744058f5d8b248158d9,5f04159f52c645b6503f8744058f5d8b248158d9,e5f957a2b78b4a08cede2183cd59012f73beaffc38f0821d43bb458df08be222:5eb2ada6d8d007969c111064ae6c5de089e8bd61c0156cb49cc98484cea2b5d9,9e2dab8a2708b97c55f5bc1e5d55c749498522d77166e6864333fcbff24c29be,development+reused_validation,"{""base"": ""equal"", ""borrow_bps"": 50.0, ""cap"": 1.0, ""control"": ""event"", ""covariance_days"": 151, ""diagnostic"": ""lookback_high"", ""family"": ""ensemble"", ""har_train_min"": 605, ""lookback"": 76, ""overlay"": true, ""static_exposure"": null, ""target"": 0.11, ""threshold"": 0.05, ""trial_id"": ""E1-11"", ""universe"": [""SPY"", ""TLT"", ""GLD""]}",5.0 bp risky purchases+sales; borrow rf+50.0 bp,results/20261004T003708-e3127963/E1-11-lookback_high-ca4d368513.csv,started,Attempt retained even if process fails,False
E1-11-lookback_high-ca4d368513,2026-10-04T00:41:05.134367+00:00,5f04159f52c645b6503f8744058f5d8b248158d9,5f04159f52c645b6503f8744058f5d8b248158d9,e5f957a2b78b4a08cede2183cd59012f73beaffc38f0821d43bb458df08be222:5eb2ada6d8d007969c111064ae6c5de089e8bd61c0156cb49cc98484cea2b5d9,9e2dab8a2708b97c55f5bc1e5d55c749498522d77166e6864333fcbff24c29be,development+reused_validation,"{""base"": ""equal"", ""borrow_bps"": 50.0, ""cap"": 1.0, ""control"": ""event"", ""covariance_days"": 151, ""diagnostic"": ""lookback_high"", ""family"": ""ensemble"", ""har_train_min"": 605, ""lookback"": 76, ""overlay"": true, ""static_exposure"": null, ""target"": 0.11, ""threshold"": 0.05, ""trial_id"": ""E1-11"", ""universe"": [""SPY"", ""TLT"", ""GLD""]}",5.0 bp risky purchases+sales; borrow rf+50.0 bp,results/20261004T003708-e3127963/E1-11-lookback_high-ca4d368513.csv,completed,No OOS retuning; diagnostic not eligible for selection,False
E1-11-lookback_high_base-6d7d6bbdc4,2026-10-04T00:41:06.595892+00:00,5f04159f52c645b6503f8744058f5d8b248158d9,5f04159f52c645b6503f8744058f5d8b248158d9,e5f957a2b78b4a08cede2183cd59012f73beaffc38f0821d43bb458df08be222:5eb2ada6d8d007969c111064ae6c5de089e8bd61c0156cb49cc98484cea2b5d9,fd31b4f81344e4328720246cb353002ccc7ebd5581e0fd9149af331a298a2499,development+reused_validation,"{""base"": ""equal"", ""borrow_bps"": 50.0, ""cap"": 1.0, ""control"": ""event"", ""covariance_days"": 151, ""diagnostic"": ""lookback_high_base"", ""family"": ""ensemble"", ""har_train_min"": 605, ""lookback"": 76, ""overlay"": false, ""static_exposure"": null, ""target"": 0.11, ""threshold"": 0.05, ""trial_id"": ""E1-11"", ""universe"": [""SPY"", ""TLT"", ""GLD""]}",5.0 bp risky purchases+sales; borrow rf+50.0 bp,results/20261004T003708-e3127963/E1-11-lookback_high_base-6d7d6bbdc4.csv,started,Attempt retained even if process fails,False
E1-11-lookback_high_base-6d7d6bbdc4,2026-10-04T00:41:06.595892+00:00,5f04159f52c645b6503f8744058f5d8b248158d9,5f04159f52c645b6503f8744058f5d8b248158d9,e5f957a2b78b4a08cede2183cd59012f73beaffc38f0821d43bb458df08be222:5eb2ada6d8d007969c111064ae6c5de089e8bd61c0156cb49cc98484cea2b5d9,fd31b4f81344e4328720246cb353002ccc7ebd5581e0fd9149af331a298a2499,development+reused_validation,"{""base"": ""equal"", ""borrow_bps"": 50.0, ""cap"": 1.0, ""control"": ""event"", ""covariance_days"": 151, ""diagnostic"": ""lookback_high_base"", ""family"": ""ensemble"", ""har_train_min"": 605, ""lookback"": 76, ""overlay"": false, ""static_exposure"": null, ""target"": 0.11, ""threshold"": 0.05, ""trial_id"": ""E1-11"", ""universe"": [""SPY"", ""TLT"", ""GLD""]}",5.0 bp risky purchases+sales; borrow rf+50.0 bp,results/20261004T003708-e3127963/E1-11-lookback_high_base-6d7d6bbdc4.csv,completed,No OOS retuning; diagnostic not eligible for selection,False
E1-11-trigger_low-5af3fd8012,2026-10-04T00:41:08.049226+00:00,5f04159f52c645b6503f8744058f5d8b248158d9,5f04159f52c645b6503f8744058f5d8b248158d9,e5f957a2b78b4a08cede2183cd59012f73beaffc38f0821d43bb458df08be222:5eb2ada6d8d007969c111064ae6c5de089e8bd61c0156cb49cc98484cea2b5d9,58faf3987c307eb01d00fc72ce4315cdbcd9ccd3df911c3e27794c2884c98561,development+reused_validation,"{""base"": ""equal"", ""borrow_bps"": 50.0, ""cap"": 1.0, ""control"": ""event"", ""covariance_days"": 126, ""diagnostic"": ""trigger_low"", ""family"": ""ensemble"", ""har_train_min"": 504, ""lookback"": 63, ""overlay"": true, ""static_exposure"": null, ""target"": 0.11, ""threshold"": 0.04, ""trial_id"": ""E1-11"", ""universe"": [""SPY"", ""TLT"", ""GLD""]}",5.0 bp risky purchases+sales; borrow rf+50.0 bp,results/20261004T003708-e3127963/E1-11-trigger_low-5af3fd8012.csv,started,Attempt retained even if process fails,False
E1-11-trigger_low-5af3fd8012,2026-10-04T00:41:08.049226+00:00,5f04159f52c645b6503f8744058f5d8b248158d9,5f04159f52c645b6503f8744058f5d8b248158d9,e5f957a2b78b4a08cede2183cd59012f73beaffc38f0821d43bb458df08be222:5eb2ada6d8d007969c111064ae6c5de089e8bd61c0156cb49cc98484cea2b5d9,58faf3987c307eb01d00fc72ce4315cdbcd9ccd3df911c3e27794c2884c98561,development+reused_validation,"{""base"": ""equal"", ""borrow_bps"": 50.0, ""cap"": 1.0, ""control"": ""event"", ""covariance_days"": 126, ""diagnostic"": ""trigger_low"", ""family"": ""ensemble"", ""har_train_min"": 504, ""lookback"": 63, ""overlay"": true, ""static_exposure"": null, ""target"": 0.11, ""threshold"": 0.04, ""trial_id"": ""E1-11"", ""universe"": [""SPY"", ""TLT"", ""GLD""]}",5.0 bp risky purchases+sales; borrow rf+50.0 bp,results/20261004T003708-e3127963/E1-11-trigger_low-5af3fd8012.csv,completed,No OOS retuning; diagnostic not eligible for selection,False
E1-11-trigger_low_base-b7d058fd2f,2026-10-04T00:41:09.546358+00:00,5f04159f52c645b6503f8744058f5d8b248158d9,5f04159f52c645b6503f8744058f5d8b248158d9,e5f957a2b78b4a08cede2183cd59012f73beaffc38f0821d43bb458df08be222:5eb2ada6d8d007969c111064ae6c5de089e8bd61c0156cb49cc98484cea2b5d9,5ec53426de93f3d8dadca7b19af23ed6dea11a057964aa7db57147df5e4b9a86,development+reused_validation,"{""base"": ""equal"", ""borrow_bps"": 50.0, ""cap"": 1.0, ""control"": ""event"", ""covariance_days"": 126, ""diagnostic"": ""trigger_low_base"", ""family"": ""ensemble"", ""har_train_min"": 504, ""lookback"": 63, ""overlay"": false, ""static_exposure"": null, ""target"": 0.11, ""threshold"": 0.04, ""trial_id"": ""E1-11"", ""universe"": [""SPY"", ""TLT"", ""GLD""]}",5.0 bp risky purchases+sales; borrow rf+50.0 bp,results/20261004T003708-e3127963/E1-11-trigger_low_base-b7d058fd2f.csv,started,Attempt retained even if process fails,False
E1-11-trigger_low_base-b7d058fd2f,2026-10-04T00:41:09.546358+00:00,5f04159f52c645b6503f8744058f5d8b248158d9,5f04159f52c645b6503f8744058f5d8b248158d9,e5f957a2b78b4a08cede2183cd59012f73beaffc38f0821d43bb458df08be222:5eb2ada6d8d007969c111064ae6c5de089e8bd61c0156cb49cc98484cea2b5d9,5ec53426de93f3d8dadca7b19af23ed6dea11a057964aa7db57147df5e4b9a86,development+reused_validation,"{""base"": ""equal"", ""borrow_bps"": 50.0, ""cap"": 1.0, ""control"": ""event"", ""covariance_days"": 126, ""diagnostic"": ""trigger_low_base"", ""family"": ""ensemble"", ""har_train_min"": 504, ""lookback"": 63, ""overlay"": false, ""static_exposure"": null, ""target"": 0.11, ""threshold"": 0.04, ""trial_id"": ""E1-11"", ""universe"": [""SPY"", ""TLT"", ""GLD""]}",5.0 bp risky purchases+sales; borrow rf+50.0 bp,results/20261004T003708-e3127963/E1-11-trigger_low_base-b7d058fd2f.csv,completed,No OOS retuning; diagnostic not eligible for selection,False
E1-11-trigger_high-de84794568,2026-10-04T00:41:11.001413+00:00,5f04159f52c645b6503f8744058f5d8b248158d9,5f04159f52c645b6503f8744058f5d8b248158d9,e5f957a2b78b4a08cede2183cd59012f73beaffc38f0821d43bb458df08be222:5eb2ada6d8d007969c111064ae6c5de089e8bd61c0156cb49cc98484cea2b5d9,0191253ef98348cfdaa9d6168b3e2ab61f36c4deaa01f0446ef71204483d5f91,development+reused_validation,"{""base"": ""equal"", ""borrow_bps"": 50.0, ""cap"": 1.0, ""control"": ""event"", ""covariance_days"": 126, ""diagnostic"": ""trigger_high"", ""family"": ""ensemble"", ""har_train_min"": 504, ""lookback"": 63, ""overlay"": true, ""static_exposure"": null, ""target"": 0.11, ""threshold"": 0.06, ""trial_id"": ""E1-11"", ""universe"": [""SPY"", ""TLT"", ""GLD""]}",5.0 bp risky purchases+sales; borrow rf+50.0 bp,results/20261004T003708-e3127963/E1-11-trigger_high-de84794568.csv,started,Attempt retained even if process fails,False
E1-11-trigger_high-de84794568,2026-10-04T00:41:11.001413+00:00,5f04159f52c645b6503f8744058f5d8b248158d9,5f04159f52c645b6503f8744058f5d8b248158d9,e5f957a2b78b4a08cede2183cd59012f73beaffc38f0821d43bb458df08be222:5eb2ada6d8d007969c111064ae6c5de089e8bd61c0156cb49cc98484cea2b5d9,0191253ef98348cfdaa9d6168b3e2ab61f36c4deaa01f0446ef71204483d5f91,development+reused_validation,"{""base"": ""equal"", ""borrow_bps"": 50.0, ""cap"": 1.0, ""control"": ""event"", ""covariance_days"": 126, ""diagnostic"": ""trigger_high"", ""family"": ""ensemble"", ""har_train_min"": 504, ""lookback"": 63, ""overlay"": true, ""static_exposure"": null, ""target"": 0.11, ""threshold"": 0.06, ""trial_id"": ""E1-11"", ""universe"": [""SPY"", ""TLT"", ""GLD""]}",5.0 bp risky purchases+sales; borrow rf+50.0 bp,results/20261004T003708-e3127963/E1-11-trigger_high-de84794568.csv,completed,No OOS retuning; diagnostic not eligible for selection,False
E1-11-trigger_high_base-9bf5745949,2026-10-04T00:41:12.472775+00:00,5f04159f52c645b6503f8744058f5d8b248158d9,5f04159f52c645b6503f8744058f5d8b248158d9,e5f957a2b78b4a08cede2183cd59012f73beaffc38f0821d43bb458df08be222:5eb2ada6d8d007969c111064ae6c5de089e8bd61c0156cb49cc98484cea2b5d9,cfbe2973ffa0a630bfe788b2b355dd86e4165cee59f80b56c409b76847374da8,development+reused_validation,"{""base"": ""equal"", ""borrow_bps"": 50.0, ""cap"": 1.0, ""control"": ""event"", ""covariance_days"": 126, ""diagnostic"": ""trigger_high_base"", ""family"": ""ensemble"", ""har_train_min"": 504, ""lookback"": 63, ""overlay"": false, ""static_exposure"": null, ""target"": 0.11, ""threshold"": 0.06, ""trial_id"": ""E1-11"", ""universe"": [""SPY"", ""TLT"", ""GLD""]}",5.0 bp risky purchases+sales; borrow rf+50.0 bp,results/20261004T003708-e3127963/E1-11-trigger_high_base-9bf5745949.csv,started,Attempt retained even if process fails,False
E1-11-trigger_high_base-9bf5745949,2026-10-04T00:41:12.472775+00:00,5f04159f52c645b6503f8744058f5d8b248158d9,5f04159f52c645b6503f8744058f5d8b248158d9,e5f957a2b78b4a08cede2183cd59012f73beaffc38f0821d43bb458df08be222:5eb2ada6d8d007969c111064ae6c5de089e8bd61c0156cb49cc98484cea2b5d9,cfbe2973ffa0a630bfe788b2b355dd86e4165cee59f80b56c409b76847374da8,development+reused_validation,"{""base"": ""equal"", ""borrow_bps"": 50.0, ""cap"": 1.0, ""control"": ""event"", ""covariance_days"": 126, ""diagnostic"": ""trigger_high_base"", ""family"": ""ensemble"", ""har_train_min"": 504, ""lookback"": 63, ""overlay"": false, ""static_exposure"": null, ""target"": 0.11, ""threshold"": 0.06, ""trial_id"": ""E1-11"", ""universe"": [""SPY"", ""TLT"", ""GLD""]}",5.0 bp risky purchases+sales; borrow rf+50.0 bp,results/20261004T003708-e3127963/E1-11-trigger_high_base-9bf5745949.csv,completed,No OOS retuning; diagnostic not eligible for selection,False
E2-double_cost-5f360e713d,2026-10-04T00:41:14.165883+00:00,5f04159f52c645b6503f8744058f5d8b248158d9,5f04159f52c645b6503f8744058f5d8b248158d9,e5f957a2b78b4a08cede2183cd59012f73beaffc38f0821d43bb458df08be222:5eb2ada6d8d007969c111064ae6c5de089e8bd61c0156cb49cc98484cea2b5d9,5b478a96796f02c2dfe1344042b3f66d5a3077ccb37f893d40bd16cc25965ae1,development+reused_validation,"{""base"": ""equal"", ""borrow_bps"": 50.0, ""cap"": 1.0, ""control"": ""event"", ""covariance_days"": 126, ""diagnostic"": ""double_cost"", ""family"": ""har"", ""har_train_min"": 504, ""lookback"": 63, ""overlay"": true, ""static_exposure"": null, ""target"": 0.1, ""threshold"": 0.05, ""trial_id"": ""E2"", ""universe"": [""SPY"", ""TLT"", ""GLD""]}",10 bp risky purchases+sales; borrow rf+50.0 bp,results/20261004T003708-e3127963/E2-double_cost-5f360e713d.csv,started,Attempt retained even if process fails,False
E2-double_cost-5f360e713d,2026-10-04T00:41:14.165883+00:00,5f04159f52c645b6503f8744058f5d8b248158d9,5f04159f52c645b6503f8744058f5d8b248158d9,e5f957a2b78b4a08cede2183cd59012f73beaffc38f0821d43bb458df08be222:5eb2ada6d8d007969c111064ae6c5de089e8bd61c0156cb49cc98484cea2b5d9,5b478a96796f02c2dfe1344042b3f66d5a3077ccb37f893d40bd16cc25965ae1,development+reused_validation,"{""base"": ""equal"", ""borrow_bps"": 50.0, ""cap"": 1.0, ""control"": ""event"", ""covariance_days"": 126, ""diagnostic"": ""double_cost"", ""family"": ""har"", ""har_train_min"": 504, ""lookback"": 63, ""overlay"": true, ""static_exposure"": null, ""target"": 0.1, ""threshold"": 0.05, ""trial_id"": ""E2"", ""universe"": [""SPY"", ""TLT"", ""GLD""]}",10 bp risky purchases+sales; borrow rf+50.0 bp,results/20261004T003708-e3127963/E2-double_cost-5f360e713d.csv,completed,No OOS retuning; diagnostic not eligible for selection,False
E2-double_cost_base-891285e839,2026-10-04T00:41:17.163479+00:00,5f04159f52c645b6503f8744058f5d8b248158d9,5f04159f52c645b6503f8744058f5d8b248158d9,e5f957a2b78b4a08cede2183cd59012f73beaffc38f0821d43bb458df08be222:5eb2ada6d8d007969c111064ae6c5de089e8bd61c0156cb49cc98484cea2b5d9,a80f2b8c8fe1beaf420da6ec6521f36e4a0cd6f765414392a4c2db53fd85c532,development+reused_validation,"{""base"": ""equal"", ""borrow_bps"": 50.0, ""cap"": 1.0, ""control"": ""event"", ""covariance_days"": 126, ""diagnostic"": ""double_cost_base"", ""family"": ""har"", ""har_train_min"": 504, ""lookback"": 63, ""overlay"": false, ""static_exposure"": null, ""target"": 0.1, ""threshold"": 0.05, ""trial_id"": ""E2"", ""universe"": [""SPY"", ""TLT"", ""GLD""]}",10 bp risky purchases+sales; borrow rf+50.0 bp,results/20261004T003708-e3127963/E2-double_cost_base-891285e839.csv,started,Attempt retained even if process fails,False
E2-double_cost_base-891285e839,2026-10-04T00:41:17.163479+00:00,5f04159f52c645b6503f8744058f5d8b248158d9,5f04159f52c645b6503f8744058f5d8b248158d9,e5f957a2b78b4a08cede2183cd59012f73beaffc38f0821d43bb458df08be222:5eb2ada6d8d007969c111064ae6c5de089e8bd61c0156cb49cc98484cea2b5d9,a80f2b8c8fe1beaf420da6ec6521f36e4a0cd6f765414392a4c2db53fd85c532,development+reused_validation,"{""base"": ""equal"", ""borrow_bps"": 50.0, ""cap"": 1.0, ""control"": ""event"", ""covariance_days"": 126, ""diagnostic"": ""double_cost_base"", ""family"": ""har"", ""har_train_min"": 504, ""lookback"": 63, ""overlay"": false, ""static_exposure"": null, ""target"": 0.1, ""threshold"": 0.05, ""trial_id"": ""E2"", ""universe"": [""SPY"", ""TLT"", ""GLD""]}",10 bp risky purchases+sales; borrow rf+50.0 bp,results/20261004T003708-e3127963/E2-double_cost_base-891285e839.csv,completed,No OOS retuning; diagnostic not eligible for selection,False
E2-target_low-d57bb8247b,2026-10-04T00:41:20.491843+00:00,5f04159f52c645b6503f8744058f5d8b248158d9,5f04159f52c645b6503f8744058f5d8b248158d9,e5f957a2b78b4a08cede2183cd59012f73beaffc38f0821d43bb458df08be222:5eb2ada6d8d007969c111064ae6c5de089e8bd61c0156cb49cc98484cea2b5d9,7889897c4d6485d2e00d7a0974b53b0bf627276f0518aac6ec0a149bf6080aa1,development+reused_validation,"{""base"": ""equal"", ""borrow_bps"": 50.0, ""cap"": 1.0, ""control"": ""event"", ""covariance_days"": 126, ""diagnostic"": ""target_low"", ""family"": ""har"", ""har_train_min"": 504, ""lookback"": 63, ""overlay"": true, ""static_exposure"": null, ""target"": 0.09000000000000001, ""threshold"": 0.05, ""trial_id"": ""E2"", ""universe"": [""SPY"", ""TLT"", ""GLD""]}",5.0 bp risky purchases+sales; borrow rf+50.0 bp,results/20261004T003708-e3127963/E2-target_low-d57bb8247b.csv,started,Attempt retained even if process fails,False
E2-target_low-d57bb8247b,2026-10-04T00:41:20.491843+00:00,5f04159f52c645b6503f8744058f5d8b248158d9,5f04159f52c645b6503f8744058f5d8b248158d9,e5f957a2b78b4a08cede2183cd59012f73beaffc38f0821d43bb458df08be222:5eb2ada6d8d007969c111064ae6c5de089e8bd61c0156cb49cc98484cea2b5d9,7889897c4d6485d2e00d7a0974b53b0bf627276f0518aac6ec0a149bf6080aa1,development+reused_validation,"{""base"": ""equal"", ""borrow_bps"": 50.0, ""cap"": 1.0, ""control"": ""event"", ""covariance_days"": 126, ""diagnostic"": ""target_low"", ""family"": ""har"", ""har_train_min"": 504, ""lookback"": 63, ""overlay"": true, ""static_exposure"": null, ""target"": 0.09000000000000001, ""threshold"": 0.05, ""trial_id"": ""E2"", ""universe"": [""SPY"", ""TLT"", ""GLD""]}",5.0 bp risky purchases+sales; borrow rf+50.0 bp,results/20261004T003708-e3127963/E2-target_low-d57bb8247b.csv,completed,No OOS retuning; diagnostic not eligible for selection,False
E2-target_low_base-d46100834d,2026-10-04T00:41:23.506695+00:00,5f04159f52c645b6503f8744058f5d8b248158d9,5f04159f52c645b6503f8744058f5d8b248158d9,e5f957a2b78b4a08cede2183cd59012f73beaffc38f0821d43bb458df08be222:5eb2ada6d8d007969c111064ae6c5de089e8bd61c0156cb49cc98484cea2b5d9,6c606779338ed91e7b67887b5247411607dc9839e55fb4ae5689d800512c608d,development+reused_validation,"{""base"": ""equal"", ""borrow_bps"": 50.0, ""cap"": 1.0, ""control"": ""event"", ""covariance_days"": 126, ""diagnostic"": ""target_low_base"", ""family"": ""har"", ""har_train_min"": 504, ""lookback"": 63, ""overlay"": false, ""static_exposure"": null, ""target"": 0.09000000000000001, ""threshold"": 0.05, ""trial_id"": ""E2"", ""universe"": [""SPY"", ""TLT"", ""GLD""]}",5.0 bp risky purchases+sales; borrow rf+50.0 bp,results/20261004T003708-e3127963/E2-target_low_base-d46100834d.csv,started,Attempt retained even if process fails,False
E2-target_low_base-d46100834d,2026-10-04T00:41:23.506695+00:00,5f04159f52c645b6503f8744058f5d8b248158d9,5f04159f52c645b6503f8744058f5d8b248158d9,e5f957a2b78b4a08cede2183cd59012f73beaffc38f0821d43bb458df08be222:5eb2ada6d8d007969c111064ae6c5de089e8bd61c0156cb49cc98484cea2b5d9,6c606779338ed91e7b67887b5247411607dc9839e55fb4ae5689d800512c608d,development+reused_validation,"{""base"": ""equal"", ""borrow_bps"": 50.0, ""cap"": 1.0, ""control"": ""event"", ""covariance_days"": 126, ""diagnostic"": ""target_low_base"", ""family"": ""har"", ""har_train_min"": 504, ""lookback"": 63, ""overlay"": false, ""static_exposure"": null, ""target"": 0.09000000000000001, ""threshold"": 0.05, ""trial_id"": ""E2"", ""universe"": [""SPY"", ""TLT"", ""GLD""]}",5.0 bp risky purchases+sales; borrow rf+50.0 bp,results/20261004T003708-e3127963/E2-target_low_base-d46100834d.csv,completed,No OOS retuning; diagnostic not eligible for selection,False
E2-target_high-628e8216ce,2026-10-04T00:41:26.475453+00:00,5f04159f52c645b6503f8744058f5d8b248158d9,5f04159f52c645b6503f8744058f5d8b248158d9,e5f957a2b78b4a08cede2183cd59012f73beaffc38f0821d43bb458df08be222:5eb2ada6d8d007969c111064ae6c5de089e8bd61c0156cb49cc98484cea2b5d9,398f190ba502bdc80f976fd8db426f43f06857077f77e86e3188fa8ba62231aa,development+reused_validation,"{""base"": ""equal"", ""borrow_bps"": 50.0, ""cap"": 1.0, ""control"": ""event"", ""covariance_days"": 126, ""diagnostic"": ""target_high"", ""family"": ""har"", ""har_train_min"": 504, ""lookback"": 63, ""overlay"": true, ""static_exposure"": null, ""target"": 0.11, ""threshold"": 0.05, ""trial_id"": ""E2"", ""universe"": [""SPY"", ""TLT"", ""GLD""]}",5.0 bp risky purchases+sales; borrow rf+50.0 bp,results/20261004T003708-e3127963/E2-target_high-628e8216ce.csv,started,Attempt retained even if process fails,False
E2-target_high-628e8216ce,2026-10-04T00:41:26.475453+00:00,5f04159f52c645b6503f8744058f5d8b248158d9,5f04159f52c645b6503f8744058f5d8b248158d9,e5f957a2b78b4a08cede2183cd59012f73beaffc38f0821d43bb458df08be222:5eb2ada6d8d007969c111064ae6c5de089e8bd61c0156cb49cc98484cea2b5d9,398f190ba502bdc80f976fd8db426f43f06857077f77e86e3188fa8ba62231aa,development+reused_validation,"{""base"": ""equal"", ""borrow_bps"": 50.0, ""cap"": 1.0, ""control"": ""event"", ""covariance_days"": 126, ""diagnostic"": ""target_high"", ""family"": ""har"", ""har_train_min"": 504, ""lookback"": 63, ""overlay"": true, ""static_exposure"": null, ""target"": 0.11, ""threshold"": 0.05, ""trial_id"": ""E2"", ""universe"": [""SPY"", ""TLT"", ""GLD""]}",5.0 bp risky purchases+sales; borrow rf+50.0 bp,results/20261004T003708-e3127963/E2-target_high-628e8216ce.csv,completed,No OOS retuning; diagnostic not eligible for selection,False
E2-target_high_base-9a026c40e9,2026-10-04T00:41:29.542590+00:00,5f04159f52c645b6503f8744058f5d8b248158d9,5f04159f52c645b6503f8744058f5d8b248158d9,e5f957a2b78b4a08cede2183cd59012f73beaffc38f0821d43bb458df08be222:5eb2ada6d8d007969c111064ae6c5de089e8bd61c0156cb49cc98484cea2b5d9,291be0642bc5dd551fec77420415b6642060e02858051bf9b632a7c5dfa634a1,development+reused_validation,"{""base"": ""equal"", ""borrow_bps"": 50.0, ""cap"": 1.0, ""control"": ""event"", ""covariance_days"": 126, ""diagnostic"": ""target_high_base"", ""family"": ""har"", ""har_train_min"": 504, ""lookback"": 63, ""overlay"": false, ""static_exposure"": null, ""target"": 0.11, ""threshold"": 0.05, ""trial_id"": ""E2"", ""universe"": [""SPY"", ""TLT"", ""GLD""]}",5.0 bp risky purchases+sales; borrow rf+50.0 bp,results/20261004T003708-e3127963/E2-target_high_base-9a026c40e9.csv,started,Attempt retained even if process fails,False
E2-target_high_base-9a026c40e9,2026-10-04T00:41:29.542590+00:00,5f04159f52c645b6503f8744058f5d8b248158d9,5f04159f52c645b6503f8744058f5d8b248158d9,e5f957a2b78b4a08cede2183cd59012f73beaffc38f0821d43bb458df08be222:5eb2ada6d8d007969c111064ae6c5de089e8bd61c0156cb49cc98484cea2b5d9,291be0642bc5dd551fec77420415b6642060e02858051bf9b632a7c5dfa634a1,development+reused_validation,"{""base"": ""equal"", ""borrow_bps"": 50.0, ""cap"": 1.0, ""control"": ""event"", ""covariance_days"": 126, ""diagnostic"": ""target_high_base"", ""family"": ""har"", ""har_train_min"": 504, ""lookback"": 63, ""overlay"": false, ""static_exposure"": null, ""target"": 0.11, ""threshold"": 0.05, ""trial_id"": ""E2"", ""universe"": [""SPY"", ""TLT"", ""GLD""]}",5.0 bp risky purchases+sales; borrow rf+50.0 bp,results/20261004T003708-e3127963/E2-target_high_base-9a026c40e9.csv,completed,No OOS retuning; diagnostic not eligible for selection,False
E2-lookback_low-1cb455d4cf,2026-10-04T00:41:32.551738+00:00,5f04159f52c645b6503f8744058f5d8b248158d9,5f04159f52c645b6503f8744058f5d8b248158d9,e5f957a2b78b4a08cede2183cd59012f73beaffc38f0821d43bb458df08be222:5eb2ada6d8d007969c111064ae6c5de089e8bd61c0156cb49cc98484cea2b5d9,e966fb589f9c24bfb40a1b69cf27d761a22319c2040b9ff64d750569a043e517,development+reused_validation,"{""base"": ""equal"", ""borrow_bps"": 50.0, ""cap"": 1.0, ""control"": ""event"", ""covariance_days"": 101, ""diagnostic"": ""lookback_low"", ""family"": ""har"", ""har_train_min"": 403, ""lookback"": 50, ""overlay"": true, ""static_exposure"": null, ""target"": 0.1, ""threshold"": 0.05, ""trial_id"": ""E2"", ""universe"": [""SPY"", ""TLT"", ""GLD""]}",5.0 bp risky purchases+sales; borrow rf+50.0 bp,results/20261004T003708-e3127963/E2-lookback_low-1cb455d4cf.csv,started,Attempt retained even if process fails,False
E2-lookback_low-1cb455d4cf,2026-10-04T00:41:32.551738+00:00,5f04159f52c645b6503f8744058f5d8b248158d9,5f04159f52c645b6503f8744058f5d8b248158d9,e5f957a2b78b4a08cede2183cd59012f73beaffc38f0821d43bb458df08be222:5eb2ada6d8d007969c111064ae6c5de089e8bd61c0156cb49cc98484cea2b5d9,e966fb589f9c24bfb40a1b69cf27d761a22319c2040b9ff64d750569a043e517,development+reused_validation,"{""base"": ""equal"", ""borrow_bps"": 50.0, ""cap"": 1.0, ""control"": ""event"", ""covariance_days"": 101, ""diagnostic"": ""lookback_low"", ""family"": ""har"", ""har_train_min"": 403, ""lookback"": 50, ""overlay"": true, ""static_exposure"": null, ""target"": 0.1, ""threshold"": 0.05, ""trial_id"": ""E2"", ""universe"": [""SPY"", ""TLT"", ""GLD""]}",5.0 bp risky purchases+sales; borrow rf+50.0 bp,results/20261004T003708-e3127963/E2-lookback_low-1cb455d4cf.csv,completed,No OOS retuning; diagnostic not eligible for selection,False
E2-lookback_low_base-274c647b35,2026-10-04T00:41:35.542246+00:00,5f04159f52c645b6503f8744058f5d8b248158d9,5f04159f52c645b6503f8744058f5d8b248158d9,e5f957a2b78b4a08cede2183cd59012f73beaffc38f0821d43bb458df08be222:5eb2ada6d8d007969c111064ae6c5de089e8bd61c0156cb49cc98484cea2b5d9,dd465c516bef1ab6a2c2e7845bb95cb859ba3a1870514bee3ca71b38f5147479,development+reused_validation,"{""base"": ""equal"", ""borrow_bps"": 50.0, ""cap"": 1.0, ""control"": ""event"", ""covariance_days"": 101, ""diagnostic"": ""lookback_low_base"", ""family"": ""har"", ""har_train_min"": 403, ""lookback"": 50, ""overlay"": false, ""static_exposure"": null, ""target"": 0.1, ""threshold"": 0.05, ""trial_id"": ""E2"", ""universe"": [""SPY"", ""TLT"", ""GLD""]}",5.0 bp risky purchases+sales; borrow rf+50.0 bp,results/20261004T003708-e3127963/E2-lookback_low_base-274c647b35.csv,started,Attempt retained even if process fails,False
E2-lookback_low_base-274c647b35,2026-10-04T00:41:35.542246+00:00,5f04159f52c645b6503f8744058f5d8b248158d9,5f04159f52c645b6503f8744058f5d8b248158d9,e5f957a2b78b4a08cede2183cd59012f73beaffc38f0821d43bb458df08be222:5eb2ada6d8d007969c111064ae6c5de089e8bd61c0156cb49cc98484cea2b5d9,dd465c516bef1ab6a2c2e7845bb95cb859ba3a1870514bee3ca71b38f5147479,development+reused_validation,"{""base"": ""equal"", ""borrow_bps"": 50.0, ""cap"": 1.0, ""control"": ""event"", ""covariance_days"": 101, ""diagnostic"": ""lookback_low_base"", ""family"": ""har"", ""har_train_min"": 403, ""lookback"": 50, ""overlay"": false, ""static_exposure"": null, ""target"": 0.1, ""threshold"": 0.05, ""trial_id"": ""E2"", ""universe"": [""SPY"", ""TLT"", ""GLD""]}",5.0 bp risky purchases+sales; borrow rf+50.0 bp,results/20261004T003708-e3127963/E2-lookback_low_base-274c647b35.csv,completed,No OOS retuning; diagnostic not eligible for selection,False
E2-lookback_high-6aff1adbef,2026-10-04T00:41:38.479975+00:00,5f04159f52c645b6503f8744058f5d8b248158d9,5f04159f52c645b6503f8744058f5d8b248158d9,e5f957a2b78b4a08cede2183cd59012f73beaffc38f0821d43bb458df08be222:5eb2ada6d8d007969c111064ae6c5de089e8bd61c0156cb49cc98484cea2b5d9,5ba2edb9e0881145f9f1caf2ff44ac43ee4e50aac72932aa51a59636588a6e2e,development+reused_validation,"{""base"": ""equal"", ""borrow_bps"": 50.0, ""cap"": 1.0, ""control"": ""event"", ""covariance_days"": 151, ""diagnostic"": ""lookback_high"", ""family"": ""har"", ""har_train_min"": 605, ""lookback"": 76, ""overlay"": true, ""static_exposure"": null, ""target"": 0.1, ""threshold"": 0.05, ""trial_id"": ""E2"", ""universe"": [""SPY"", ""TLT"", ""GLD""]}",5.0 bp risky purchases+sales; borrow rf+50.0 bp,results/20261004T003708-e3127963/E2-lookback_high-6aff1adbef.csv,started,Attempt retained even if process fails,False
E2-lookback_high-6aff1adbef,2026-10-04T00:41:38.479975+00:00,5f04159f52c645b6503f8744058f5d8b248158d9,5f04159f52c645b6503f8744058f5d8b248158d9,e5f957a2b78b4a08cede2183cd59012f73beaffc38f0821d43bb458df08be222:5eb2ada6d8d007969c111064ae6c5de089e8bd61c0156cb49cc98484cea2b5d9,5ba2edb9e0881145f9f1caf2ff44ac43ee4e50aac72932aa51a59636588a6e2e,development+reused_validation,"{""base"": ""equal"", ""borrow_bps"": 50.0, ""cap"": 1.0, ""control"": ""event"", ""covariance_days"": 151, ""diagnostic"": ""lookback_high"", ""family"": ""har"", ""har_train_min"": 605, ""lookback"": 76, ""overlay"": true, ""static_exposure"": null, ""target"": 0.1, ""threshold"": 0.05, ""trial_id"": ""E2"", ""universe"": [""SPY"", ""TLT"", ""GLD""]}",5.0 bp risky purchases+sales; borrow rf+50.0 bp,results/20261004T003708-e3127963/E2-lookback_high-6aff1adbef.csv,completed,No OOS retuning; diagnostic not eligible for selection,False
E2-lookback_high_base-905cbe2a47,2026-10-04T00:41:41.576552+00:00,5f04159f52c645b6503f8744058f5d8b248158d9,5f04159f52c645b6503f8744058f5d8b248158d9,e5f957a2b78b4a08cede2183cd59012f73beaffc38f0821d43bb458df08be222:5eb2ada6d8d007969c111064ae6c5de089e8bd61c0156cb49cc98484cea2b5d9,98b94fc16fbbef856017f7372b075b7901fb5d29d199662ea13060fda6402b78,development+reused_validation,"{""base"": ""equal"", ""borrow_bps"": 50.0, ""cap"": 1.0, ""control"": ""event"", ""covariance_days"": 151, ""diagnostic"": ""lookback_high_base"", ""family"": ""har"", ""har_train_min"": 605, ""lookback"": 76, ""overlay"": false, ""static_exposure"": null, ""target"": 0.1, ""threshold"": 0.05, ""trial_id"": ""E2"", ""universe"": [""SPY"", ""TLT"", ""GLD""]}",5.0 bp risky purchases+sales; borrow rf+50.0 bp,results/20261004T003708-e3127963/E2-lookback_high_base-905cbe2a47.csv,started,Attempt retained even if process fails,False
E2-lookback_high_base-905cbe2a47,2026-10-04T00:41:41.576552+00:00,5f04159f52c645b6503f8744058f5d8b248158d9,5f04159f52c645b6503f8744058f5d8b248158d9,e5f957a2b78b4a08cede2183cd59012f73beaffc38f0821d43bb458df08be222:5eb2ada6d8d007969c111064ae6c5de089e8bd61c0156cb49cc98484cea2b5d9,98b94fc16fbbef856017f7372b075b7901fb5d29d199662ea13060fda6402b78,development+reused_validation,"{""base"": ""equal"", ""borrow_bps"": 50.0, ""cap"": 1.0, ""control"": ""event"", ""covariance_days"": 151, ""diagnostic"": ""lookback_high_base"", ""family"": ""har"", ""har_train_min"": 605, ""lookback"": 76, ""overlay"": false, ""static_exposure"": null, ""target"": 0.1, ""threshold"": 0.05, ""trial_id"": ""E2"", ""universe"": [""SPY"", ""TLT"", ""GLD""]}",5.0 bp risky purchases+sales; borrow rf+50.0 bp,results/20261004T003708-e3127963/E2-lookback_high_base-905cbe2a47.csv,completed,No OOS retuning; diagnostic not eligible for selection,False
E2-trigger_low-b05d41e7f1,2026-10-04T00:41:44.581752+00:00,5f04159f52c645b6503f8744058f5d8b248158d9,5f04159f52c645b6503f8744058f5d8b248158d9,e5f957a2b78b4a08cede2183cd59012f73beaffc38f0821d43bb458df08be222:5eb2ada6d8d007969c111064ae6c5de089e8bd61c0156cb49cc98484cea2b5d9,35951aa55568e909275045ec90165d347537a0612e6c2926010c294ae89db9d8,development+reused_validation,"{""base"": ""equal"", ""borrow_bps"": 50.0, ""cap"": 1.0, ""control"": ""event"", ""covariance_days"": 126, ""diagnostic"": ""trigger_low"", ""family"": ""har"", ""har_train_min"": 504, ""lookback"": 63, ""overlay"": true, ""static_exposure"": null, ""target"": 0.1, ""threshold"": 0.04, ""trial_id"": ""E2"", ""universe"": [""SPY"", ""TLT"", ""GLD""]}",5.0 bp risky purchases+sales; borrow rf+50.0 bp,results/20261004T003708-e3127963/E2-trigger_low-b05d41e7f1.csv,started,Attempt retained even if process fails,False
E2-trigger_low-b05d41e7f1,2026-10-04T00:41:44.581752+00:00,5f04159f52c645b6503f8744058f5d8b248158d9,5f04159f52c645b6503f8744058f5d8b248158d9,e5f957a2b78b4a08cede2183cd59012f73beaffc38f0821d43bb458df08be222:5eb2ada6d8d007969c111064ae6c5de089e8bd61c0156cb49cc98484cea2b5d9,35951aa55568e909275045ec90165d347537a0612e6c2926010c294ae89db9d8,development+reused_validation,"{""base"": ""equal"", ""borrow_bps"": 50.0, ""cap"": 1.0, ""control"": ""event"", ""covariance_days"": 126, ""diagnostic"": ""trigger_low"", ""family"": ""har"", ""har_train_min"": 504, ""lookback"": 63, ""overlay"": true, ""static_exposure"": null, ""target"": 0.1, ""threshold"": 0.04, ""trial_id"": ""E2"", ""universe"": [""SPY"", ""TLT"", ""GLD""]}",5.0 bp risky purchases+sales; borrow rf+50.0 bp,results/20261004T003708-e3127963/E2-trigger_low-b05d41e7f1.csv,completed,No OOS retuning; diagnostic not eligible for selection,False
E2-trigger_low_base-1784abdcd1,2026-10-04T00:41:47.558729+00:00,5f04159f52c645b6503f8744058f5d8b248158d9,5f04159f52c645b6503f8744058f5d8b248158d9,e5f957a2b78b4a08cede2183cd59012f73beaffc38f0821d43bb458df08be222:5eb2ada6d8d007969c111064ae6c5de089e8bd61c0156cb49cc98484cea2b5d9,1528c0acb2058cb603cb60b9d9978c5298c90fd4dd9ecf010f58225e83775092,development+reused_validation,"{""base"": ""equal"", ""borrow_bps"": 50.0, ""cap"": 1.0, ""control"": ""event"", ""covariance_days"": 126, ""diagnostic"": ""trigger_low_base"", ""family"": ""har"", ""har_train_min"": 504, ""lookback"": 63, ""overlay"": false, ""static_exposure"": null, ""target"": 0.1, ""threshold"": 0.04, ""trial_id"": ""E2"", ""universe"": [""SPY"", ""TLT"", ""GLD""]}",5.0 bp risky purchases+sales; borrow rf+50.0 bp,results/20261004T003708-e3127963/E2-trigger_low_base-1784abdcd1.csv,started,Attempt retained even if process fails,False
E2-trigger_low_base-1784abdcd1,2026-10-04T00:41:47.558729+00:00,5f04159f52c645b6503f8744058f5d8b248158d9,5f04159f52c645b6503f8744058f5d8b248158d9,e5f957a2b78b4a08cede2183cd59012f73beaffc38f0821d43bb458df08be222:5eb2ada6d8d007969c111064ae6c5de089e8bd61c0156cb49cc98484cea2b5d9,1528c0acb2058cb603cb60b9d9978c5298c90fd4dd9ecf010f58225e83775092,development+reused_validation,"{""base"": ""equal"", ""borrow_bps"": 50.0, ""cap"": 1.0, ""control"": ""event"", ""covariance_days"": 126, ""diagnostic"": ""trigger_low_base"", ""family"": ""har"", ""har_train_min"": 504, ""lookback"": 63, ""overlay"": false, ""static_exposure"": null, ""target"": 0.1, ""threshold"": 0.04, ""trial_id"": ""E2"", ""universe"": [""SPY"", ""TLT"", ""GLD""]}",5.0 bp risky purchases+sales; borrow rf+50.0 bp,results/20261004T003708-e3127963/E2-trigger_low_base-1784abdcd1.csv,completed,No OOS retuning; diagnostic not eligible for selection,False
E2-trigger_high-e82383a8da,2026-10-04T00:41:50.553463+00:00,5f04159f52c645b6503f8744058f5d8b248158d9,5f04159f52c645b6503f8744058f5d8b248158d9,e5f957a2b78b4a08cede2183cd59012f73beaffc38f0821d43bb458df08be222:5eb2ada6d8d007969c111064ae6c5de089e8bd61c0156cb49cc98484cea2b5d9,8bfbfbedabfc381dc2118237604f23efdb27e45192ca14c84258ca7ab4fe539c,development+reused_validation,"{""base"": ""equal"", ""borrow_bps"": 50.0, ""cap"": 1.0, ""control"": ""event"", ""covariance_days"": 126, ""diagnostic"": ""trigger_high"", ""family"": ""har"", ""har_train_min"": 504, ""lookback"": 63, ""overlay"": true, ""static_exposure"": null, ""target"": 0.1, ""threshold"": 0.06, ""trial_id"": ""E2"", ""universe"": [""SPY"", ""TLT"", ""GLD""]}",5.0 bp risky purchases+sales; borrow rf+50.0 bp,results/20261004T003708-e3127963/E2-trigger_high-e82383a8da.csv,started,Attempt retained even if process fails,False
E2-trigger_high-e82383a8da,2026-10-04T00:41:50.553463+00:00,5f04159f52c645b6503f8744058f5d8b248158d9,5f04159f52c645b6503f8744058f5d8b248158d9,e5f957a2b78b4a08cede2183cd59012f73beaffc38f0821d43bb458df08be222:5eb2ada6d8d007969c111064ae6c5de089e8bd61c0156cb49cc98484cea2b5d9,8bfbfbedabfc381dc2118237604f23efdb27e45192ca14c84258ca7ab4fe539c,development+reused_validation,"{""base"": ""equal"", ""borrow_bps"": 50.0, ""cap"": 1.0, ""control"": ""event"", ""covariance_days"": 126, ""diagnostic"": ""trigger_high"", ""family"": ""har"", ""har_train_min"": 504, ""lookback"": 63, ""overlay"": true, ""static_exposure"": null, ""target"": 0.1, ""threshold"": 0.06, ""trial_id"": ""E2"", ""universe"": [""SPY"", ""TLT"", ""GLD""]}",5.0 bp risky purchases+sales; borrow rf+50.0 bp,results/20261004T003708-e3127963/E2-trigger_high-e82383a8da.csv,completed,No OOS retuning; diagnostic not eligible for selection,False
E2-trigger_high_base-9024fc65a5,2026-10-04T00:41:53.589189+00:00,5f04159f52c645b6503f8744058f5d8b248158d9,5f04159f52c645b6503f8744058f5d8b248158d9,e5f957a2b78b4a08cede2183cd59012f73beaffc38f0821d43bb458df08be222:5eb2ada6d8d007969c111064ae6c5de089e8bd61c0156cb49cc98484cea2b5d9,c396e9fadb5ee50dddd63d53ef60968ce60869d2e165e0cb0a7308a5abc047a9,development+reused_validation,"{""base"": ""equal"", ""borrow_bps"": 50.0, ""cap"": 1.0, ""control"": ""event"", ""covariance_days"": 126, ""diagnostic"": ""trigger_high_base"", ""family"": ""har"", ""har_train_min"": 504, ""lookback"": 63, ""overlay"": false, ""static_exposure"": null, ""target"": 0.1, ""threshold"": 0.06, ""trial_id"": ""E2"", ""universe"": [""SPY"", ""TLT"", ""GLD""]}",5.0 bp risky purchases+sales; borrow rf+50.0 bp,results/20261004T003708-e3127963/E2-trigger_high_base-9024fc65a5.csv,started,Attempt retained even if process fails,False
E2-trigger_high_base-9024fc65a5,2026-10-04T00:41:53.589189+00:00,5f04159f52c645b6503f8744058f5d8b248158d9,5f04159f52c645b6503f8744058f5d8b248158d9,e5f957a2b78b4a08cede2183cd59012f73beaffc38f0821d43bb458df08be222:5eb2ada6d8d007969c111064ae6c5de089e8bd61c0156cb49cc98484cea2b5d9,c396e9fadb5ee50dddd63d53ef60968ce60869d2e165e0cb0a7308a5abc047a9,development+reused_validation,"{""base"": ""equal"", ""borrow_bps"": 50.0, ""cap"": 1.0, ""control"": ""event"", ""covariance_days"": 126, ""diagnostic"": ""trigger_high_base"", ""family"": ""har"", ""har_train_min"": 504, ""lookback"": 63, ""overlay"": false, ""static_exposure"": null, ""target"": 0.1, ""threshold"": 0.06, ""trial_id"": ""E2"", ""universe"": [""SPY"", ""TLT"", ""GLD""]}",5.0 bp risky purchases+sales; borrow rf+50.0 bp,results/20261004T003708-e3127963/E2-trigger_high_base-9024fc65a5.csv,completed,No OOS retuning; diagnostic not eligible for selection,False
E3-20-double_cost-3ccec1f1d6,2026-10-04T00:41:56.636612+00:00,5f04159f52c645b6503f8744058f5d8b248158d9,5f04159f52c645b6503f8744058f5d8b248158d9,e5f957a2b78b4a08cede2183cd59012f73beaffc38f0821d43bb458df08be222:5eb2ada6d8d007969c111064ae6c5de089e8bd61c0156cb49cc98484cea2b5d9,5d6001b93c2069c50f48b0ad78e5c402f936a8f0d7f02ff13e55c0fab6e61e93,development+reused_validation,"{""base"": ""equal"", ""borrow_bps"": 50.0, ""cap"": 1.0, ""control"": ""event"", ""covariance_days"": 126, ""diagnostic"": ""double_cost"", ""family"": ""range"", ""har_train_min"": 504, ""lookback"": 20, ""overlay"": true, ""static_exposure"": null, ""target"": 0.1, ""threshold"": 0.05, ""trial_id"": ""E3-20"", ""universe"": [""SPY"", ""TLT"", ""GLD""]}",10 bp risky purchases+sales; borrow rf+50.0 bp,results/20261004T003708-e3127963/E3-20-double_cost-3ccec1f1d6.csv,started,Attempt retained even if process fails,False
E3-20-double_cost-3ccec1f1d6,2026-10-04T00:41:56.636612+00:00,5f04159f52c645b6503f8744058f5d8b248158d9,5f04159f52c645b6503f8744058f5d8b248158d9,e5f957a2b78b4a08cede2183cd59012f73beaffc38f0821d43bb458df08be222:5eb2ada6d8d007969c111064ae6c5de089e8bd61c0156cb49cc98484cea2b5d9,5d6001b93c2069c50f48b0ad78e5c402f936a8f0d7f02ff13e55c0fab6e61e93,development+reused_validation,"{""base"": ""equal"", ""borrow_bps"": 50.0, ""cap"": 1.0, ""control"": ""event"", ""covariance_days"": 126, ""diagnostic"": ""double_cost"", ""family"": ""range"", ""har_train_min"": 504, ""lookback"": 20, ""overlay"": true, ""static_exposure"": null, ""target"": 0.1, ""threshold"": 0.05, ""trial_id"": ""E3-20"", ""universe"": [""SPY"", ""TLT"", ""GLD""]}",10 bp risky purchases+sales; borrow rf+50.0 bp,results/20261004T003708-e3127963/E3-20-double_cost-3ccec1f1d6.csv,completed,No OOS retuning; diagnostic not eligible for selection,False
E3-20-double_cost_base-858edcbe11,2026-10-04T00:41:58.799649+00:00,5f04159f52c645b6503f8744058f5d8b248158d9,5f04159f52c645b6503f8744058f5d8b248158d9,e5f957a2b78b4a08cede2183cd59012f73beaffc38f0821d43bb458df08be222:5eb2ada6d8d007969c111064ae6c5de089e8bd61c0156cb49cc98484cea2b5d9,5f4b13716ad1099e0acd40d37a7b2cddee8aba5cfbab172b424d66b941b835d4,development+reused_validation,"{""base"": ""equal"", ""borrow_bps"": 50.0, ""cap"": 1.0, ""control"": ""event"", ""covariance_days"": 126, ""diagnostic"": ""double_cost_base"", ""family"": ""range"", ""har_train_min"": 504, ""lookback"": 20, ""overlay"": false, ""static_exposure"": null, ""target"": 0.1, ""threshold"": 0.05, ""trial_id"": ""E3-20"", ""universe"": [""SPY"", ""TLT"", ""GLD""]}",10 bp risky purchases+sales; borrow rf+50.0 bp,results/20261004T003708-e3127963/E3-20-double_cost_base-858edcbe11.csv,started,Attempt retained even if process fails,False
E3-20-double_cost_base-858edcbe11,2026-10-04T00:41:58.799649+00:00,5f04159f52c645b6503f8744058f5d8b248158d9,5f04159f52c645b6503f8744058f5d8b248158d9,e5f957a2b78b4a08cede2183cd59012f73beaffc38f0821d43bb458df08be222:5eb2ada6d8d007969c111064ae6c5de089e8bd61c0156cb49cc98484cea2b5d9,5f4b13716ad1099e0acd40d37a7b2cddee8aba5cfbab172b424d66b941b835d4,development+reused_validation,"{""base"": ""equal"", ""borrow_bps"": 50.0, ""cap"": 1.0, ""control"": ""event"", ""covariance_days"": 126, ""diagnostic"": ""double_cost_base"", ""family"": ""range"", ""har_train_min"": 504, ""lookback"": 20, ""overlay"": false, ""static_exposure"": null, ""target"": 0.1, ""threshold"": 0.05, ""trial_id"": ""E3-20"", ""universe"": [""SPY"", ""TLT"", ""GLD""]}",10 bp risky purchases+sales; borrow rf+50.0 bp,results/20261004T003708-e3127963/E3-20-double_cost_base-858edcbe11.csv,completed,No OOS retuning; diagnostic not eligible for selection,False
E3-20-target_low-4551203f24,2026-10-04T00:42:01.233944+00:00,5f04159f52c645b6503f8744058f5d8b248158d9,5f04159f52c645b6503f8744058f5d8b248158d9,e5f957a2b78b4a08cede2183cd59012f73beaffc38f0821d43bb458df08be222:5eb2ada6d8d007969c111064ae6c5de089e8bd61c0156cb49cc98484cea2b5d9,39652f4101b06f6c6c5afafa7bb5d8eb349da9d9b9568d32e9f96462f3d273fb,development+reused_validation,"{""base"": ""equal"", ""borrow_bps"": 50.0, ""cap"": 1.0, ""control"": ""event"", ""covariance_days"": 126, ""diagnostic"": ""target_low"", ""family"": ""range"", ""har_train_min"": 504, ""lookback"": 20, ""overlay"": true, ""static_exposure"": null, ""target"": 0.09000000000000001, ""threshold"": 0.05, ""trial_id"": ""E3-20"", ""universe"": [""SPY"", ""TLT"", ""GLD""]}",5.0 bp risky purchases+sales; borrow rf+50.0 bp,results/20261004T003708-e3127963/E3-20-target_low-4551203f24.csv,started,Attempt retained even if process fails,False
E3-20-target_low-4551203f24,2026-10-04T00:42:01.233944+00:00,5f04159f52c645b6503f8744058f5d8b248158d9,5f04159f52c645b6503f8744058f5d8b248158d9,e5f957a2b78b4a08cede2183cd59012f73beaffc38f0821d43bb458df08be222:5eb2ada6d8d007969c111064ae6c5de089e8bd61c0156cb49cc98484cea2b5d9,39652f4101b06f6c6c5afafa7bb5d8eb349da9d9b9568d32e9f96462f3d273fb,development+reused_validation,"{""base"": ""equal"", ""borrow_bps"": 50.0, ""cap"": 1.0, ""control"": ""event"", ""covariance_days"": 126, ""diagnostic"": ""target_low"", ""family"": ""range"", ""har_train_min"": 504, ""lookback"": 20, ""overlay"": true, ""static_exposure"": null, ""target"": 0.09000000000000001, ""threshold"": 0.05, ""trial_id"": ""E3-20"", ""universe"": [""SPY"", ""TLT"", ""GLD""]}",5.0 bp risky purchases+sales; borrow rf+50.0 bp,results/20261004T003708-e3127963/E3-20-target_low-4551203f24.csv,completed,No OOS retuning; diagnostic not eligible for selection,False
E3-20-target_low_base-d1b90a65da,2026-10-04T00:42:03.498967+00:00,5f04159f52c645b6503f8744058f5d8b248158d9,5f04159f52c645b6503f8744058f5d8b248158d9,e5f957a2b78b4a08cede2183cd59012f73beaffc38f0821d43bb458df08be222:5eb2ada6d8d007969c111064ae6c5de089e8bd61c0156cb49cc98484cea2b5d9,723304e6ebe800c41b5f9f501d16312f400afb0314cc807ded647be0da3f424d,development+reused_validation,"{""base"": ""equal"", ""borrow_bps"": 50.0, ""cap"": 1.0, ""control"": ""event"", ""covariance_days"": 126, ""diagnostic"": ""target_low_base"", ""family"": ""range"", ""har_train_min"": 504, ""lookback"": 20, ""overlay"": false, ""static_exposure"": null, ""target"": 0.09000000000000001, ""threshold"": 0.05, ""trial_id"": ""E3-20"", ""universe"": [""SPY"", ""TLT"", ""GLD""]}",5.0 bp risky purchases+sales; borrow rf+50.0 bp,results/20261004T003708-e3127963/E3-20-target_low_base-d1b90a65da.csv,started,Attempt retained even if process fails,False
E3-20-target_low_base-d1b90a65da,2026-10-04T00:42:03.498967+00:00,5f04159f52c645b6503f8744058f5d8b248158d9,5f04159f52c645b6503f8744058f5d8b248158d9,e5f957a2b78b4a08cede2183cd59012f73beaffc38f0821d43bb458df08be222:5eb2ada6d8d007969c111064ae6c5de089e8bd61c0156cb49cc98484cea2b5d9,723304e6ebe800c41b5f9f501d16312f400afb0314cc807ded647be0da3f424d,development+reused_validation,"{""base"": ""equal"", ""borrow_bps"": 50.0, ""cap"": 1.0, ""control"": ""event"", ""covariance_days"": 126, ""diagnostic"": ""target_low_base"", ""family"": ""range"", ""har_train_min"": 504, ""lookback"": 20, ""overlay"": false, ""static_exposure"": null, ""target"": 0.09000000000000001, ""threshold"": 0.05, ""trial_id"": ""E3-20"", ""universe"": [""SPY"", ""TLT"", ""GLD""]}",5.0 bp risky purchases+sales; borrow rf+50.0 bp,results/20261004T003708-e3127963/E3-20-target_low_base-d1b90a65da.csv,completed,No OOS retuning; diagnostic not eligible for selection,False
E3-20-target_high-e22a61ccfa,2026-10-04T00:42:05.667081+00:00,5f04159f52c645b6503f8744058f5d8b248158d9,5f04159f52c645b6503f8744058f5d8b248158d9,e5f957a2b78b4a08cede2183cd59012f73beaffc38f0821d43bb458df08be222:5eb2ada6d8d007969c111064ae6c5de089e8bd61c0156cb49cc98484cea2b5d9,969065e641b7eff0ca639808a7710ba994e4d76322849e8a45defce0aecc0e4d,development+reused_validation,"{""base"": ""equal"", ""borrow_bps"": 50.0, ""cap"": 1.0, ""control"": ""event"", ""covariance_days"": 126, ""diagnostic"": ""target_high"", ""family"": ""range"", ""har_train_min"": 504, ""lookback"": 20, ""overlay"": true, ""static_exposure"": null, ""target"": 0.11, ""threshold"": 0.05, ""trial_id"": ""E3-20"", ""universe"": [""SPY"", ""TLT"", ""GLD""]}",5.0 bp risky purchases+sales; borrow rf+50.0 bp,results/20261004T003708-e3127963/E3-20-target_high-e22a61ccfa.csv,started,Attempt retained even if process fails,False
E3-20-target_high-e22a61ccfa,2026-10-04T00:42:05.667081+00:00,5f04159f52c645b6503f8744058f5d8b248158d9,5f04159f52c645b6503f8744058f5d8b248158d9,e5f957a2b78b4a08cede2183cd59012f73beaffc38f0821d43bb458df08be222:5eb2ada6d8d007969c111064ae6c5de089e8bd61c0156cb49cc98484cea2b5d9,969065e641b7eff0ca639808a7710ba994e4d76322849e8a45defce0aecc0e4d,development+reused_validation,"{""base"": ""equal"", ""borrow_bps"": 50.0, ""cap"": 1.0, ""control"": ""event"", ""covariance_days"": 126, ""diagnostic"": ""target_high"", ""family"": ""range"", ""har_train_min"": 504, ""lookback"": 20, ""overlay"": true, ""static_exposure"": null, ""target"": 0.11, ""threshold"": 0.05, ""trial_id"": ""E3-20"", ""universe"": [""SPY"", ""TLT"", ""GLD""]}",5.0 bp risky purchases+sales; borrow rf+50.0 bp,results/20261004T003708-e3127963/E3-20-target_high-e22a61ccfa.csv,completed,No OOS retuning; diagnostic not eligible for selection,False
E3-20-target_high_base-cb28e0bca5,2026-10-04T00:42:07.849412+00:00,5f04159f52c645b6503f8744058f5d8b248158d9,5f04159f52c645b6503f8744058f5d8b248158d9,e5f957a2b78b4a08cede2183cd59012f73beaffc38f0821d43bb458df08be222:5eb2ada6d8d007969c111064ae6c5de089e8bd61c0156cb49cc98484cea2b5d9,a8966faace467321c65b95ed96570d0f8c4d7fe9a4b702164087c01f4246af24,development+reused_validation,"{""base"": ""equal"", ""borrow_bps"": 50.0, ""cap"": 1.0, ""control"": ""event"", ""covariance_days"": 126, ""diagnostic"": ""target_high_base"", ""family"": ""range"", ""har_train_min"": 504, ""lookback"": 20, ""overlay"": false, ""static_exposure"": null, ""target"": 0.11, ""threshold"": 0.05, ""trial_id"": ""E3-20"", ""universe"": [""SPY"", ""TLT"", ""GLD""]}",5.0 bp risky purchases+sales; borrow rf+50.0 bp,results/20261004T003708-e3127963/E3-20-target_high_base-cb28e0bca5.csv,started,Attempt retained even if process fails,False
E3-20-target_high_base-cb28e0bca5,2026-10-04T00:42:07.849412+00:00,5f04159f52c645b6503f8744058f5d8b248158d9,5f04159f52c645b6503f8744058f5d8b248158d9,e5f957a2b78b4a08cede2183cd59012f73beaffc38f0821d43bb458df08be222:5eb2ada6d8d007969c111064ae6c5de089e8bd61c0156cb49cc98484cea2b5d9,a8966faace467321c65b95ed96570d0f8c4d7fe9a4b702164087c01f4246af24,development+reused_validation,"{""base"": ""equal"", ""borrow_bps"": 50.0, ""cap"": 1.0, ""control"": ""event"", ""covariance_days"": 126, ""diagnostic"": ""target_high_base"", ""family"": ""range"", ""har_train_min"": 504, ""lookback"": 20, ""overlay"": false, ""static_exposure"": null, ""target"": 0.11, ""threshold"": 0.05, ""trial_id"": ""E3-20"", ""universe"": [""SPY"", ""TLT"", ""GLD""]}",5.0 bp risky purchases+sales; borrow rf+50.0 bp,results/20261004T003708-e3127963/E3-20-target_high_base-cb28e0bca5.csv,completed,No OOS retuning; diagnostic not eligible for selection,False
E3-20-lookback_low-dc10b0f7d7,2026-10-04T00:42:09.992546+00:00,5f04159f52c645b6503f8744058f5d8b248158d9,5f04159f52c645b6503f8744058f5d8b248158d9,e5f957a2b78b4a08cede2183cd59012f73beaffc38f0821d43bb458df08be222:5eb2ada6d8d007969c111064ae6c5de089e8bd61c0156cb49cc98484cea2b5d9,de6030fbef04c4693b69f4d459a2aa90636e5f7e82e7f3315a90bec27213a425,development+reused_validation,"{""base"": ""equal"", ""borrow_bps"": 50.0, ""cap"": 1.0, ""control"": ""event"", ""covariance_days"": 101, ""diagnostic"": ""lookback_low"", ""family"": ""range"", ""har_train_min"": 403, ""lookback"": 16, ""overlay"": true, ""static_exposure"": null, ""target"": 0.1, ""threshold"": 0.05, ""trial_id"": ""E3-20"", ""universe"": [""SPY"", ""TLT"", ""GLD""]}",5.0 bp risky purchases+sales; borrow rf+50.0 bp,results/20261004T003708-e3127963/E3-20-lookback_low-dc10b0f7d7.csv,started,Attempt retained even if process fails,False
E3-20-lookback_low-dc10b0f7d7,2026-10-04T00:42:09.992546+00:00,5f04159f52c645b6503f8744058f5d8b248158d9,5f04159f52c645b6503f8744058f5d8b248158d9,e5f957a2b78b4a08cede2183cd59012f73beaffc38f0821d43bb458df08be222:5eb2ada6d8d007969c111064ae6c5de089e8bd61c0156cb49cc98484cea2b5d9,de6030fbef04c4693b69f4d459a2aa90636e5f7e82e7f3315a90bec27213a425,development+reused_validation,"{""base"": ""equal"", ""borrow_bps"": 50.0, ""cap"": 1.0, ""control"": ""event"", ""covariance_days"": 101, ""diagnostic"": ""lookback_low"", ""family"": ""range"", ""har_train_min"": 403, ""lookback"": 16, ""overlay"": true, ""static_exposure"": null, ""target"": 0.1, ""threshold"": 0.05, ""trial_id"": ""E3-20"", ""universe"": [""SPY"", ""TLT"", ""GLD""]}",5.0 bp risky purchases+sales; borrow rf+50.0 bp,results/20261004T003708-e3127963/E3-20-lookback_low-dc10b0f7d7.csv,completed,No OOS retuning; diagnostic not eligible for selection,False
E3-20-lookback_low_base-e776d9271e,2026-10-04T00:42:12.141938+00:00,5f04159f52c645b6503f8744058f5d8b248158d9,5f04159f52c645b6503f8744058f5d8b248158d9,e5f957a2b78b4a08cede2183cd59012f73beaffc38f0821d43bb458df08be222:5eb2ada6d8d007969c111064ae6c5de089e8bd61c0156cb49cc98484cea2b5d9,e2a4e5d3035a3aba9a29829ceea45b66a09a1154f44446a56d23c5a204738e40,development+reused_validation,"{""base"": ""equal"", ""borrow_bps"": 50.0, ""cap"": 1.0, ""control"": ""event"", ""covariance_days"": 101, ""diagnostic"": ""lookback_low_base"", ""family"": ""range"", ""har_train_min"": 403, ""lookback"": 16, ""overlay"": false, ""static_exposure"": null, ""target"": 0.1, ""threshold"": 0.05, ""trial_id"": ""E3-20"", ""universe"": [""SPY"", ""TLT"", ""GLD""]}",5.0 bp risky purchases+sales; borrow rf+50.0 bp,results/20261004T003708-e3127963/E3-20-lookback_low_base-e776d9271e.csv,started,Attempt retained even if process fails,False
E3-20-lookback_low_base-e776d9271e,2026-10-04T00:42:12.141938+00:00,5f04159f52c645b6503f8744058f5d8b248158d9,5f04159f52c645b6503f8744058f5d8b248158d9,e5f957a2b78b4a08cede2183cd59012f73beaffc38f0821d43bb458df08be222:5eb2ada6d8d007969c111064ae6c5de089e8bd61c0156cb49cc98484cea2b5d9,e2a4e5d3035a3aba9a29829ceea45b66a09a1154f44446a56d23c5a204738e40,development+reused_validation,"{""base"": ""equal"", ""borrow_bps"": 50.0, ""cap"": 1.0, ""control"": ""event"", ""covariance_days"": 101, ""diagnostic"": ""lookback_low_base"", ""family"": ""range"", ""har_train_min"": 403, ""lookback"": 16, ""overlay"": false, ""static_exposure"": null, ""target"": 0.1, ""threshold"": 0.05, ""trial_id"": ""E3-20"", ""universe"": [""SPY"", ""TLT"", ""GLD""]}",5.0 bp risky purchases+sales; borrow rf+50.0 bp,results/20261004T003708-e3127963/E3-20-lookback_low_base-e776d9271e.csv,completed,No OOS retuning; diagnostic not eligible for selection,False
E3-20-lookback_high-d1512a4ff1,2026-10-04T00:42:14.342439+00:00,5f04159f52c645b6503f8744058f5d8b248158d9,5f04159f52c645b6503f8744058f5d8b248158d9,e5f957a2b78b4a08cede2183cd59012f73beaffc38f0821d43bb458df08be222:5eb2ada6d8d007969c111064ae6c5de089e8bd61c0156cb49cc98484cea2b5d9,40200fa93aeb1861b75896758b3353e4e4942f5a8239b332d42d195f20a3d6ae,development+reused_validation,"{""base"": ""equal"", ""borrow_bps"": 50.0, ""cap"": 1.0, ""control"": ""event"", ""covariance_days"": 151, ""diagnostic"": ""lookback_high"", ""family"": ""range"", ""har_train_min"": 605, ""lookback"": 24, ""overlay"": true, ""static_exposure"": null, ""target"": 0.1, ""threshold"": 0.05, ""trial_id"": ""E3-20"", ""universe"": [""SPY"", ""TLT"", ""GLD""]}",5.0 bp risky purchases+sales; borrow rf+50.0 bp,results/20261004T003708-e3127963/E3-20-lookback_high-d1512a4ff1.csv,started,Attempt retained even if process fails,False
E3-20-lookback_high-d1512a4ff1,2026-10-04T00:42:14.342439+00:00,5f04159f52c645b6503f8744058f5d8b248158d9,5f04159f52c645b6503f8744058f5d8b248158d9,e5f957a2b78b4a08cede2183cd59012f73beaffc38f0821d43bb458df08be222:5eb2ada6d8d007969c111064ae6c5de089e8bd61c0156cb49cc98484cea2b5d9,40200fa93aeb1861b75896758b3353e4e4942f5a8239b332d42d195f20a3d6ae,development+reused_validation,"{""base"": ""equal"", ""borrow_bps"": 50.0, ""cap"": 1.0, ""control"": ""event"", ""covariance_days"": 151, ""diagnostic"": ""lookback_high"", ""family"": ""range"", ""har_train_min"": 605, ""lookback"": 24, ""overlay"": true, ""static_exposure"": null, ""target"": 0.1, ""threshold"": 0.05, ""trial_id"": ""E3-20"", ""universe"": [""SPY"", ""TLT"", ""GLD""]}",5.0 bp risky purchases+sales; borrow rf+50.0 bp,results/20261004T003708-e3127963/E3-20-lookback_high-d1512a4ff1.csv,completed,No OOS retuning; diagnostic not eligible for selection,False
E3-20-lookback_high_base-64def1f527,2026-10-04T00:42:16.536260+00:00,5f04159f52c645b6503f8744058f5d8b248158d9,5f04159f52c645b6503f8744058f5d8b248158d9,e5f957a2b78b4a08cede2183cd59012f73beaffc38f0821d43bb458df08be222:5eb2ada6d8d007969c111064ae6c5de089e8bd61c0156cb49cc98484cea2b5d9,58e5aa24cc318eced57b1663ec7d2b416ea23f43fa5aea9829c2958d9bbf4b60,development+reused_validation,"{""base"": ""equal"", ""borrow_bps"": 50.0, ""cap"": 1.0, ""control"": ""event"", ""covariance_days"": 151, ""diagnostic"": ""lookback_high_base"", ""family"": ""range"", ""har_train_min"": 605, ""lookback"": 24, ""overlay"": false, ""static_exposure"": null, ""target"": 0.1, ""threshold"": 0.05, ""trial_id"": ""E3-20"", ""universe"": [""SPY"", ""TLT"", ""GLD""]}",5.0 bp risky purchases+sales; borrow rf+50.0 bp,results/20261004T003708-e3127963/E3-20-lookback_high_base-64def1f527.csv,started,Attempt retained even if process fails,False
E3-20-lookback_high_base-64def1f527,2026-10-04T00:42:16.536260+00:00,5f04159f52c645b6503f8744058f5d8b248158d9,5f04159f52c645b6503f8744058f5d8b248158d9,e5f957a2b78b4a08cede2183cd59012f73beaffc38f0821d43bb458df08be222:5eb2ada6d8d007969c111064ae6c5de089e8bd61c0156cb49cc98484cea2b5d9,58e5aa24cc318eced57b1663ec7d2b416ea23f43fa5aea9829c2958d9bbf4b60,development+reused_validation,"{""base"": ""equal"", ""borrow_bps"": 50.0, ""cap"": 1.0, ""control"": ""event"", ""covariance_days"": 151, ""diagnostic"": ""lookback_high_base"", ""family"": ""range"", ""har_train_min"": 605, ""lookback"": 24, ""overlay"": false, ""static_exposure"": null, ""target"": 0.1, ""threshold"": 0.05, ""trial_id"": ""E3-20"", ""universe"": [""SPY"", ""TLT"", ""GLD""]}",5.0 bp risky purchases+sales; borrow rf+50.0 bp,results/20261004T003708-e3127963/E3-20-lookback_high_base-64def1f527.csv,completed,No OOS retuning; diagnostic not eligible for selection,False
E3-20-trigger_low-e686cbfc17,2026-10-04T00:42:18.992345+00:00,5f04159f52c645b6503f8744058f5d8b248158d9,5f04159f52c645b6503f8744058f5d8b248158d9,e5f957a2b78b4a08cede2183cd59012f73beaffc38f0821d43bb458df08be222:5eb2ada6d8d007969c111064ae6c5de089e8bd61c0156cb49cc98484cea2b5d9,41023d3351dd57739dd62674a2d24ec1dfad83ec871960526f4c094175024c2c,development+reused_validation,"{""base"": ""equal"", ""borrow_bps"": 50.0, ""cap"": 1.0, ""control"": ""event"", ""covariance_days"": 126, ""diagnostic"": ""trigger_low"", ""family"": ""range"", ""har_train_min"": 504, ""lookback"": 20, ""overlay"": true, ""static_exposure"": null, ""target"": 0.1, ""threshold"": 0.04, ""trial_id"": ""E3-20"", ""universe"": [""SPY"", ""TLT"", ""GLD""]}",5.0 bp risky purchases+sales; borrow rf+50.0 bp,results/20261004T003708-e3127963/E3-20-trigger_low-e686cbfc17.csv,started,Attempt retained even if process fails,False
E3-20-trigger_low-e686cbfc17,2026-10-04T00:42:18.992345+00:00,5f04159f52c645b6503f8744058f5d8b248158d9,5f04159f52c645b6503f8744058f5d8b248158d9,e5f957a2b78b4a08cede2183cd59012f73beaffc38f0821d43bb458df08be222:5eb2ada6d8d007969c111064ae6c5de089e8bd61c0156cb49cc98484cea2b5d9,41023d3351dd57739dd62674a2d24ec1dfad83ec871960526f4c094175024c2c,development+reused_validation,"{""base"": ""equal"", ""borrow_bps"": 50.0, ""cap"": 1.0, ""control"": ""event"", ""covariance_days"": 126, ""diagnostic"": ""trigger_low"", ""family"": ""range"", ""har_train_min"": 504, ""lookback"": 20, ""overlay"": true, ""static_exposure"": null, ""target"": 0.1, ""threshold"": 0.04, ""trial_id"": ""E3-20"", ""universe"": [""SPY"", ""TLT"", ""GLD""]}",5.0 bp risky purchases+sales; borrow rf+50.0 bp,results/20261004T003708-e3127963/E3-20-trigger_low-e686cbfc17.csv,completed,No OOS retuning; diagnostic not eligible for selection,False
E3-20-trigger_low_base-93b61523a9,2026-10-04T00:42:21.352018+00:00,5f04159f52c645b6503f8744058f5d8b248158d9,5f04159f52c645b6503f8744058f5d8b248158d9,e5f957a2b78b4a08cede2183cd59012f73beaffc38f0821d43bb458df08be222:5eb2ada6d8d007969c111064ae6c5de089e8bd61c0156cb49cc98484cea2b5d9,a5822ad19130909ab44c898a5ca09d6c36933bbc68de9cd97f8fdc777c96bd97,development+reused_validation,"{""base"": ""equal"", ""borrow_bps"": 50.0, ""cap"": 1.0, ""control"": ""event"", ""covariance_days"": 126, ""diagnostic"": ""trigger_low_base"", ""family"": ""range"", ""har_train_min"": 504, ""lookback"": 20, ""overlay"": false, ""static_exposure"": null, ""target"": 0.1, ""threshold"": 0.04, ""trial_id"": ""E3-20"", ""universe"": [""SPY"", ""TLT"", ""GLD""]}",5.0 bp risky purchases+sales; borrow rf+50.0 bp,results/20261004T003708-e3127963/E3-20-trigger_low_base-93b61523a9.csv,started,Attempt retained even if process fails,False
E3-20-trigger_low_base-93b61523a9,2026-10-04T00:42:21.352018+00:00,5f04159f52c645b6503f8744058f5d8b248158d9,5f04159f52c645b6503f8744058f5d8b248158d9,e5f957a2b78b4a08cede2183cd59012f73beaffc38f0821d43bb458df08be222:5eb2ada6d8d007969c111064ae6c5de089e8bd61c0156cb49cc98484cea2b5d9,a5822ad19130909ab44c898a5ca09d6c36933bbc68de9cd97f8fdc777c96bd97,development+reused_validation,"{""base"": ""equal"", ""borrow_bps"": 50.0, ""cap"": 1.0, ""control"": ""event"", ""covariance_days"": 126, ""diagnostic"": ""trigger_low_base"", ""family"": ""range"", ""har_train_min"": 504, ""lookback"": 20, ""overlay"": false, ""static_exposure"": null, ""target"": 0.1, ""threshold"": 0.04, ""trial_id"": ""E3-20"", ""universe"": [""SPY"", ""TLT"", ""GLD""]}",5.0 bp risky purchases+sales; borrow rf+50.0 bp,results/20261004T003708-e3127963/E3-20-trigger_low_base-93b61523a9.csv,completed,No OOS retuning; diagnostic not eligible for selection,False
E3-20-trigger_high-a8a1b30cfa,2026-10-04T00:42:23.625736+00:00,5f04159f52c645b6503f8744058f5d8b248158d9,5f04159f52c645b6503f8744058f5d8b248158d9,e5f957a2b78b4a08cede2183cd59012f73beaffc38f0821d43bb458df08be222:5eb2ada6d8d007969c111064ae6c5de089e8bd61c0156cb49cc98484cea2b5d9,c43ce55a9c2d9dd728721f107e80651fbd72a17bdf53fee22d56663c52447036,development+reused_validation,"{""base"": ""equal"", ""borrow_bps"": 50.0, ""cap"": 1.0, ""control"": ""event"", ""covariance_days"": 126, ""diagnostic"": ""trigger_high"", ""family"": ""range"", ""har_train_min"": 504, ""lookback"": 20, ""overlay"": true, ""static_exposure"": null, ""target"": 0.1, ""threshold"": 0.06, ""trial_id"": ""E3-20"", ""universe"": [""SPY"", ""TLT"", ""GLD""]}",5.0 bp risky purchases+sales; borrow rf+50.0 bp,results/20261004T003708-e3127963/E3-20-trigger_high-a8a1b30cfa.csv,started,Attempt retained even if process fails,False
E3-20-trigger_high-a8a1b30cfa,2026-10-04T00:42:23.625736+00:00,5f04159f52c645b6503f8744058f5d8b248158d9,5f04159f52c645b6503f8744058f5d8b248158d9,e5f957a2b78b4a08cede2183cd59012f73beaffc38f0821d43bb458df08be222:5eb2ada6d8d007969c111064ae6c5de089e8bd61c0156cb49cc98484cea2b5d9,c43ce55a9c2d9dd728721f107e80651fbd72a17bdf53fee22d56663c52447036,development+reused_validation,"{""base"": ""equal"", ""borrow_bps"": 50.0, ""cap"": 1.0, ""control"": ""event"", ""covariance_days"": 126, ""diagnostic"": ""trigger_high"", ""family"": ""range"", ""har_train_min"": 504, ""lookback"": 20, ""overlay"": true, ""static_exposure"": null, ""target"": 0.1, ""threshold"": 0.06, ""trial_id"": ""E3-20"", ""universe"": [""SPY"", ""TLT"", ""GLD""]}",5.0 bp risky purchases+sales; borrow rf+50.0 bp,results/20261004T003708-e3127963/E3-20-trigger_high-a8a1b30cfa.csv,completed,No OOS retuning; diagnostic not eligible for selection,False
E3-20-trigger_high_base-848d31debe,2026-10-04T00:42:25.963055+00:00,5f04159f52c645b6503f8744058f5d8b248158d9,5f04159f52c645b6503f8744058f5d8b248158d9,e5f957a2b78b4a08cede2183cd59012f73beaffc38f0821d43bb458df08be222:5eb2ada6d8d007969c111064ae6c5de089e8bd61c0156cb49cc98484cea2b5d9,e4d8f7bb60d64abbcfcd6edb3b53c07a20e96308edec4a959cc52e347d9694f4,development+reused_validation,"{""base"": ""equal"", ""borrow_bps"": 50.0, ""cap"": 1.0, ""control"": ""event"", ""covariance_days"": 126, ""diagnostic"": ""trigger_high_base"", ""family"": ""range"", ""har_train_min"": 504, ""lookback"": 20, ""overlay"": false, ""static_exposure"": null, ""target"": 0.1, ""threshold"": 0.06, ""trial_id"": ""E3-20"", ""universe"": [""SPY"", ""TLT"", ""GLD""]}",5.0 bp risky purchases+sales; borrow rf+50.0 bp,results/20261004T003708-e3127963/E3-20-trigger_high_base-848d31debe.csv,started,Attempt retained even if process fails,False
E3-20-trigger_high_base-848d31debe,2026-10-04T00:42:25.963055+00:00,5f04159f52c645b6503f8744058f5d8b248158d9,5f04159f52c645b6503f8744058f5d8b248158d9,e5f957a2b78b4a08cede2183cd59012f73beaffc38f0821d43bb458df08be222:5eb2ada6d8d007969c111064ae6c5de089e8bd61c0156cb49cc98484cea2b5d9,e4d8f7bb60d64abbcfcd6edb3b53c07a20e96308edec4a959cc52e347d9694f4,development+reused_validation,"{""base"": ""equal"", ""borrow_bps"": 50.0, ""cap"": 1.0, ""control"": ""event"", ""covariance_days"": 126, ""diagnostic"": ""trigger_high_base"", ""family"": ""range"", ""har_train_min"": 504, ""lookback"": 20, ""overlay"": false, ""static_exposure"": null, ""target"": 0.1, ""threshold"": 0.06, ""trial_id"": ""E3-20"", ""universe"": [""SPY"", ""TLT"", ""GLD""]}",5.0 bp risky purchases+sales; borrow rf+50.0 bp,results/20261004T003708-e3127963/E3-20-trigger_high_base-848d31debe.csv,completed,No OOS retuning; diagnostic not eligible for selection,False
E3-63-double_cost-d680f14826,2026-10-04T00:42:28.238577+00:00,5f04159f52c645b6503f8744058f5d8b248158d9,5f04159f52c645b6503f8744058f5d8b248158d9,e5f957a2b78b4a08cede2183cd59012f73beaffc38f0821d43bb458df08be222:5eb2ada6d8d007969c111064ae6c5de089e8bd61c0156cb49cc98484cea2b5d9,621da93c4592ae4db1be3d96cb43c342ad5d38cba5c58e643950d15bae654464,development+reused_validation,"{""base"": ""equal"", ""borrow_bps"": 50.0, ""cap"": 1.0, ""control"": ""event"", ""covariance_days"": 126, ""diagnostic"": ""double_cost"", ""family"": ""range"", ""har_train_min"": 504, ""lookback"": 63, ""overlay"": true, ""static_exposure"": null, ""target"": 0.1, ""threshold"": 0.05, ""trial_id"": ""E3-63"", ""universe"": [""SPY"", ""TLT"", ""GLD""]}",10 bp risky purchases+sales; borrow rf+50.0 bp,results/20261004T003708-e3127963/E3-63-double_cost-d680f14826.csv,started,Attempt retained even if process fails,False
E3-63-double_cost-d680f14826,2026-10-04T00:42:28.238577+00:00,5f04159f52c645b6503f8744058f5d8b248158d9,5f04159f52c645b6503f8744058f5d8b248158d9,e5f957a2b78b4a08cede2183cd59012f73beaffc38f0821d43bb458df08be222:5eb2ada6d8d007969c111064ae6c5de089e8bd61c0156cb49cc98484cea2b5d9,621da93c4592ae4db1be3d96cb43c342ad5d38cba5c58e643950d15bae654464,development+reused_validation,"{""base"": ""equal"", ""borrow_bps"": 50.0, ""cap"": 1.0, ""control"": ""event"", ""covariance_days"": 126, ""diagnostic"": ""double_cost"", ""family"": ""range"", ""har_train_min"": 504, ""lookback"": 63, ""overlay"": true, ""static_exposure"": null, ""target"": 0.1, ""threshold"": 0.05, ""trial_id"": ""E3-63"", ""universe"": [""SPY"", ""TLT"", ""GLD""]}",10 bp risky purchases+sales; borrow rf+50.0 bp,results/20261004T003708-e3127963/E3-63-double_cost-d680f14826.csv,completed,No OOS retuning; diagnostic not eligible for selection,False
E3-63-double_cost_base-579cbe4e21,2026-10-04T00:42:30.439639+00:00,5f04159f52c645b6503f8744058f5d8b248158d9,5f04159f52c645b6503f8744058f5d8b248158d9,e5f957a2b78b4a08cede2183cd59012f73beaffc38f0821d43bb458df08be222:5eb2ada6d8d007969c111064ae6c5de089e8bd61c0156cb49cc98484cea2b5d9,47cee988d7aff995df120b1a6db6644f571b9694080ba8a1182bee9f01f67456,development+reused_validation,"{""base"": ""equal"", ""borrow_bps"": 50.0, ""cap"": 1.0, ""control"": ""event"", ""covariance_days"": 126, ""diagnostic"": ""double_cost_base"", ""family"": ""range"", ""har_train_min"": 504, ""lookback"": 63, ""overlay"": false, ""static_exposure"": null, ""target"": 0.1, ""threshold"": 0.05, ""trial_id"": ""E3-63"", ""universe"": [""SPY"", ""TLT"", ""GLD""]}",10 bp risky purchases+sales; borrow rf+50.0 bp,results/20261004T003708-e3127963/E3-63-double_cost_base-579cbe4e21.csv,started,Attempt retained even if process fails,False
E3-63-double_cost_base-579cbe4e21,2026-10-04T00:42:30.439639+00:00,5f04159f52c645b6503f8744058f5d8b248158d9,5f04159f52c645b6503f8744058f5d8b248158d9,e5f957a2b78b4a08cede2183cd59012f73beaffc38f0821d43bb458df08be222:5eb2ada6d8d007969c111064ae6c5de089e8bd61c0156cb49cc98484cea2b5d9,47cee988d7aff995df120b1a6db6644f571b9694080ba8a1182bee9f01f67456,development+reused_validation,"{""base"": ""equal"", ""borrow_bps"": 50.0, ""cap"": 1.0, ""control"": ""event"", ""covariance_days"": 126, ""diagnostic"": ""double_cost_base"", ""family"": ""range"", ""har_train_min"": 504, ""lookback"": 63, ""overlay"": false, ""static_exposure"": null, ""target"": 0.1, ""threshold"": 0.05, ""trial_id"": ""E3-63"", ""universe"": [""SPY"", ""TLT"", ""GLD""]}",10 bp risky purchases+sales; borrow rf+50.0 bp,results/20261004T003708-e3127963/E3-63-double_cost_base-579cbe4e21.csv,completed,No OOS retuning; diagnostic not eligible for selection,False
E3-63-target_low-13c7980f20,2026-10-04T00:42:32.807083+00:00,5f04159f52c645b6503f8744058f5d8b248158d9,5f04159f52c645b6503f8744058f5d8b248158d9,e5f957a2b78b4a08cede2183cd59012f73beaffc38f0821d43bb458df08be222:5eb2ada6d8d007969c111064ae6c5de089e8bd61c0156cb49cc98484cea2b5d9,a7b01f617fcfcf646da0caf25f6e1bdacac7a03b2449135e35e84dbc5063a283,development+reused_validation,"{""base"": ""equal"", ""borrow_bps"": 50.0, ""cap"": 1.0, ""control"": ""event"", ""covariance_days"": 126, ""diagnostic"": ""target_low"", ""family"": ""range"", ""har_train_min"": 504, ""lookback"": 63, ""overlay"": true, ""static_exposure"": null, ""target"": 0.09000000000000001, ""threshold"": 0.05, ""trial_id"": ""E3-63"", ""universe"": [""SPY"", ""TLT"", ""GLD""]}",5.0 bp risky purchases+sales; borrow rf+50.0 bp,results/20261004T003708-e3127963/E3-63-target_low-13c7980f20.csv,started,Attempt retained even if process fails,False
E3-63-target_low-13c7980f20,2026-10-04T00:42:32.807083+00:00,5f04159f52c645b6503f8744058f5d8b248158d9,5f04159f52c645b6503f8744058f5d8b248158d9,e5f957a2b78b4a08cede2183cd59012f73beaffc38f0821d43bb458df08be222:5eb2ada6d8d007969c111064ae6c5de089e8bd61c0156cb49cc98484cea2b5d9,a7b01f617fcfcf646da0caf25f6e1bdacac7a03b2449135e35e84dbc5063a283,development+reused_validation,"{""base"": ""equal"", ""borrow_bps"": 50.0, ""cap"": 1.0, ""control"": ""event"", ""covariance_days"": 126, ""diagnostic"": ""target_low"", ""family"": ""range"", ""har_train_min"": 504, ""lookback"": 63, ""overlay"": true, ""static_exposure"": null, ""target"": 0.09000000000000001, ""threshold"": 0.05, ""trial_id"": ""E3-63"", ""universe"": [""SPY"", ""TLT"", ""GLD""]}",5.0 bp risky purchases+sales; borrow rf+50.0 bp,results/20261004T003708-e3127963/E3-63-target_low-13c7980f20.csv,completed,No OOS retuning; diagnostic not eligible for selection,False
E3-63-target_low_base-50551acfd8,2026-10-04T00:42:34.959442+00:00,5f04159f52c645b6503f8744058f5d8b248158d9,5f04159f52c645b6503f8744058f5d8b248158d9,e5f957a2b78b4a08cede2183cd59012f73beaffc38f0821d43bb458df08be222:5eb2ada6d8d007969c111064ae6c5de089e8bd61c0156cb49cc98484cea2b5d9,ac2e681bedfd190734d3503f7153b3725fb3809eee52220a7c20bfe3f9b68cbb,development+reused_validation,"{""base"": ""equal"", ""borrow_bps"": 50.0, ""cap"": 1.0, ""control"": ""event"", ""covariance_days"": 126, ""diagnostic"": ""target_low_base"", ""family"": ""range"", ""har_train_min"": 504, ""lookback"": 63, ""overlay"": false, ""static_exposure"": null, ""target"": 0.09000000000000001, ""threshold"": 0.05, ""trial_id"": ""E3-63"", ""universe"": [""SPY"", ""TLT"", ""GLD""]}",5.0 bp risky purchases+sales; borrow rf+50.0 bp,results/20261004T003708-e3127963/E3-63-target_low_base-50551acfd8.csv,started,Attempt retained even if process fails,False
E3-63-target_low_base-50551acfd8,2026-10-04T00:42:34.959442+00:00,5f04159f52c645b6503f8744058f5d8b248158d9,5f04159f52c645b6503f8744058f5d8b248158d9,e5f957a2b78b4a08cede2183cd59012f73beaffc38f0821d43bb458df08be222:5eb2ada6d8d007969c111064ae6c5de089e8bd61c0156cb49cc98484cea2b5d9,ac2e681bedfd190734d3503f7153b3725fb3809eee52220a7c20bfe3f9b68cbb,development+reused_validation,"{""base"": ""equal"", ""borrow_bps"": 50.0, ""cap"": 1.0, ""control"": ""event"", ""covariance_days"": 126, ""diagnostic"": ""target_low_base"", ""family"": ""range"", ""har_train_min"": 504, ""lookback"": 63, ""overlay"": false, ""static_exposure"": null, ""target"": 0.09000000000000001, ""threshold"": 0.05, ""trial_id"": ""E3-63"", ""universe"": [""SPY"", ""TLT"", ""GLD""]}",5.0 bp risky purchases+sales; borrow rf+50.0 bp,results/20261004T003708-e3127963/E3-63-target_low_base-50551acfd8.csv,completed,No OOS retuning; diagnostic not eligible for selection,False
E3-63-target_high-89210c6cdc,2026-10-04T00:42:37.142485+00:00,5f04159f52c645b6503f8744058f5d8b248158d9,5f04159f52c645b6503f8744058f5d8b248158d9,e5f957a2b78b4a08cede2183cd59012f73beaffc38f0821d43bb458df08be222:5eb2ada6d8d007969c111064ae6c5de089e8bd61c0156cb49cc98484cea2b5d9,bab115b3659a4ea5dd05a599445a4b3caad88213481c2053c17cd79d14391192,development+reused_validation,"{""base"": ""equal"", ""borrow_bps"": 50.0, ""cap"": 1.0, ""control"": ""event"", ""covariance_days"": 126, ""diagnostic"": ""target_high"", ""family"": ""range"", ""har_train_min"": 504, ""lookback"": 63, ""overlay"": true, ""static_exposure"": null, ""target"": 0.11, ""threshold"": 0.05, ""trial_id"": ""E3-63"", ""universe"": [""SPY"", ""TLT"", ""GLD""]}",5.0 bp risky purchases+sales; borrow rf+50.0 bp,results/20261004T003708-e3127963/E3-63-target_high-89210c6cdc.csv,started,Attempt retained even if process fails,False
E3-63-target_high-89210c6cdc,2026-10-04T00:42:37.142485+00:00,5f04159f52c645b6503f8744058f5d8b248158d9,5f04159f52c645b6503f8744058f5d8b248158d9,e5f957a2b78b4a08cede2183cd59012f73beaffc38f0821d43bb458df08be222:5eb2ada6d8d007969c111064ae6c5de089e8bd61c0156cb49cc98484cea2b5d9,bab115b3659a4ea5dd05a599445a4b3caad88213481c2053c17cd79d14391192,development+reused_validation,"{""base"": ""equal"", ""borrow_bps"": 50.0, ""cap"": 1.0, ""control"": ""event"", ""covariance_days"": 126, ""diagnostic"": ""target_high"", ""family"": ""range"", ""har_train_min"": 504, ""lookback"": 63, ""overlay"": true, ""static_exposure"": null, ""target"": 0.11, ""threshold"": 0.05, ""trial_id"": ""E3-63"", ""universe"": [""SPY"", ""TLT"", ""GLD""]}",5.0 bp risky purchases+sales; borrow rf+50.0 bp,results/20261004T003708-e3127963/E3-63-target_high-89210c6cdc.csv,completed,No OOS retuning; diagnostic not eligible for selection,False
E3-63-target_high_base-caf33983ff,2026-10-04T00:42:39.276795+00:00,5f04159f52c645b6503f8744058f5d8b248158d9,5f04159f52c645b6503f8744058f5d8b248158d9,e5f957a2b78b4a08cede2183cd59012f73beaffc38f0821d43bb458df08be222:5eb2ada6d8d007969c111064ae6c5de089e8bd61c0156cb49cc98484cea2b5d9,2b8d5e92e7c5afe1f0eda592af5bcd364a0dbb158b7db1893454c703a82dd7d0,development+reused_validation,"{""base"": ""equal"", ""borrow_bps"": 50.0, ""cap"": 1.0, ""control"": ""event"", ""covariance_days"": 126, ""diagnostic"": ""target_high_base"", ""family"": ""range"", ""har_train_min"": 504, ""lookback"": 63, ""overlay"": false, ""static_exposure"": null, ""target"": 0.11, ""threshold"": 0.05, ""trial_id"": ""E3-63"", ""universe"": [""SPY"", ""TLT"", ""GLD""]}",5.0 bp risky purchases+sales; borrow rf+50.0 bp,results/20261004T003708-e3127963/E3-63-target_high_base-caf33983ff.csv,started,Attempt retained even if process fails,False
E3-63-target_high_base-caf33983ff,2026-10-04T00:42:39.276795+00:00,5f04159f52c645b6503f8744058f5d8b248158d9,5f04159f52c645b6503f8744058f5d8b248158d9,e5f957a2b78b4a08cede2183cd59012f73beaffc38f0821d43bb458df08be222:5eb2ada6d8d007969c111064ae6c5de089e8bd61c0156cb49cc98484cea2b5d9,2b8d5e92e7c5afe1f0eda592af5bcd364a0dbb158b7db1893454c703a82dd7d0,development+reused_validation,"{""base"": ""equal"", ""borrow_bps"": 50.0, ""cap"": 1.0, ""control"": ""event"", ""covariance_days"": 126, ""diagnostic"": ""target_high_base"", ""family"": ""range"", ""har_train_min"": 504, ""lookback"": 63, ""overlay"": false, ""static_exposure"": null, ""target"": 0.11, ""threshold"": 0.05, ""trial_id"": ""E3-63"", ""universe"": [""SPY"", ""TLT"", ""GLD""]}",5.0 bp risky purchases+sales; borrow rf+50.0 bp,results/20261004T003708-e3127963/E3-63-target_high_base-caf33983ff.csv,completed,No OOS retuning; diagnostic not eligible for selection,False
E3-63-lookback_low-6cf84a621b,2026-10-04T00:42:41.425890+00:00,5f04159f52c645b6503f8744058f5d8b248158d9,5f04159f52c645b6503f8744058f5d8b248158d9,e5f957a2b78b4a08cede2183cd59012f73beaffc38f0821d43bb458df08be222:5eb2ada6d8d007969c111064ae6c5de089e8bd61c0156cb49cc98484cea2b5d9,5d4221a756f09d233cc1a0735259d1ac685335386b0cd302d02bf8a36f4a0acc,development+reused_validation,"{""base"": ""equal"", ""borrow_bps"": 50.0, ""cap"": 1.0, ""control"": ""event"", ""covariance_days"": 101, ""diagnostic"": ""lookback_low"", ""family"": ""range"", ""har_train_min"": 403, ""lookback"": 50, ""overlay"": true, ""static_exposure"": null, ""target"": 0.1, ""threshold"": 0.05, ""trial_id"": ""E3-63"", ""universe"": [""SPY"", ""TLT"", ""GLD""]}",5.0 bp risky purchases+sales; borrow rf+50.0 bp,results/20261004T003708-e3127963/E3-63-lookback_low-6cf84a621b.csv,started,Attempt retained even if process fails,False
E3-63-lookback_low-6cf84a621b,2026-10-04T00:42:41.425890+00:00,5f04159f52c645b6503f8744058f5d8b248158d9,5f04159f52c645b6503f8744058f5d8b248158d9,e5f957a2b78b4a08cede2183cd59012f73beaffc38f0821d43bb458df08be222:5eb2ada6d8d007969c111064ae6c5de089e8bd61c0156cb49cc98484cea2b5d9,5d4221a756f09d233cc1a0735259d1ac685335386b0cd302d02bf8a36f4a0acc,development+reused_validation,"{""base"": ""equal"", ""borrow_bps"": 50.0, ""cap"": 1.0, ""control"": ""event"", ""covariance_days"": 101, ""diagnostic"": ""lookback_low"", ""family"": ""range"", ""har_train_min"": 403, ""lookback"": 50, ""overlay"": true, ""static_exposure"": null, ""target"": 0.1, ""threshold"": 0.05, ""trial_id"": ""E3-63"", ""universe"": [""SPY"", ""TLT"", ""GLD""]}",5.0 bp risky purchases+sales; borrow rf+50.0 bp,results/20261004T003708-e3127963/E3-63-lookback_low-6cf84a621b.csv,completed,No OOS retuning; diagnostic not eligible for selection,False
E3-63-lookback_low_base-9b41bb2efc,2026-10-04T00:42:43.713080+00:00,5f04159f52c645b6503f8744058f5d8b248158d9,5f04159f52c645b6503f8744058f5d8b248158d9,e5f957a2b78b4a08cede2183cd59012f73beaffc38f0821d43bb458df08be222:5eb2ada6d8d007969c111064ae6c5de089e8bd61c0156cb49cc98484cea2b5d9,9b4b44c77fc76688c4cb3bb12093b4959d50b8102494b2570aee2b7753ec8b97,development+reused_validation,"{""base"": ""equal"", ""borrow_bps"": 50.0, ""cap"": 1.0, ""control"": ""event"", ""covariance_days"": 101, ""diagnostic"": ""lookback_low_base"", ""family"": ""range"", ""har_train_min"": 403, ""lookback"": 50, ""overlay"": false, ""static_exposure"": null, ""target"": 0.1, ""threshold"": 0.05, ""trial_id"": ""E3-63"", ""universe"": [""SPY"", ""TLT"", ""GLD""]}",5.0 bp risky purchases+sales; borrow rf+50.0 bp,results/20261004T003708-e3127963/E3-63-lookback_low_base-9b41bb2efc.csv,started,Attempt retained even if process fails,False
E3-63-lookback_low_base-9b41bb2efc,2026-10-04T00:42:43.713080+00:00,5f04159f52c645b6503f8744058f5d8b248158d9,5f04159f52c645b6503f8744058f5d8b248158d9,e5f957a2b78b4a08cede2183cd59012f73beaffc38f0821d43bb458df08be222:5eb2ada6d8d007969c111064ae6c5de089e8bd61c0156cb49cc98484cea2b5d9,9b4b44c77fc76688c4cb3bb12093b4959d50b8102494b2570aee2b7753ec8b97,development+reused_validation,"{""base"": ""equal"", ""borrow_bps"": 50.0, ""cap"": 1.0, ""control"": ""event"", ""covariance_days"": 101, ""diagnostic"": ""lookback_low_base"", ""family"": ""range"", ""har_train_min"": 403, ""lookback"": 50, ""overlay"": false, ""static_exposure"": null, ""target"": 0.1, ""threshold"": 0.05, ""trial_id"": ""E3-63"", ""universe"": [""SPY"", ""TLT"", ""GLD""]}",5.0 bp risky purchases+sales; borrow rf+50.0 bp,results/20261004T003708-e3127963/E3-63-lookback_low_base-9b41bb2efc.csv,completed,No OOS retuning; diagnostic not eligible for selection,False
E3-63-lookback_high-525610db76,2026-10-04T00:42:45.850759+00:00,5f04159f52c645b6503f8744058f5d8b248158d9,5f04159f52c645b6503f8744058f5d8b248158d9,e5f957a2b78b4a08cede2183cd59012f73beaffc38f0821d43bb458df08be222:5eb2ada6d8d007969c111064ae6c5de089e8bd61c0156cb49cc98484cea2b5d9,52e8146185d4b882711ec42e4e5b62d60366a9329b8973f3a2a74d10d26f3c08,development+reused_validation,"{""base"": ""equal"", ""borrow_bps"": 50.0, ""cap"": 1.0, ""control"": ""event"", ""covariance_days"": 151, ""diagnostic"": ""lookback_high"", ""family"": ""range"", ""har_train_min"": 605, ""lookback"": 76, ""overlay"": true, ""static_exposure"": null, ""target"": 0.1, ""threshold"": 0.05, ""trial_id"": ""E3-63"", ""universe"": [""SPY"", ""TLT"", ""GLD""]}",5.0 bp risky purchases+sales; borrow rf+50.0 bp,results/20261004T003708-e3127963/E3-63-lookback_high-525610db76.csv,started,Attempt retained even if process fails,False
E3-63-lookback_high-525610db76,2026-10-04T00:42:45.850759+00:00,5f04159f52c645b6503f8744058f5d8b248158d9,5f04159f52c645b6503f8744058f5d8b248158d9,e5f957a2b78b4a08cede2183cd59012f73beaffc38f0821d43bb458df08be222:5eb2ada6d8d007969c111064ae6c5de089e8bd61c0156cb49cc98484cea2b5d9,52e8146185d4b882711ec42e4e5b62d60366a9329b8973f3a2a74d10d26f3c08,development+reused_validation,"{""base"": ""equal"", ""borrow_bps"": 50.0, ""cap"": 1.0, ""control"": ""event"", ""covariance_days"": 151, ""diagnostic"": ""lookback_high"", ""family"": ""range"", ""har_train_min"": 605, ""lookback"": 76, ""overlay"": true, ""static_exposure"": null, ""target"": 0.1, ""threshold"": 0.05, ""trial_id"": ""E3-63"", ""universe"": [""SPY"", ""TLT"", ""GLD""]}",5.0 bp risky purchases+sales; borrow rf+50.0 bp,results/20261004T003708-e3127963/E3-63-lookback_high-525610db76.csv,completed,No OOS retuning; diagnostic not eligible for selection,False
E3-63-lookback_high_base-484c78e780,2026-10-04T00:42:47.983787+00:00,5f04159f52c645b6503f8744058f5d8b248158d9,5f04159f52c645b6503f8744058f5d8b248158d9,e5f957a2b78b4a08cede2183cd59012f73beaffc38f0821d43bb458df08be222:5eb2ada6d8d007969c111064ae6c5de089e8bd61c0156cb49cc98484cea2b5d9,42eb775e6134da2e127c1e85f3b78b32393aacc4c41b9692d835680ed845cfc7,development+reused_validation,"{""base"": ""equal"", ""borrow_bps"": 50.0, ""cap"": 1.0, ""control"": ""event"", ""covariance_days"": 151, ""diagnostic"": ""lookback_high_base"", ""family"": ""range"", ""har_train_min"": 605, ""lookback"": 76, ""overlay"": false, ""static_exposure"": null, ""target"": 0.1, ""threshold"": 0.05, ""trial_id"": ""E3-63"", ""universe"": [""SPY"", ""TLT"", ""GLD""]}",5.0 bp risky purchases+sales; borrow rf+50.0 bp,results/20261004T003708-e3127963/E3-63-lookback_high_base-484c78e780.csv,started,Attempt retained even if process fails,False
E3-63-lookback_high_base-484c78e780,2026-10-04T00:42:47.983787+00:00,5f04159f52c645b6503f8744058f5d8b248158d9,5f04159f52c645b6503f8744058f5d8b248158d9,e5f957a2b78b4a08cede2183cd59012f73beaffc38f0821d43bb458df08be222:5eb2ada6d8d007969c111064ae6c5de089e8bd61c0156cb49cc98484cea2b5d9,42eb775e6134da2e127c1e85f3b78b32393aacc4c41b9692d835680ed845cfc7,development+reused_validation,"{""base"": ""equal"", ""borrow_bps"": 50.0, ""cap"": 1.0, ""control"": ""event"", ""covariance_days"": 151, ""diagnostic"": ""lookback_high_base"", ""family"": ""range"", ""har_train_min"": 605, ""lookback"": 76, ""overlay"": false, ""static_exposure"": null, ""target"": 0.1, ""threshold"": 0.05, ""trial_id"": ""E3-63"", ""universe"": [""SPY"", ""TLT"", ""GLD""]}",5.0 bp risky purchases+sales; borrow rf+50.0 bp,results/20261004T003708-e3127963/E3-63-lookback_high_base-484c78e780.csv,completed,No OOS retuning; diagnostic not eligible for selection,False
E3-63-trigger_low-36bbf140b3,2026-10-04T00:42:50.125337+00:00,5f04159f52c645b6503f8744058f5d8b248158d9,5f04159f52c645b6503f8744058f5d8b248158d9,e5f957a2b78b4a08cede2183cd59012f73beaffc38f0821d43bb458df08be222:5eb2ada6d8d007969c111064ae6c5de089e8bd61c0156cb49cc98484cea2b5d9,89b85b96374c84c5452c70980fd92ef1d3833901bf1e5e37fae44596fc72e3c2,development+reused_validation,"{""base"": ""equal"", ""borrow_bps"": 50.0, ""cap"": 1.0, ""control"": ""event"", ""covariance_days"": 126, ""diagnostic"": ""trigger_low"", ""family"": ""range"", ""har_train_min"": 504, ""lookback"": 63, ""overlay"": true, ""static_exposure"": null, ""target"": 0.1, ""threshold"": 0.04, ""trial_id"": ""E3-63"", ""universe"": [""SPY"", ""TLT"", ""GLD""]}",5.0 bp risky purchases+sales; borrow rf+50.0 bp,results/20261004T003708-e3127963/E3-63-trigger_low-36bbf140b3.csv,started,Attempt retained even if process fails,False
E3-63-trigger_low-36bbf140b3,2026-10-04T00:42:50.125337+00:00,5f04159f52c645b6503f8744058f5d8b248158d9,5f04159f52c645b6503f8744058f5d8b248158d9,e5f957a2b78b4a08cede2183cd59012f73beaffc38f0821d43bb458df08be222:5eb2ada6d8d007969c111064ae6c5de089e8bd61c0156cb49cc98484cea2b5d9,89b85b96374c84c5452c70980fd92ef1d3833901bf1e5e37fae44596fc72e3c2,development+reused_validation,"{""base"": ""equal"", ""borrow_bps"": 50.0, ""cap"": 1.0, ""control"": ""event"", ""covariance_days"": 126, ""diagnostic"": ""trigger_low"", ""family"": ""range"", ""har_train_min"": 504, ""lookback"": 63, ""overlay"": true, ""static_exposure"": null, ""target"": 0.1, ""threshold"": 0.04, ""trial_id"": ""E3-63"", ""universe"": [""SPY"", ""TLT"", ""GLD""]}",5.0 bp risky purchases+sales; borrow rf+50.0 bp,results/20261004T003708-e3127963/E3-63-trigger_low-36bbf140b3.csv,completed,No OOS retuning; diagnostic not eligible for selection,False
E3-63-trigger_low_base-9bd6df2b4d,2026-10-04T00:42:52.599739+00:00,5f04159f52c645b6503f8744058f5d8b248158d9,5f04159f52c645b6503f8744058f5d8b248158d9,e5f957a2b78b4a08cede2183cd59012f73beaffc38f0821d43bb458df08be222:5eb2ada6d8d007969c111064ae6c5de089e8bd61c0156cb49cc98484cea2b5d9,ca9e6ab9ea57d048add25da17be0a0219e8bb07d0cd408bfaf8068f66d4e92fa,development+reused_validation,"{""base"": ""equal"", ""borrow_bps"": 50.0, ""cap"": 1.0, ""control"": ""event"", ""covariance_days"": 126, ""diagnostic"": ""trigger_low_base"", ""family"": ""range"", ""har_train_min"": 504, ""lookback"": 63, ""overlay"": false, ""static_exposure"": null, ""target"": 0.1, ""threshold"": 0.04, ""trial_id"": ""E3-63"", ""universe"": [""SPY"", ""TLT"", ""GLD""]}",5.0 bp risky purchases+sales; borrow rf+50.0 bp,results/20261004T003708-e3127963/E3-63-trigger_low_base-9bd6df2b4d.csv,started,Attempt retained even if process fails,False
E3-63-trigger_low_base-9bd6df2b4d,2026-10-04T00:42:52.599739+00:00,5f04159f52c645b6503f8744058f5d8b248158d9,5f04159f52c645b6503f8744058f5d8b248158d9,e5f957a2b78b4a08cede2183cd59012f73beaffc38f0821d43bb458df08be222:5eb2ada6d8d007969c111064ae6c5de089e8bd61c0156cb49cc98484cea2b5d9,ca9e6ab9ea57d048add25da17be0a0219e8bb07d0cd408bfaf8068f66d4e92fa,development+reused_validation,"{""base"": ""equal"", ""borrow_bps"": 50.0, ""cap"": 1.0, ""control"": ""event"", ""covariance_days"": 126, ""diagnostic"": ""trigger_low_base"", ""family"": ""range"", ""har_train_min"": 504, ""lookback"": 63, ""overlay"": false, ""static_exposure"": null, ""target"": 0.1, ""threshold"": 0.04, ""trial_id"": ""E3-63"", ""universe"": [""SPY"", ""TLT"", ""GLD""]}",5.0 bp risky purchases+sales; borrow rf+50.0 bp,results/20261004T003708-e3127963/E3-63-trigger_low_base-9bd6df2b4d.csv,completed,No OOS retuning; diagnostic not eligible for selection,False
E3-63-trigger_high-685c7a3e12,2026-10-04T00:42:54.920819+00:00,5f04159f52c645b6503f8744058f5d8b248158d9,5f04159f52c645b6503f8744058f5d8b248158d9,e5f957a2b78b4a08cede2183cd59012f73beaffc38f0821d43bb458df08be222:5eb2ada6d8d007969c111064ae6c5de089e8bd61c0156cb49cc98484cea2b5d9,c023ca9eb4a68177ee5487d228f45dc5a9b3a7de2a74213c1ef3fe3dd99033d9,development+reused_validation,"{""base"": ""equal"", ""borrow_bps"": 50.0, ""cap"": 1.0, ""control"": ""event"", ""covariance_days"": 126, ""diagnostic"": ""trigger_high"", ""family"": ""range"", ""har_train_min"": 504, ""lookback"": 63, ""overlay"": true, ""static_exposure"": null, ""target"": 0.1, ""threshold"": 0.06, ""trial_id"": ""E3-63"", ""universe"": [""SPY"", ""TLT"", ""GLD""]}",5.0 bp risky purchases+sales; borrow rf+50.0 bp,results/20261004T003708-e3127963/E3-63-trigger_high-685c7a3e12.csv,started,Attempt retained even if process fails,False
E3-63-trigger_high-685c7a3e12,2026-10-04T00:42:54.920819+00:00,5f04159f52c645b6503f8744058f5d8b248158d9,5f04159f52c645b6503f8744058f5d8b248158d9,e5f957a2b78b4a08cede2183cd59012f73beaffc38f0821d43bb458df08be222:5eb2ada6d8d007969c111064ae6c5de089e8bd61c0156cb49cc98484cea2b5d9,c023ca9eb4a68177ee5487d228f45dc5a9b3a7de2a74213c1ef3fe3dd99033d9,development+reused_validation,"{""base"": ""equal"", ""borrow_bps"": 50.0, ""cap"": 1.0, ""control"": ""event"", ""covariance_days"": 126, ""diagnostic"": ""trigger_high"", ""family"": ""range"", ""har_train_min"": 504, ""lookback"": 63, ""overlay"": true, ""static_exposure"": null, ""target"": 0.1, ""threshold"": 0.06, ""trial_id"": ""E3-63"", ""universe"": [""SPY"", ""TLT"", ""GLD""]}",5.0 bp risky purchases+sales; borrow rf+50.0 bp,results/20261004T003708-e3127963/E3-63-trigger_high-685c7a3e12.csv,completed,No OOS retuning; diagnostic not eligible for selection,False
E3-63-trigger_high_base-8d1ad17dae,2026-10-04T00:42:57.255639+00:00,5f04159f52c645b6503f8744058f5d8b248158d9,5f04159f52c645b6503f8744058f5d8b248158d9,e5f957a2b78b4a08cede2183cd59012f73beaffc38f0821d43bb458df08be222:5eb2ada6d8d007969c111064ae6c5de089e8bd61c0156cb49cc98484cea2b5d9,870e3c9a55daa3d4a920907f87762f3dab5571fecc76f96242041eab9cbaff15,development+reused_validation,"{""base"": ""equal"", ""borrow_bps"": 50.0, ""cap"": 1.0, ""control"": ""event"", ""covariance_days"": 126, ""diagnostic"": ""trigger_high_base"", ""family"": ""range"", ""har_train_min"": 504, ""lookback"": 63, ""overlay"": false, ""static_exposure"": null, ""target"": 0.1, ""threshold"": 0.06, ""trial_id"": ""E3-63"", ""universe"": [""SPY"", ""TLT"", ""GLD""]}",5.0 bp risky purchases+sales; borrow rf+50.0 bp,results/20261004T003708-e3127963/E3-63-trigger_high_base-8d1ad17dae.csv,started,Attempt retained even if process fails,False
E3-63-trigger_high_base-8d1ad17dae,2026-10-04T00:42:57.255639+00:00,5f04159f52c645b6503f8744058f5d8b248158d9,5f04159f52c645b6503f8744058f5d8b248158d9,e5f957a2b78b4a08cede2183cd59012f73beaffc38f0821d43bb458df08be222:5eb2ada6d8d007969c111064ae6c5de089e8bd61c0156cb49cc98484cea2b5d9,870e3c9a55daa3d4a920907f87762f3dab5571fecc76f96242041eab9cbaff15,development+reused_validation,"{""base"": ""equal"", ""borrow_bps"": 50.0, ""cap"": 1.0, ""control"": ""event"", ""covariance_days"": 126, ""diagnostic"": ""trigger_high_base"", ""family"": ""range"", ""har_train_min"": 504, ""lookback"": 63, ""overlay"": false, ""static_exposure"": null, ""target"": 0.1, ""threshold"": 0.06, ""trial_id"": ""E3-63"", ""universe"": [""SPY"", ""TLT"", ""GLD""]}",5.0 bp risky purchases+sales; borrow rf+50.0 bp,results/20261004T003708-e3127963/E3-63-trigger_high_base-8d1ad17dae.csv,completed,No OOS retuning; diagnostic not eligible for selection,False
E4-double_cost-9cb74952a9,2026-10-04T00:42:59.771183+00:00,5f04159f52c645b6503f8744058f5d8b248158d9,5f04159f52c645b6503f8744058f5d8b248158d9,e5f957a2b78b4a08cede2183cd59012f73beaffc38f0821d43bb458df08be222:5eb2ada6d8d007969c111064ae6c5de089e8bd61c0156cb49cc98484cea2b5d9,72f00449bdddb4005e99fb464ee491eb02e4ea0f6fab0aa2d6dfc73ad92421ee,development+reused_validation,"{""base"": ""minvar"", ""borrow_bps"": 50.0, ""cap"": 1.0, ""control"": ""event"", ""covariance_days"": 126, ""diagnostic"": ""double_cost"", ""family"": ""ensemble"", ""har_train_min"": 504, ""lookback"": 63, ""overlay"": true, ""static_exposure"": null, ""target"": 0.1, ""threshold"": 0.05, ""trial_id"": ""E4"", ""universe"": [""SPY"", ""TLT"", ""GLD""]}",10 bp risky purchases+sales; borrow rf+50.0 bp,results/20261004T003708-e3127963/E4-double_cost-9cb74952a9.csv,started,Attempt retained even if process fails,False
E4-double_cost-9cb74952a9,2026-10-04T00:42:59.771183+00:00,5f04159f52c645b6503f8744058f5d8b248158d9,5f04159f52c645b6503f8744058f5d8b248158d9,e5f957a2b78b4a08cede2183cd59012f73beaffc38f0821d43bb458df08be222:5eb2ada6d8d007969c111064ae6c5de089e8bd61c0156cb49cc98484cea2b5d9,72f00449bdddb4005e99fb464ee491eb02e4ea0f6fab0aa2d6dfc73ad92421ee,development+reused_validation,"{""base"": ""minvar"", ""borrow_bps"": 50.0, ""cap"": 1.0, ""control"": ""event"", ""covariance_days"": 126, ""diagnostic"": ""double_cost"", ""family"": ""ensemble"", ""har_train_min"": 504, ""lookback"": 63, ""overlay"": true, ""static_exposure"": null, ""target"": 0.1, ""threshold"": 0.05, ""trial_id"": ""E4"", ""universe"": [""SPY"", ""TLT"", ""GLD""]}",10 bp risky purchases+sales; borrow rf+50.0 bp,results/20261004T003708-e3127963/E4-double_cost-9cb74952a9.csv,completed,No OOS retuning; diagnostic not eligible for selection,False
E4-double_cost_base-831640437f,2026-10-04T00:43:01.567628+00:00,5f04159f52c645b6503f8744058f5d8b248158d9,5f04159f52c645b6503f8744058f5d8b248158d9,e5f957a2b78b4a08cede2183cd59012f73beaffc38f0821d43bb458df08be222:5eb2ada6d8d007969c111064ae6c5de089e8bd61c0156cb49cc98484cea2b5d9,d9302037f7de55a2837f65c5c280f8b984716c8ffdc39566c11fcdc636cf1f52,development+reused_validation,"{""base"": ""minvar"", ""borrow_bps"": 50.0, ""cap"": 1.0, ""control"": ""event"", ""covariance_days"": 126, ""diagnostic"": ""double_cost_base"", ""family"": ""ensemble"", ""har_train_min"": 504, ""lookback"": 63, ""overlay"": false, ""static_exposure"": null, ""target"": 0.1, ""threshold"": 0.05, ""trial_id"": ""E4"", ""universe"": [""SPY"", ""TLT"", ""GLD""]}",10 bp risky purchases+sales; borrow rf+50.0 bp,results/20261004T003708-e3127963/E4-double_cost_base-831640437f.csv,started,Attempt retained even if process fails,False
E4-double_cost_base-831640437f,2026-10-04T00:43:01.567628+00:00,5f04159f52c645b6503f8744058f5d8b248158d9,5f04159f52c645b6503f8744058f5d8b248158d9,e5f957a2b78b4a08cede2183cd59012f73beaffc38f0821d43bb458df08be222:5eb2ada6d8d007969c111064ae6c5de089e8bd61c0156cb49cc98484cea2b5d9,d9302037f7de55a2837f65c5c280f8b984716c8ffdc39566c11fcdc636cf1f52,development+reused_validation,"{""base"": ""minvar"", ""borrow_bps"": 50.0, ""cap"": 1.0, ""control"": ""event"", ""covariance_days"": 126, ""diagnostic"": ""double_cost_base"", ""family"": ""ensemble"", ""har_train_min"": 504, ""lookback"": 63, ""overlay"": false, ""static_exposure"": null, ""target"": 0.1, ""threshold"": 0.05, ""trial_id"": ""E4"", ""universe"": [""SPY"", ""TLT"", ""GLD""]}",10 bp risky purchases+sales; borrow rf+50.0 bp,results/20261004T003708-e3127963/E4-double_cost_base-831640437f.csv,completed,No OOS retuning; diagnostic not eligible for selection,False
E4-target_low-d3712a27ef,2026-10-04T00:43:03.654782+00:00,5f04159f52c645b6503f8744058f5d8b248158d9,5f04159f52c645b6503f8744058f5d8b248158d9,e5f957a2b78b4a08cede2183cd59012f73beaffc38f0821d43bb458df08be222:5eb2ada6d8d007969c111064ae6c5de089e8bd61c0156cb49cc98484cea2b5d9,d23f4a46ab9fca9ff6fad9480765ea9b94c9f823bebae02c80e0b0ea4abf54e4,development+reused_validation,"{""base"": ""minvar"", ""borrow_bps"": 50.0, ""cap"": 1.0, ""control"": ""event"", ""covariance_days"": 126, ""diagnostic"": ""target_low"", ""family"": ""ensemble"", ""har_train_min"": 504, ""lookback"": 63, ""overlay"": true, ""static_exposure"": null, ""target"": 0.09000000000000001, ""threshold"": 0.05, ""trial_id"": ""E4"", ""universe"": [""SPY"", ""TLT"", ""GLD""]}",5.0 bp risky purchases+sales; borrow rf+50.0 bp,results/20261004T003708-e3127963/E4-target_low-d3712a27ef.csv,started,Attempt retained even if process fails,False
E4-target_low-d3712a27ef,2026-10-04T00:43:03.654782+00:00,5f04159f52c645b6503f8744058f5d8b248158d9,5f04159f52c645b6503f8744058f5d8b248158d9,e5f957a2b78b4a08cede2183cd59012f73beaffc38f0821d43bb458df08be222:5eb2ada6d8d007969c111064ae6c5de089e8bd61c0156cb49cc98484cea2b5d9,d23f4a46ab9fca9ff6fad9480765ea9b94c9f823bebae02c80e0b0ea4abf54e4,development+reused_validation,"{""base"": ""minvar"", ""borrow_bps"": 50.0, ""cap"": 1.0, ""control"": ""event"", ""covariance_days"": 126, ""diagnostic"": ""target_low"", ""family"": ""ensemble"", ""har_train_min"": 504, ""lookback"": 63, ""overlay"": true, ""static_exposure"": null, ""target"": 0.09000000000000001, ""threshold"": 0.05, ""trial_id"": ""E4"", ""universe"": [""SPY"", ""TLT"", ""GLD""]}",5.0 bp risky purchases+sales; borrow rf+50.0 bp,results/20261004T003708-e3127963/E4-target_low-d3712a27ef.csv,completed,No OOS retuning; diagnostic not eligible for selection,False
E4-target_low_base-1b8b689c03,2026-10-04T00:43:05.278420+00:00,5f04159f52c645b6503f8744058f5d8b248158d9,5f04159f52c645b6503f8744058f5d8b248158d9,e5f957a2b78b4a08cede2183cd59012f73beaffc38f0821d43bb458df08be222:5eb2ada6d8d007969c111064ae6c5de089e8bd61c0156cb49cc98484cea2b5d9,cddc15835c8c09f07c70e1a6c3c1e932e52a0daa4b891feb72dee6fad2e63c0f,development+reused_validation,"{""base"": ""minvar"", ""borrow_bps"": 50.0, ""cap"": 1.0, ""control"": ""event"", ""covariance_days"": 126, ""diagnostic"": ""target_low_base"", ""family"": ""ensemble"", ""har_train_min"": 504, ""lookback"": 63, ""overlay"": false, ""static_exposure"": null, ""target"": 0.09000000000000001, ""threshold"": 0.05, ""trial_id"": ""E4"", ""universe"": [""SPY"", ""TLT"", ""GLD""]}",5.0 bp risky purchases+sales; borrow rf+50.0 bp,results/20261004T003708-e3127963/E4-target_low_base-1b8b689c03.csv,started,Attempt retained even if process fails,False
E4-target_low_base-1b8b689c03,2026-10-04T00:43:05.278420+00:00,5f04159f52c645b6503f8744058f5d8b248158d9,5f04159f52c645b6503f8744058f5d8b248158d9,e5f957a2b78b4a08cede2183cd59012f73beaffc38f0821d43bb458df08be222:5eb2ada6d8d007969c111064ae6c5de089e8bd61c0156cb49cc98484cea2b5d9,cddc15835c8c09f07c70e1a6c3c1e932e52a0daa4b891feb72dee6fad2e63c0f,development+reused_validation,"{""base"": ""minvar"", ""borrow_bps"": 50.0, ""cap"": 1.0, ""control"": ""event"", ""covariance_days"": 126, ""diagnostic"": ""target_low_base"", ""family"": ""ensemble"", ""har_train_min"": 504, ""lookback"": 63, ""overlay"": false, ""static_exposure"": null, ""target"": 0.09000000000000001, ""threshold"": 0.05, ""trial_id"": ""E4"", ""universe"": [""SPY"", ""TLT"", ""GLD""]}",5.0 bp risky purchases+sales; borrow rf+50.0 bp,results/20261004T003708-e3127963/E4-target_low_base-1b8b689c03.csv,completed,No OOS retuning; diagnostic not eligible for selection,False
E4-target_high-8ddf6472da,2026-10-04T00:43:06.892083+00:00,5f04159f52c645b6503f8744058f5d8b248158d9,5f04159f52c645b6503f8744058f5d8b248158d9,e5f957a2b78b4a08cede2183cd59012f73beaffc38f0821d43bb458df08be222:5eb2ada6d8d007969c111064ae6c5de089e8bd61c0156cb49cc98484cea2b5d9,8e4310f008081d3faf4b70f2b47c706622d4bc4beb684310f05e87a1dea232df,development+reused_validation,"{""base"": ""minvar"", ""borrow_bps"": 50.0, ""cap"": 1.0, ""control"": ""event"", ""covariance_days"": 126, ""diagnostic"": ""target_high"", ""family"": ""ensemble"", ""har_train_min"": 504, ""lookback"": 63, ""overlay"": true, ""static_exposure"": null, ""target"": 0.11, ""threshold"": 0.05, ""trial_id"": ""E4"", ""universe"": [""SPY"", ""TLT"", ""GLD""]}",5.0 bp risky purchases+sales; borrow rf+50.0 bp,results/20261004T003708-e3127963/E4-target_high-8ddf6472da.csv,started,Attempt retained even if process fails,False
E4-target_high-8ddf6472da,2026-10-04T00:43:06.892083+00:00,5f04159f52c645b6503f8744058f5d8b248158d9,5f04159f52c645b6503f8744058f5d8b248158d9,e5f957a2b78b4a08cede2183cd59012f73beaffc38f0821d43bb458df08be222:5eb2ada6d8d007969c111064ae6c5de089e8bd61c0156cb49cc98484cea2b5d9,8e4310f008081d3faf4b70f2b47c706622d4bc4beb684310f05e87a1dea232df,development+reused_validation,"{""base"": ""minvar"", ""borrow_bps"": 50.0, ""cap"": 1.0, ""control"": ""event"", ""covariance_days"": 126, ""diagnostic"": ""target_high"", ""family"": ""ensemble"", ""har_train_min"": 504, ""lookback"": 63, ""overlay"": true, ""static_exposure"": null, ""target"": 0.11, ""threshold"": 0.05, ""trial_id"": ""E4"", ""universe"": [""SPY"", ""TLT"", ""GLD""]}",5.0 bp risky purchases+sales; borrow rf+50.0 bp,results/20261004T003708-e3127963/E4-target_high-8ddf6472da.csv,completed,No OOS retuning; diagnostic not eligible for selection,False
E4-target_high_base-3000afa9d0,2026-10-04T00:43:08.547139+00:00,5f04159f52c645b6503f8744058f5d8b248158d9,5f04159f52c645b6503f8744058f5d8b248158d9,e5f957a2b78b4a08cede2183cd59012f73beaffc38f0821d43bb458df08be222:5eb2ada6d8d007969c111064ae6c5de089e8bd61c0156cb49cc98484cea2b5d9,f52dbf66790a979131554a7f61e7f31a9a6f13a6a662de9c29bc43162bb9ca37,development+reused_validation,"{""base"": ""minvar"", ""borrow_bps"": 50.0, ""cap"": 1.0, ""control"": ""event"", ""covariance_days"": 126, ""diagnostic"": ""target_high_base"", ""family"": ""ensemble"", ""har_train_min"": 504, ""lookback"": 63, ""overlay"": false, ""static_exposure"": null, ""target"": 0.11, ""threshold"": 0.05, ""trial_id"": ""E4"", ""universe"": [""SPY"", ""TLT"", ""GLD""]}",5.0 bp risky purchases+sales; borrow rf+50.0 bp,results/20261004T003708-e3127963/E4-target_high_base-3000afa9d0.csv,started,Attempt retained even if process fails,False
E4-target_high_base-3000afa9d0,2026-10-04T00:43:08.547139+00:00,5f04159f52c645b6503f8744058f5d8b248158d9,5f04159f52c645b6503f8744058f5d8b248158d9,e5f957a2b78b4a08cede2183cd59012f73beaffc38f0821d43bb458df08be222:5eb2ada6d8d007969c111064ae6c5de089e8bd61c0156cb49cc98484cea2b5d9,f52dbf66790a979131554a7f61e7f31a9a6f13a6a662de9c29bc43162bb9ca37,development+reused_validation,"{""base"": ""minvar"", ""borrow_bps"": 50.0, ""cap"": 1.0, ""control"": ""event"", ""covariance_days"": 126, ""diagnostic"": ""target_high_base"", ""family"": ""ensemble"", ""har_train_min"": 504, ""lookback"": 63, ""overlay"": false, ""static_exposure"": null, ""target"": 0.11, ""threshold"": 0.05, ""trial_id"": ""E4"", ""universe"": [""SPY"", ""TLT"", ""GLD""]}",5.0 bp risky purchases+sales; borrow rf+50.0 bp,results/20261004T003708-e3127963/E4-target_high_base-3000afa9d0.csv,completed,No OOS retuning; diagnostic not eligible for selection,False
E4-lookback_low-023bb47203,2026-10-04T00:43:10.158176+00:00,5f04159f52c645b6503f8744058f5d8b248158d9,5f04159f52c645b6503f8744058f5d8b248158d9,e5f957a2b78b4a08cede2183cd59012f73beaffc38f0821d43bb458df08be222:5eb2ada6d8d007969c111064ae6c5de089e8bd61c0156cb49cc98484cea2b5d9,d44ade63c51ca477501af8f98ad3cc95f98e36d559797cde4ade28cc14b82fe1,development+reused_validation,"{""base"": ""minvar"", ""borrow_bps"": 50.0, ""cap"": 1.0, ""control"": ""event"", ""covariance_days"": 101, ""diagnostic"": ""lookback_low"", ""family"": ""ensemble"", ""har_train_min"": 403, ""lookback"": 50, ""overlay"": true, ""static_exposure"": null, ""target"": 0.1, ""threshold"": 0.05, ""trial_id"": ""E4"", ""universe"": [""SPY"", ""TLT"", ""GLD""]}",5.0 bp risky purchases+sales; borrow rf+50.0 bp,results/20261004T003708-e3127963/E4-lookback_low-023bb47203.csv,started,Attempt retained even if process fails,False
E4-lookback_low-023bb47203,2026-10-04T00:43:10.158176+00:00,5f04159f52c645b6503f8744058f5d8b248158d9,5f04159f52c645b6503f8744058f5d8b248158d9,e5f957a2b78b4a08cede2183cd59012f73beaffc38f0821d43bb458df08be222:5eb2ada6d8d007969c111064ae6c5de089e8bd61c0156cb49cc98484cea2b5d9,d44ade63c51ca477501af8f98ad3cc95f98e36d559797cde4ade28cc14b82fe1,development+reused_validation,"{""base"": ""minvar"", ""borrow_bps"": 50.0, ""cap"": 1.0, ""control"": ""event"", ""covariance_days"": 101, ""diagnostic"": ""lookback_low"", ""family"": ""ensemble"", ""har_train_min"": 403, ""lookback"": 50, ""overlay"": true, ""static_exposure"": null, ""target"": 0.1, ""threshold"": 0.05, ""trial_id"": ""E4"", ""universe"": [""SPY"", ""TLT"", ""GLD""]}",5.0 bp risky purchases+sales; borrow rf+50.0 bp,results/20261004T003708-e3127963/E4-lookback_low-023bb47203.csv,completed,No OOS retuning; diagnostic not eligible for selection,False
E4-lookback_low_base-623a4eba15,2026-10-04T00:43:11.766711+00:00,5f04159f52c645b6503f8744058f5d8b248158d9,5f04159f52c645b6503f8744058f5d8b248158d9,e5f957a2b78b4a08cede2183cd59012f73beaffc38f0821d43bb458df08be222:5eb2ada6d8d007969c111064ae6c5de089e8bd61c0156cb49cc98484cea2b5d9,9893b16b6bcb57fc827d82a54d4b45ca858a1911de5f92bb9a6bb597dd6ac13a,development+reused_validation,"{""base"": ""minvar"", ""borrow_bps"": 50.0, ""cap"": 1.0, ""control"": ""event"", ""covariance_days"": 101, ""diagnostic"": ""lookback_low_base"", ""family"": ""ensemble"", ""har_train_min"": 403, ""lookback"": 50, ""overlay"": false, ""static_exposure"": null, ""target"": 0.1, ""threshold"": 0.05, ""trial_id"": ""E4"", ""universe"": [""SPY"", ""TLT"", ""GLD""]}",5.0 bp risky purchases+sales; borrow rf+50.0 bp,results/20261004T003708-e3127963/E4-lookback_low_base-623a4eba15.csv,started,Attempt retained even if process fails,False
E4-lookback_low_base-623a4eba15,2026-10-04T00:43:11.766711+00:00,5f04159f52c645b6503f8744058f5d8b248158d9,5f04159f52c645b6503f8744058f5d8b248158d9,e5f957a2b78b4a08cede2183cd59012f73beaffc38f0821d43bb458df08be222:5eb2ada6d8d007969c111064ae6c5de089e8bd61c0156cb49cc98484cea2b5d9,9893b16b6bcb57fc827d82a54d4b45ca858a1911de5f92bb9a6bb597dd6ac13a,development+reused_validation,"{""base"": ""minvar"", ""borrow_bps"": 50.0, ""cap"": 1.0, ""control"": ""event"", ""covariance_days"": 101, ""diagnostic"": ""lookback_low_base"", ""family"": ""ensemble"", ""har_train_min"": 403, ""lookback"": 50, ""overlay"": false, ""static_exposure"": null, ""target"": 0.1, ""threshold"": 0.05, ""trial_id"": ""E4"", ""universe"": [""SPY"", ""TLT"", ""GLD""]}",5.0 bp risky purchases+sales; borrow rf+50.0 bp,results/20261004T003708-e3127963/E4-lookback_low_base-623a4eba15.csv,completed,No OOS retuning; diagnostic not eligible for selection,False
E4-lookback_high-8502235ecc,2026-10-04T00:43:13.375475+00:00,5f04159f52c645b6503f8744058f5d8b248158d9,5f04159f52c645b6503f8744058f5d8b248158d9,e5f957a2b78b4a08cede2183cd59012f73beaffc38f0821d43bb458df08be222:5eb2ada6d8d007969c111064ae6c5de089e8bd61c0156cb49cc98484cea2b5d9,7be41017559f2cac9df381308c0d58afb07531f1d3bc647c8ffe6107de093750,development+reused_validation,"{""base"": ""minvar"", ""borrow_bps"": 50.0, ""cap"": 1.0, ""control"": ""event"", ""covariance_days"": 151, ""diagnostic"": ""lookback_high"", ""family"": ""ensemble"", ""har_train_min"": 605, ""lookback"": 76, ""overlay"": true, ""static_exposure"": null, ""target"": 0.1, ""threshold"": 0.05, ""trial_id"": ""E4"", ""universe"": [""SPY"", ""TLT"", ""GLD""]}",5.0 bp risky purchases+sales; borrow rf+50.0 bp,results/20261004T003708-e3127963/E4-lookback_high-8502235ecc.csv,started,Attempt retained even if process fails,False
E4-lookback_high-8502235ecc,2026-10-04T00:43:13.375475+00:00,5f04159f52c645b6503f8744058f5d8b248158d9,5f04159f52c645b6503f8744058f5d8b248158d9,e5f957a2b78b4a08cede2183cd59012f73beaffc38f0821d43bb458df08be222:5eb2ada6d8d007969c111064ae6c5de089e8bd61c0156cb49cc98484cea2b5d9,7be41017559f2cac9df381308c0d58afb07531f1d3bc647c8ffe6107de093750,development+reused_validation,"{""base"": ""minvar"", ""borrow_bps"": 50.0, ""cap"": 1.0, ""control"": ""event"", ""covariance_days"": 151, ""diagnostic"": ""lookback_high"", ""family"": ""ensemble"", ""har_train_min"": 605, ""lookback"": 76, ""overlay"": true, ""static_exposure"": null, ""target"": 0.1, ""threshold"": 0.05, ""trial_id"": ""E4"", ""universe"": [""SPY"", ""TLT"", ""GLD""]}",5.0 bp risky purchases+sales; borrow rf+50.0 bp,results/20261004T003708-e3127963/E4-lookback_high-8502235ecc.csv,completed,No OOS retuning; diagnostic not eligible for selection,False
E4-lookback_high_base-db1819ca29,2026-10-04T00:43:14.984939+00:00,5f04159f52c645b6503f8744058f5d8b248158d9,5f04159f52c645b6503f8744058f5d8b248158d9,e5f957a2b78b4a08cede2183cd59012f73beaffc38f0821d43bb458df08be222:5eb2ada6d8d007969c111064ae6c5de089e8bd61c0156cb49cc98484cea2b5d9,737b3c9e9df5aaede56517e04ae5f1ae777c7283030a7efb36a2a1611c0e243a,development+reused_validation,"{""base"": ""minvar"", ""borrow_bps"": 50.0, ""cap"": 1.0, ""control"": ""event"", ""covariance_days"": 151, ""diagnostic"": ""lookback_high_base"", ""family"": ""ensemble"", ""har_train_min"": 605, ""lookback"": 76, ""overlay"": false, ""static_exposure"": null, ""target"": 0.1, ""threshold"": 0.05, ""trial_id"": ""E4"", ""universe"": [""SPY"", ""TLT"", ""GLD""]}",5.0 bp risky purchases+sales; borrow rf+50.0 bp,results/20261004T003708-e3127963/E4-lookback_high_base-db1819ca29.csv,started,Attempt retained even if process fails,False
E4-lookback_high_base-db1819ca29,2026-10-04T00:43:14.984939+00:00,5f04159f52c645b6503f8744058f5d8b248158d9,5f04159f52c645b6503f8744058f5d8b248158d9,e5f957a2b78b4a08cede2183cd59012f73beaffc38f0821d43bb458df08be222:5eb2ada6d8d007969c111064ae6c5de089e8bd61c0156cb49cc98484cea2b5d9,737b3c9e9df5aaede56517e04ae5f1ae777c7283030a7efb36a2a1611c0e243a,development+reused_validation,"{""base"": ""minvar"", ""borrow_bps"": 50.0, ""cap"": 1.0, ""control"": ""event"", ""covariance_days"": 151, ""diagnostic"": ""lookback_high_base"", ""family"": ""ensemble"", ""har_train_min"": 605, ""lookback"": 76, ""overlay"": false, ""static_exposure"": null, ""target"": 0.1, ""threshold"": 0.05, ""trial_id"": ""E4"", ""universe"": [""SPY"", ""TLT"", ""GLD""]}",5.0 bp risky purchases+sales; borrow rf+50.0 bp,results/20261004T003708-e3127963/E4-lookback_high_base-db1819ca29.csv,completed,No OOS retuning; diagnostic not eligible for selection,False
E4-trigger_low-a59ebb6b0d,2026-10-04T00:43:16.621326+00:00,5f04159f52c645b6503f8744058f5d8b248158d9,5f04159f52c645b6503f8744058f5d8b248158d9,e5f957a2b78b4a08cede2183cd59012f73beaffc38f0821d43bb458df08be222:5eb2ada6d8d007969c111064ae6c5de089e8bd61c0156cb49cc98484cea2b5d9,8356e4c5ea2bcc8f371a44a7331df0e97dcf48eef33a8e03b80b5cdcc65b521e,development+reused_validation,"{""base"": ""minvar"", ""borrow_bps"": 50.0, ""cap"": 1.0, ""control"": ""event"", ""covariance_days"": 126, ""diagnostic"": ""trigger_low"", ""family"": ""ensemble"", ""har_train_min"": 504, ""lookback"": 63, ""overlay"": true, ""static_exposure"": null, ""target"": 0.1, ""threshold"": 0.04, ""trial_id"": ""E4"", ""universe"": [""SPY"", ""TLT"", ""GLD""]}",5.0 bp risky purchases+sales; borrow rf+50.0 bp,results/20261004T003708-e3127963/E4-trigger_low-a59ebb6b0d.csv,started,Attempt retained even if process fails,False
E4-trigger_low-a59ebb6b0d,2026-10-04T00:43:16.621326+00:00,5f04159f52c645b6503f8744058f5d8b248158d9,5f04159f52c645b6503f8744058f5d8b248158d9,e5f957a2b78b4a08cede2183cd59012f73beaffc38f0821d43bb458df08be222:5eb2ada6d8d007969c111064ae6c5de089e8bd61c0156cb49cc98484cea2b5d9,8356e4c5ea2bcc8f371a44a7331df0e97dcf48eef33a8e03b80b5cdcc65b521e,development+reused_validation,"{""base"": ""minvar"", ""borrow_bps"": 50.0, ""cap"": 1.0, ""control"": ""event"", ""covariance_days"": 126, ""diagnostic"": ""trigger_low"", ""family"": ""ensemble"", ""har_train_min"": 504, ""lookback"": 63, ""overlay"": true, ""static_exposure"": null, ""target"": 0.1, ""threshold"": 0.04, ""trial_id"": ""E4"", ""universe"": [""SPY"", ""TLT"", ""GLD""]}",5.0 bp risky purchases+sales; borrow rf+50.0 bp,results/20261004T003708-e3127963/E4-trigger_low-a59ebb6b0d.csv,completed,No OOS retuning; diagnostic not eligible for selection,False
E4-trigger_low_base-2191e85d20,2026-10-04T00:43:18.235522+00:00,5f04159f52c645b6503f8744058f5d8b248158d9,5f04159f52c645b6503f8744058f5d8b248158d9,e5f957a2b78b4a08cede2183cd59012f73beaffc38f0821d43bb458df08be222:5eb2ada6d8d007969c111064ae6c5de089e8bd61c0156cb49cc98484cea2b5d9,d6b408d664e875472a3b594769361c81e4a88f32da1360b4a3523c4346f407da,development+reused_validation,"{""base"": ""minvar"", ""borrow_bps"": 50.0, ""cap"": 1.0, ""control"": ""event"", ""covariance_days"": 126, ""diagnostic"": ""trigger_low_base"", ""family"": ""ensemble"", ""har_train_min"": 504, ""lookback"": 63, ""overlay"": false, ""static_exposure"": null, ""target"": 0.1, ""threshold"": 0.04, ""trial_id"": ""E4"", ""universe"": [""SPY"", ""TLT"", ""GLD""]}",5.0 bp risky purchases+sales; borrow rf+50.0 bp,results/20261004T003708-e3127963/E4-trigger_low_base-2191e85d20.csv,started,Attempt retained even if process fails,False
E4-trigger_low_base-2191e85d20,2026-10-04T00:43:18.235522+00:00,5f04159f52c645b6503f8744058f5d8b248158d9,5f04159f52c645b6503f8744058f5d8b248158d9,e5f957a2b78b4a08cede2183cd59012f73beaffc38f0821d43bb458df08be222:5eb2ada6d8d007969c111064ae6c5de089e8bd61c0156cb49cc98484cea2b5d9,d6b408d664e875472a3b594769361c81e4a88f32da1360b4a3523c4346f407da,development+reused_validation,"{""base"": ""minvar"", ""borrow_bps"": 50.0, ""cap"": 1.0, ""control"": ""event"", ""covariance_days"": 126, ""diagnostic"": ""trigger_low_base"", ""family"": ""ensemble"", ""har_train_min"": 504, ""lookback"": 63, ""overlay"": false, ""static_exposure"": null, ""target"": 0.1, ""threshold"": 0.04, ""trial_id"": ""E4"", ""universe"": [""SPY"", ""TLT"", ""GLD""]}",5.0 bp risky purchases+sales; borrow rf+50.0 bp,results/20261004T003708-e3127963/E4-trigger_low_base-2191e85d20.csv,completed,No OOS retuning; diagnostic not eligible for selection,False
E4-trigger_high-528ea40d14,2026-10-04T00:43:19.840159+00:00,5f04159f52c645b6503f8744058f5d8b248158d9,5f04159f52c645b6503f8744058f5d8b248158d9,e5f957a2b78b4a08cede2183cd59012f73beaffc38f0821d43bb458df08be222:5eb2ada6d8d007969c111064ae6c5de089e8bd61c0156cb49cc98484cea2b5d9,083530f9df738867a3861cf753582d8a924d928b37721e55f620605fffba907c,development+reused_validation,"{""base"": ""minvar"", ""borrow_bps"": 50.0, ""cap"": 1.0, ""control"": ""event"", ""covariance_days"": 126, ""diagnostic"": ""trigger_high"", ""family"": ""ensemble"", ""har_train_min"": 504, ""lookback"": 63, ""overlay"": true, ""static_exposure"": null, ""target"": 0.1, ""threshold"": 0.06, ""trial_id"": ""E4"", ""universe"": [""SPY"", ""TLT"", ""GLD""]}",5.0 bp risky purchases+sales; borrow rf+50.0 bp,results/20261004T003708-e3127963/E4-trigger_high-528ea40d14.csv,started,Attempt retained even if process fails,False
E4-trigger_high-528ea40d14,2026-10-04T00:43:19.840159+00:00,5f04159f52c645b6503f8744058f5d8b248158d9,5f04159f52c645b6503f8744058f5d8b248158d9,e5f957a2b78b4a08cede2183cd59012f73beaffc38f0821d43bb458df08be222:5eb2ada6d8d007969c111064ae6c5de089e8bd61c0156cb49cc98484cea2b5d9,083530f9df738867a3861cf753582d8a924d928b37721e55f620605fffba907c,development+reused_validation,"{""base"": ""minvar"", ""borrow_bps"": 50.0, ""cap"": 1.0, ""control"": ""event"", ""covariance_days"": 126, ""diagnostic"": ""trigger_high"", ""family"": ""ensemble"", ""har_train_min"": 504, ""lookback"": 63, ""overlay"": true, ""static_exposure"": null, ""target"": 0.1, ""threshold"": 0.06, ""trial_id"": ""E4"", ""universe"": [""SPY"", ""TLT"", ""GLD""]}",5.0 bp risky purchases+sales; borrow rf+50.0 bp,results/20261004T003708-e3127963/E4-trigger_high-528ea40d14.csv,completed,No OOS retuning; diagnostic not eligible for selection,False
E4-trigger_high_base-8b00428184,2026-10-04T00:43:21.446365+00:00,5f04159f52c645b6503f8744058f5d8b248158d9,5f04159f52c645b6503f8744058f5d8b248158d9,e5f957a2b78b4a08cede2183cd59012f73beaffc38f0821d43bb458df08be222:5eb2ada6d8d007969c111064ae6c5de089e8bd61c0156cb49cc98484cea2b5d9,e98fccf250c2ddbfe9a414b2d93378f81fb1568632927a6b8e3e049eae9f7c30,development+reused_validation,"{""base"": ""minvar"", ""borrow_bps"": 50.0, ""cap"": 1.0, ""control"": ""event"", ""covariance_days"": 126, ""diagnostic"": ""trigger_high_base"", ""family"": ""ensemble"", ""har_train_min"": 504, ""lookback"": 63, ""overlay"": false, ""static_exposure"": null, ""target"": 0.1, ""threshold"": 0.06, ""trial_id"": ""E4"", ""universe"": [""SPY"", ""TLT"", ""GLD""]}",5.0 bp risky purchases+sales; borrow rf+50.0 bp,results/20261004T003708-e3127963/E4-trigger_high_base-8b00428184.csv,started,Attempt retained even if process fails,False
E4-trigger_high_base-8b00428184,2026-10-04T00:43:21.446365+00:00,5f04159f52c645b6503f8744058f5d8b248158d9,5f04159f52c645b6503f8744058f5d8b248158d9,e5f957a2b78b4a08cede2183cd59012f73beaffc38f0821d43bb458df08be222:5eb2ada6d8d007969c111064ae6c5de089e8bd61c0156cb49cc98484cea2b5d9,e98fccf250c2ddbfe9a414b2d93378f81fb1568632927a6b8e3e049eae9f7c30,development+reused_validation,"{""base"": ""minvar"", ""borrow_bps"": 50.0, ""cap"": 1.0, ""control"": ""event"", ""covariance_days"": 126, ""diagnostic"": ""trigger_high_base"", ""family"": ""ensemble"", ""har_train_min"": 504, ""lookback"": 63, ""overlay"": false, ""static_exposure"": null, ""target"": 0.1, ""threshold"": 0.06, ""trial_id"": ""E4"", ""universe"": [""SPY"", ""TLT"", ""GLD""]}",5.0 bp risky purchases+sales; borrow rf+50.0 bp,results/20261004T003708-e3127963/E4-trigger_high_base-8b00428184.csv,completed,No OOS retuning; diagnostic not eligible for selection,False
E5-double_cost-524601a370,2026-10-04T00:43:23.103362+00:00,5f04159f52c645b6503f8744058f5d8b248158d9,5f04159f52c645b6503f8744058f5d8b248158d9,e5f957a2b78b4a08cede2183cd59012f73beaffc38f0821d43bb458df08be222:5eb2ada6d8d007969c111064ae6c5de089e8bd61c0156cb49cc98484cea2b5d9,0a2561f2cc1fee1a971f2f7ad8e301f0c8812c05070da277e6aede5c91ff0d9b,development+reused_validation,"{""base"": ""erc"", ""borrow_bps"": 50.0, ""cap"": 1.0, ""control"": ""event"", ""covariance_days"": 126, ""diagnostic"": ""double_cost"", ""family"": ""ensemble"", ""har_train_min"": 504, ""lookback"": 63, ""overlay"": true, ""static_exposure"": null, ""target"": 0.1, ""threshold"": 0.05, ""trial_id"": ""E5"", ""universe"": [""SPY"", ""TLT"", ""GLD""]}",10 bp risky purchases+sales; borrow rf+50.0 bp,results/20261004T003708-e3127963/E5-double_cost-524601a370.csv,started,Attempt retained even if process fails,False
E5-double_cost-524601a370,2026-10-04T00:43:23.103362+00:00,5f04159f52c645b6503f8744058f5d8b248158d9,5f04159f52c645b6503f8744058f5d8b248158d9,e5f957a2b78b4a08cede2183cd59012f73beaffc38f0821d43bb458df08be222:5eb2ada6d8d007969c111064ae6c5de089e8bd61c0156cb49cc98484cea2b5d9,0a2561f2cc1fee1a971f2f7ad8e301f0c8812c05070da277e6aede5c91ff0d9b,development+reused_validation,"{""base"": ""erc"", ""borrow_bps"": 50.0, ""cap"": 1.0, ""control"": ""event"", ""covariance_days"": 126, ""diagnostic"": ""double_cost"", ""family"": ""ensemble"", ""har_train_min"": 504, ""lookback"": 63, ""overlay"": true, ""static_exposure"": null, ""target"": 0.1, ""threshold"": 0.05, ""trial_id"": ""E5"", ""universe"": [""SPY"", ""TLT"", ""GLD""]}",10 bp risky purchases+sales; borrow rf+50.0 bp,results/20261004T003708-e3127963/E5-double_cost-524601a370.csv,completed,No OOS retuning; diagnostic not eligible for selection,False
E5-double_cost_base-e39d859782,2026-10-04T00:43:24.800876+00:00,5f04159f52c645b6503f8744058f5d8b248158d9,5f04159f52c645b6503f8744058f5d8b248158d9,e5f957a2b78b4a08cede2183cd59012f73beaffc38f0821d43bb458df08be222:5eb2ada6d8d007969c111064ae6c5de089e8bd61c0156cb49cc98484cea2b5d9,a7d1032161f9daa417be7264eb16561ff4a6b4b43aad19289506350c89981985,development+reused_validation,"{""base"": ""erc"", ""borrow_bps"": 50.0, ""cap"": 1.0, ""control"": ""event"", ""covariance_days"": 126, ""diagnostic"": ""double_cost_base"", ""family"": ""ensemble"", ""har_train_min"": 504, ""lookback"": 63, ""overlay"": false, ""static_exposure"": null, ""target"": 0.1, ""threshold"": 0.05, ""trial_id"": ""E5"", ""universe"": [""SPY"", ""TLT"", ""GLD""]}",10 bp risky purchases+sales; borrow rf+50.0 bp,results/20261004T003708-e3127963/E5-double_cost_base-e39d859782.csv,started,Attempt retained even if process fails,False
E5-double_cost_base-e39d859782,2026-10-04T00:43:24.800876+00:00,5f04159f52c645b6503f8744058f5d8b248158d9,5f04159f52c645b6503f8744058f5d8b248158d9,e5f957a2b78b4a08cede2183cd59012f73beaffc38f0821d43bb458df08be222:5eb2ada6d8d007969c111064ae6c5de089e8bd61c0156cb49cc98484cea2b5d9,a7d1032161f9daa417be7264eb16561ff4a6b4b43aad19289506350c89981985,development+reused_validation,"{""base"": ""erc"", ""borrow_bps"": 50.0, ""cap"": 1.0, ""control"": ""event"", ""covariance_days"": 126, ""diagnostic"": ""double_cost_base"", ""family"": ""ensemble"", ""har_train_min"": 504, ""lookback"": 63, ""overlay"": false, ""static_exposure"": null, ""target"": 0.1, ""threshold"": 0.05, ""trial_id"": ""E5"", ""universe"": [""SPY"", ""TLT"", ""GLD""]}",10 bp risky purchases+sales; borrow rf+50.0 bp,results/20261004T003708-e3127963/E5-double_cost_base-e39d859782.csv,completed,No OOS retuning; diagnostic not eligible for selection,False
E5-target_low-5884023632,2026-10-04T00:43:26.711426+00:00,5f04159f52c645b6503f8744058f5d8b248158d9,5f04159f52c645b6503f8744058f5d8b248158d9,e5f957a2b78b4a08cede2183cd59012f73beaffc38f0821d43bb458df08be222:5eb2ada6d8d007969c111064ae6c5de089e8bd61c0156cb49cc98484cea2b5d9,96a6f877ffcc749b7e01da5af68c85f03db92a67dccef2c8b0317675e5476a8c,development+reused_validation,"{""base"": ""erc"", ""borrow_bps"": 50.0, ""cap"": 1.0, ""control"": ""event"", ""covariance_days"": 126, ""diagnostic"": ""target_low"", ""family"": ""ensemble"", ""har_train_min"": 504, ""lookback"": 63, ""overlay"": true, ""static_exposure"": null, ""target"": 0.09000000000000001, ""threshold"": 0.05, ""trial_id"": ""E5"", ""universe"": [""SPY"", ""TLT"", ""GLD""]}",5.0 bp risky purchases+sales; borrow rf+50.0 bp,results/20261004T003708-e3127963/E5-target_low-5884023632.csv,started,Attempt retained even if process fails,False
E5-target_low-5884023632,2026-10-04T00:43:26.711426+00:00,5f04159f52c645b6503f8744058f5d8b248158d9,5f04159f52c645b6503f8744058f5d8b248158d9,e5f957a2b78b4a08cede2183cd59012f73beaffc38f0821d43bb458df08be222:5eb2ada6d8d007969c111064ae6c5de089e8bd61c0156cb49cc98484cea2b5d9,96a6f877ffcc749b7e01da5af68c85f03db92a67dccef2c8b0317675e5476a8c,development+reused_validation,"{""base"": ""erc"", ""borrow_bps"": 50.0, ""cap"": 1.0, ""control"": ""event"", ""covariance_days"": 126, ""diagnostic"": ""target_low"", ""family"": ""ensemble"", ""har_train_min"": 504, ""lookback"": 63, ""overlay"": true, ""static_exposure"": null, ""target"": 0.09000000000000001, ""threshold"": 0.05, ""trial_id"": ""E5"", ""universe"": [""SPY"", ""TLT"", ""GLD""]}",5.0 bp risky purchases+sales; borrow rf+50.0 bp,results/20261004T003708-e3127963/E5-target_low-5884023632.csv,completed,No OOS retuning; diagnostic not eligible for selection,False
E5-target_low_base-19a7eb0b34,2026-10-04T00:43:28.406464+00:00,5f04159f52c645b6503f8744058f5d8b248158d9,5f04159f52c645b6503f8744058f5d8b248158d9,e5f957a2b78b4a08cede2183cd59012f73beaffc38f0821d43bb458df08be222:5eb2ada6d8d007969c111064ae6c5de089e8bd61c0156cb49cc98484cea2b5d9,cf51e5641bf64deef89f6a39f9fe016ac0138728aeba967d41888513356ff37a,development+reused_validation,"{""base"": ""erc"", ""borrow_bps"": 50.0, ""cap"": 1.0, ""control"": ""event"", ""covariance_days"": 126, ""diagnostic"": ""target_low_base"", ""family"": ""ensemble"", ""har_train_min"": 504, ""lookback"": 63, ""overlay"": false, ""static_exposure"": null, ""target"": 0.09000000000000001, ""threshold"": 0.05, ""trial_id"": ""E5"", ""universe"": [""SPY"", ""TLT"", ""GLD""]}",5.0 bp risky purchases+sales; borrow rf+50.0 bp,results/20261004T003708-e3127963/E5-target_low_base-19a7eb0b34.csv,started,Attempt retained even if process fails,False
E5-target_low_base-19a7eb0b34,2026-10-04T00:43:28.406464+00:00,5f04159f52c645b6503f8744058f5d8b248158d9,5f04159f52c645b6503f8744058f5d8b248158d9,e5f957a2b78b4a08cede2183cd59012f73beaffc38f0821d43bb458df08be222:5eb2ada6d8d007969c111064ae6c5de089e8bd61c0156cb49cc98484cea2b5d9,cf51e5641bf64deef89f6a39f9fe016ac0138728aeba967d41888513356ff37a,development+reused_validation,"{""base"": ""erc"", ""borrow_bps"": 50.0, ""cap"": 1.0, ""control"": ""event"", ""covariance_days"": 126, ""diagnostic"": ""target_low_base"", ""family"": ""ensemble"", ""har_train_min"": 504, ""lookback"": 63, ""overlay"": false, ""static_exposure"": null, ""target"": 0.09000000000000001, ""threshold"": 0.05, ""trial_id"": ""E5"", ""universe"": [""SPY"", ""TLT"", ""GLD""]}",5.0 bp risky purchases+sales; borrow rf+50.0 bp,results/20261004T003708-e3127963/E5-target_low_base-19a7eb0b34.csv,completed,No OOS retuning; diagnostic not eligible for selection,False
E5-target_high-b849b3be5f,2026-10-04T00:43:30.099504+00:00,5f04159f52c645b6503f8744058f5d8b248158d9,5f04159f52c645b6503f8744058f5d8b248158d9,e5f957a2b78b4a08cede2183cd59012f73beaffc38f0821d43bb458df08be222:5eb2ada6d8d007969c111064ae6c5de089e8bd61c0156cb49cc98484cea2b5d9,a73ba9056b3f7ecf0a83e2df38aca0fe2f3522e9b0680a2595375f0d382ab508,development+reused_validation,"{""base"": ""erc"", ""borrow_bps"": 50.0, ""cap"": 1.0, ""control"": ""event"", ""covariance_days"": 126, ""diagnostic"": ""target_high"", ""family"": ""ensemble"", ""har_train_min"": 504, ""lookback"": 63, ""overlay"": true, ""static_exposure"": null, ""target"": 0.11, ""threshold"": 0.05, ""trial_id"": ""E5"", ""universe"": [""SPY"", ""TLT"", ""GLD""]}",5.0 bp risky purchases+sales; borrow rf+50.0 bp,results/20261004T003708-e3127963/E5-target_high-b849b3be5f.csv,started,Attempt retained even if process fails,False
E5-target_high-b849b3be5f,2026-10-04T00:43:30.099504+00:00,5f04159f52c645b6503f8744058f5d8b248158d9,5f04159f52c645b6503f8744058f5d8b248158d9,e5f957a2b78b4a08cede2183cd59012f73beaffc38f0821d43bb458df08be222:5eb2ada6d8d007969c111064ae6c5de089e8bd61c0156cb49cc98484cea2b5d9,a73ba9056b3f7ecf0a83e2df38aca0fe2f3522e9b0680a2595375f0d382ab508,development+reused_validation,"{""base"": ""erc"", ""borrow_bps"": 50.0, ""cap"": 1.0, ""control"": ""event"", ""covariance_days"": 126, ""diagnostic"": ""target_high"", ""family"": ""ensemble"", ""har_train_min"": 504, ""lookback"": 63, ""overlay"": true, ""static_exposure"": null, ""target"": 0.11, ""threshold"": 0.05, ""trial_id"": ""E5"", ""universe"": [""SPY"", ""TLT"", ""GLD""]}",5.0 bp risky purchases+sales; borrow rf+50.0 bp,results/20261004T003708-e3127963/E5-target_high-b849b3be5f.csv,completed,No OOS retuning; diagnostic not eligible for selection,False
E5-target_high_base-09ffd33011,2026-10-04T00:43:31.797925+00:00,5f04159f52c645b6503f8744058f5d8b248158d9,5f04159f52c645b6503f8744058f5d8b248158d9,e5f957a2b78b4a08cede2183cd59012f73beaffc38f0821d43bb458df08be222:5eb2ada6d8d007969c111064ae6c5de089e8bd61c0156cb49cc98484cea2b5d9,06668b3ed7176000dbdece05cacf005c6a8621834aa9bfabaca11f592be44f25,development+reused_validation,"{""base"": ""erc"", ""borrow_bps"": 50.0, ""cap"": 1.0, ""control"": ""event"", ""covariance_days"": 126, ""diagnostic"": ""target_high_base"", ""family"": ""ensemble"", ""har_train_min"": 504, ""lookback"": 63, ""overlay"": false, ""static_exposure"": null, ""target"": 0.11, ""threshold"": 0.05, ""trial_id"": ""E5"", ""universe"": [""SPY"", ""TLT"", ""GLD""]}",5.0 bp risky purchases+sales; borrow rf+50.0 bp,results/20261004T003708-e3127963/E5-target_high_base-09ffd33011.csv,started,Attempt retained even if process fails,False
E5-target_high_base-09ffd33011,2026-10-04T00:43:31.797925+00:00,5f04159f52c645b6503f8744058f5d8b248158d9,5f04159f52c645b6503f8744058f5d8b248158d9,e5f957a2b78b4a08cede2183cd59012f73beaffc38f0821d43bb458df08be222:5eb2ada6d8d007969c111064ae6c5de089e8bd61c0156cb49cc98484cea2b5d9,06668b3ed7176000dbdece05cacf005c6a8621834aa9bfabaca11f592be44f25,development+reused_validation,"{""base"": ""erc"", ""borrow_bps"": 50.0, ""cap"": 1.0, ""control"": ""event"", ""covariance_days"": 126, ""diagnostic"": ""target_high_base"", ""family"": ""ensemble"", ""har_train_min"": 504, ""lookback"": 63, ""overlay"": false, ""static_exposure"": null, ""target"": 0.11, ""threshold"": 0.05, ""trial_id"": ""E5"", ""universe"": [""SPY"", ""TLT"", ""GLD""]}",5.0 bp risky purchases+sales; borrow rf+50.0 bp,results/20261004T003708-e3127963/E5-target_high_base-09ffd33011.csv,completed,No OOS retuning; diagnostic not eligible for selection,False
E5-lookback_low-896b15569e,2026-10-04T00:43:33.491642+00:00,5f04159f52c645b6503f8744058f5d8b248158d9,5f04159f52c645b6503f8744058f5d8b248158d9,e5f957a2b78b4a08cede2183cd59012f73beaffc38f0821d43bb458df08be222:5eb2ada6d8d007969c111064ae6c5de089e8bd61c0156cb49cc98484cea2b5d9,f7f9c30c5ebf07902e511c8ef363c43c2048a72c7a4a779e298a60d8021022b8,development+reused_validation,"{""base"": ""erc"", ""borrow_bps"": 50.0, ""cap"": 1.0, ""control"": ""event"", ""covariance_days"": 101, ""diagnostic"": ""lookback_low"", ""family"": ""ensemble"", ""har_train_min"": 403, ""lookback"": 50, ""overlay"": true, ""static_exposure"": null, ""target"": 0.1, ""threshold"": 0.05, ""trial_id"": ""E5"", ""universe"": [""SPY"", ""TLT"", ""GLD""]}",5.0 bp risky purchases+sales; borrow rf+50.0 bp,results/20261004T003708-e3127963/E5-lookback_low-896b15569e.csv,started,Attempt retained even if process fails,False
E5-lookback_low-896b15569e,2026-10-04T00:43:33.491642+00:00,5f04159f52c645b6503f8744058f5d8b248158d9,5f04159f52c645b6503f8744058f5d8b248158d9,e5f957a2b78b4a08cede2183cd59012f73beaffc38f0821d43bb458df08be222:5eb2ada6d8d007969c111064ae6c5de089e8bd61c0156cb49cc98484cea2b5d9,f7f9c30c5ebf07902e511c8ef363c43c2048a72c7a4a779e298a60d8021022b8,development+reused_validation,"{""base"": ""erc"", ""borrow_bps"": 50.0, ""cap"": 1.0, ""control"": ""event"", ""covariance_days"": 101, ""diagnostic"": ""lookback_low"", ""family"": ""ensemble"", ""har_train_min"": 403, ""lookback"": 50, ""overlay"": true, ""static_exposure"": null, ""target"": 0.1, ""threshold"": 0.05, ""trial_id"": ""E5"", ""universe"": [""SPY"", ""TLT"", ""GLD""]}",5.0 bp risky purchases+sales; borrow rf+50.0 bp,results/20261004T003708-e3127963/E5-lookback_low-896b15569e.csv,completed,No OOS retuning; diagnostic not eligible for selection,False
E5-lookback_low_base-1bb5f8fd74,2026-10-04T00:43:35.213290+00:00,5f04159f52c645b6503f8744058f5d8b248158d9,5f04159f52c645b6503f8744058f5d8b248158d9,e5f957a2b78b4a08cede2183cd59012f73beaffc38f0821d43bb458df08be222:5eb2ada6d8d007969c111064ae6c5de089e8bd61c0156cb49cc98484cea2b5d9,3425ddd27ec2c1ba33c6eb7813f3b07356273bef53cca462b4ea56f93d071a7a,development+reused_validation,"{""base"": ""erc"", ""borrow_bps"": 50.0, ""cap"": 1.0, ""control"": ""event"", ""covariance_days"": 101, ""diagnostic"": ""lookback_low_base"", ""family"": ""ensemble"", ""har_train_min"": 403, ""lookback"": 50, ""overlay"": false, ""static_exposure"": null, ""target"": 0.1, ""threshold"": 0.05, ""trial_id"": ""E5"", ""universe"": [""SPY"", ""TLT"", ""GLD""]}",5.0 bp risky purchases+sales; borrow rf+50.0 bp,results/20261004T003708-e3127963/E5-lookback_low_base-1bb5f8fd74.csv,started,Attempt retained even if process fails,False
E5-lookback_low_base-1bb5f8fd74,2026-10-04T00:43:35.213290+00:00,5f04159f52c645b6503f8744058f5d8b248158d9,5f04159f52c645b6503f8744058f5d8b248158d9,e5f957a2b78b4a08cede2183cd59012f73beaffc38f0821d43bb458df08be222:5eb2ada6d8d007969c111064ae6c5de089e8bd61c0156cb49cc98484cea2b5d9,3425ddd27ec2c1ba33c6eb7813f3b07356273bef53cca462b4ea56f93d071a7a,development+reused_validation,"{""base"": ""erc"", ""borrow_bps"": 50.0, ""cap"": 1.0, ""control"": ""event"", ""covariance_days"": 101, ""diagnostic"": ""lookback_low_base"", ""family"": ""ensemble"", ""har_train_min"": 403, ""lookback"": 50, ""overlay"": false, ""static_exposure"": null, ""target"": 0.1, ""threshold"": 0.05, ""trial_id"": ""E5"", ""universe"": [""SPY"", ""TLT"", ""GLD""]}",5.0 bp risky purchases+sales; borrow rf+50.0 bp,results/20261004T003708-e3127963/E5-lookback_low_base-1bb5f8fd74.csv,completed,No OOS retuning; diagnostic not eligible for selection,False
E5-lookback_high-18d36324e6,2026-10-04T00:43:36.903518+00:00,5f04159f52c645b6503f8744058f5d8b248158d9,5f04159f52c645b6503f8744058f5d8b248158d9,e5f957a2b78b4a08cede2183cd59012f73beaffc38f0821d43bb458df08be222:5eb2ada6d8d007969c111064ae6c5de089e8bd61c0156cb49cc98484cea2b5d9,998862ecc0eef8b7ad2bed00505a97e038e8f59e8cbcf9a7d71f11631e2d807c,development+reused_validation,"{""base"": ""erc"", ""borrow_bps"": 50.0, ""cap"": 1.0, ""control"": ""event"", ""covariance_days"": 151, ""diagnostic"": ""lookback_high"", ""family"": ""ensemble"", ""har_train_min"": 605, ""lookback"": 76, ""overlay"": true, ""static_exposure"": null, ""target"": 0.1, ""threshold"": 0.05, ""trial_id"": ""E5"", ""universe"": [""SPY"", ""TLT"", ""GLD""]}",5.0 bp risky purchases+sales; borrow rf+50.0 bp,results/20261004T003708-e3127963/E5-lookback_high-18d36324e6.csv,started,Attempt retained even if process fails,False
E5-lookback_high-18d36324e6,2026-10-04T00:43:36.903518+00:00,5f04159f52c645b6503f8744058f5d8b248158d9,5f04159f52c645b6503f8744058f5d8b248158d9,e5f957a2b78b4a08cede2183cd59012f73beaffc38f0821d43bb458df08be222:5eb2ada6d8d007969c111064ae6c5de089e8bd61c0156cb49cc98484cea2b5d9,998862ecc0eef8b7ad2bed00505a97e038e8f59e8cbcf9a7d71f11631e2d807c,development+reused_validation,"{""base"": ""erc"", ""borrow_bps"": 50.0, ""cap"": 1.0, ""control"": ""event"", ""covariance_days"": 151, ""diagnostic"": ""lookback_high"", ""family"": ""ensemble"", ""har_train_min"": 605, ""lookback"": 76, ""overlay"": true, ""static_exposure"": null, ""target"": 0.1, ""threshold"": 0.05, ""trial_id"": ""E5"", ""universe"": [""SPY"", ""TLT"", ""GLD""]}",5.0 bp risky purchases+sales; borrow rf+50.0 bp,results/20261004T003708-e3127963/E5-lookback_high-18d36324e6.csv,completed,No OOS retuning; diagnostic not eligible for selection,False
E5-lookback_high_base-48ba9389f2,2026-10-04T00:43:38.602183+00:00,5f04159f52c645b6503f8744058f5d8b248158d9,5f04159f52c645b6503f8744058f5d8b248158d9,e5f957a2b78b4a08cede2183cd59012f73beaffc38f0821d43bb458df08be222:5eb2ada6d8d007969c111064ae6c5de089e8bd61c0156cb49cc98484cea2b5d9,76bf33cff3993d9cfac8b148c09ff98d2049c345cc42dcaf116837f0ee314b79,development+reused_validation,"{""base"": ""erc"", ""borrow_bps"": 50.0, ""cap"": 1.0, ""control"": ""event"", ""covariance_days"": 151, ""diagnostic"": ""lookback_high_base"", ""family"": ""ensemble"", ""har_train_min"": 605, ""lookback"": 76, ""overlay"": false, ""static_exposure"": null, ""target"": 0.1, ""threshold"": 0.05, ""trial_id"": ""E5"", ""universe"": [""SPY"", ""TLT"", ""GLD""]}",5.0 bp risky purchases+sales; borrow rf+50.0 bp,results/20261004T003708-e3127963/E5-lookback_high_base-48ba9389f2.csv,started,Attempt retained even if process fails,False
E5-lookback_high_base-48ba9389f2,2026-10-04T00:43:38.602183+00:00,5f04159f52c645b6503f8744058f5d8b248158d9,5f04159f52c645b6503f8744058f5d8b248158d9,e5f957a2b78b4a08cede2183cd59012f73beaffc38f0821d43bb458df08be222:5eb2ada6d8d007969c111064ae6c5de089e8bd61c0156cb49cc98484cea2b5d9,76bf33cff3993d9cfac8b148c09ff98d2049c345cc42dcaf116837f0ee314b79,development+reused_validation,"{""base"": ""erc"", ""borrow_bps"": 50.0, ""cap"": 1.0, ""control"": ""event"", ""covariance_days"": 151, ""diagnostic"": ""lookback_high_base"", ""family"": ""ensemble"", ""har_train_min"": 605, ""lookback"": 76, ""overlay"": false, ""static_exposure"": null, ""target"": 0.1, ""threshold"": 0.05, ""trial_id"": ""E5"", ""universe"": [""SPY"", ""TLT"", ""GLD""]}",5.0 bp risky purchases+sales; borrow rf+50.0 bp,results/20261004T003708-e3127963/E5-lookback_high_base-48ba9389f2.csv,completed,No OOS retuning; diagnostic not eligible for selection,False
E5-trigger_low-210481a88e,2026-10-04T00:43:40.313024+00:00,5f04159f52c645b6503f8744058f5d8b248158d9,5f04159f52c645b6503f8744058f5d8b248158d9,e5f957a2b78b4a08cede2183cd59012f73beaffc38f0821d43bb458df08be222:5eb2ada6d8d007969c111064ae6c5de089e8bd61c0156cb49cc98484cea2b5d9,037fcdf33d6a6fcbc058f8e0131696acda158eee8eb1769f067974da97506b7c,development+reused_validation,"{""base"": ""erc"", ""borrow_bps"": 50.0, ""cap"": 1.0, ""control"": ""event"", ""covariance_days"": 126, ""diagnostic"": ""trigger_low"", ""family"": ""ensemble"", ""har_train_min"": 504, ""lookback"": 63, ""overlay"": true, ""static_exposure"": null, ""target"": 0.1, ""threshold"": 0.04, ""trial_id"": ""E5"", ""universe"": [""SPY"", ""TLT"", ""GLD""]}",5.0 bp risky purchases+sales; borrow rf+50.0 bp,results/20261004T003708-e3127963/E5-trigger_low-210481a88e.csv,started,Attempt retained even if process fails,False
E5-trigger_low-210481a88e,2026-10-04T00:43:40.313024+00:00,5f04159f52c645b6503f8744058f5d8b248158d9,5f04159f52c645b6503f8744058f5d8b248158d9,e5f957a2b78b4a08cede2183cd59012f73beaffc38f0821d43bb458df08be222:5eb2ada6d8d007969c111064ae6c5de089e8bd61c0156cb49cc98484cea2b5d9,037fcdf33d6a6fcbc058f8e0131696acda158eee8eb1769f067974da97506b7c,development+reused_validation,"{""base"": ""erc"", ""borrow_bps"": 50.0, ""cap"": 1.0, ""control"": ""event"", ""covariance_days"": 126, ""diagnostic"": ""trigger_low"", ""family"": ""ensemble"", ""har_train_min"": 504, ""lookback"": 63, ""overlay"": true, ""static_exposure"": null, ""target"": 0.1, ""threshold"": 0.04, ""trial_id"": ""E5"", ""universe"": [""SPY"", ""TLT"", ""GLD""]}",5.0 bp risky purchases+sales; borrow rf+50.0 bp,results/20261004T003708-e3127963/E5-trigger_low-210481a88e.csv,completed,No OOS retuning; diagnostic not eligible for selection,False
E5-trigger_low_base-752b44e529,2026-10-04T00:43:42.223508+00:00,5f04159f52c645b6503f8744058f5d8b248158d9,5f04159f52c645b6503f8744058f5d8b248158d9,e5f957a2b78b4a08cede2183cd59012f73beaffc38f0821d43bb458df08be222:5eb2ada6d8d007969c111064ae6c5de089e8bd61c0156cb49cc98484cea2b5d9,585e55e211f98b6051214c3a50bc8ef6c87adfa5f9f9149e2440976e00862767,development+reused_validation,"{""base"": ""erc"", ""borrow_bps"": 50.0, ""cap"": 1.0, ""control"": ""event"", ""covariance_days"": 126, ""diagnostic"": ""trigger_low_base"", ""family"": ""ensemble"", ""har_train_min"": 504, ""lookback"": 63, ""overlay"": false, ""static_exposure"": null, ""target"": 0.1, ""threshold"": 0.04, ""trial_id"": ""E5"", ""universe"": [""SPY"", ""TLT"", ""GLD""]}",5.0 bp risky purchases+sales; borrow rf+50.0 bp,results/20261004T003708-e3127963/E5-trigger_low_base-752b44e529.csv,started,Attempt retained even if process fails,False
E5-trigger_low_base-752b44e529,2026-10-04T00:43:42.223508+00:00,5f04159f52c645b6503f8744058f5d8b248158d9,5f04159f52c645b6503f8744058f5d8b248158d9,e5f957a2b78b4a08cede2183cd59012f73beaffc38f0821d43bb458df08be222:5eb2ada6d8d007969c111064ae6c5de089e8bd61c0156cb49cc98484cea2b5d9,585e55e211f98b6051214c3a50bc8ef6c87adfa5f9f9149e2440976e00862767,development+reused_validation,"{""base"": ""erc"", ""borrow_bps"": 50.0, ""cap"": 1.0, ""control"": ""event"", ""covariance_days"": 126, ""diagnostic"": ""trigger_low_base"", ""family"": ""ensemble"", ""har_train_min"": 504, ""lookback"": 63, ""overlay"": false, ""static_exposure"": null, ""target"": 0.1, ""threshold"": 0.04, ""trial_id"": ""E5"", ""universe"": [""SPY"", ""TLT"", ""GLD""]}",5.0 bp risky purchases+sales; borrow rf+50.0 bp,results/20261004T003708-e3127963/E5-trigger_low_base-752b44e529.csv,completed,No OOS retuning; diagnostic not eligible for selection,False
E5-trigger_high-554bea7531,2026-10-04T00:43:44.059050+00:00,5f04159f52c645b6503f8744058f5d8b248158d9,5f04159f52c645b6503f8744058f5d8b248158d9,e5f957a2b78b4a08cede2183cd59012f73beaffc38f0821d43bb458df08be222:5eb2ada6d8d007969c111064ae6c5de089e8bd61c0156cb49cc98484cea2b5d9,e5999b98f0223006b4e14e30446fc6d084d737e4c53f819f715a84213eadef95,development+reused_validation,"{""base"": ""erc"", ""borrow_bps"": 50.0, ""cap"": 1.0, ""control"": ""event"", ""covariance_days"": 126, ""diagnostic"": ""trigger_high"", ""family"": ""ensemble"", ""har_train_min"": 504, ""lookback"": 63, ""overlay"": true, ""static_exposure"": null, ""target"": 0.1, ""threshold"": 0.06, ""trial_id"": ""E5"", ""universe"": [""SPY"", ""TLT"", ""GLD""]}",5.0 bp risky purchases+sales; borrow rf+50.0 bp,results/20261004T003708-e3127963/E5-trigger_high-554bea7531.csv,started,Attempt retained even if process fails,False
E5-trigger_high-554bea7531,2026-10-04T00:43:44.059050+00:00,5f04159f52c645b6503f8744058f5d8b248158d9,5f04159f52c645b6503f8744058f5d8b248158d9,e5f957a2b78b4a08cede2183cd59012f73beaffc38f0821d43bb458df08be222:5eb2ada6d8d007969c111064ae6c5de089e8bd61c0156cb49cc98484cea2b5d9,e5999b98f0223006b4e14e30446fc6d084d737e4c53f819f715a84213eadef95,development+reused_validation,"{""base"": ""erc"", ""borrow_bps"": 50.0, ""cap"": 1.0, ""control"": ""event"", ""covariance_days"": 126, ""diagnostic"": ""trigger_high"", ""family"": ""ensemble"", ""har_train_min"": 504, ""lookback"": 63, ""overlay"": true, ""static_exposure"": null, ""target"": 0.1, ""threshold"": 0.06, ""trial_id"": ""E5"", ""universe"": [""SPY"", ""TLT"", ""GLD""]}",5.0 bp risky purchases+sales; borrow rf+50.0 bp,results/20261004T003708-e3127963/E5-trigger_high-554bea7531.csv,completed,No OOS retuning; diagnostic not eligible for selection,False
E5-trigger_high_base-5e3f73ba22,2026-10-04T00:43:45.842012+00:00,5f04159f52c645b6503f8744058f5d8b248158d9,5f04159f52c645b6503f8744058f5d8b248158d9,e5f957a2b78b4a08cede2183cd59012f73beaffc38f0821d43bb458df08be222:5eb2ada6d8d007969c111064ae6c5de089e8bd61c0156cb49cc98484cea2b5d9,0c9c0cfc213d70c830a321451122649e299cb79d1ba1079564fb9c77184ebd0e,development+reused_validation,"{""base"": ""erc"", ""borrow_bps"": 50.0, ""cap"": 1.0, ""control"": ""event"", ""covariance_days"": 126, ""diagnostic"": ""trigger_high_base"", ""family"": ""ensemble"", ""har_train_min"": 504, ""lookback"": 63, ""overlay"": false, ""static_exposure"": null, ""target"": 0.1, ""threshold"": 0.06, ""trial_id"": ""E5"", ""universe"": [""SPY"", ""TLT"", ""GLD""]}",5.0 bp risky purchases+sales; borrow rf+50.0 bp,results/20261004T003708-e3127963/E5-trigger_high_base-5e3f73ba22.csv,started,Attempt retained even if process fails,False
E5-trigger_high_base-5e3f73ba22,2026-10-04T00:43:45.842012+00:00,5f04159f52c645b6503f8744058f5d8b248158d9,5f04159f52c645b6503f8744058f5d8b248158d9,e5f957a2b78b4a08cede2183cd59012f73beaffc38f0821d43bb458df08be222:5eb2ada6d8d007969c111064ae6c5de089e8bd61c0156cb49cc98484cea2b5d9,0c9c0cfc213d70c830a321451122649e299cb79d1ba1079564fb9c77184ebd0e,development+reused_validation,"{""base"": ""erc"", ""borrow_bps"": 50.0, ""cap"": 1.0, ""control"": ""event"", ""covariance_days"": 126, ""diagnostic"": ""trigger_high_base"", ""family"": ""ensemble"", ""har_train_min"": 504, ""lookback"": 63, ""overlay"": false, ""static_exposure"": null, ""target"": 0.1, ""threshold"": 0.06, ""trial_id"": ""E5"", ""universe"": [""SPY"", ""TLT"", ""GLD""]}",5.0 bp risky purchases+sales; borrow rf+50.0 bp,results/20261004T003708-e3127963/E5-trigger_high_base-5e3f73ba22.csv,completed,No OOS retuning; diagnostic not eligible for selection,False
E6-double_cost-3fc474039b,2026-10-04T00:43:47.614818+00:00,5f04159f52c645b6503f8744058f5d8b248158d9,5f04159f52c645b6503f8744058f5d8b248158d9,e5f957a2b78b4a08cede2183cd59012f73beaffc38f0821d43bb458df08be222:5eb2ada6d8d007969c111064ae6c5de089e8bd61c0156cb49cc98484cea2b5d9,c0f98e5a1f5656df72b1ce039bb869e5949fd60c5659b7c730c933e0ddc0b269,development+reused_validation,"{""base"": ""erc"", ""borrow_bps"": 50.0, ""cap"": 1.0, ""control"": ""event"", ""covariance_days"": 126, ""diagnostic"": ""double_cost"", ""family"": ""ensemble"", ""har_train_min"": 504, ""lookback"": 63, ""overlay"": true, ""static_exposure"": null, ""target"": 0.1, ""threshold"": 0.05, ""trial_id"": ""E6"", ""universe"": [""QQQ"", ""IWM"", ""HYG"", ""TLT"", ""GLD"", ""DBC""]}",10 bp risky purchases+sales; borrow rf+50.0 bp,results/20261004T003708-e3127963/E6-double_cost-3fc474039b.csv,started,Attempt retained even if process fails,False
E6-double_cost-3fc474039b,2026-10-04T00:43:47.614818+00:00,5f04159f52c645b6503f8744058f5d8b248158d9,5f04159f52c645b6503f8744058f5d8b248158d9,e5f957a2b78b4a08cede2183cd59012f73beaffc38f0821d43bb458df08be222:5eb2ada6d8d007969c111064ae6c5de089e8bd61c0156cb49cc98484cea2b5d9,c0f98e5a1f5656df72b1ce039bb869e5949fd60c5659b7c730c933e0ddc0b269,development+reused_validation,"{""base"": ""erc"", ""borrow_bps"": 50.0, ""cap"": 1.0, ""control"": ""event"", ""covariance_days"": 126, ""diagnostic"": ""double_cost"", ""family"": ""ensemble"", ""har_train_min"": 504, ""lookback"": 63, ""overlay"": true, ""static_exposure"": null, ""target"": 0.1, ""threshold"": 0.05, ""trial_id"": ""E6"", ""universe"": [""QQQ"", ""IWM"", ""HYG"", ""TLT"", ""GLD"", ""DBC""]}",10 bp risky purchases+sales; borrow rf+50.0 bp,results/20261004T003708-e3127963/E6-double_cost-3fc474039b.csv,completed,No OOS retuning; diagnostic not eligible for selection,False
E6-double_cost_base-811cdde690,2026-10-04T00:43:50.049392+00:00,5f04159f52c645b6503f8744058f5d8b248158d9,5f04159f52c645b6503f8744058f5d8b248158d9,e5f957a2b78b4a08cede2183cd59012f73beaffc38f0821d43bb458df08be222:5eb2ada6d8d007969c111064ae6c5de089e8bd61c0156cb49cc98484cea2b5d9,0aea3ead28a2c5ea7ea2e6b14353d1473ce24dc40c14edf5386425bed714f376,development+reused_validation,"{""base"": ""erc"", ""borrow_bps"": 50.0, ""cap"": 1.0, ""control"": ""event"", ""covariance_days"": 126, ""diagnostic"": ""double_cost_base"", ""family"": ""ensemble"", ""har_train_min"": 504, ""lookback"": 63, ""overlay"": false, ""static_exposure"": null, ""target"": 0.1, ""threshold"": 0.05, ""trial_id"": ""E6"", ""universe"": [""QQQ"", ""IWM"", ""HYG"", ""TLT"", ""GLD"", ""DBC""]}",10 bp risky purchases+sales; borrow rf+50.0 bp,results/20261004T003708-e3127963/E6-double_cost_base-811cdde690.csv,started,Attempt retained even if process fails,False
E6-double_cost_base-811cdde690,2026-10-04T00:43:50.049392+00:00,5f04159f52c645b6503f8744058f5d8b248158d9,5f04159f52c645b6503f8744058f5d8b248158d9,e5f957a2b78b4a08cede2183cd59012f73beaffc38f0821d43bb458df08be222:5eb2ada6d8d007969c111064ae6c5de089e8bd61c0156cb49cc98484cea2b5d9,0aea3ead28a2c5ea7ea2e6b14353d1473ce24dc40c14edf5386425bed714f376,development+reused_validation,"{""base"": ""erc"", ""borrow_bps"": 50.0, ""cap"": 1.0, ""control"": ""event"", ""covariance_days"": 126, ""diagnostic"": ""double_cost_base"", ""family"": ""ensemble"", ""har_train_min"": 504, ""lookback"": 63, ""overlay"": false, ""static_exposure"": null, ""target"": 0.1, ""threshold"": 0.05, ""trial_id"": ""E6"", ""universe"": [""QQQ"", ""IWM"", ""HYG"", ""TLT"", ""GLD"", ""DBC""]}",10 bp risky purchases+sales; borrow rf+50.0 bp,results/20261004T003708-e3127963/E6-double_cost_base-811cdde690.csv,completed,No OOS retuning; diagnostic not eligible for selection,False
E6-target_low-be1f3733cf,2026-10-04T00:43:52.964886+00:00,5f04159f52c645b6503f8744058f5d8b248158d9,5f04159f52c645b6503f8744058f5d8b248158d9,e5f957a2b78b4a08cede2183cd59012f73beaffc38f0821d43bb458df08be222:5eb2ada6d8d007969c111064ae6c5de089e8bd61c0156cb49cc98484cea2b5d9,fc526835d3b2084919b48dd7ca53210c51fed625aa8bb6bc42ddbdf7f270d626,development+reused_validation,"{""base"": ""erc"", ""borrow_bps"": 50.0, ""cap"": 1.0, ""control"": ""event"", ""covariance_days"": 126, ""diagnostic"": ""target_low"", ""family"": ""ensemble"", ""har_train_min"": 504, ""lookback"": 63, ""overlay"": true, ""static_exposure"": null, ""target"": 0.09000000000000001, ""threshold"": 0.05, ""trial_id"": ""E6"", ""universe"": [""QQQ"", ""IWM"", ""HYG"", ""TLT"", ""GLD"", ""DBC""]}",5.0 bp risky purchases+sales; borrow rf+50.0 bp,results/20261004T003708-e3127963/E6-target_low-be1f3733cf.csv,started,Attempt retained even if process fails,False
E6-target_low-be1f3733cf,2026-10-04T00:43:52.964886+00:00,5f04159f52c645b6503f8744058f5d8b248158d9,5f04159f52c645b6503f8744058f5d8b248158d9,e5f957a2b78b4a08cede2183cd59012f73beaffc38f0821d43bb458df08be222:5eb2ada6d8d007969c111064ae6c5de089e8bd61c0156cb49cc98484cea2b5d9,fc526835d3b2084919b48dd7ca53210c51fed625aa8bb6bc42ddbdf7f270d626,development+reused_validation,"{""base"": ""erc"", ""borrow_bps"": 50.0, ""cap"": 1.0, ""control"": ""event"", ""covariance_days"": 126, ""diagnostic"": ""target_low"", ""family"": ""ensemble"", ""har_train_min"": 504, ""lookback"": 63, ""overlay"": true, ""static_exposure"": null, ""target"": 0.09000000000000001, ""threshold"": 0.05, ""trial_id"": ""E6"", ""universe"": [""QQQ"", ""IWM"", ""HYG"", ""TLT"", ""GLD"", ""DBC""]}",5.0 bp risky purchases+sales; borrow rf+50.0 bp,results/20261004T003708-e3127963/E6-target_low-be1f3733cf.csv,completed,No OOS retuning; diagnostic not eligible for selection,False
E6-target_low_base-4407cd3f15,2026-10-04T00:43:55.399454+00:00,5f04159f52c645b6503f8744058f5d8b248158d9,5f04159f52c645b6503f8744058f5d8b248158d9,e5f957a2b78b4a08cede2183cd59012f73beaffc38f0821d43bb458df08be222:5eb2ada6d8d007969c111064ae6c5de089e8bd61c0156cb49cc98484cea2b5d9,a7aa87e6fd460fa8c4ecf63cae59764de291ffd98d9664a3eeff85be78904f45,development+reused_validation,"{""base"": ""erc"", ""borrow_bps"": 50.0, ""cap"": 1.0, ""control"": ""event"", ""covariance_days"": 126, ""diagnostic"": ""target_low_base"", ""family"": ""ensemble"", ""har_train_min"": 504, ""lookback"": 63, ""overlay"": false, ""static_exposure"": null, ""target"": 0.09000000000000001, ""threshold"": 0.05, ""trial_id"": ""E6"", ""universe"": [""QQQ"", ""IWM"", ""HYG"", ""TLT"", ""GLD"", ""DBC""]}",5.0 bp risky purchases+sales; borrow rf+50.0 bp,results/20261004T003708-e3127963/E6-target_low_base-4407cd3f15.csv,started,Attempt retained even if process fails,False
E6-target_low_base-4407cd3f15,2026-10-04T00:43:55.399454+00:00,5f04159f52c645b6503f8744058f5d8b248158d9,5f04159f52c645b6503f8744058f5d8b248158d9,e5f957a2b78b4a08cede2183cd59012f73beaffc38f0821d43bb458df08be222:5eb2ada6d8d007969c111064ae6c5de089e8bd61c0156cb49cc98484cea2b5d9,a7aa87e6fd460fa8c4ecf63cae59764de291ffd98d9664a3eeff85be78904f45,development+reused_validation,"{""base"": ""erc"", ""borrow_bps"": 50.0, ""cap"": 1.0, ""control"": ""event"", ""covariance_days"": 126, ""diagnostic"": ""target_low_base"", ""family"": ""ensemble"", ""har_train_min"": 504, ""lookback"": 63, ""overlay"": false, ""static_exposure"": null, ""target"": 0.09000000000000001, ""threshold"": 0.05, ""trial_id"": ""E6"", ""universe"": [""QQQ"", ""IWM"", ""HYG"", ""TLT"", ""GLD"", ""DBC""]}",5.0 bp risky purchases+sales; borrow rf+50.0 bp,results/20261004T003708-e3127963/E6-target_low_base-4407cd3f15.csv,completed,No OOS retuning; diagnostic not eligible for selection,False
E6-target_high-b391c43b30,2026-10-04T00:43:57.777001+00:00,5f04159f52c645b6503f8744058f5d8b248158d9,5f04159f52c645b6503f8744058f5d8b248158d9,e5f957a2b78b4a08cede2183cd59012f73beaffc38f0821d43bb458df08be222:5eb2ada6d8d007969c111064ae6c5de089e8bd61c0156cb49cc98484cea2b5d9,00bda2cb409111a13713b6f6b706194b1378ee0ca456f25cb37505b049edeb1c,development+reused_validation,"{""base"": ""erc"", ""borrow_bps"": 50.0, ""cap"": 1.0, ""control"": ""event"", ""covariance_days"": 126, ""diagnostic"": ""target_high"", ""family"": ""ensemble"", ""har_train_min"": 504, ""lookback"": 63, ""overlay"": true, ""static_exposure"": null, ""target"": 0.11, ""threshold"": 0.05, ""trial_id"": ""E6"", ""universe"": [""QQQ"", ""IWM"", ""HYG"", ""TLT"", ""GLD"", ""DBC""]}",5.0 bp risky purchases+sales; borrow rf+50.0 bp,results/20261004T003708-e3127963/E6-target_high-b391c43b30.csv,started,Attempt retained even if process fails,False
E6-target_high-b391c43b30,2026-10-04T00:43:57.777001+00:00,5f04159f52c645b6503f8744058f5d8b248158d9,5f04159f52c645b6503f8744058f5d8b248158d9,e5f957a2b78b4a08cede2183cd59012f73beaffc38f0821d43bb458df08be222:5eb2ada6d8d007969c111064ae6c5de089e8bd61c0156cb49cc98484cea2b5d9,00bda2cb409111a13713b6f6b706194b1378ee0ca456f25cb37505b049edeb1c,development+reused_validation,"{""base"": ""erc"", ""borrow_bps"": 50.0, ""cap"": 1.0, ""control"": ""event"", ""covariance_days"": 126, ""diagnostic"": ""target_high"", ""family"": ""ensemble"", ""har_train_min"": 504, ""lookback"": 63, ""overlay"": true, ""static_exposure"": null, ""target"": 0.11, ""threshold"": 0.05, ""trial_id"": ""E6"", ""universe"": [""QQQ"", ""IWM"", ""HYG"", ""TLT"", ""GLD"", ""DBC""]}",5.0 bp risky purchases+sales; borrow rf+50.0 bp,results/20261004T003708-e3127963/E6-target_high-b391c43b30.csv,completed,No OOS retuning; diagnostic not eligible for selection,False
E6-target_high_base-0bcae88ca8,2026-10-04T00:44:00.134193+00:00,5f04159f52c645b6503f8744058f5d8b248158d9,5f04159f52c645b6503f8744058f5d8b248158d9,e5f957a2b78b4a08cede2183cd59012f73beaffc38f0821d43bb458df08be222:5eb2ada6d8d007969c111064ae6c5de089e8bd61c0156cb49cc98484cea2b5d9,113b25fc40e9b48e532f348136b7e687448ad1d9b9fbccf8a9393ae538401ccb,development+reused_validation,"{""base"": ""erc"", ""borrow_bps"": 50.0, ""cap"": 1.0, ""control"": ""event"", ""covariance_days"": 126, ""diagnostic"": ""target_high_base"", ""family"": ""ensemble"", ""har_train_min"": 504, ""lookback"": 63, ""overlay"": false, ""static_exposure"": null, ""target"": 0.11, ""threshold"": 0.05, ""trial_id"": ""E6"", ""universe"": [""QQQ"", ""IWM"", ""HYG"", ""TLT"", ""GLD"", ""DBC""]}",5.0 bp risky purchases+sales; borrow rf+50.0 bp,results/20261004T003708-e3127963/E6-target_high_base-0bcae88ca8.csv,started,Attempt retained even if process fails,False
E6-target_high_base-0bcae88ca8,2026-10-04T00:44:00.134193+00:00,5f04159f52c645b6503f8744058f5d8b248158d9,5f04159f52c645b6503f8744058f5d8b248158d9,e5f957a2b78b4a08cede2183cd59012f73beaffc38f0821d43bb458df08be222:5eb2ada6d8d007969c111064ae6c5de089e8bd61c0156cb49cc98484cea2b5d9,113b25fc40e9b48e532f348136b7e687448ad1d9b9fbccf8a9393ae538401ccb,development+reused_validation,"{""base"": ""erc"", ""borrow_bps"": 50.0, ""cap"": 1.0, ""control"": ""event"", ""covariance_days"": 126, ""diagnostic"": ""target_high_base"", ""family"": ""ensemble"", ""har_train_min"": 504, ""lookback"": 63, ""overlay"": false, ""static_exposure"": null, ""target"": 0.11, ""threshold"": 0.05, ""trial_id"": ""E6"", ""universe"": [""QQQ"", ""IWM"", ""HYG"", ""TLT"", ""GLD"", ""DBC""]}",5.0 bp risky purchases+sales; borrow rf+50.0 bp,results/20261004T003708-e3127963/E6-target_high_base-0bcae88ca8.csv,completed,No OOS retuning; diagnostic not eligible for selection,False
E6-lookback_low-d0384af88e,2026-10-04T00:44:02.495388+00:00,5f04159f52c645b6503f8744058f5d8b248158d9,5f04159f52c645b6503f8744058f5d8b248158d9,e5f957a2b78b4a08cede2183cd59012f73beaffc38f0821d43bb458df08be222:5eb2ada6d8d007969c111064ae6c5de089e8bd61c0156cb49cc98484cea2b5d9,7d4556d85b53f66038b5426e362bc2ae064966091c4cf5a4182129b5ffb887bb,development+reused_validation,"{""base"": ""erc"", ""borrow_bps"": 50.0, ""cap"": 1.0, ""control"": ""event"", ""covariance_days"": 101, ""diagnostic"": ""lookback_low"", ""family"": ""ensemble"", ""har_train_min"": 403, ""lookback"": 50, ""overlay"": true, ""static_exposure"": null, ""target"": 0.1, ""threshold"": 0.05, ""trial_id"": ""E6"", ""universe"": [""QQQ"", ""IWM"", ""HYG"", ""TLT"", ""GLD"", ""DBC""]}",5.0 bp risky purchases+sales; borrow rf+50.0 bp,results/20261004T003708-e3127963/E6-lookback_low-d0384af88e.csv,started,Attempt retained even if process fails,False
E6-lookback_low-d0384af88e,2026-10-04T00:44:02.495388+00:00,5f04159f52c645b6503f8744058f5d8b248158d9,5f04159f52c645b6503f8744058f5d8b248158d9,e5f957a2b78b4a08cede2183cd59012f73beaffc38f0821d43bb458df08be222:5eb2ada6d8d007969c111064ae6c5de089e8bd61c0156cb49cc98484cea2b5d9,7d4556d85b53f66038b5426e362bc2ae064966091c4cf5a4182129b5ffb887bb,development+reused_validation,"{""base"": ""erc"", ""borrow_bps"": 50.0, ""cap"": 1.0, ""control"": ""event"", ""covariance_days"": 101, ""diagnostic"": ""lookback_low"", ""family"": ""ensemble"", ""har_train_min"": 403, ""lookback"": 50, ""overlay"": true, ""static_exposure"": null, ""target"": 0.1, ""threshold"": 0.05, ""trial_id"": ""E6"", ""universe"": [""QQQ"", ""IWM"", ""HYG"", ""TLT"", ""GLD"", ""DBC""]}",5.0 bp risky purchases+sales; borrow rf+50.0 bp,results/20261004T003708-e3127963/E6-lookback_low-d0384af88e.csv,completed,No OOS retuning; diagnostic not eligible for selection,False
E6-lookback_low_base-06923ed1b0,2026-10-04T00:44:04.885060+00:00,5f04159f52c645b6503f8744058f5d8b248158d9,5f04159f52c645b6503f8744058f5d8b248158d9,e5f957a2b78b4a08cede2183cd59012f73beaffc38f0821d43bb458df08be222:5eb2ada6d8d007969c111064ae6c5de089e8bd61c0156cb49cc98484cea2b5d9,65ce02fee88e3e02262ab0e3b328dccfc217920aa0d978d5bf104547cd13e05e,development+reused_validation,"{""base"": ""erc"", ""borrow_bps"": 50.0, ""cap"": 1.0, ""control"": ""event"", ""covariance_days"": 101, ""diagnostic"": ""lookback_low_base"", ""family"": ""ensemble"", ""har_train_min"": 403, ""lookback"": 50, ""overlay"": false, ""static_exposure"": null, ""target"": 0.1, ""threshold"": 0.05, ""trial_id"": ""E6"", ""universe"": [""QQQ"", ""IWM"", ""HYG"", ""TLT"", ""GLD"", ""DBC""]}",5.0 bp risky purchases+sales; borrow rf+50.0 bp,results/20261004T003708-e3127963/E6-lookback_low_base-06923ed1b0.csv,started,Attempt retained even if process fails,False
E6-lookback_low_base-06923ed1b0,2026-10-04T00:44:04.885060+00:00,5f04159f52c645b6503f8744058f5d8b248158d9,5f04159f52c645b6503f8744058f5d8b248158d9,e5f957a2b78b4a08cede2183cd59012f73beaffc38f0821d43bb458df08be222:5eb2ada6d8d007969c111064ae6c5de089e8bd61c0156cb49cc98484cea2b5d9,65ce02fee88e3e02262ab0e3b328dccfc217920aa0d978d5bf104547cd13e05e,development+reused_validation,"{""base"": ""erc"", ""borrow_bps"": 50.0, ""cap"": 1.0, ""control"": ""event"", ""covariance_days"": 101, ""diagnostic"": ""lookback_low_base"", ""family"": ""ensemble"", ""har_train_min"": 403, ""lookback"": 50, ""overlay"": false, ""static_exposure"": null, ""target"": 0.1, ""threshold"": 0.05, ""trial_id"": ""E6"", ""universe"": [""QQQ"", ""IWM"", ""HYG"", ""TLT"", ""GLD"", ""DBC""]}",5.0 bp risky purchases+sales; borrow rf+50.0 bp,results/20261004T003708-e3127963/E6-lookback_low_base-06923ed1b0.csv,completed,No OOS retuning; diagnostic not eligible for selection,False
E6-lookback_high-3525784ee2,2026-10-04T00:44:07.276849+00:00,5f04159f52c645b6503f8744058f5d8b248158d9,5f04159f52c645b6503f8744058f5d8b248158d9,e5f957a2b78b4a08cede2183cd59012f73beaffc38f0821d43bb458df08be222:5eb2ada6d8d007969c111064ae6c5de089e8bd61c0156cb49cc98484cea2b5d9,23c3f921b6896b28c525697330cbbbc9e5d8ab2af47e0c208ae2c1cfa989f228,development+reused_validation,"{""base"": ""erc"", ""borrow_bps"": 50.0, ""cap"": 1.0, ""control"": ""event"", ""covariance_days"": 151, ""diagnostic"": ""lookback_high"", ""family"": ""ensemble"", ""har_train_min"": 605, ""lookback"": 76, ""overlay"": true, ""static_exposure"": null, ""target"": 0.1, ""threshold"": 0.05, ""trial_id"": ""E6"", ""universe"": [""QQQ"", ""IWM"", ""HYG"", ""TLT"", ""GLD"", ""DBC""]}",5.0 bp risky purchases+sales; borrow rf+50.0 bp,results/20261004T003708-e3127963/E6-lookback_high-3525784ee2.csv,started,Attempt retained even if process fails,False
E6-lookback_high-3525784ee2,2026-10-04T00:44:07.276849+00:00,5f04159f52c645b6503f8744058f5d8b248158d9,5f04159f52c645b6503f8744058f5d8b248158d9,e5f957a2b78b4a08cede2183cd59012f73beaffc38f0821d43bb458df08be222:5eb2ada6d8d007969c111064ae6c5de089e8bd61c0156cb49cc98484cea2b5d9,23c3f921b6896b28c525697330cbbbc9e5d8ab2af47e0c208ae2c1cfa989f228,development+reused_validation,"{""base"": ""erc"", ""borrow_bps"": 50.0, ""cap"": 1.0, ""control"": ""event"", ""covariance_days"": 151, ""diagnostic"": ""lookback_high"", ""family"": ""ensemble"", ""har_train_min"": 605, ""lookback"": 76, ""overlay"": true, ""static_exposure"": null, ""target"": 0.1, ""threshold"": 0.05, ""trial_id"": ""E6"", ""universe"": [""QQQ"", ""IWM"", ""HYG"", ""TLT"", ""GLD"", ""DBC""]}",5.0 bp risky purchases+sales; borrow rf+50.0 bp,results/20261004T003708-e3127963/E6-lookback_high-3525784ee2.csv,completed,No OOS retuning; diagnostic not eligible for selection,False
E6-lookback_high_base-5a037d0a39,2026-10-04T00:44:09.698074+00:00,5f04159f52c645b6503f8744058f5d8b248158d9,5f04159f52c645b6503f8744058f5d8b248158d9,e5f957a2b78b4a08cede2183cd59012f73beaffc38f0821d43bb458df08be222:5eb2ada6d8d007969c111064ae6c5de089e8bd61c0156cb49cc98484cea2b5d9,34427dfcd5232e21eb5443ea34268177ceae6dda754eaca1f2578080471c3401,development+reused_validation,"{""base"": ""erc"", ""borrow_bps"": 50.0, ""cap"": 1.0, ""control"": ""event"", ""covariance_days"": 151, ""diagnostic"": ""lookback_high_base"", ""family"": ""ensemble"", ""har_train_min"": 605, ""lookback"": 76, ""overlay"": false, ""static_exposure"": null, ""target"": 0.1, ""threshold"": 0.05, ""trial_id"": ""E6"", ""universe"": [""QQQ"", ""IWM"", ""HYG"", ""TLT"", ""GLD"", ""DBC""]}",5.0 bp risky purchases+sales; borrow rf+50.0 bp,results/20261004T003708-e3127963/E6-lookback_high_base-5a037d0a39.csv,started,Attempt retained even if process fails,False
E6-lookback_high_base-5a037d0a39,2026-10-04T00:44:09.698074+00:00,5f04159f52c645b6503f8744058f5d8b248158d9,5f04159f52c645b6503f8744058f5d8b248158d9,e5f957a2b78b4a08cede2183cd59012f73beaffc38f0821d43bb458df08be222:5eb2ada6d8d007969c111064ae6c5de089e8bd61c0156cb49cc98484cea2b5d9,34427dfcd5232e21eb5443ea34268177ceae6dda754eaca1f2578080471c3401,development+reused_validation,"{""base"": ""erc"", ""borrow_bps"": 50.0, ""cap"": 1.0, ""control"": ""event"", ""covariance_days"": 151, ""diagnostic"": ""lookback_high_base"", ""family"": ""ensemble"", ""har_train_min"": 605, ""lookback"": 76, ""overlay"": false, ""static_exposure"": null, ""target"": 0.1, ""threshold"": 0.05, ""trial_id"": ""E6"", ""universe"": [""QQQ"", ""IWM"", ""HYG"", ""TLT"", ""GLD"", ""DBC""]}",5.0 bp risky purchases+sales; borrow rf+50.0 bp,results/20261004T003708-e3127963/E6-lookback_high_base-5a037d0a39.csv,completed,No OOS retuning; diagnostic not eligible for selection,False
E6-trigger_low-6aa2450d9b,2026-10-04T00:44:12.084358+00:00,5f04159f52c645b6503f8744058f5d8b248158d9,5f04159f52c645b6503f8744058f5d8b248158d9,e5f957a2b78b4a08cede2183cd59012f73beaffc38f0821d43bb458df08be222:5eb2ada6d8d007969c111064ae6c5de089e8bd61c0156cb49cc98484cea2b5d9,27ba3eadc3b5048e79ba33518f041c2ba108fd39dbb3d38663eb89107da102e5,development+reused_validation,"{""base"": ""erc"", ""borrow_bps"": 50.0, ""cap"": 1.0, ""control"": ""event"", ""covariance_days"": 126, ""diagnostic"": ""trigger_low"", ""family"": ""ensemble"", ""har_train_min"": 504, ""lookback"": 63, ""overlay"": true, ""static_exposure"": null, ""target"": 0.1, ""threshold"": 0.04, ""trial_id"": ""E6"", ""universe"": [""QQQ"", ""IWM"", ""HYG"", ""TLT"", ""GLD"", ""DBC""]}",5.0 bp risky purchases+sales; borrow rf+50.0 bp,results/20261004T003708-e3127963/E6-trigger_low-6aa2450d9b.csv,started,Attempt retained even if process fails,False
E6-trigger_low-6aa2450d9b,2026-10-04T00:44:12.084358+00:00,5f04159f52c645b6503f8744058f5d8b248158d9,5f04159f52c645b6503f8744058f5d8b248158d9,e5f957a2b78b4a08cede2183cd59012f73beaffc38f0821d43bb458df08be222:5eb2ada6d8d007969c111064ae6c5de089e8bd61c0156cb49cc98484cea2b5d9,27ba3eadc3b5048e79ba33518f041c2ba108fd39dbb3d38663eb89107da102e5,development+reused_validation,"{""base"": ""erc"", ""borrow_bps"": 50.0, ""cap"": 1.0, ""control"": ""event"", ""covariance_days"": 126, ""diagnostic"": ""trigger_low"", ""family"": ""ensemble"", ""har_train_min"": 504, ""lookback"": 63, ""overlay"": true, ""static_exposure"": null, ""target"": 0.1, ""threshold"": 0.04, ""trial_id"": ""E6"", ""universe"": [""QQQ"", ""IWM"", ""HYG"", ""TLT"", ""GLD"", ""DBC""]}",5.0 bp risky purchases+sales; borrow rf+50.0 bp,results/20261004T003708-e3127963/E6-trigger_low-6aa2450d9b.csv,completed,No OOS retuning; diagnostic not eligible for selection,False
E6-trigger_low_base-decc1ed95f,2026-10-04T00:44:14.574048+00:00,5f04159f52c645b6503f8744058f5d8b248158d9,5f04159f52c645b6503f8744058f5d8b248158d9,e5f957a2b78b4a08cede2183cd59012f73beaffc38f0821d43bb458df08be222:5eb2ada6d8d007969c111064ae6c5de089e8bd61c0156cb49cc98484cea2b5d9,9a1713950ac5e732c4945c5669386bb30bf4f1b63a48ce71bb9d5abee1ce57c3,development+reused_validation,"{""base"": ""erc"", ""borrow_bps"": 50.0, ""cap"": 1.0, ""control"": ""event"", ""covariance_days"": 126, ""diagnostic"": ""trigger_low_base"", ""family"": ""ensemble"", ""har_train_min"": 504, ""lookback"": 63, ""overlay"": false, ""static_exposure"": null, ""target"": 0.1, ""threshold"": 0.04, ""trial_id"": ""E6"", ""universe"": [""QQQ"", ""IWM"", ""HYG"", ""TLT"", ""GLD"", ""DBC""]}",5.0 bp risky purchases+sales; borrow rf+50.0 bp,results/20261004T003708-e3127963/E6-trigger_low_base-decc1ed95f.csv,started,Attempt retained even if process fails,False
E6-trigger_low_base-decc1ed95f,2026-10-04T00:44:14.574048+00:00,5f04159f52c645b6503f8744058f5d8b248158d9,5f04159f52c645b6503f8744058f5d8b248158d9,e5f957a2b78b4a08cede2183cd59012f73beaffc38f0821d43bb458df08be222:5eb2ada6d8d007969c111064ae6c5de089e8bd61c0156cb49cc98484cea2b5d9,9a1713950ac5e732c4945c5669386bb30bf4f1b63a48ce71bb9d5abee1ce57c3,development+reused_validation,"{""base"": ""erc"", ""borrow_bps"": 50.0, ""cap"": 1.0, ""control"": ""event"", ""covariance_days"": 126, ""diagnostic"": ""trigger_low_base"", ""family"": ""ensemble"", ""har_train_min"": 504, ""lookback"": 63, ""overlay"": false, ""static_exposure"": null, ""target"": 0.1, ""threshold"": 0.04, ""trial_id"": ""E6"", ""universe"": [""QQQ"", ""IWM"", ""HYG"", ""TLT"", ""GLD"", ""DBC""]}",5.0 bp risky purchases+sales; borrow rf+50.0 bp,results/20261004T003708-e3127963/E6-trigger_low_base-decc1ed95f.csv,completed,No OOS retuning; diagnostic not eligible for selection,False
E6-trigger_high-8cebaad5b3,2026-10-04T00:44:16.938390+00:00,5f04159f52c645b6503f8744058f5d8b248158d9,5f04159f52c645b6503f8744058f5d8b248158d9,e5f957a2b78b4a08cede2183cd59012f73beaffc38f0821d43bb458df08be222:5eb2ada6d8d007969c111064ae6c5de089e8bd61c0156cb49cc98484cea2b5d9,dc1cb6c25ebae3715ea68ed078239ab3abb7704935d3f3751b319988e64007f4,development+reused_validation,"{""base"": ""erc"", ""borrow_bps"": 50.0, ""cap"": 1.0, ""control"": ""event"", ""covariance_days"": 126, ""diagnostic"": ""trigger_high"", ""family"": ""ensemble"", ""har_train_min"": 504, ""lookback"": 63, ""overlay"": true, ""static_exposure"": null, ""target"": 0.1, ""threshold"": 0.06, ""trial_id"": ""E6"", ""universe"": [""QQQ"", ""IWM"", ""HYG"", ""TLT"", ""GLD"", ""DBC""]}",5.0 bp risky purchases+sales; borrow rf+50.0 bp,results/20261004T003708-e3127963/E6-trigger_high-8cebaad5b3.csv,started,Attempt retained even if process fails,False
E6-trigger_high-8cebaad5b3,2026-10-04T00:44:16.938390+00:00,5f04159f52c645b6503f8744058f5d8b248158d9,5f04159f52c645b6503f8744058f5d8b248158d9,e5f957a2b78b4a08cede2183cd59012f73beaffc38f0821d43bb458df08be222:5eb2ada6d8d007969c111064ae6c5de089e8bd61c0156cb49cc98484cea2b5d9,dc1cb6c25ebae3715ea68ed078239ab3abb7704935d3f3751b319988e64007f4,development+reused_validation,"{""base"": ""erc"", ""borrow_bps"": 50.0, ""cap"": 1.0, ""control"": ""event"", ""covariance_days"": 126, ""diagnostic"": ""trigger_high"", ""family"": ""ensemble"", ""har_train_min"": 504, ""lookback"": 63, ""overlay"": true, ""static_exposure"": null, ""target"": 0.1, ""threshold"": 0.06, ""trial_id"": ""E6"", ""universe"": [""QQQ"", ""IWM"", ""HYG"", ""TLT"", ""GLD"", ""DBC""]}",5.0 bp risky purchases+sales; borrow rf+50.0 bp,results/20261004T003708-e3127963/E6-trigger_high-8cebaad5b3.csv,completed,No OOS retuning; diagnostic not eligible for selection,False
E6-trigger_high_base-2fc8c29d06,2026-10-04T00:44:19.352896+00:00,5f04159f52c645b6503f8744058f5d8b248158d9,5f04159f52c645b6503f8744058f5d8b248158d9,e5f957a2b78b4a08cede2183cd59012f73beaffc38f0821d43bb458df08be222:5eb2ada6d8d007969c111064ae6c5de089e8bd61c0156cb49cc98484cea2b5d9,4187943b117da47df51f33c000c488aef22b0176b8c36436bd9b01787a334cca,development+reused_validation,"{""base"": ""erc"", ""borrow_bps"": 50.0, ""cap"": 1.0, ""control"": ""event"", ""covariance_days"": 126, ""diagnostic"": ""trigger_high_base"", ""family"": ""ensemble"", ""har_train_min"": 504, ""lookback"": 63, ""overlay"": false, ""static_exposure"": null, ""target"": 0.1, ""threshold"": 0.06, ""trial_id"": ""E6"", ""universe"": [""QQQ"", ""IWM"", ""HYG"", ""TLT"", ""GLD"", ""DBC""]}",5.0 bp risky purchases+sales; borrow rf+50.0 bp,results/20261004T003708-e3127963/E6-trigger_high_base-2fc8c29d06.csv,started,Attempt retained even if process fails,False
E6-trigger_high_base-2fc8c29d06,2026-10-04T00:44:19.352896+00:00,5f04159f52c645b6503f8744058f5d8b248158d9,5f04159f52c645b6503f8744058f5d8b248158d9,e5f957a2b78b4a08cede2183cd59012f73beaffc38f0821d43bb458df08be222:5eb2ada6d8d007969c111064ae6c5de089e8bd61c0156cb49cc98484cea2b5d9,4187943b117da47df51f33c000c488aef22b0176b8c36436bd9b01787a334cca,development+reused_validation,"{""base"": ""erc"", ""borrow_bps"": 50.0, ""cap"": 1.0, ""control"": ""event"", ""covariance_days"": 126, ""diagnostic"": ""trigger_high_base"", ""family"": ""ensemble"", ""har_train_min"": 504, ""lookback"": 63, ""overlay"": false, ""static_exposure"": null, ""target"": 0.1, ""threshold"": 0.06, ""trial_id"": ""E6"", ""universe"": [""QQQ"", ""IWM"", ""HYG"", ""TLT"", ""GLD"", ""DBC""]}",5.0 bp risky purchases+sales; borrow rf+50.0 bp,results/20261004T003708-e3127963/E6-trigger_high_base-2fc8c29d06.csv,completed,No OOS retuning; diagnostic not eligible for selection,False
E7-double_cost-dbddd8d6a7,2026-10-04T00:44:21.777954+00:00,5f04159f52c645b6503f8744058f5d8b248158d9,5f04159f52c645b6503f8744058f5d8b248158d9,e5f957a2b78b4a08cede2183cd59012f73beaffc38f0821d43bb458df08be222:5eb2ada6d8d007969c111064ae6c5de089e8bd61c0156cb49cc98484cea2b5d9,b361be3728b3cc9333a9bff7f25541f288f78522878e6bbc336f2d5762d094e9,development+reused_validation,"{""base"": ""equal"", ""borrow_bps"": 50.0, ""cap"": 1.0, ""control"": ""asymmetric"", ""covariance_days"": 126, ""diagnostic"": ""double_cost"", ""family"": ""ensemble"", ""har_train_min"": 504, ""lookback"": 63, ""overlay"": true, ""static_exposure"": null, ""target"": 0.1, ""threshold"": 0.05, ""trial_id"": ""E7"", ""universe"": [""SPY"", ""TLT"", ""GLD""]}",10 bp risky purchases+sales; borrow rf+50.0 bp,results/20261004T003708-e3127963/E7-double_cost-dbddd8d6a7.csv,started,Attempt retained even if process fails,False
E7-double_cost-dbddd8d6a7,2026-10-04T00:44:21.777954+00:00,5f04159f52c645b6503f8744058f5d8b248158d9,5f04159f52c645b6503f8744058f5d8b248158d9,e5f957a2b78b4a08cede2183cd59012f73beaffc38f0821d43bb458df08be222:5eb2ada6d8d007969c111064ae6c5de089e8bd61c0156cb49cc98484cea2b5d9,b361be3728b3cc9333a9bff7f25541f288f78522878e6bbc336f2d5762d094e9,development+reused_validation,"{""base"": ""equal"", ""borrow_bps"": 50.0, ""cap"": 1.0, ""control"": ""asymmetric"", ""covariance_days"": 126, ""diagnostic"": ""double_cost"", ""family"": ""ensemble"", ""har_train_min"": 504, ""lookback"": 63, ""overlay"": true, ""static_exposure"": null, ""target"": 0.1, ""threshold"": 0.05, ""trial_id"": ""E7"", ""universe"": [""SPY"", ""TLT"", ""GLD""]}",10 bp risky purchases+sales; borrow rf+50.0 bp,results/20261004T003708-e3127963/E7-double_cost-dbddd8d6a7.csv,completed,No OOS retuning; diagnostic not eligible for selection,False
E7-double_cost_base-9594255602,2026-10-04T00:44:23.316548+00:00,5f04159f52c645b6503f8744058f5d8b248158d9,5f04159f52c645b6503f8744058f5d8b248158d9,e5f957a2b78b4a08cede2183cd59012f73beaffc38f0821d43bb458df08be222:5eb2ada6d8d007969c111064ae6c5de089e8bd61c0156cb49cc98484cea2b5d9,988c1daffb30af92d90b97ffe4613ab48be473f95534b6474b9d5a69cca02476,development+reused_validation,"{""base"": ""equal"", ""borrow_bps"": 50.0, ""cap"": 1.0, ""control"": ""asymmetric"", ""covariance_days"": 126, ""diagnostic"": ""double_cost_base"", ""family"": ""ensemble"", ""har_train_min"": 504, ""lookback"": 63, ""overlay"": false, ""static_exposure"": null, ""target"": 0.1, ""threshold"": 0.05, ""trial_id"": ""E7"", ""universe"": [""SPY"", ""TLT"", ""GLD""]}",10 bp risky purchases+sales; borrow rf+50.0 bp,results/20261004T003708-e3127963/E7-double_cost_base-9594255602.csv,started,Attempt retained even if process fails,False
E7-double_cost_base-9594255602,2026-10-04T00:44:23.316548+00:00,5f04159f52c645b6503f8744058f5d8b248158d9,5f04159f52c645b6503f8744058f5d8b248158d9,e5f957a2b78b4a08cede2183cd59012f73beaffc38f0821d43bb458df08be222:5eb2ada6d8d007969c111064ae6c5de089e8bd61c0156cb49cc98484cea2b5d9,988c1daffb30af92d90b97ffe4613ab48be473f95534b6474b9d5a69cca02476,development+reused_validation,"{""base"": ""equal"", ""borrow_bps"": 50.0, ""cap"": 1.0, ""control"": ""asymmetric"", ""covariance_days"": 126, ""diagnostic"": ""double_cost_base"", ""family"": ""ensemble"", ""har_train_min"": 504, ""lookback"": 63, ""overlay"": false, ""static_exposure"": null, ""target"": 0.1, ""threshold"": 0.05, ""trial_id"": ""E7"", ""universe"": [""SPY"", ""TLT"", ""GLD""]}",10 bp risky purchases+sales; borrow rf+50.0 bp,results/20261004T003708-e3127963/E7-double_cost_base-9594255602.csv,completed,No OOS retuning; diagnostic not eligible for selection,False
E7-target_low-e19a74604c,2026-10-04T00:44:24.975941+00:00,5f04159f52c645b6503f8744058f5d8b248158d9,5f04159f52c645b6503f8744058f5d8b248158d9,e5f957a2b78b4a08cede2183cd59012f73beaffc38f0821d43bb458df08be222:5eb2ada6d8d007969c111064ae6c5de089e8bd61c0156cb49cc98484cea2b5d9,62a82f15f2078cce492d5e812112ddabf8f342b88c7aca756f56dfbc06373443,development+reused_validation,"{""base"": ""equal"", ""borrow_bps"": 50.0, ""cap"": 1.0, ""control"": ""asymmetric"", ""covariance_days"": 126, ""diagnostic"": ""target_low"", ""family"": ""ensemble"", ""har_train_min"": 504, ""lookback"": 63, ""overlay"": true, ""static_exposure"": null, ""target"": 0.09000000000000001, ""threshold"": 0.05, ""trial_id"": ""E7"", ""universe"": [""SPY"", ""TLT"", ""GLD""]}",5.0 bp risky purchases+sales; borrow rf+50.0 bp,results/20261004T003708-e3127963/E7-target_low-e19a74604c.csv,started,Attempt retained even if process fails,False
E7-target_low-e19a74604c,2026-10-04T00:44:24.975941+00:00,5f04159f52c645b6503f8744058f5d8b248158d9,5f04159f52c645b6503f8744058f5d8b248158d9,e5f957a2b78b4a08cede2183cd59012f73beaffc38f0821d43bb458df08be222:5eb2ada6d8d007969c111064ae6c5de089e8bd61c0156cb49cc98484cea2b5d9,62a82f15f2078cce492d5e812112ddabf8f342b88c7aca756f56dfbc06373443,development+reused_validation,"{""base"": ""equal"", ""borrow_bps"": 50.0, ""cap"": 1.0, ""control"": ""asymmetric"", ""covariance_days"": 126, ""diagnostic"": ""target_low"", ""family"": ""ensemble"", ""har_train_min"": 504, ""lookback"": 63, ""overlay"": true, ""static_exposure"": null, ""target"": 0.09000000000000001, ""threshold"": 0.05, ""trial_id"": ""E7"", ""universe"": [""SPY"", ""TLT"", ""GLD""]}",5.0 bp risky purchases+sales; borrow rf+50.0 bp,results/20261004T003708-e3127963/E7-target_low-e19a74604c.csv,completed,No OOS retuning; diagnostic not eligible for selection,False
E7-target_low_base-4c1ddc34d6,2026-10-04T00:44:26.466873+00:00,5f04159f52c645b6503f8744058f5d8b248158d9,5f04159f52c645b6503f8744058f5d8b248158d9,e5f957a2b78b4a08cede2183cd59012f73beaffc38f0821d43bb458df08be222:5eb2ada6d8d007969c111064ae6c5de089e8bd61c0156cb49cc98484cea2b5d9,e04b6cc12e8df500d0d64a84374408856ea81f701cb7998b4d634644d081d0cb,development+reused_validation,"{""base"": ""equal"", ""borrow_bps"": 50.0, ""cap"": 1.0, ""control"": ""asymmetric"", ""covariance_days"": 126, ""diagnostic"": ""target_low_base"", ""family"": ""ensemble"", ""har_train_min"": 504, ""lookback"": 63, ""overlay"": false, ""static_exposure"": null, ""target"": 0.09000000000000001, ""threshold"": 0.05, ""trial_id"": ""E7"", ""universe"": [""SPY"", ""TLT"", ""GLD""]}",5.0 bp risky purchases+sales; borrow rf+50.0 bp,results/20261004T003708-e3127963/E7-target_low_base-4c1ddc34d6.csv,started,Attempt retained even if process fails,False
E7-target_low_base-4c1ddc34d6,2026-10-04T00:44:26.466873+00:00,5f04159f52c645b6503f8744058f5d8b248158d9,5f04159f52c645b6503f8744058f5d8b248158d9,e5f957a2b78b4a08cede2183cd59012f73beaffc38f0821d43bb458df08be222:5eb2ada6d8d007969c111064ae6c5de089e8bd61c0156cb49cc98484cea2b5d9,e04b6cc12e8df500d0d64a84374408856ea81f701cb7998b4d634644d081d0cb,development+reused_validation,"{""base"": ""equal"", ""borrow_bps"": 50.0, ""cap"": 1.0, ""control"": ""asymmetric"", ""covariance_days"": 126, ""diagnostic"": ""target_low_base"", ""family"": ""ensemble"", ""har_train_min"": 504, ""lookback"": 63, ""overlay"": false, ""static_exposure"": null, ""target"": 0.09000000000000001, ""threshold"": 0.05, ""trial_id"": ""E7"", ""universe"": [""SPY"", ""TLT"", ""GLD""]}",5.0 bp risky purchases+sales; borrow rf+50.0 bp,results/20261004T003708-e3127963/E7-target_low_base-4c1ddc34d6.csv,completed,No OOS retuning; diagnostic not eligible for selection,False
E7-target_high-7bf537507b,2026-10-04T00:44:27.977013+00:00,5f04159f52c645b6503f8744058f5d8b248158d9,5f04159f52c645b6503f8744058f5d8b248158d9,e5f957a2b78b4a08cede2183cd59012f73beaffc38f0821d43bb458df08be222:5eb2ada6d8d007969c111064ae6c5de089e8bd61c0156cb49cc98484cea2b5d9,b45657ecf14442f2ff326a0e63448ed31c6a2dd8aa4009e37aed11cbc157e1b5,development+reused_validation,"{""base"": ""equal"", ""borrow_bps"": 50.0, ""cap"": 1.0, ""control"": ""asymmetric"", ""covariance_days"": 126, ""diagnostic"": ""target_high"", ""family"": ""ensemble"", ""har_train_min"": 504, ""lookback"": 63, ""overlay"": true, ""static_exposure"": null, ""target"": 0.11, ""threshold"": 0.05, ""trial_id"": ""E7"", ""universe"": [""SPY"", ""TLT"", ""GLD""]}",5.0 bp risky purchases+sales; borrow rf+50.0 bp,results/20261004T003708-e3127963/E7-target_high-7bf537507b.csv,started,Attempt retained even if process fails,False
E7-target_high-7bf537507b,2026-10-04T00:44:27.977013+00:00,5f04159f52c645b6503f8744058f5d8b248158d9,5f04159f52c645b6503f8744058f5d8b248158d9,e5f957a2b78b4a08cede2183cd59012f73beaffc38f0821d43bb458df08be222:5eb2ada6d8d007969c111064ae6c5de089e8bd61c0156cb49cc98484cea2b5d9,b45657ecf14442f2ff326a0e63448ed31c6a2dd8aa4009e37aed11cbc157e1b5,development+reused_validation,"{""base"": ""equal"", ""borrow_bps"": 50.0, ""cap"": 1.0, ""control"": ""asymmetric"", ""covariance_days"": 126, ""diagnostic"": ""target_high"", ""family"": ""ensemble"", ""har_train_min"": 504, ""lookback"": 63, ""overlay"": true, ""static_exposure"": null, ""target"": 0.11, ""threshold"": 0.05, ""trial_id"": ""E7"", ""universe"": [""SPY"", ""TLT"", ""GLD""]}",5.0 bp risky purchases+sales; borrow rf+50.0 bp,results/20261004T003708-e3127963/E7-target_high-7bf537507b.csv,completed,No OOS retuning; diagnostic not eligible for selection,False
E7-target_high_base-f2bf4e3057,2026-10-04T00:44:29.486879+00:00,5f04159f52c645b6503f8744058f5d8b248158d9,5f04159f52c645b6503f8744058f5d8b248158d9,e5f957a2b78b4a08cede2183cd59012f73beaffc38f0821d43bb458df08be222:5eb2ada6d8d007969c111064ae6c5de089e8bd61c0156cb49cc98484cea2b5d9,b9c5fa207ae6362505df91efb001f2bfc41a9a5ea41893ef3a9eadc5b1a2be40,development+reused_validation,"{""base"": ""equal"", ""borrow_bps"": 50.0, ""cap"": 1.0, ""control"": ""asymmetric"", ""covariance_days"": 126, ""diagnostic"": ""target_high_base"", ""family"": ""ensemble"", ""har_train_min"": 504, ""lookback"": 63, ""overlay"": false, ""static_exposure"": null, ""target"": 0.11, ""threshold"": 0.05, ""trial_id"": ""E7"", ""universe"": [""SPY"", ""TLT"", ""GLD""]}",5.0 bp risky purchases+sales; borrow rf+50.0 bp,results/20261004T003708-e3127963/E7-target_high_base-f2bf4e3057.csv,started,Attempt retained even if process fails,False
E7-target_high_base-f2bf4e3057,2026-10-04T00:44:29.486879+00:00,5f04159f52c645b6503f8744058f5d8b248158d9,5f04159f52c645b6503f8744058f5d8b248158d9,e5f957a2b78b4a08cede2183cd59012f73beaffc38f0821d43bb458df08be222:5eb2ada6d8d007969c111064ae6c5de089e8bd61c0156cb49cc98484cea2b5d9,b9c5fa207ae6362505df91efb001f2bfc41a9a5ea41893ef3a9eadc5b1a2be40,development+reused_validation,"{""base"": ""equal"", ""borrow_bps"": 50.0, ""cap"": 1.0, ""control"": ""asymmetric"", ""covariance_days"": 126, ""diagnostic"": ""target_high_base"", ""family"": ""ensemble"", ""har_train_min"": 504, ""lookback"": 63, ""overlay"": false, ""static_exposure"": null, ""target"": 0.11, ""threshold"": 0.05, ""trial_id"": ""E7"", ""universe"": [""SPY"", ""TLT"", ""GLD""]}",5.0 bp risky purchases+sales; borrow rf+50.0 bp,results/20261004T003708-e3127963/E7-target_high_base-f2bf4e3057.csv,completed,No OOS retuning; diagnostic not eligible for selection,False
E7-lookback_low-d231ac82a2,2026-10-04T00:44:31.046000+00:00,5f04159f52c645b6503f8744058f5d8b248158d9,5f04159f52c645b6503f8744058f5d8b248158d9,e5f957a2b78b4a08cede2183cd59012f73beaffc38f0821d43bb458df08be222:5eb2ada6d8d007969c111064ae6c5de089e8bd61c0156cb49cc98484cea2b5d9,0eb8037ebb1ec4441a5c3fd154091784247dacc0779c56e98dd0c183d86b51c4,development+reused_validation,"{""base"": ""equal"", ""borrow_bps"": 50.0, ""cap"": 1.0, ""control"": ""asymmetric"", ""covariance_days"": 101, ""diagnostic"": ""lookback_low"", ""family"": ""ensemble"", ""har_train_min"": 403, ""lookback"": 50, ""overlay"": true, ""static_exposure"": null, ""target"": 0.1, ""threshold"": 0.05, ""trial_id"": ""E7"", ""universe"": [""SPY"", ""TLT"", ""GLD""]}",5.0 bp risky purchases+sales; borrow rf+50.0 bp,results/20261004T003708-e3127963/E7-lookback_low-d231ac82a2.csv,started,Attempt retained even if process fails,False
E7-lookback_low-d231ac82a2,2026-10-04T00:44:31.046000+00:00,5f04159f52c645b6503f8744058f5d8b248158d9,5f04159f52c645b6503f8744058f5d8b248158d9,e5f957a2b78b4a08cede2183cd59012f73beaffc38f0821d43bb458df08be222:5eb2ada6d8d007969c111064ae6c5de089e8bd61c0156cb49cc98484cea2b5d9,0eb8037ebb1ec4441a5c3fd154091784247dacc0779c56e98dd0c183d86b51c4,development+reused_validation,"{""base"": ""equal"", ""borrow_bps"": 50.0, ""cap"": 1.0, ""control"": ""asymmetric"", ""covariance_days"": 101, ""diagnostic"": ""lookback_low"", ""family"": ""ensemble"", ""har_train_min"": 403, ""lookback"": 50, ""overlay"": true, ""static_exposure"": null, ""target"": 0.1, ""threshold"": 0.05, ""trial_id"": ""E7"", ""universe"": [""SPY"", ""TLT"", ""GLD""]}",5.0 bp risky purchases+sales; borrow rf+50.0 bp,results/20261004T003708-e3127963/E7-lookback_low-d231ac82a2.csv,completed,No OOS retuning; diagnostic not eligible for selection,False
E7-lookback_low_base-f46a18515e,2026-10-04T00:44:32.508191+00:00,5f04159f52c645b6503f8744058f5d8b248158d9,5f04159f52c645b6503f8744058f5d8b248158d9,e5f957a2b78b4a08cede2183cd59012f73beaffc38f0821d43bb458df08be222:5eb2ada6d8d007969c111064ae6c5de089e8bd61c0156cb49cc98484cea2b5d9,8f477e748b6b951c5155841fa18286791e8cef50fb96c0bf81eb619aeaa55b1d,development+reused_validation,"{""base"": ""equal"", ""borrow_bps"": 50.0, ""cap"": 1.0, ""control"": ""asymmetric"", ""covariance_days"": 101, ""diagnostic"": ""lookback_low_base"", ""family"": ""ensemble"", ""har_train_min"": 403, ""lookback"": 50, ""overlay"": false, ""static_exposure"": null, ""target"": 0.1, ""threshold"": 0.05, ""trial_id"": ""E7"", ""universe"": [""SPY"", ""TLT"", ""GLD""]}",5.0 bp risky purchases+sales; borrow rf+50.0 bp,results/20261004T003708-e3127963/E7-lookback_low_base-f46a18515e.csv,started,Attempt retained even if process fails,False
E7-lookback_low_base-f46a18515e,2026-10-04T00:44:32.508191+00:00,5f04159f52c645b6503f8744058f5d8b248158d9,5f04159f52c645b6503f8744058f5d8b248158d9,e5f957a2b78b4a08cede2183cd59012f73beaffc38f0821d43bb458df08be222:5eb2ada6d8d007969c111064ae6c5de089e8bd61c0156cb49cc98484cea2b5d9,8f477e748b6b951c5155841fa18286791e8cef50fb96c0bf81eb619aeaa55b1d,development+reused_validation,"{""base"": ""equal"", ""borrow_bps"": 50.0, ""cap"": 1.0, ""control"": ""asymmetric"", ""covariance_days"": 101, ""diagnostic"": ""lookback_low_base"", ""family"": ""ensemble"", ""har_train_min"": 403, ""lookback"": 50, ""overlay"": false, ""static_exposure"": null, ""target"": 0.1, ""threshold"": 0.05, ""trial_id"": ""E7"", ""universe"": [""SPY"", ""TLT"", ""GLD""]}",5.0 bp risky purchases+sales; borrow rf+50.0 bp,results/20261004T003708-e3127963/E7-lookback_low_base-f46a18515e.csv,completed,No OOS retuning; diagnostic not eligible for selection,False
E7-lookback_high-4e2c395865,2026-10-04T00:44:33.982526+00:00,5f04159f52c645b6503f8744058f5d8b248158d9,5f04159f52c645b6503f8744058f5d8b248158d9,e5f957a2b78b4a08cede2183cd59012f73beaffc38f0821d43bb458df08be222:5eb2ada6d8d007969c111064ae6c5de089e8bd61c0156cb49cc98484cea2b5d9,5fd03b15c9d22dc7ce720bfcdf99ef420df815eed2a134cb20408bfaca606673,development+reused_validation,"{""base"": ""equal"", ""borrow_bps"": 50.0, ""cap"": 1.0, ""control"": ""asymmetric"", ""covariance_days"": 151, ""diagnostic"": ""lookback_high"", ""family"": ""ensemble"", ""har_train_min"": 605, ""lookback"": 76, ""overlay"": true, ""static_exposure"": null, ""target"": 0.1, ""threshold"": 0.05, ""trial_id"": ""E7"", ""universe"": [""SPY"", ""TLT"", ""GLD""]}",5.0 bp risky purchases+sales; borrow rf+50.0 bp,results/20261004T003708-e3127963/E7-lookback_high-4e2c395865.csv,started,Attempt retained even if process fails,False
E7-lookback_high-4e2c395865,2026-10-04T00:44:33.982526+00:00,5f04159f52c645b6503f8744058f5d8b248158d9,5f04159f52c645b6503f8744058f5d8b248158d9,e5f957a2b78b4a08cede2183cd59012f73beaffc38f0821d43bb458df08be222:5eb2ada6d8d007969c111064ae6c5de089e8bd61c0156cb49cc98484cea2b5d9,5fd03b15c9d22dc7ce720bfcdf99ef420df815eed2a134cb20408bfaca606673,development+reused_validation,"{""base"": ""equal"", ""borrow_bps"": 50.0, ""cap"": 1.0, ""control"": ""asymmetric"", ""covariance_days"": 151, ""diagnostic"": ""lookback_high"", ""family"": ""ensemble"", ""har_train_min"": 605, ""lookback"": 76, ""overlay"": true, ""static_exposure"": null, ""target"": 0.1, ""threshold"": 0.05, ""trial_id"": ""E7"", ""universe"": [""SPY"", ""TLT"", ""GLD""]}",5.0 bp risky purchases+sales; borrow rf+50.0 bp,results/20261004T003708-e3127963/E7-lookback_high-4e2c395865.csv,completed,No OOS retuning; diagnostic not eligible for selection,False
E7-lookback_high_base-2da48f75a2,2026-10-04T00:44:35.518463+00:00,5f04159f52c645b6503f8744058f5d8b248158d9,5f04159f52c645b6503f8744058f5d8b248158d9,e5f957a2b78b4a08cede2183cd59012f73beaffc38f0821d43bb458df08be222:5eb2ada6d8d007969c111064ae6c5de089e8bd61c0156cb49cc98484cea2b5d9,8fd25bd0c5f9a58d6c47bf4bc15d61c12c35fda575f2e88a11ed1b29a4dd4f8e,development+reused_validation,"{""base"": ""equal"", ""borrow_bps"": 50.0, ""cap"": 1.0, ""control"": ""asymmetric"", ""covariance_days"": 151, ""diagnostic"": ""lookback_high_base"", ""family"": ""ensemble"", ""har_train_min"": 605, ""lookback"": 76, ""overlay"": false, ""static_exposure"": null, ""target"": 0.1, ""threshold"": 0.05, ""trial_id"": ""E7"", ""universe"": [""SPY"", ""TLT"", ""GLD""]}",5.0 bp risky purchases+sales; borrow rf+50.0 bp,results/20261004T003708-e3127963/E7-lookback_high_base-2da48f75a2.csv,started,Attempt retained even if process fails,False
E7-lookback_high_base-2da48f75a2,2026-10-04T00:44:35.518463+00:00,5f04159f52c645b6503f8744058f5d8b248158d9,5f04159f52c645b6503f8744058f5d8b248158d9,e5f957a2b78b4a08cede2183cd59012f73beaffc38f0821d43bb458df08be222:5eb2ada6d8d007969c111064ae6c5de089e8bd61c0156cb49cc98484cea2b5d9,8fd25bd0c5f9a58d6c47bf4bc15d61c12c35fda575f2e88a11ed1b29a4dd4f8e,development+reused_validation,"{""base"": ""equal"", ""borrow_bps"": 50.0, ""cap"": 1.0, ""control"": ""asymmetric"", ""covariance_days"": 151, ""diagnostic"": ""lookback_high_base"", ""family"": ""ensemble"", ""har_train_min"": 605, ""lookback"": 76, ""overlay"": false, ""static_exposure"": null, ""target"": 0.1, ""threshold"": 0.05, ""trial_id"": ""E7"", ""universe"": [""SPY"", ""TLT"", ""GLD""]}",5.0 bp risky purchases+sales; borrow rf+50.0 bp,results/20261004T003708-e3127963/E7-lookback_high_base-2da48f75a2.csv,completed,No OOS retuning; diagnostic not eligible for selection,False
E7-trigger_low-9d288816c9,2026-10-04T00:44:37.069752+00:00,5f04159f52c645b6503f8744058f5d8b248158d9,5f04159f52c645b6503f8744058f5d8b248158d9,e5f957a2b78b4a08cede2183cd59012f73beaffc38f0821d43bb458df08be222:5eb2ada6d8d007969c111064ae6c5de089e8bd61c0156cb49cc98484cea2b5d9,ca0f16a6507e098592616c1d9a385b3f39af926b71b7e6d60f2a40687347b53a,development+reused_validation,"{""base"": ""equal"", ""borrow_bps"": 50.0, ""cap"": 1.0, ""control"": ""asymmetric"", ""covariance_days"": 126, ""diagnostic"": ""trigger_low"", ""family"": ""ensemble"", ""har_train_min"": 504, ""lookback"": 63, ""overlay"": true, ""static_exposure"": null, ""target"": 0.1, ""threshold"": 0.04, ""trial_id"": ""E7"", ""universe"": [""SPY"", ""TLT"", ""GLD""]}",5.0 bp risky purchases+sales; borrow rf+50.0 bp,results/20261004T003708-e3127963/E7-trigger_low-9d288816c9.csv,started,Attempt retained even if process fails,False
E7-trigger_low-9d288816c9,2026-10-04T00:44:37.069752+00:00,5f04159f52c645b6503f8744058f5d8b248158d9,5f04159f52c645b6503f8744058f5d8b248158d9,e5f957a2b78b4a08cede2183cd59012f73beaffc38f0821d43bb458df08be222:5eb2ada6d8d007969c111064ae6c5de089e8bd61c0156cb49cc98484cea2b5d9,ca0f16a6507e098592616c1d9a385b3f39af926b71b7e6d60f2a40687347b53a,development+reused_validation,"{""base"": ""equal"", ""borrow_bps"": 50.0, ""cap"": 1.0, ""control"": ""asymmetric"", ""covariance_days"": 126, ""diagnostic"": ""trigger_low"", ""family"": ""ensemble"", ""har_train_min"": 504, ""lookback"": 63, ""overlay"": true, ""static_exposure"": null, ""target"": 0.1, ""threshold"": 0.04, ""trial_id"": ""E7"", ""universe"": [""SPY"", ""TLT"", ""GLD""]}",5.0 bp risky purchases+sales; borrow rf+50.0 bp,results/20261004T003708-e3127963/E7-trigger_low-9d288816c9.csv,completed,No OOS retuning; diagnostic not eligible for selection,False
E7-trigger_low_base-c58ab517ef,2026-10-04T00:44:38.562908+00:00,5f04159f52c645b6503f8744058f5d8b248158d9,5f04159f52c645b6503f8744058f5d8b248158d9,e5f957a2b78b4a08cede2183cd59012f73beaffc38f0821d43bb458df08be222:5eb2ada6d8d007969c111064ae6c5de089e8bd61c0156cb49cc98484cea2b5d9,966370f1b4027a9e15f020276eb8cb00c6df7e2b4df014fbd733e5c0efcb793a,development+reused_validation,"{""base"": ""equal"", ""borrow_bps"": 50.0, ""cap"": 1.0, ""control"": ""asymmetric"", ""covariance_days"": 126, ""diagnostic"": ""trigger_low_base"", ""family"": ""ensemble"", ""har_train_min"": 504, ""lookback"": 63, ""overlay"": false, ""static_exposure"": null, ""target"": 0.1, ""threshold"": 0.04, ""trial_id"": ""E7"", ""universe"": [""SPY"", ""TLT"", ""GLD""]}",5.0 bp risky purchases+sales; borrow rf+50.0 bp,results/20261004T003708-e3127963/E7-trigger_low_base-c58ab517ef.csv,started,Attempt retained even if process fails,False
E7-trigger_low_base-c58ab517ef,2026-10-04T00:44:38.562908+00:00,5f04159f52c645b6503f8744058f5d8b248158d9,5f04159f52c645b6503f8744058f5d8b248158d9,e5f957a2b78b4a08cede2183cd59012f73beaffc38f0821d43bb458df08be222:5eb2ada6d8d007969c111064ae6c5de089e8bd61c0156cb49cc98484cea2b5d9,966370f1b4027a9e15f020276eb8cb00c6df7e2b4df014fbd733e5c0efcb793a,development+reused_validation,"{""base"": ""equal"", ""borrow_bps"": 50.0, ""cap"": 1.0, ""control"": ""asymmetric"", ""covariance_days"": 126, ""diagnostic"": ""trigger_low_base"", ""family"": ""ensemble"", ""har_train_min"": 504, ""lookback"": 63, ""overlay"": false, ""static_exposure"": null, ""target"": 0.1, ""threshold"": 0.04, ""trial_id"": ""E7"", ""universe"": [""SPY"", ""TLT"", ""GLD""]}",5.0 bp risky purchases+sales; borrow rf+50.0 bp,results/20261004T003708-e3127963/E7-trigger_low_base-c58ab517ef.csv,completed,No OOS retuning; diagnostic not eligible for selection,False
E7-trigger_high-d565d21d3c,2026-10-04T00:44:40.057049+00:00,5f04159f52c645b6503f8744058f5d8b248158d9,5f04159f52c645b6503f8744058f5d8b248158d9,e5f957a2b78b4a08cede2183cd59012f73beaffc38f0821d43bb458df08be222:5eb2ada6d8d007969c111064ae6c5de089e8bd61c0156cb49cc98484cea2b5d9,527c3130e3c86408a8156b343146b3bb8716d3cb0a6c440bd5a5bf24f045efdb,development+reused_validation,"{""base"": ""equal"", ""borrow_bps"": 50.0, ""cap"": 1.0, ""control"": ""asymmetric"", ""covariance_days"": 126, ""diagnostic"": ""trigger_high"", ""family"": ""ensemble"", ""har_train_min"": 504, ""lookback"": 63, ""overlay"": true, ""static_exposure"": null, ""target"": 0.1, ""threshold"": 0.06, ""trial_id"": ""E7"", ""universe"": [""SPY"", ""TLT"", ""GLD""]}",5.0 bp risky purchases+sales; borrow rf+50.0 bp,results/20261004T003708-e3127963/E7-trigger_high-d565d21d3c.csv,started,Attempt retained even if process fails,False
E7-trigger_high-d565d21d3c,2026-10-04T00:44:40.057049+00:00,5f04159f52c645b6503f8744058f5d8b248158d9,5f04159f52c645b6503f8744058f5d8b248158d9,e5f957a2b78b4a08cede2183cd59012f73beaffc38f0821d43bb458df08be222:5eb2ada6d8d007969c111064ae6c5de089e8bd61c0156cb49cc98484cea2b5d9,527c3130e3c86408a8156b343146b3bb8716d3cb0a6c440bd5a5bf24f045efdb,development+reused_validation,"{""base"": ""equal"", ""borrow_bps"": 50.0, ""cap"": 1.0, ""control"": ""asymmetric"", ""covariance_days"": 126, ""diagnostic"": ""trigger_high"", ""family"": ""ensemble"", ""har_train_min"": 504, ""lookback"": 63, ""overlay"": true, ""static_exposure"": null, ""target"": 0.1, ""threshold"": 0.06, ""trial_id"": ""E7"", ""universe"": [""SPY"", ""TLT"", ""GLD""]}",5.0 bp risky purchases+sales; borrow rf+50.0 bp,results/20261004T003708-e3127963/E7-trigger_high-d565d21d3c.csv,completed,No OOS retuning; diagnostic not eligible for selection,False
E7-trigger_high_base-8b9088393e,2026-10-04T00:44:41.536251+00:00,5f04159f52c645b6503f8744058f5d8b248158d9,5f04159f52c645b6503f8744058f5d8b248158d9,e5f957a2b78b4a08cede2183cd59012f73beaffc38f0821d43bb458df08be222:5eb2ada6d8d007969c111064ae6c5de089e8bd61c0156cb49cc98484cea2b5d9,d908f31034b308fed11e3395270432eaa98e2ab362ed0f9d43c4fb571ea0b0bc,development+reused_validation,"{""base"": ""equal"", ""borrow_bps"": 50.0, ""cap"": 1.0, ""control"": ""asymmetric"", ""covariance_days"": 126, ""diagnostic"": ""trigger_high_base"", ""family"": ""ensemble"", ""har_train_min"": 504, ""lookback"": 63, ""overlay"": false, ""static_exposure"": null, ""target"": 0.1, ""threshold"": 0.06, ""trial_id"": ""E7"", ""universe"": [""SPY"", ""TLT"", ""GLD""]}",5.0 bp risky purchases+sales; borrow rf+50.0 bp,results/20261004T003708-e3127963/E7-trigger_high_base-8b9088393e.csv,started,Attempt retained even if process fails,False
E7-trigger_high_base-8b9088393e,2026-10-04T00:44:41.536251+00:00,5f04159f52c645b6503f8744058f5d8b248158d9,5f04159f52c645b6503f8744058f5d8b248158d9,e5f957a2b78b4a08cede2183cd59012f73beaffc38f0821d43bb458df08be222:5eb2ada6d8d007969c111064ae6c5de089e8bd61c0156cb49cc98484cea2b5d9,d908f31034b308fed11e3395270432eaa98e2ab362ed0f9d43c4fb571ea0b0bc,development+reused_validation,"{""base"": ""equal"", ""borrow_bps"": 50.0, ""cap"": 1.0, ""control"": ""asymmetric"", ""covariance_days"": 126, ""diagnostic"": ""trigger_high_base"", ""family"": ""ensemble"", ""har_train_min"": 504, ""lookback"": 63, ""overlay"": false, ""static_exposure"": null, ""target"": 0.1, ""threshold"": 0.06, ""trial_id"": ""E7"", ""universe"": [""SPY"", ""TLT"", ""GLD""]}",5.0 bp risky purchases+sales; borrow rf+50.0 bp,results/20261004T003708-e3127963/E7-trigger_high_base-8b9088393e.csv,completed,No OOS retuning; diagnostic not eligible for selection,False
E8-double_cost-b007555964,2026-10-04T00:44:43.077545+00:00,5f04159f52c645b6503f8744058f5d8b248158d9,5f04159f52c645b6503f8744058f5d8b248158d9,e5f957a2b78b4a08cede2183cd59012f73beaffc38f0821d43bb458df08be222:5eb2ada6d8d007969c111064ae6c5de089e8bd61c0156cb49cc98484cea2b5d9,5d1deb3f753fd6c05190bfc8f234e8d267ecdddd7b50f3553c361206aa994703,development+reused_validation,"{""base"": ""equal"", ""borrow_bps"": 50.0, ""cap"": 1.25, ""control"": ""asymmetric"", ""covariance_days"": 126, ""diagnostic"": ""double_cost"", ""family"": ""ensemble"", ""har_train_min"": 504, ""lookback"": 63, ""overlay"": true, ""static_exposure"": null, ""target"": 0.1, ""threshold"": 0.05, ""trial_id"": ""E8"", ""universe"": [""SPY"", ""TLT"", ""GLD""]}",10 bp risky purchases+sales; borrow rf+50.0 bp,results/20261004T003708-e3127963/E8-double_cost-b007555964.csv,started,Attempt retained even if process fails,False
E8-double_cost-b007555964,2026-10-04T00:44:43.077545+00:00,5f04159f52c645b6503f8744058f5d8b248158d9,5f04159f52c645b6503f8744058f5d8b248158d9,e5f957a2b78b4a08cede2183cd59012f73beaffc38f0821d43bb458df08be222:5eb2ada6d8d007969c111064ae6c5de089e8bd61c0156cb49cc98484cea2b5d9,5d1deb3f753fd6c05190bfc8f234e8d267ecdddd7b50f3553c361206aa994703,development+reused_validation,"{""base"": ""equal"", ""borrow_bps"": 50.0, ""cap"": 1.25, ""control"": ""asymmetric"", ""covariance_days"": 126, ""diagnostic"": ""double_cost"", ""family"": ""ensemble"", ""har_train_min"": 504, ""lookback"": 63, ""overlay"": true, ""static_exposure"": null, ""target"": 0.1, ""threshold"": 0.05, ""trial_id"": ""E8"", ""universe"": [""SPY"", ""TLT"", ""GLD""]}",10 bp risky purchases+sales; borrow rf+50.0 bp,results/20261004T003708-e3127963/E8-double_cost-b007555964.csv,completed,No OOS retuning; diagnostic not eligible for selection,False
E8-double_cost_base-ee5eceb2f6,2026-10-04T00:44:45.361887+00:00,5f04159f52c645b6503f8744058f5d8b248158d9,5f04159f52c645b6503f8744058f5d8b248158d9,e5f957a2b78b4a08cede2183cd59012f73beaffc38f0821d43bb458df08be222:5eb2ada6d8d007969c111064ae6c5de089e8bd61c0156cb49cc98484cea2b5d9,125e8bd816d6f6e4d4a5eefbb31000a3ec3ca1203745bcd015b37fd6977871ac,development+reused_validation,"{""base"": ""equal"", ""borrow_bps"": 50.0, ""cap"": 1.25, ""control"": ""asymmetric"", ""covariance_days"": 126, ""diagnostic"": ""double_cost_base"", ""family"": ""ensemble"", ""har_train_min"": 504, ""lookback"": 63, ""overlay"": false, ""static_exposure"": null, ""target"": 0.1, ""threshold"": 0.05, ""trial_id"": ""E8"", ""universe"": [""SPY"", ""TLT"", ""GLD""]}",10 bp risky purchases+sales; borrow rf+50.0 bp,results/20261004T003708-e3127963/E8-double_cost_base-ee5eceb2f6.csv,started,Attempt retained even if process fails,False
E8-double_cost_base-ee5eceb2f6,2026-10-04T00:44:45.361887+00:00,5f04159f52c645b6503f8744058f5d8b248158d9,5f04159f52c645b6503f8744058f5d8b248158d9,e5f957a2b78b4a08cede2183cd59012f73beaffc38f0821d43bb458df08be222:5eb2ada6d8d007969c111064ae6c5de089e8bd61c0156cb49cc98484cea2b5d9,125e8bd816d6f6e4d4a5eefbb31000a3ec3ca1203745bcd015b37fd6977871ac,development+reused_validation,"{""base"": ""equal"", ""borrow_bps"": 50.0, ""cap"": 1.25, ""control"": ""asymmetric"", ""covariance_days"": 126, ""diagnostic"": ""double_cost_base"", ""family"": ""ensemble"", ""har_train_min"": 504, ""lookback"": 63, ""overlay"": false, ""static_exposure"": null, ""target"": 0.1, ""threshold"": 0.05, ""trial_id"": ""E8"", ""universe"": [""SPY"", ""TLT"", ""GLD""]}",10 bp risky purchases+sales; borrow rf+50.0 bp,results/20261004T003708-e3127963/E8-double_cost_base-ee5eceb2f6.csv,completed,No OOS retuning; diagnostic not eligible for selection,False
E8-target_low-39321011cd,2026-10-04T00:44:47.052149+00:00,5f04159f52c645b6503f8744058f5d8b248158d9,5f04159f52c645b6503f8744058f5d8b248158d9,e5f957a2b78b4a08cede2183cd59012f73beaffc38f0821d43bb458df08be222:5eb2ada6d8d007969c111064ae6c5de089e8bd61c0156cb49cc98484cea2b5d9,cb7d448efe1b01832defdcbfd2b44a91d2afe9ee493726e1071e95d4bb1a9178,development+reused_validation,"{""base"": ""equal"", ""borrow_bps"": 50.0, ""cap"": 1.25, ""control"": ""asymmetric"", ""covariance_days"": 126, ""diagnostic"": ""target_low"", ""family"": ""ensemble"", ""har_train_min"": 504, ""lookback"": 63, ""overlay"": true, ""static_exposure"": null, ""target"": 0.09000000000000001, ""threshold"": 0.05, ""trial_id"": ""E8"", ""universe"": [""SPY"", ""TLT"", ""GLD""]}",5.0 bp risky purchases+sales; borrow rf+50.0 bp,results/20261004T003708-e3127963/E8-target_low-39321011cd.csv,started,Attempt retained even if process fails,False
E8-target_low-39321011cd,2026-10-04T00:44:47.052149+00:00,5f04159f52c645b6503f8744058f5d8b248158d9,5f04159f52c645b6503f8744058f5d8b248158d9,e5f957a2b78b4a08cede2183cd59012f73beaffc38f0821d43bb458df08be222:5eb2ada6d8d007969c111064ae6c5de089e8bd61c0156cb49cc98484cea2b5d9,cb7d448efe1b01832defdcbfd2b44a91d2afe9ee493726e1071e95d4bb1a9178,development+reused_validation,"{""base"": ""equal"", ""borrow_bps"": 50.0, ""cap"": 1.25, ""control"": ""asymmetric"", ""covariance_days"": 126, ""diagnostic"": ""target_low"", ""family"": ""ensemble"", ""har_train_min"": 504, ""lookback"": 63, ""overlay"": true, ""static_exposure"": null, ""target"": 0.09000000000000001, ""threshold"": 0.05, ""trial_id"": ""E8"", ""universe"": [""SPY"", ""TLT"", ""GLD""]}",5.0 bp risky purchases+sales; borrow rf+50.0 bp,results/20261004T003708-e3127963/E8-target_low-39321011cd.csv,completed,No OOS retuning; diagnostic not eligible for selection,False
E8-target_low_base-b8dd5253cb,2026-10-04T00:44:49.291940+00:00,5f04159f52c645b6503f8744058f5d8b248158d9,5f04159f52c645b6503f8744058f5d8b248158d9,e5f957a2b78b4a08cede2183cd59012f73beaffc38f0821d43bb458df08be222:5eb2ada6d8d007969c111064ae6c5de089e8bd61c0156cb49cc98484cea2b5d9,8da881a9fc9709c69ec4bcbb2919a83397ecefb2f76b1444a2ab0eca92523c82,development+reused_validation,"{""base"": ""equal"", ""borrow_bps"": 50.0, ""cap"": 1.25, ""control"": ""asymmetric"", ""covariance_days"": 126, ""diagnostic"": ""target_low_base"", ""family"": ""ensemble"", ""har_train_min"": 504, ""lookback"": 63, ""overlay"": false, ""static_exposure"": null, ""target"": 0.09000000000000001, ""threshold"": 0.05, ""trial_id"": ""E8"", ""universe"": [""SPY"", ""TLT"", ""GLD""]}",5.0 bp risky purchases+sales; borrow rf+50.0 bp,results/20261004T003708-e3127963/E8-target_low_base-b8dd5253cb.csv,started,Attempt retained even if process fails,False
E8-target_low_base-b8dd5253cb,2026-10-04T00:44:49.291940+00:00,5f04159f52c645b6503f8744058f5d8b248158d9,5f04159f52c645b6503f8744058f5d8b248158d9,e5f957a2b78b4a08cede2183cd59012f73beaffc38f0821d43bb458df08be222:5eb2ada6d8d007969c111064ae6c5de089e8bd61c0156cb49cc98484cea2b5d9,8da881a9fc9709c69ec4bcbb2919a83397ecefb2f76b1444a2ab0eca92523c82,development+reused_validation,"{""base"": ""equal"", ""borrow_bps"": 50.0, ""cap"": 1.25, ""control"": ""asymmetric"", ""covariance_days"": 126, ""diagnostic"": ""target_low_base"", ""family"": ""ensemble"", ""har_train_min"": 504, ""lookback"": 63, ""overlay"": false, ""static_exposure"": null, ""target"": 0.09000000000000001, ""threshold"": 0.05, ""trial_id"": ""E8"", ""universe"": [""SPY"", ""TLT"", ""GLD""]}",5.0 bp risky purchases+sales; borrow rf+50.0 bp,results/20261004T003708-e3127963/E8-target_low_base-b8dd5253cb.csv,completed,No OOS retuning; diagnostic not eligible for selection,False
E8-target_high-149c5a0d3d,2026-10-04T00:44:50.806942+00:00,5f04159f52c645b6503f8744058f5d8b248158d9,5f04159f52c645b6503f8744058f5d8b248158d9,e5f957a2b78b4a08cede2183cd59012f73beaffc38f0821d43bb458df08be222:5eb2ada6d8d007969c111064ae6c5de089e8bd61c0156cb49cc98484cea2b5d9,3d48f03d284cd4bd1d5f92b77f68426515f78105d8b00e0ce902e381839cc2ac,development+reused_validation,"{""base"": ""equal"", ""borrow_bps"": 50.0, ""cap"": 1.25, ""control"": ""asymmetric"", ""covariance_days"": 126, ""diagnostic"": ""target_high"", ""family"": ""ensemble"", ""har_train_min"": 504, ""lookback"": 63, ""overlay"": true, ""static_exposure"": null, ""target"": 0.11, ""threshold"": 0.05, ""trial_id"": ""E8"", ""universe"": [""SPY"", ""TLT"", ""GLD""]}",5.0 bp risky purchases+sales; borrow rf+50.0 bp,results/20261004T003708-e3127963/E8-target_high-149c5a0d3d.csv,started,Attempt retained even if process fails,False
E8-target_high-149c5a0d3d,2026-10-04T00:44:50.806942+00:00,5f04159f52c645b6503f8744058f5d8b248158d9,5f04159f52c645b6503f8744058f5d8b248158d9,e5f957a2b78b4a08cede2183cd59012f73beaffc38f0821d43bb458df08be222:5eb2ada6d8d007969c111064ae6c5de089e8bd61c0156cb49cc98484cea2b5d9,3d48f03d284cd4bd1d5f92b77f68426515f78105d8b00e0ce902e381839cc2ac,development+reused_validation,"{""base"": ""equal"", ""borrow_bps"": 50.0, ""cap"": 1.25, ""control"": ""asymmetric"", ""covariance_days"": 126, ""diagnostic"": ""target_high"", ""family"": ""ensemble"", ""har_train_min"": 504, ""lookback"": 63, ""overlay"": true, ""static_exposure"": null, ""target"": 0.11, ""threshold"": 0.05, ""trial_id"": ""E8"", ""universe"": [""SPY"", ""TLT"", ""GLD""]}",5.0 bp risky purchases+sales; borrow rf+50.0 bp,results/20261004T003708-e3127963/E8-target_high-149c5a0d3d.csv,completed,No OOS retuning; diagnostic not eligible for selection,False
E8-target_high_base-7241adb06f,2026-10-04T00:44:53.458766+00:00,5f04159f52c645b6503f8744058f5d8b248158d9,5f04159f52c645b6503f8744058f5d8b248158d9,e5f957a2b78b4a08cede2183cd59012f73beaffc38f0821d43bb458df08be222:5eb2ada6d8d007969c111064ae6c5de089e8bd61c0156cb49cc98484cea2b5d9,47b480f274039e8f0189ebb2ce815d305ae9c9555f7131f9166b2da39234cf05,development+reused_validation,"{""base"": ""equal"", ""borrow_bps"": 50.0, ""cap"": 1.25, ""control"": ""asymmetric"", ""covariance_days"": 126, ""diagnostic"": ""target_high_base"", ""family"": ""ensemble"", ""har_train_min"": 504, ""lookback"": 63, ""overlay"": false, ""static_exposure"": null, ""target"": 0.11, ""threshold"": 0.05, ""trial_id"": ""E8"", ""universe"": [""SPY"", ""TLT"", ""GLD""]}",5.0 bp risky purchases+sales; borrow rf+50.0 bp,results/20261004T003708-e3127963/E8-target_high_base-7241adb06f.csv,started,Attempt retained even if process fails,False
E8-target_high_base-7241adb06f,2026-10-04T00:44:53.458766+00:00,5f04159f52c645b6503f8744058f5d8b248158d9,5f04159f52c645b6503f8744058f5d8b248158d9,e5f957a2b78b4a08cede2183cd59012f73beaffc38f0821d43bb458df08be222:5eb2ada6d8d007969c111064ae6c5de089e8bd61c0156cb49cc98484cea2b5d9,47b480f274039e8f0189ebb2ce815d305ae9c9555f7131f9166b2da39234cf05,development+reused_validation,"{""base"": ""equal"", ""borrow_bps"": 50.0, ""cap"": 1.25, ""control"": ""asymmetric"", ""covariance_days"": 126, ""diagnostic"": ""target_high_base"", ""family"": ""ensemble"", ""har_train_min"": 504, ""lookback"": 63, ""overlay"": false, ""static_exposure"": null, ""target"": 0.11, ""threshold"": 0.05, ""trial_id"": ""E8"", ""universe"": [""SPY"", ""TLT"", ""GLD""]}",5.0 bp risky purchases+sales; borrow rf+50.0 bp,results/20261004T003708-e3127963/E8-target_high_base-7241adb06f.csv,completed,No OOS retuning; diagnostic not eligible for selection,False
E8-lookback_low-9cdafc13b2,2026-10-04T00:44:54.956446+00:00,5f04159f52c645b6503f8744058f5d8b248158d9,5f04159f52c645b6503f8744058f5d8b248158d9,e5f957a2b78b4a08cede2183cd59012f73beaffc38f0821d43bb458df08be222:5eb2ada6d8d007969c111064ae6c5de089e8bd61c0156cb49cc98484cea2b5d9,353ce3c82dbacd74c9c86f90843713b4976c270d8d0c0e10c7c00cad5080b4f3,development+reused_validation,"{""base"": ""equal"", ""borrow_bps"": 50.0, ""cap"": 1.25, ""control"": ""asymmetric"", ""covariance_days"": 101, ""diagnostic"": ""lookback_low"", ""family"": ""ensemble"", ""har_train_min"": 403, ""lookback"": 50, ""overlay"": true, ""static_exposure"": null, ""target"": 0.1, ""threshold"": 0.05, ""trial_id"": ""E8"", ""universe"": [""SPY"", ""TLT"", ""GLD""]}",5.0 bp risky purchases+sales; borrow rf+50.0 bp,results/20261004T003708-e3127963/E8-lookback_low-9cdafc13b2.csv,started,Attempt retained even if process fails,False
E8-lookback_low-9cdafc13b2,2026-10-04T00:44:54.956446+00:00,5f04159f52c645b6503f8744058f5d8b248158d9,5f04159f52c645b6503f8744058f5d8b248158d9,e5f957a2b78b4a08cede2183cd59012f73beaffc38f0821d43bb458df08be222:5eb2ada6d8d007969c111064ae6c5de089e8bd61c0156cb49cc98484cea2b5d9,353ce3c82dbacd74c9c86f90843713b4976c270d8d0c0e10c7c00cad5080b4f3,development+reused_validation,"{""base"": ""equal"", ""borrow_bps"": 50.0, ""cap"": 1.25, ""control"": ""asymmetric"", ""covariance_days"": 101, ""diagnostic"": ""lookback_low"", ""family"": ""ensemble"", ""har_train_min"": 403, ""lookback"": 50, ""overlay"": true, ""static_exposure"": null, ""target"": 0.1, ""threshold"": 0.05, ""trial_id"": ""E8"", ""universe"": [""SPY"", ""TLT"", ""GLD""]}",5.0 bp risky purchases+sales; borrow rf+50.0 bp,results/20261004T003708-e3127963/E8-lookback_low-9cdafc13b2.csv,completed,No OOS retuning; diagnostic not eligible for selection,False
E8-lookback_low_base-659cd6bb3b,2026-10-04T00:44:57.231106+00:00,5f04159f52c645b6503f8744058f5d8b248158d9,5f04159f52c645b6503f8744058f5d8b248158d9,e5f957a2b78b4a08cede2183cd59012f73beaffc38f0821d43bb458df08be222:5eb2ada6d8d007969c111064ae6c5de089e8bd61c0156cb49cc98484cea2b5d9,ee7d050c7261dfde13426efb4930d926dbecffb4613d66fb8b934f98e0f4c7c9,development+reused_validation,"{""base"": ""equal"", ""borrow_bps"": 50.0, ""cap"": 1.25, ""control"": ""asymmetric"", ""covariance_days"": 101, ""diagnostic"": ""lookback_low_base"", ""family"": ""ensemble"", ""har_train_min"": 403, ""lookback"": 50, ""overlay"": false, ""static_exposure"": null, ""target"": 0.1, ""threshold"": 0.05, ""trial_id"": ""E8"", ""universe"": [""SPY"", ""TLT"", ""GLD""]}",5.0 bp risky purchases+sales; borrow rf+50.0 bp,results/20261004T003708-e3127963/E8-lookback_low_base-659cd6bb3b.csv,started,Attempt retained even if process fails,False
E8-lookback_low_base-659cd6bb3b,2026-10-04T00:44:57.231106+00:00,5f04159f52c645b6503f8744058f5d8b248158d9,5f04159f52c645b6503f8744058f5d8b248158d9,e5f957a2b78b4a08cede2183cd59012f73beaffc38f0821d43bb458df08be222:5eb2ada6d8d007969c111064ae6c5de089e8bd61c0156cb49cc98484cea2b5d9,ee7d050c7261dfde13426efb4930d926dbecffb4613d66fb8b934f98e0f4c7c9,development+reused_validation,"{""base"": ""equal"", ""borrow_bps"": 50.0, ""cap"": 1.25, ""control"": ""asymmetric"", ""covariance_days"": 101, ""diagnostic"": ""lookback_low_base"", ""family"": ""ensemble"", ""har_train_min"": 403, ""lookback"": 50, ""overlay"": false, ""static_exposure"": null, ""target"": 0.1, ""threshold"": 0.05, ""trial_id"": ""E8"", ""universe"": [""SPY"", ""TLT"", ""GLD""]}",5.0 bp risky purchases+sales; borrow rf+50.0 bp,results/20261004T003708-e3127963/E8-lookback_low_base-659cd6bb3b.csv,completed,No OOS retuning; diagnostic not eligible for selection,False
E8-lookback_high-41d58a63d4,2026-10-04T00:44:58.752084+00:00,5f04159f52c645b6503f8744058f5d8b248158d9,5f04159f52c645b6503f8744058f5d8b248158d9,e5f957a2b78b4a08cede2183cd59012f73beaffc38f0821d43bb458df08be222:5eb2ada6d8d007969c111064ae6c5de089e8bd61c0156cb49cc98484cea2b5d9,35961e21ace6c6c939f7c340c307fa0cccd01ed409181dcb1a520bba94b9e0b0,development+reused_validation,"{""base"": ""equal"", ""borrow_bps"": 50.0, ""cap"": 1.25, ""control"": ""asymmetric"", ""covariance_days"": 151, ""diagnostic"": ""lookback_high"", ""family"": ""ensemble"", ""har_train_min"": 605, ""lookback"": 76, ""overlay"": true, ""static_exposure"": null, ""target"": 0.1, ""threshold"": 0.05, ""trial_id"": ""E8"", ""universe"": [""SPY"", ""TLT"", ""GLD""]}",5.0 bp risky purchases+sales; borrow rf+50.0 bp,results/20261004T003708-e3127963/E8-lookback_high-41d58a63d4.csv,started,Attempt retained even if process fails,False
E8-lookback_high-41d58a63d4,2026-10-04T00:44:58.752084+00:00,5f04159f52c645b6503f8744058f5d8b248158d9,5f04159f52c645b6503f8744058f5d8b248158d9,e5f957a2b78b4a08cede2183cd59012f73beaffc38f0821d43bb458df08be222:5eb2ada6d8d007969c111064ae6c5de089e8bd61c0156cb49cc98484cea2b5d9,35961e21ace6c6c939f7c340c307fa0cccd01ed409181dcb1a520bba94b9e0b0,development+reused_validation,"{""base"": ""equal"", ""borrow_bps"": 50.0, ""cap"": 1.25, ""control"": ""asymmetric"", ""covariance_days"": 151, ""diagnostic"": ""lookback_high"", ""family"": ""ensemble"", ""har_train_min"": 605, ""lookback"": 76, ""overlay"": true, ""static_exposure"": null, ""target"": 0.1, ""threshold"": 0.05, ""trial_id"": ""E8"", ""universe"": [""SPY"", ""TLT"", ""GLD""]}",5.0 bp risky purchases+sales; borrow rf+50.0 bp,results/20261004T003708-e3127963/E8-lookback_high-41d58a63d4.csv,completed,No OOS retuning; diagnostic not eligible for selection,False
E8-lookback_high_base-fe88b68b78,2026-10-04T00:45:01.056522+00:00,5f04159f52c645b6503f8744058f5d8b248158d9,5f04159f52c645b6503f8744058f5d8b248158d9,e5f957a2b78b4a08cede2183cd59012f73beaffc38f0821d43bb458df08be222:5eb2ada6d8d007969c111064ae6c5de089e8bd61c0156cb49cc98484cea2b5d9,03cea3db6755e5bbc24b9d973a18814dd35b956cdd0ce756ba28d27f9eba4644,development+reused_validation,"{""base"": ""equal"", ""borrow_bps"": 50.0, ""cap"": 1.25, ""control"": ""asymmetric"", ""covariance_days"": 151, ""diagnostic"": ""lookback_high_base"", ""family"": ""ensemble"", ""har_train_min"": 605, ""lookback"": 76, ""overlay"": false, ""static_exposure"": null, ""target"": 0.1, ""threshold"": 0.05, ""trial_id"": ""E8"", ""universe"": [""SPY"", ""TLT"", ""GLD""]}",5.0 bp risky purchases+sales; borrow rf+50.0 bp,results/20261004T003708-e3127963/E8-lookback_high_base-fe88b68b78.csv,started,Attempt retained even if process fails,False
E8-lookback_high_base-fe88b68b78,2026-10-04T00:45:01.056522+00:00,5f04159f52c645b6503f8744058f5d8b248158d9,5f04159f52c645b6503f8744058f5d8b248158d9,e5f957a2b78b4a08cede2183cd59012f73beaffc38f0821d43bb458df08be222:5eb2ada6d8d007969c111064ae6c5de089e8bd61c0156cb49cc98484cea2b5d9,03cea3db6755e5bbc24b9d973a18814dd35b956cdd0ce756ba28d27f9eba4644,development+reused_validation,"{""base"": ""equal"", ""borrow_bps"": 50.0, ""cap"": 1.25, ""control"": ""asymmetric"", ""covariance_days"": 151, ""diagnostic"": ""lookback_high_base"", ""family"": ""ensemble"", ""har_train_min"": 605, ""lookback"": 76, ""overlay"": false, ""static_exposure"": null, ""target"": 0.1, ""threshold"": 0.05, ""trial_id"": ""E8"", ""universe"": [""SPY"", ""TLT"", ""GLD""]}",5.0 bp risky purchases+sales; borrow rf+50.0 bp,results/20261004T003708-e3127963/E8-lookback_high_base-fe88b68b78.csv,completed,No OOS retuning; diagnostic not eligible for selection,False
E8-trigger_low-0c07e15a20,2026-10-04T00:45:02.538618+00:00,5f04159f52c645b6503f8744058f5d8b248158d9,5f04159f52c645b6503f8744058f5d8b248158d9,e5f957a2b78b4a08cede2183cd59012f73beaffc38f0821d43bb458df08be222:5eb2ada6d8d007969c111064ae6c5de089e8bd61c0156cb49cc98484cea2b5d9,eb810b74a7f52a8d53cd79d252f0fc0bd77c175b79cdda79baa96c5d5bbeb499,development+reused_validation,"{""base"": ""equal"", ""borrow_bps"": 50.0, ""cap"": 1.25, ""control"": ""asymmetric"", ""covariance_days"": 126, ""diagnostic"": ""trigger_low"", ""family"": ""ensemble"", ""har_train_min"": 504, ""lookback"": 63, ""overlay"": true, ""static_exposure"": null, ""target"": 0.1, ""threshold"": 0.04, ""trial_id"": ""E8"", ""universe"": [""SPY"", ""TLT"", ""GLD""]}",5.0 bp risky purchases+sales; borrow rf+50.0 bp,results/20261004T003708-e3127963/E8-trigger_low-0c07e15a20.csv,started,Attempt retained even if process fails,False
E8-trigger_low-0c07e15a20,2026-10-04T00:45:02.538618+00:00,5f04159f52c645b6503f8744058f5d8b248158d9,5f04159f52c645b6503f8744058f5d8b248158d9,e5f957a2b78b4a08cede2183cd59012f73beaffc38f0821d43bb458df08be222:5eb2ada6d8d007969c111064ae6c5de089e8bd61c0156cb49cc98484cea2b5d9,eb810b74a7f52a8d53cd79d252f0fc0bd77c175b79cdda79baa96c5d5bbeb499,development+reused_validation,"{""base"": ""equal"", ""borrow_bps"": 50.0, ""cap"": 1.25, ""control"": ""asymmetric"", ""covariance_days"": 126, ""diagnostic"": ""trigger_low"", ""family"": ""ensemble"", ""har_train_min"": 504, ""lookback"": 63, ""overlay"": true, ""static_exposure"": null, ""target"": 0.1, ""threshold"": 0.04, ""trial_id"": ""E8"", ""universe"": [""SPY"", ""TLT"", ""GLD""]}",5.0 bp risky purchases+sales; borrow rf+50.0 bp,results/20261004T003708-e3127963/E8-trigger_low-0c07e15a20.csv,completed,No OOS retuning; diagnostic not eligible for selection,False
E8-trigger_low_base-bbf9364a56,2026-10-04T00:45:04.880502+00:00,5f04159f52c645b6503f8744058f5d8b248158d9,5f04159f52c645b6503f8744058f5d8b248158d9,e5f957a2b78b4a08cede2183cd59012f73beaffc38f0821d43bb458df08be222:5eb2ada6d8d007969c111064ae6c5de089e8bd61c0156cb49cc98484cea2b5d9,894296526ca3abc8b1035c94d423b1efb47d034d515342ff59d741a63e7c1cc0,development+reused_validation,"{""base"": ""equal"", ""borrow_bps"": 50.0, ""cap"": 1.25, ""control"": ""asymmetric"", ""covariance_days"": 126, ""diagnostic"": ""trigger_low_base"", ""family"": ""ensemble"", ""har_train_min"": 504, ""lookback"": 63, ""overlay"": false, ""static_exposure"": null, ""target"": 0.1, ""threshold"": 0.04, ""trial_id"": ""E8"", ""universe"": [""SPY"", ""TLT"", ""GLD""]}",5.0 bp risky purchases+sales; borrow rf+50.0 bp,results/20261004T003708-e3127963/E8-trigger_low_base-bbf9364a56.csv,started,Attempt retained even if process fails,False
E8-trigger_low_base-bbf9364a56,2026-10-04T00:45:04.880502+00:00,5f04159f52c645b6503f8744058f5d8b248158d9,5f04159f52c645b6503f8744058f5d8b248158d9,e5f957a2b78b4a08cede2183cd59012f73beaffc38f0821d43bb458df08be222:5eb2ada6d8d007969c111064ae6c5de089e8bd61c0156cb49cc98484cea2b5d9,894296526ca3abc8b1035c94d423b1efb47d034d515342ff59d741a63e7c1cc0,development+reused_validation,"{""base"": ""equal"", ""borrow_bps"": 50.0, ""cap"": 1.25, ""control"": ""asymmetric"", ""covariance_days"": 126, ""diagnostic"": ""trigger_low_base"", ""family"": ""ensemble"", ""har_train_min"": 504, ""lookback"": 63, ""overlay"": false, ""static_exposure"": null, ""target"": 0.1, ""threshold"": 0.04, ""trial_id"": ""E8"", ""universe"": [""SPY"", ""TLT"", ""GLD""]}",5.0 bp risky purchases+sales; borrow rf+50.0 bp,results/20261004T003708-e3127963/E8-trigger_low_base-bbf9364a56.csv,completed,No OOS retuning; diagnostic not eligible for selection,False
E8-trigger_high-2e55ed64bc,2026-10-04T00:45:06.372974+00:00,5f04159f52c645b6503f8744058f5d8b248158d9,5f04159f52c645b6503f8744058f5d8b248158d9,e5f957a2b78b4a08cede2183cd59012f73beaffc38f0821d43bb458df08be222:5eb2ada6d8d007969c111064ae6c5de089e8bd61c0156cb49cc98484cea2b5d9,e5820f860cdc7eb7b651a91a6b77eca24933b66a1daf8757f5bd1814d59b5ef2,development+reused_validation,"{""base"": ""equal"", ""borrow_bps"": 50.0, ""cap"": 1.25, ""control"": ""asymmetric"", ""covariance_days"": 126, ""diagnostic"": ""trigger_high"", ""family"": ""ensemble"", ""har_train_min"": 504, ""lookback"": 63, ""overlay"": true, ""static_exposure"": null, ""target"": 0.1, ""threshold"": 0.06, ""trial_id"": ""E8"", ""universe"": [""SPY"", ""TLT"", ""GLD""]}",5.0 bp risky purchases+sales; borrow rf+50.0 bp,results/20261004T003708-e3127963/E8-trigger_high-2e55ed64bc.csv,started,Attempt retained even if process fails,False
E8-trigger_high-2e55ed64bc,2026-10-04T00:45:06.372974+00:00,5f04159f52c645b6503f8744058f5d8b248158d9,5f04159f52c645b6503f8744058f5d8b248158d9,e5f957a2b78b4a08cede2183cd59012f73beaffc38f0821d43bb458df08be222:5eb2ada6d8d007969c111064ae6c5de089e8bd61c0156cb49cc98484cea2b5d9,e5820f860cdc7eb7b651a91a6b77eca24933b66a1daf8757f5bd1814d59b5ef2,development+reused_validation,"{""base"": ""equal"", ""borrow_bps"": 50.0, ""cap"": 1.25, ""control"": ""asymmetric"", ""covariance_days"": 126, ""diagnostic"": ""trigger_high"", ""family"": ""ensemble"", ""har_train_min"": 504, ""lookback"": 63, ""overlay"": true, ""static_exposure"": null, ""target"": 0.1, ""threshold"": 0.06, ""trial_id"": ""E8"", ""universe"": [""SPY"", ""TLT"", ""GLD""]}",5.0 bp risky purchases+sales; borrow rf+50.0 bp,results/20261004T003708-e3127963/E8-trigger_high-2e55ed64bc.csv,completed,No OOS retuning; diagnostic not eligible for selection,False
E8-trigger_high_base-67fb8fef07,2026-10-04T00:45:08.640326+00:00,5f04159f52c645b6503f8744058f5d8b248158d9,5f04159f52c645b6503f8744058f5d8b248158d9,e5f957a2b78b4a08cede2183cd59012f73beaffc38f0821d43bb458df08be222:5eb2ada6d8d007969c111064ae6c5de089e8bd61c0156cb49cc98484cea2b5d9,0e8a896a27b5893e04504719e4b1c935967a4192d3b72622221577fbd32cc240,development+reused_validation,"{""base"": ""equal"", ""borrow_bps"": 50.0, ""cap"": 1.25, ""control"": ""asymmetric"", ""covariance_days"": 126, ""diagnostic"": ""trigger_high_base"", ""family"": ""ensemble"", ""har_train_min"": 504, ""lookback"": 63, ""overlay"": false, ""static_exposure"": null, ""target"": 0.1, ""threshold"": 0.06, ""trial_id"": ""E8"", ""universe"": [""SPY"", ""TLT"", ""GLD""]}",5.0 bp risky purchases+sales; borrow rf+50.0 bp,results/20261004T003708-e3127963/E8-trigger_high_base-67fb8fef07.csv,started,Attempt retained even if process fails,False
E8-trigger_high_base-67fb8fef07,2026-10-04T00:45:08.640326+00:00,5f04159f52c645b6503f8744058f5d8b248158d9,5f04159f52c645b6503f8744058f5d8b248158d9,e5f957a2b78b4a08cede2183cd59012f73beaffc38f0821d43bb458df08be222:5eb2ada6d8d007969c111064ae6c5de089e8bd61c0156cb49cc98484cea2b5d9,0e8a896a27b5893e04504719e4b1c935967a4192d3b72622221577fbd32cc240,development+reused_validation,"{""base"": ""equal"", ""borrow_bps"": 50.0, ""cap"": 1.25, ""control"": ""asymmetric"", ""covariance_days"": 126, ""diagnostic"": ""trigger_high_base"", ""family"": ""ensemble"", ""har_train_min"": 504, ""lookback"": 63, ""overlay"": false, ""static_exposure"": null, ""target"": 0.1, ""threshold"": 0.06, ""trial_id"": ""E8"", ""universe"": [""SPY"", ""TLT"", ""GLD""]}",5.0 bp risky purchases+sales; borrow rf+50.0 bp,results/20261004T003708-e3127963/E8-trigger_high_base-67fb8fef07.csv,completed,No OOS retuning; diagnostic not eligible for selection,False
E7-cost_0-d8311b0df9,2026-10-04T00:45:12.088166+00:00,5f04159f52c645b6503f8744058f5d8b248158d9,5f04159f52c645b6503f8744058f5d8b248158d9,e5f957a2b78b4a08cede2183cd59012f73beaffc38f0821d43bb458df08be222:5eb2ada6d8d007969c111064ae6c5de089e8bd61c0156cb49cc98484cea2b5d9,fde86d9a18ef8c73e4d0f04c7805ac6c24b6fbbc7ac59310ca6d4c77f0f85df4,development+reused_validation,"{""base"": ""equal"", ""borrow_bps"": 50.0, ""cap"": 1.0, ""control"": ""asymmetric"", ""covariance_days"": 126, ""diagnostic"": ""cost_0"", ""family"": ""ensemble"", ""har_train_min"": 504, ""lookback"": 63, ""overlay"": true, ""static_exposure"": null, ""target"": 0.1, ""threshold"": 0.05, ""trial_id"": ""E7"", ""universe"": [""SPY"", ""TLT"", ""GLD""]}",0 bp risky purchases+sales; borrow rf+50.0 bp,results/20261004T003708-e3127963/E7-cost_0-d8311b0df9.csv,started,Attempt retained even if process fails,False
E7-cost_0-d8311b0df9,2026-10-04T00:45:12.088166+00:00,5f04159f52c645b6503f8744058f5d8b248158d9,5f04159f52c645b6503f8744058f5d8b248158d9,e5f957a2b78b4a08cede2183cd59012f73beaffc38f0821d43bb458df08be222:5eb2ada6d8d007969c111064ae6c5de089e8bd61c0156cb49cc98484cea2b5d9,fde86d9a18ef8c73e4d0f04c7805ac6c24b6fbbc7ac59310ca6d4c77f0f85df4,development+reused_validation,"{""base"": ""equal"", ""borrow_bps"": 50.0, ""cap"": 1.0, ""control"": ""asymmetric"", ""covariance_days"": 126, ""diagnostic"": ""cost_0"", ""family"": ""ensemble"", ""har_train_min"": 504, ""lookback"": 63, ""overlay"": true, ""static_exposure"": null, ""target"": 0.1, ""threshold"": 0.05, ""trial_id"": ""E7"", ""universe"": [""SPY"", ""TLT"", ""GLD""]}",0 bp risky purchases+sales; borrow rf+50.0 bp,results/20261004T003708-e3127963/E7-cost_0-d8311b0df9.csv,completed,No OOS retuning; diagnostic not eligible for selection,False
E7-cost_2-a55fd9f534,2026-10-04T00:45:13.641317+00:00,5f04159f52c645b6503f8744058f5d8b248158d9,5f04159f52c645b6503f8744058f5d8b248158d9,e5f957a2b78b4a08cede2183cd59012f73beaffc38f0821d43bb458df08be222:5eb2ada6d8d007969c111064ae6c5de089e8bd61c0156cb49cc98484cea2b5d9,cd01bf332e0baf7741f5df449cd1569e284108f77ed26c260a6e7363a254d7a0,development+reused_validation,"{""base"": ""equal"", ""borrow_bps"": 50.0, ""cap"": 1.0, ""control"": ""asymmetric"", ""covariance_days"": 126, ""diagnostic"": ""cost_2"", ""family"": ""ensemble"", ""har_train_min"": 504, ""lookback"": 63, ""overlay"": true, ""static_exposure"": null, ""target"": 0.1, ""threshold"": 0.05, ""trial_id"": ""E7"", ""universe"": [""SPY"", ""TLT"", ""GLD""]}",2 bp risky purchases+sales; borrow rf+50.0 bp,results/20261004T003708-e3127963/E7-cost_2-a55fd9f534.csv,started,Attempt retained even if process fails,False
E7-cost_2-a55fd9f534,2026-10-04T00:45:13.641317+00:00,5f04159f52c645b6503f8744058f5d8b248158d9,5f04159f52c645b6503f8744058f5d8b248158d9,e5f957a2b78b4a08cede2183cd59012f73beaffc38f0821d43bb458df08be222:5eb2ada6d8d007969c111064ae6c5de089e8bd61c0156cb49cc98484cea2b5d9,cd01bf332e0baf7741f5df449cd1569e284108f77ed26c260a6e7363a254d7a0,development+reused_validation,"{""base"": ""equal"", ""borrow_bps"": 50.0, ""cap"": 1.0, ""control"": ""asymmetric"", ""covariance_days"": 126, ""diagnostic"": ""cost_2"", ""family"": ""ensemble"", ""har_train_min"": 504, ""lookback"": 63, ""overlay"": true, ""static_exposure"": null, ""target"": 0.1, ""threshold"": 0.05, ""trial_id"": ""E7"", ""universe"": [""SPY"", ""TLT"", ""GLD""]}",2 bp risky purchases+sales; borrow rf+50.0 bp,results/20261004T003708-e3127963/E7-cost_2-a55fd9f534.csv,completed,No OOS retuning; diagnostic not eligible for selection,False
E7-cost_5-a03780e541,2026-10-04T00:45:15.154098+00:00,5f04159f52c645b6503f8744058f5d8b248158d9,5f04159f52c645b6503f8744058f5d8b248158d9,e5f957a2b78b4a08cede2183cd59012f73beaffc38f0821d43bb458df08be222:5eb2ada6d8d007969c111064ae6c5de089e8bd61c0156cb49cc98484cea2b5d9,3e2763952e7fa951000e9fd3c40861a944f8343ae664b989902a6b43fa4add68,development+reused_validation,"{""base"": ""equal"", ""borrow_bps"": 50.0, ""cap"": 1.0, ""control"": ""asymmetric"", ""covariance_days"": 126, ""diagnostic"": ""cost_5"", ""family"": ""ensemble"", ""har_train_min"": 504, ""lookback"": 63, ""overlay"": true, ""static_exposure"": null, ""target"": 0.1, ""threshold"": 0.05, ""trial_id"": ""E7"", ""universe"": [""SPY"", ""TLT"", ""GLD""]}",5 bp risky purchases+sales; borrow rf+50.0 bp,results/20261004T003708-e3127963/E7-cost_5-a03780e541.csv,started,Attempt retained even if process fails,False
E7-cost_5-a03780e541,2026-10-04T00:45:15.154098+00:00,5f04159f52c645b6503f8744058f5d8b248158d9,5f04159f52c645b6503f8744058f5d8b248158d9,e5f957a2b78b4a08cede2183cd59012f73beaffc38f0821d43bb458df08be222:5eb2ada6d8d007969c111064ae6c5de089e8bd61c0156cb49cc98484cea2b5d9,3e2763952e7fa951000e9fd3c40861a944f8343ae664b989902a6b43fa4add68,development+reused_validation,"{""base"": ""equal"", ""borrow_bps"": 50.0, ""cap"": 1.0, ""control"": ""asymmetric"", ""covariance_days"": 126, ""diagnostic"": ""cost_5"", ""family"": ""ensemble"", ""har_train_min"": 504, ""lookback"": 63, ""overlay"": true, ""static_exposure"": null, ""target"": 0.1, ""threshold"": 0.05, ""trial_id"": ""E7"", ""universe"": [""SPY"", ""TLT"", ""GLD""]}",5 bp risky purchases+sales; borrow rf+50.0 bp,results/20261004T003708-e3127963/E7-cost_5-a03780e541.csv,completed,No OOS retuning; diagnostic not eligible for selection,False
E7-cost_10-64a6f0f26c,2026-10-04T00:45:16.667205+00:00,5f04159f52c645b6503f8744058f5d8b248158d9,5f04159f52c645b6503f8744058f5d8b248158d9,e5f957a2b78b4a08cede2183cd59012f73beaffc38f0821d43bb458df08be222:5eb2ada6d8d007969c111064ae6c5de089e8bd61c0156cb49cc98484cea2b5d9,1d99385221dcc2dac3066e8e27c9a5a50d939fe017e185f4a62d4d12e6a9ae01,development+reused_validation,"{""base"": ""equal"", ""borrow_bps"": 50.0, ""cap"": 1.0, ""control"": ""asymmetric"", ""covariance_days"": 126, ""diagnostic"": ""cost_10"", ""family"": ""ensemble"", ""har_train_min"": 504, ""lookback"": 63, ""overlay"": true, ""static_exposure"": null, ""target"": 0.1, ""threshold"": 0.05, ""trial_id"": ""E7"", ""universe"": [""SPY"", ""TLT"", ""GLD""]}",10 bp risky purchases+sales; borrow rf+50.0 bp,results/20261004T003708-e3127963/E7-cost_10-64a6f0f26c.csv,started,Attempt retained even if process fails,False
E7-cost_10-64a6f0f26c,2026-10-04T00:45:16.667205+00:00,5f04159f52c645b6503f8744058f5d8b248158d9,5f04159f52c645b6503f8744058f5d8b248158d9,e5f957a2b78b4a08cede2183cd59012f73beaffc38f0821d43bb458df08be222:5eb2ada6d8d007969c111064ae6c5de089e8bd61c0156cb49cc98484cea2b5d9,1d99385221dcc2dac3066e8e27c9a5a50d939fe017e185f4a62d4d12e6a9ae01,development+reused_validation,"{""base"": ""equal"", ""borrow_bps"": 50.0, ""cap"": 1.0, ""control"": ""asymmetric"", ""covariance_days"": 126, ""diagnostic"": ""cost_10"", ""family"": ""ensemble"", ""har_train_min"": 504, ""lookback"": 63, ""overlay"": true, ""static_exposure"": null, ""target"": 0.1, ""threshold"": 0.05, ""trial_id"": ""E7"", ""universe"": [""SPY"", ""TLT"", ""GLD""]}",10 bp risky purchases+sales; borrow rf+50.0 bp,results/20261004T003708-e3127963/E7-cost_10-64a6f0f26c.csv,completed,No OOS retuning; diagnostic not eligible for selection,False
E7-static_equivalent-b990804c2b,2026-10-04T00:45:18.491716+00:00,5f04159f52c645b6503f8744058f5d8b248158d9,5f04159f52c645b6503f8744058f5d8b248158d9,e5f957a2b78b4a08cede2183cd59012f73beaffc38f0821d43bb458df08be222:5eb2ada6d8d007969c111064ae6c5de089e8bd61c0156cb49cc98484cea2b5d9,891a522f87f47752e476cffd8b07003406c4d199b47cd1060027a87d36d30a3e,development+reused_validation,"{""base"": ""equal"", ""borrow_bps"": 50.0, ""cap"": 1.0, ""control"": ""asymmetric"", ""covariance_days"": 126, ""diagnostic"": ""static_equivalent"", ""family"": ""ensemble"", ""har_train_min"": 504, ""lookback"": 63, ""overlay"": true, ""static_exposure"": 0.9112911171279586, ""target"": 0.1, ""threshold"": 0.05, ""trial_id"": ""E7"", ""universe"": [""SPY"", ""TLT"", ""GLD""]}",5.0 bp risky purchases+sales; borrow rf+50.0 bp,results/20261004T003708-e3127963/E7-static_equivalent-b990804c2b.csv,started,Attempt retained even if process fails,False
E7-static_equivalent-b990804c2b,2026-10-04T00:45:18.491716+00:00,5f04159f52c645b6503f8744058f5d8b248158d9,5f04159f52c645b6503f8744058f5d8b248158d9,e5f957a2b78b4a08cede2183cd59012f73beaffc38f0821d43bb458df08be222:5eb2ada6d8d007969c111064ae6c5de089e8bd61c0156cb49cc98484cea2b5d9,891a522f87f47752e476cffd8b07003406c4d199b47cd1060027a87d36d30a3e,development+reused_validation,"{""base"": ""equal"", ""borrow_bps"": 50.0, ""cap"": 1.0, ""control"": ""asymmetric"", ""covariance_days"": 126, ""diagnostic"": ""static_equivalent"", ""family"": ""ensemble"", ""har_train_min"": 504, ""lookback"": 63, ""overlay"": true, ""static_exposure"": 0.9112911171279586, ""target"": 0.1, ""threshold"": 0.05, ""trial_id"": ""E7"", ""universe"": [""SPY"", ""TLT"", ""GLD""]}",5.0 bp risky purchases+sales; borrow rf+50.0 bp,results/20261004T003708-e3127963/E7-static_equivalent-b990804c2b.csv,completed,No OOS retuning; diagnostic not eligible for selection,False
E7-static_equivalent-4d1231f8f5,2026-10-04T00:45:20.776790+00:00,5f04159f52c645b6503f8744058f5d8b248158d9,5f04159f52c645b6503f8744058f5d8b248158d9,e5f957a2b78b4a08cede2183cd59012f73beaffc38f0821d43bb458df08be222:5eb2ada6d8d007969c111064ae6c5de089e8bd61c0156cb49cc98484cea2b5d9,891a522f87f47752e476cffd8b07003406c4d199b47cd1060027a87d36d30a3e,development+reused_validation,"{""base"": ""equal"", ""borrow_bps"": 50.0, ""cap"": 1.0, ""control"": ""asymmetric"", ""covariance_days"": 126, ""diagnostic"": ""static_equivalent"", ""family"": ""ensemble"", ""har_train_min"": 504, ""lookback"": 63, ""overlay"": true, ""static_exposure"": 0.9112911171279586, ""target"": 0.1, ""threshold"": 0.05, ""trial_id"": ""E7"", ""universe"": [""SPY"", ""TLT"", ""GLD""]}",5.0 bp risky purchases+sales; borrow rf+50.0 bp,results/20261004T003708-e3127963/E7-static_equivalent-4d1231f8f5.csv,started,Attempt retained even if process fails,False
E7-static_equivalent-4d1231f8f5,2026-10-04T00:45:20.776790+00:00,5f04159f52c645b6503f8744058f5d8b248158d9,5f04159f52c645b6503f8744058f5d8b248158d9,e5f957a2b78b4a08cede2183cd59012f73beaffc38f0821d43bb458df08be222:5eb2ada6d8d007969c111064ae6c5de089e8bd61c0156cb49cc98484cea2b5d9,891a522f87f47752e476cffd8b07003406c4d199b47cd1060027a87d36d30a3e,development+reused_validation,"{""base"": ""equal"", ""borrow_bps"": 50.0, ""cap"": 1.0, ""control"": ""asymmetric"", ""covariance_days"": 126, ""diagnostic"": ""static_equivalent"", ""family"": ""ensemble"", ""har_train_min"": 504, ""lookback"": 63, ""overlay"": true, ""static_exposure"": 0.9112911171279586, ""target"": 0.1, ""threshold"": 0.05, ""trial_id"": ""E7"", ""universe"": [""SPY"", ""TLT"", ""GLD""]}",5.0 bp risky purchases+sales; borrow rf+50.0 bp,results/20261004T003708-e3127963/E7-static_equivalent-4d1231f8f5.csv,completed,No OOS retuning; diagnostic not eligible for selection,False
E7-cost_0-3d116dcbda,2026-10-04T00:45:25.808928+00:00,5f04159f52c645b6503f8744058f5d8b248158d9,5f04159f52c645b6503f8744058f5d8b248158d9,e5f957a2b78b4a08cede2183cd59012f73beaffc38f0821d43bb458df08be222:5eb2ada6d8d007969c111064ae6c5de089e8bd61c0156cb49cc98484cea2b5d9,fde86d9a18ef8c73e4d0f04c7805ac6c24b6fbbc7ac59310ca6d4c77f0f85df4,development+reused_validation,"{""base"": ""equal"", ""borrow_bps"": 50.0, ""cap"": 1.0, ""control"": ""asymmetric"", ""covariance_days"": 126, ""diagnostic"": ""cost_0"", ""family"": ""ensemble"", ""har_train_min"": 504, ""lookback"": 63, ""overlay"": true, ""static_exposure"": null, ""target"": 0.1, ""threshold"": 0.05, ""trial_id"": ""E7"", ""universe"": [""SPY"", ""TLT"", ""GLD""]}",0 bp risky purchases+sales; borrow rf+50.0 bp,results/20261004T003708-e3127963/E7-cost_0-3d116dcbda.csv,started,Attempt retained even if process fails,False
E7-cost_0-3d116dcbda,2026-10-04T00:45:25.808928+00:00,5f04159f52c645b6503f8744058f5d8b248158d9,5f04159f52c645b6503f8744058f5d8b248158d9,e5f957a2b78b4a08cede2183cd59012f73beaffc38f0821d43bb458df08be222:5eb2ada6d8d007969c111064ae6c5de089e8bd61c0156cb49cc98484cea2b5d9,fde86d9a18ef8c73e4d0f04c7805ac6c24b6fbbc7ac59310ca6d4c77f0f85df4,development+reused_validation,"{""base"": ""equal"", ""borrow_bps"": 50.0, ""cap"": 1.0, ""control"": ""asymmetric"", ""covariance_days"": 126, ""diagnostic"": ""cost_0"", ""family"": ""ensemble"", ""har_train_min"": 504, ""lookback"": 63, ""overlay"": true, ""static_exposure"": null, ""target"": 0.1, ""threshold"": 0.05, ""trial_id"": ""E7"", ""universe"": [""SPY"", ""TLT"", ""GLD""]}",0 bp risky purchases+sales; borrow rf+50.0 bp,results/20261004T003708-e3127963/E7-cost_0-3d116dcbda.csv,completed,No OOS retuning; diagnostic not eligible for selection,False
E7-cost_2-37ee48d1ce,2026-10-04T00:45:27.317238+00:00,5f04159f52c645b6503f8744058f5d8b248158d9,5f04159f52c645b6503f8744058f5d8b248158d9,e5f957a2b78b4a08cede2183cd59012f73beaffc38f0821d43bb458df08be222:5eb2ada6d8d007969c111064ae6c5de089e8bd61c0156cb49cc98484cea2b5d9,cd01bf332e0baf7741f5df449cd1569e284108f77ed26c260a6e7363a254d7a0,development+reused_validation,"{""base"": ""equal"", ""borrow_bps"": 50.0, ""cap"": 1.0, ""control"": ""asymmetric"", ""covariance_days"": 126, ""diagnostic"": ""cost_2"", ""family"": ""ensemble"", ""har_train_min"": 504, ""lookback"": 63, ""overlay"": true, ""static_exposure"": null, ""target"": 0.1, ""threshold"": 0.05, ""trial_id"": ""E7"", ""universe"": [""SPY"", ""TLT"", ""GLD""]}",2 bp risky purchases+sales; borrow rf+50.0 bp,results/20261004T003708-e3127963/E7-cost_2-37ee48d1ce.csv,started,Attempt retained even if process fails,False
E7-cost_2-37ee48d1ce,2026-10-04T00:45:27.317238+00:00,5f04159f52c645b6503f8744058f5d8b248158d9,5f04159f52c645b6503f8744058f5d8b248158d9,e5f957a2b78b4a08cede2183cd59012f73beaffc38f0821d43bb458df08be222:5eb2ada6d8d007969c111064ae6c5de089e8bd61c0156cb49cc98484cea2b5d9,cd01bf332e0baf7741f5df449cd1569e284108f77ed26c260a6e7363a254d7a0,development+reused_validation,"{""base"": ""equal"", ""borrow_bps"": 50.0, ""cap"": 1.0, ""control"": ""asymmetric"", ""covariance_days"": 126, ""diagnostic"": ""cost_2"", ""family"": ""ensemble"", ""har_train_min"": 504, ""lookback"": 63, ""overlay"": true, ""static_exposure"": null, ""target"": 0.1, ""threshold"": 0.05, ""trial_id"": ""E7"", ""universe"": [""SPY"", ""TLT"", ""GLD""]}",2 bp risky purchases+sales; borrow rf+50.0 bp,results/20261004T003708-e3127963/E7-cost_2-37ee48d1ce.csv,completed,No OOS retuning; diagnostic not eligible for selection,False
E7-cost_5-9a8a5e0ada,2026-10-04T00:45:28.791383+00:00,5f04159f52c645b6503f8744058f5d8b248158d9,5f04159f52c645b6503f8744058f5d8b248158d9,e5f957a2b78b4a08cede2183cd59012f73beaffc38f0821d43bb458df08be222:5eb2ada6d8d007969c111064ae6c5de089e8bd61c0156cb49cc98484cea2b5d9,3e2763952e7fa951000e9fd3c40861a944f8343ae664b989902a6b43fa4add68,development+reused_validation,"{""base"": ""equal"", ""borrow_bps"": 50.0, ""cap"": 1.0, ""control"": ""asymmetric"", ""covariance_days"": 126, ""diagnostic"": ""cost_5"", ""family"": ""ensemble"", ""har_train_min"": 504, ""lookback"": 63, ""overlay"": true, ""static_exposure"": null, ""target"": 0.1, ""threshold"": 0.05, ""trial_id"": ""E7"", ""universe"": [""SPY"", ""TLT"", ""GLD""]}",5 bp risky purchases+sales; borrow rf+50.0 bp,results/20261004T003708-e3127963/E7-cost_5-9a8a5e0ada.csv,started,Attempt retained even if process fails,False
E7-cost_5-9a8a5e0ada,2026-10-04T00:45:28.791383+00:00,5f04159f52c645b6503f8744058f5d8b248158d9,5f04159f52c645b6503f8744058f5d8b248158d9,e5f957a2b78b4a08cede2183cd59012f73beaffc38f0821d43bb458df08be222:5eb2ada6d8d007969c111064ae6c5de089e8bd61c0156cb49cc98484cea2b5d9,3e2763952e7fa951000e9fd3c40861a944f8343ae664b989902a6b43fa4add68,development+reused_validation,"{""base"": ""equal"", ""borrow_bps"": 50.0, ""cap"": 1.0, ""control"": ""asymmetric"", ""covariance_days"": 126, ""diagnostic"": ""cost_5"", ""family"": ""ensemble"", ""har_train_min"": 504, ""lookback"": 63, ""overlay"": true, ""static_exposure"": null, ""target"": 0.1, ""threshold"": 0.05, ""trial_id"": ""E7"", ""universe"": [""SPY"", ""TLT"", ""GLD""]}",5 bp risky purchases+sales; borrow rf+50.0 bp,results/20261004T003708-e3127963/E7-cost_5-9a8a5e0ada.csv,completed,No OOS retuning; diagnostic not eligible for selection,False
E7-cost_10-88a3e8223c,2026-10-04T00:45:30.257294+00:00,5f04159f52c645b6503f8744058f5d8b248158d9,5f04159f52c645b6503f8744058f5d8b248158d9,e5f957a2b78b4a08cede2183cd59012f73beaffc38f0821d43bb458df08be222:5eb2ada6d8d007969c111064ae6c5de089e8bd61c0156cb49cc98484cea2b5d9,1d99385221dcc2dac3066e8e27c9a5a50d939fe017e185f4a62d4d12e6a9ae01,development+reused_validation,"{""base"": ""equal"", ""borrow_bps"": 50.0, ""cap"": 1.0, ""control"": ""asymmetric"", ""covariance_days"": 126, ""diagnostic"": ""cost_10"", ""family"": ""ensemble"", ""har_train_min"": 504, ""lookback"": 63, ""overlay"": true, ""static_exposure"": null, ""target"": 0.1, ""threshold"": 0.05, ""trial_id"": ""E7"", ""universe"": [""SPY"", ""TLT"", ""GLD""]}",10 bp risky purchases+sales; borrow rf+50.0 bp,results/20261004T003708-e3127963/E7-cost_10-88a3e8223c.csv,started,Attempt retained even if process fails,False
E7-cost_10-88a3e8223c,2026-10-04T00:45:30.257294+00:00,5f04159f52c645b6503f8744058f5d8b248158d9,5f04159f52c645b6503f8744058f5d8b248158d9,e5f957a2b78b4a08cede2183cd59012f73beaffc38f0821d43bb458df08be222:5eb2ada6d8d007969c111064ae6c5de089e8bd61c0156cb49cc98484cea2b5d9,1d99385221dcc2dac3066e8e27c9a5a50d939fe017e185f4a62d4d12e6a9ae01,development+reused_validation,"{""base"": ""equal"", ""borrow_bps"": 50.0, ""cap"": 1.0, ""control"": ""asymmetric"", ""covariance_days"": 126, ""diagnostic"": ""cost_10"", ""family"": ""ensemble"", ""har_train_min"": 504, ""lookback"": 63, ""overlay"": true, ""static_exposure"": null, ""target"": 0.1, ""threshold"": 0.05, ""trial_id"": ""E7"", ""universe"": [""SPY"", ""TLT"", ""GLD""]}",10 bp risky purchases+sales; borrow rf+50.0 bp,results/20261004T003708-e3127963/E7-cost_10-88a3e8223c.csv,completed,No OOS retuning; diagnostic not eligible for selection,False
E7-cost_0-25648fad20,2026-10-04T00:47:35.826874+00:00,5f04159f52c645b6503f8744058f5d8b248158d9,5f04159f52c645b6503f8744058f5d8b248158d9,e5f957a2b78b4a08cede2183cd59012f73beaffc38f0821d43bb458df08be222:5eb2ada6d8d007969c111064ae6c5de089e8bd61c0156cb49cc98484cea2b5d9,fde86d9a18ef8c73e4d0f04c7805ac6c24b6fbbc7ac59310ca6d4c77f0f85df4,development+reused_validation,"{""base"": ""equal"", ""borrow_bps"": 50.0, ""cap"": 1.0, ""control"": ""asymmetric"", ""covariance_days"": 126, ""diagnostic"": ""cost_0"", ""family"": ""ensemble"", ""har_train_min"": 504, ""lookback"": 63, ""overlay"": true, ""static_exposure"": null, ""target"": 0.1, ""threshold"": 0.05, ""trial_id"": ""E7"", ""universe"": [""SPY"", ""TLT"", ""GLD""]}",0 bp risky purchases+sales; borrow rf+50.0 bp,results/20261004T003708-e3127963/E7-cost_0-25648fad20.csv,started,Attempt retained even if process fails,False
E7-cost_0-25648fad20,2026-10-04T00:47:35.826874+00:00,5f04159f52c645b6503f8744058f5d8b248158d9,5f04159f52c645b6503f8744058f5d8b248158d9,e5f957a2b78b4a08cede2183cd59012f73beaffc38f0821d43bb458df08be222:5eb2ada6d8d007969c111064ae6c5de089e8bd61c0156cb49cc98484cea2b5d9,fde86d9a18ef8c73e4d0f04c7805ac6c24b6fbbc7ac59310ca6d4c77f0f85df4,development+reused_validation,"{""base"": ""equal"", ""borrow_bps"": 50.0, ""cap"": 1.0, ""control"": ""asymmetric"", ""covariance_days"": 126, ""diagnostic"": ""cost_0"", ""family"": ""ensemble"", ""har_train_min"": 504, ""lookback"": 63, ""overlay"": true, ""static_exposure"": null, ""target"": 0.1, ""threshold"": 0.05, ""trial_id"": ""E7"", ""universe"": [""SPY"", ""TLT"", ""GLD""]}",0 bp risky purchases+sales; borrow rf+50.0 bp,results/20261004T003708-e3127963/E7-cost_0-25648fad20.csv,completed,No OOS retuning; diagnostic not eligible for selection,False
E7-cost_2-c2a525e2d1,2026-10-04T00:47:37.313276+00:00,5f04159f52c645b6503f8744058f5d8b248158d9,5f04159f52c645b6503f8744058f5d8b248158d9,e5f957a2b78b4a08cede2183cd59012f73beaffc38f0821d43bb458df08be222:5eb2ada6d8d007969c111064ae6c5de089e8bd61c0156cb49cc98484cea2b5d9,cd01bf332e0baf7741f5df449cd1569e284108f77ed26c260a6e7363a254d7a0,development+reused_validation,"{""base"": ""equal"", ""borrow_bps"": 50.0, ""cap"": 1.0, ""control"": ""asymmetric"", ""covariance_days"": 126, ""diagnostic"": ""cost_2"", ""family"": ""ensemble"", ""har_train_min"": 504, ""lookback"": 63, ""overlay"": true, ""static_exposure"": null, ""target"": 0.1, ""threshold"": 0.05, ""trial_id"": ""E7"", ""universe"": [""SPY"", ""TLT"", ""GLD""]}",2 bp risky purchases+sales; borrow rf+50.0 bp,results/20261004T003708-e3127963/E7-cost_2-c2a525e2d1.csv,started,Attempt retained even if process fails,False
E7-cost_2-c2a525e2d1,2026-10-04T00:47:37.313276+00:00,5f04159f52c645b6503f8744058f5d8b248158d9,5f04159f52c645b6503f8744058f5d8b248158d9,e5f957a2b78b4a08cede2183cd59012f73beaffc38f0821d43bb458df08be222:5eb2ada6d8d007969c111064ae6c5de089e8bd61c0156cb49cc98484cea2b5d9,cd01bf332e0baf7741f5df449cd1569e284108f77ed26c260a6e7363a254d7a0,development+reused_validation,"{""base"": ""equal"", ""borrow_bps"": 50.0, ""cap"": 1.0, ""control"": ""asymmetric"", ""covariance_days"": 126, ""diagnostic"": ""cost_2"", ""family"": ""ensemble"", ""har_train_min"": 504, ""lookback"": 63, ""overlay"": true, ""static_exposure"": null, ""target"": 0.1, ""threshold"": 0.05, ""trial_id"": ""E7"", ""universe"": [""SPY"", ""TLT"", ""GLD""]}",2 bp risky purchases+sales; borrow rf+50.0 bp,results/20261004T003708-e3127963/E7-cost_2-c2a525e2d1.csv,completed,No OOS retuning; diagnostic not eligible for selection,False
E7-cost_5-2f991628f8,2026-10-04T00:47:38.786330+00:00,5f04159f52c645b6503f8744058f5d8b248158d9,5f04159f52c645b6503f8744058f5d8b248158d9,e5f957a2b78b4a08cede2183cd59012f73beaffc38f0821d43bb458df08be222:5eb2ada6d8d007969c111064ae6c5de089e8bd61c0156cb49cc98484cea2b5d9,3e2763952e7fa951000e9fd3c40861a944f8343ae664b989902a6b43fa4add68,development+reused_validation,"{""base"": ""equal"", ""borrow_bps"": 50.0, ""cap"": 1.0, ""control"": ""asymmetric"", ""covariance_days"": 126, ""diagnostic"": ""cost_5"", ""family"": ""ensemble"", ""har_train_min"": 504, ""lookback"": 63, ""overlay"": true, ""static_exposure"": null, ""target"": 0.1, ""threshold"": 0.05, ""trial_id"": ""E7"", ""universe"": [""SPY"", ""TLT"", ""GLD""]}",5 bp risky purchases+sales; borrow rf+50.0 bp,results/20261004T003708-e3127963/E7-cost_5-2f991628f8.csv,started,Attempt retained even if process fails,False
E7-cost_5-2f991628f8,2026-10-04T00:47:38.786330+00:00,5f04159f52c645b6503f8744058f5d8b248158d9,5f04159f52c645b6503f8744058f5d8b248158d9,e5f957a2b78b4a08cede2183cd59012f73beaffc38f0821d43bb458df08be222:5eb2ada6d8d007969c111064ae6c5de089e8bd61c0156cb49cc98484cea2b5d9,3e2763952e7fa951000e9fd3c40861a944f8343ae664b989902a6b43fa4add68,development+reused_validation,"{""base"": ""equal"", ""borrow_bps"": 50.0, ""cap"": 1.0, ""control"": ""asymmetric"", ""covariance_days"": 126, ""diagnostic"": ""cost_5"", ""family"": ""ensemble"", ""har_train_min"": 504, ""lookback"": 63, ""overlay"": true, ""static_exposure"": null, ""target"": 0.1, ""threshold"": 0.05, ""trial_id"": ""E7"", ""universe"": [""SPY"", ""TLT"", ""GLD""]}",5 bp risky purchases+sales; borrow rf+50.0 bp,results/20261004T003708-e3127963/E7-cost_5-2f991628f8.csv,completed,No OOS retuning; diagnostic not eligible for selection,False
E7-cost_10-d48141c534,2026-10-04T00:47:40.249864+00:00,5f04159f52c645b6503f8744058f5d8b248158d9,5f04159f52c645b6503f8744058f5d8b248158d9,e5f957a2b78b4a08cede2183cd59012f73beaffc38f0821d43bb458df08be222:5eb2ada6d8d007969c111064ae6c5de089e8bd61c0156cb49cc98484cea2b5d9,1d99385221dcc2dac3066e8e27c9a5a50d939fe017e185f4a62d4d12e6a9ae01,development+reused_validation,"{""base"": ""equal"", ""borrow_bps"": 50.0, ""cap"": 1.0, ""control"": ""asymmetric"", ""covariance_days"": 126, ""diagnostic"": ""cost_10"", ""family"": ""ensemble"", ""har_train_min"": 504, ""lookback"": 63, ""overlay"": true, ""static_exposure"": null, ""target"": 0.1, ""threshold"": 0.05, ""trial_id"": ""E7"", ""universe"": [""SPY"", ""TLT"", ""GLD""]}",10 bp risky purchases+sales; borrow rf+50.0 bp,results/20261004T003708-e3127963/E7-cost_10-d48141c534.csv,started,Attempt retained even if process fails,False
E7-cost_10-d48141c534,2026-10-04T00:47:40.249864+00:00,5f04159f52c645b6503f8744058f5d8b248158d9,5f04159f52c645b6503f8744058f5d8b248158d9,e5f957a2b78b4a08cede2183cd59012f73beaffc38f0821d43bb458df08be222:5eb2ada6d8d007969c111064ae6c5de089e8bd61c0156cb49cc98484cea2b5d9,1d99385221dcc2dac3066e8e27c9a5a50d939fe017e185f4a62d4d12e6a9ae01,development+reused_validation,"{""base"": ""equal"", ""borrow_bps"": 50.0, ""cap"": 1.0, ""control"": ""asymmetric"", ""covariance_days"": 126, ""diagnostic"": ""cost_10"", ""family"": ""ensemble"", ""har_train_min"": 504, ""lookback"": 63, ""overlay"": true, ""static_exposure"": null, ""target"": 0.1, ""threshold"": 0.05, ""trial_id"": ""E7"", ""universe"": [""SPY"", ""TLT"", ""GLD""]}",10 bp risky purchases+sales; borrow rf+50.0 bp,results/20261004T003708-e3127963/E7-cost_10-d48141c534.csv,completed,No OOS retuning; diagnostic not eligible for selection,False
E7-static_equivalent-5a0fe0e9cd,2026-10-04T00:47:41.835221+00:00,5f04159f52c645b6503f8744058f5d8b248158d9,5f04159f52c645b6503f8744058f5d8b248158d9,e5f957a2b78b4a08cede2183cd59012f73beaffc38f0821d43bb458df08be222:5eb2ada6d8d007969c111064ae6c5de089e8bd61c0156cb49cc98484cea2b5d9,891a522f87f47752e476cffd8b07003406c4d199b47cd1060027a87d36d30a3e,development+reused_validation,"{""base"": ""equal"", ""borrow_bps"": 50.0, ""cap"": 1.0, ""control"": ""asymmetric"", ""covariance_days"": 126, ""diagnostic"": ""static_equivalent"", ""family"": ""ensemble"", ""har_train_min"": 504, ""lookback"": 63, ""overlay"": true, ""static_exposure"": 0.9112911171279586, ""target"": 0.1, ""threshold"": 0.05, ""trial_id"": ""E7"", ""universe"": [""SPY"", ""TLT"", ""GLD""]}",5.0 bp risky purchases+sales; borrow rf+50.0 bp,results/20261004T003708-e3127963/E7-static_equivalent-5a0fe0e9cd.csv,started,Attempt retained even if process fails,False
E7-static_equivalent-5a0fe0e9cd,2026-10-04T00:47:41.835221+00:00,5f04159f52c645b6503f8744058f5d8b248158d9,5f04159f52c645b6503f8744058f5d8b248158d9,e5f957a2b78b4a08cede2183cd59012f73beaffc38f0821d43bb458df08be222:5eb2ada6d8d007969c111064ae6c5de089e8bd61c0156cb49cc98484cea2b5d9,891a522f87f47752e476cffd8b07003406c4d199b47cd1060027a87d36d30a3e,development+reused_validation,"{""base"": ""equal"", ""borrow_bps"": 50.0, ""cap"": 1.0, ""control"": ""asymmetric"", ""covariance_days"": 126, ""diagnostic"": ""static_equivalent"", ""family"": ""ensemble"", ""har_train_min"": 504, ""lookback"": 63, ""overlay"": true, ""static_exposure"": 0.9112911171279586, ""target"": 0.1, ""threshold"": 0.05, ""trial_id"": ""E7"", ""universe"": [""SPY"", ""TLT"", ""GLD""]}",5.0 bp risky purchases+sales; borrow rf+50.0 bp,results/20261004T003708-e3127963/E7-static_equivalent-5a0fe0e9cd.csv,completed,No OOS retuning; diagnostic not eligible for selection,False
